timestamp,product_id,handle,old_title,new_title
2026-07-03T10:07:22.990Z,gid://shopify/Product/14824417001858,"nike-air-max-terrascape-plus-pure-platinum-gym-red","Nike Air Max Terrascape Plus Pure Platinum Gym Red | Resell","Nike Air Max Terrascape Plus Pure Platinum Gym Red"
2026-07-03T10:07:23.423Z,gid://shopify/Product/14896528589186,"adidas-samba-nylon-wales-bonner-desert-white","adidas Samba Nylon Wales Bonner Desert White | Resell","adidas Samba Nylon Wales Bonner Desert White"
2026-07-03T10:07:23.743Z,gid://shopify/Product/14896528720258,"adidas-samba-nylon-wales-bonner-wonder-clay-royal","adidas Samba Nylon Wales Bonner Wonder Clay Royal | Resell","adidas Samba Nylon Wales Bonner Wonder Clay Royal"
2026-07-03T10:07:24.117Z,gid://shopify/Product/14896528785794,"adidas-samba-og-75th-anniversary-pack-black","adidas Samba OG 75th Anniversary Pack Black | Resell","adidas Samba OG 75th Anniversary Pack Black"
2026-07-03T10:07:24.472Z,gid://shopify/Product/14896529080706,"adidas-samba-og-black-pink-ribbon-laces-womens","adidas Samba OG Black Pink Ribbon Laces (Women's) | Resell","adidas Samba OG Black Pink Ribbon Laces (Women's)"
2026-07-03T10:07:24.827Z,gid://shopify/Product/14896529277314,"adidas-samba-og-black-wonder-white-womens","adidas Samba OG Black Wonder White (Women's) | Resell","adidas Samba OG Black Wonder White (Women's)"
2026-07-03T10:07:25.163Z,gid://shopify/Product/14896529441154,"adidas-samba-og-cream-white-sand-strata-womens","adidas Samba OG Cream White Sand Strata (Women's) | Resell","adidas Samba OG Cream White Sand Strata (Women's)"
2026-07-03T10:07:25.521Z,gid://shopify/Product/14896529703298,"adidas-samba-og-maroon-crystal-sand-womens","adidas Samba OG Maroon Crystal Sand (Women's) | Resell","adidas Samba OG Maroon Crystal Sand (Women's)"
2026-07-03T10:07:25.946Z,gid://shopify/Product/14896529768834,"adidas-samba-og-maroon-gold-metallic-womens","adidas Samba OG Maroon Gold Metallic (Women's) | Resell","adidas Samba OG Maroon Gold Metallic (Women's)"
2026-07-03T10:07:26.280Z,gid://shopify/Product/14896530129282,"adidas-samba-og-white-halo-blue-gum-womens","adidas Samba OG White Halo Blue Gum (Women's) | Resell","adidas Samba OG White Halo Blue Gum (Women's)"
2026-07-03T10:07:26.633Z,gid://shopify/Product/14896530162050,"adidas-samba-og-white-solar-red-gum-womens","adidas Samba OG White Solar Red Gum (Women's) | Resell","adidas Samba OG White Solar Red Gum (Women's)"
2026-07-03T10:07:26.937Z,gid://shopify/Product/14896530325890,"adidas-samba-og-wonder-white-maroon-womens","adidas Samba OG Wonder White Maroon (Women's) | Resell","adidas Samba OG Wonder White Maroon (Women's)"
2026-07-03T10:07:27.287Z,gid://shopify/Product/14896530882946,"adidas-handball-spezial-core-blue-cream-white-gum","adidas Handball Spezial Core Blue Cream White Gum | Resell","adidas Handball Spezial Core Blue Cream White Gum"
2026-07-03T10:07:27.712Z,gid://shopify/Product/14896530981250,"adidas-handball-spezial-earth-strata-gum-womens","adidas Handball Spezial Earth Strata Gum (Women's) | Resell","adidas Handball Spezial Earth Strata Gum (Women's)"
2026-07-03T10:07:28.051Z,gid://shopify/Product/14896531112322,"adidas-handball-spezial-mineral-green-womens","adidas Handball Spezial Mineral Green (Women's) | Resell","adidas Handball Spezial Mineral Green (Women's)"
2026-07-03T10:07:28.463Z,gid://shopify/Product/14896531308930,"adidas-handball-spezial-sandy-pink-womens","adidas Handball Spezial Sandy Pink (Women's) | Resell","adidas Handball Spezial Sandy Pink (Women's)"
2026-07-03T10:07:28.780Z,gid://shopify/Product/14896531407234,"adidas-handball-spezial-shadow-red-womens","adidas Handball Spezial Shadow Red (Women's) | Resell","adidas Handball Spezial Shadow Red (Women's)"
2026-07-03T10:07:29.192Z,gid://shopify/Product/14896531571074,"adidas-gazelle-bold-almost-blue-yellow-womens","adidas Gazelle Bold Almost Blue Yellow (Women's) | Resell","adidas Gazelle Bold Almost Blue Yellow (Women's)"
2026-07-03T10:07:29.614Z,gid://shopify/Product/14896531833218,"adidas-gazelle-indoor-bliss-pink-purple-womens","adidas Gazelle Indoor Bliss Pink Purple (Women's) | Resell","adidas Gazelle Indoor Bliss Pink Purple (Women's)"
2026-07-03T10:07:29.945Z,gid://shopify/Product/14896531964290,"adidas-gazelle-indoor-earth-strata-magic-beige","adidas Gazelle Indoor Earth Strata Magic Beige | Resell","adidas Gazelle Indoor Earth Strata Magic Beige"
2026-07-03T10:07:30.346Z,gid://shopify/Product/14896532029826,"adidas-gazelle-indoor-focus-olive-womens","adidas Gazelle Indoor Focus Olive (Women's) | Resell","adidas Gazelle Indoor Focus Olive (Women's)"
2026-07-03T10:07:30.761Z,gid://shopify/Product/14896532062594,"adidas-gazelle-indoor-hello-kitty-womens","adidas Gazelle Indoor Hello Kitty (Women's) | Resell","adidas Gazelle Indoor Hello Kitty (Women's)"
2026-07-03T10:07:31.184Z,gid://shopify/Product/14896533766530,"onitsuka-tiger-mexico-66-slip-on-white-blue-red","Onitsuka Tiger Mexico 66 Slip-On White Blue Red | Resell","Onitsuka Tiger Mexico 66 Slip-On White Blue Red"
2026-07-03T10:07:31.490Z,gid://shopify/Product/14896533832066,"onitsuka-tiger-mexico-66-vintage-birch-black","Onitsuka Tiger Mexico 66 Vintage Birch Black | Resell","Onitsuka Tiger Mexico 66 Vintage Birch Black"
2026-07-03T10:07:31.887Z,gid://shopify/Product/14896535175554,"asics-gel-kayano-14-cream-pure-silver-champagne","ASICS Gel-Kayano 14 Cream Pure Silver Champagne | Resell","ASICS Gel-Kayano 14 Cream Pure Silver Champagne"
2026-07-03T10:07:32.204Z,gid://shopify/Product/14896535273858,"asics-gel-kayano-14-metropolis-jasper-green","ASICS Gel-Kayano 14 Metropolis Jasper Green | Resell","ASICS Gel-Kayano 14 Metropolis Jasper Green"
2026-07-03T10:07:32.724Z,gid://shopify/Product/14896535372162,"asics-gel-kayano-14-white-dark-grape-womens","ASICS Gel-Kayano 14 White Dark Grape (Women's) | Resell","ASICS Gel-Kayano 14 White Dark Grape (Women's)"
2026-07-03T10:07:33.041Z,gid://shopify/Product/14896535404930,"asics-gel-kayano-14-white-midnight-womens","ASICS Gel-Kayano 14 White Midnight (Women's) | Resell","ASICS Gel-Kayano 14 White Midnight (Women's)"
2026-07-03T10:07:33.439Z,gid://shopify/Product/14896535437698,"asics-gel-1130-baby-lavender-pure-silver-womens","ASICS Gel-1130 Baby Lavender Pure Silver (Women's) | Resell","ASICS Gel-1130 Baby Lavender Pure Silver (Women's)"
2026-07-03T10:07:33.779Z,gid://shopify/Product/14896536191362,"asics-gel-1130-white-carrier-grey-lilac-womens","ASICS Gel-1130 White Carrier Grey Lilac (Women's) | Resell","ASICS Gel-1130 White Carrier Grey Lilac (Women's)"
2026-07-03T10:07:34.148Z,gid://shopify/Product/14896536420738,"asics-gel-1130-white-malachite-green-womens","ASICS Gel-1130 White Malachite Green (Women's) | Resell","ASICS Gel-1130 White Malachite Green (Women's)"
2026-07-03T10:07:34.490Z,gid://shopify/Product/14896536519042,"asics-gel-1130-white-neutral-pink-womens","ASICS Gel-1130 White Neutral Pink (Women's) | Resell","ASICS Gel-1130 White Neutral Pink (Women's)"
2026-07-03T10:07:34.805Z,gid://shopify/Product/14896537141634,"asics-gel-nyc-kicki-yang-zhang-black-pure-silver","ASICS Gel-NYC Kicki Yang Zhang Black Pure Silver | Resell","ASICS Gel-NYC Kicki Yang Zhang Black Pure Silver"
2026-07-03T10:07:35.195Z,gid://shopify/Product/14896554738050,"ugg-classic-ultra-mini-chestnut-w","UGG Classic Ultra Mini Boot Chestnut (Women's) | Resell","UGG Classic Ultra Mini Boot Chestnut (Women's)"
2026-07-03T10:07:35.569Z,gid://shopify/Product/14896554934658,"ugg-classic-ultra-mini-black-w","UGG Classic Ultra Mini Boot Black (Women's) | Resell","UGG Classic Ultra Mini Boot Black (Women's)"
2026-07-03T10:07:35.888Z,gid://shopify/Product/14896556310914,"ugg-tasman-slipper-sand-dark-cherry-womens","UGG Tasman Slipper Sand Dark Cherry (Women's) | Resell","UGG Tasman Slipper Sand Dark Cherry (Women's)"
2026-07-03T10:07:36.198Z,gid://shopify/Product/14896556441986,"ugg-tasman-slipper-caspian-burnt-cedar-womens","UGG Tasman Slipper Caspian Burnt Cedar (Women's) | Resell","UGG Tasman Slipper Caspian Burnt Cedar (Women's)"
2026-07-03T10:07:36.570Z,gid://shopify/Product/14896784277890,"nike-air-max-plus-premium-black-reflective-silver","Nike Air Max Plus Premium Black Reflective Silver | Resell","Nike Air Max Plus Premium Black Reflective Silver"
2026-07-03T10:07:36.890Z,gid://shopify/Product/14896784376194,"nike-air-max-plus-og-voltage-purple-2024-gs","Nike Air Max Plus OG Voltage Purple (2024) () | Resell","Nike Air Max Plus OG Voltage Purple (2024) ()"
2026-07-03T10:07:37.212Z,gid://shopify/Product/14896784736642,"nike-air-max-plus-a-cold-wall-platinum-tint","Nike Air Max Plus A-COLD-WALL Platinum Tint | Resell","Nike Air Max Plus A-COLD-WALL Platinum Tint"
2026-07-03T10:07:37.578Z,gid://shopify/Product/14896784769410,"nike-air-max-plus-drift-football-grey-thunder-blue","Nike Air Max Plus Drift Football Grey Thunder Blue | Resell","Nike Air Max Plus Drift Football Grey Thunder Blue"
2026-07-03T10:07:38.163Z,gid://shopify/Product/14896785326466,"nike-air-max-plus-drift-midnight-navy-total-orange","Nike Air Max Plus Drift Midnight Navy Total Orange | Resell","Nike Air Max Plus Drift Midnight Navy Total Orange"
2026-07-03T10:07:38.464Z,gid://shopify/Product/14896785424770,"nike-air-max-plus-city-special-atl-w","Nike Air Max Plus City Special ATL (Women's) | Resell","Nike Air Max Plus City Special ATL (Women's)"
2026-07-03T10:07:38.823Z,gid://shopify/Product/14896785457538,"nike-air-max-plus-paw-print-pink-foam-womens","Nike Air Max Plus Paw Print Pink Foam (Women's) | Resell","Nike Air Max Plus Paw Print Pink Foam (Women's)"
2026-07-03T10:07:39.216Z,gid://shopify/Product/14896785490306,"nike-air-max-plus-hyper-royal-sunblush-w","Nike Air Max Plus Hyper Royal Sunblush (Women's) | Resell","Nike Air Max Plus Hyper Royal Sunblush (Women's)"
2026-07-03T10:07:39.509Z,gid://shopify/Product/14896785523074,"nike-air-max-plus-one-block-down-matte-silver","Nike Air Max Plus One Block Down Matte Silver | Resell","Nike Air Max Plus One Block Down Matte Silver"
2026-07-03T10:07:39.834Z,gid://shopify/Product/14896785555842,"nike-air-max-plus-one-block-down-light-photo-blue","Nike Air Max Plus One Block Down Light Photo Blue | Resell","Nike Air Max Plus One Block Down Light Photo Blue"
2026-07-03T10:07:40.587Z,gid://shopify/Product/14896785621378,"nike-air-max-plus-black-hydrangeas-womens","Nike Air Max Plus Black Hydrangeas (Women's) | Resell","Nike Air Max Plus Black Hydrangeas (Women's)"
2026-07-03T10:07:40.958Z,gid://shopify/Product/14896785850754,"nike-air-max-plus-black-white-laser-fuchsia-gs","Nike Air Max Plus Black White Laser Fuchsia () | Resell","Nike Air Max Plus Black White Laser Fuchsia ()"
2026-07-03T10:07:41.332Z,gid://shopify/Product/14896786309506,"nike-zoom-vomero-5-photon-dust-pink-foam-womens","Nike Zoom Vomero 5 Photon Dust Pink Foam (Women's) | Resell","Nike Zoom Vomero 5 Photon Dust Pink Foam (Women's)"
2026-07-03T10:07:41.783Z,gid://shopify/Product/14896786473346,"nike-vomero-5-supersonic","Nike Zoom Vomero 5 Supersonic Light Bone Black | Resell","Nike Zoom Vomero 5 Supersonic Light Bone Black"
2026-07-03T10:07:42.139Z,gid://shopify/Product/14896786669954,"nike-zoom-vomero-5-design-by-japan-womens","Nike Zoom Vomero 5 Designed by Japan (Women's) | Resell","Nike Zoom Vomero 5 Designed by Japan (Women's)"
2026-07-03T10:07:42.507Z,gid://shopify/Product/14896786866562,"nike-zoom-vomero-5-photon-dust-university-blue","Nike Zoom Vomero 5 Photon Dust University Blue | Resell","Nike Zoom Vomero 5 Photon Dust University Blue"
2026-07-03T10:07:42.827Z,gid://shopify/Product/14896786899330,"nike-zoom-vomero-5-pink-foam-hot-punch-womens","Nike Zoom Vomero 5 Coral Chalk Hot Punch (Women's) | Resell","Nike Zoom Vomero 5 Coral Chalk Hot Punch (Women's)"
2026-07-03T10:07:43.148Z,gid://shopify/Product/14896787095938,"nike-zoom-vomero-5-sp-light-bone-neutral-olive","Nike Zoom Vomero 5 SP Light Bone Neutral Olive | Resell","Nike Zoom Vomero 5 SP Light Bone Neutral Olive"
2026-07-03T10:07:43.517Z,gid://shopify/Product/14896787161474,"nike-zoom-vomero-5-valentines-day-womens","Nike Zoom Vomero 5 Valentine's Day (Women's) | Resell","Nike Zoom Vomero 5 Valentine's Day (Women's)"
2026-07-03T10:07:43.892Z,gid://shopify/Product/14896787784066,"new-balance-9060-reflection-raincloud-quarry-blue","New Balance 9060 Reflection Raincloud Quarry Blue | Resell","New Balance 9060 Reflection Raincloud Quarry Blue"
2026-07-03T10:07:44.252Z,gid://shopify/Product/14896788144514,"new-balance-9060-driftwood-stone-pink-sea-salt","New Balance 9060 Driftwood Stone Pink Sea Salt | Resell","New Balance 9060 Driftwood Stone Pink Sea Salt"
2026-07-03T10:07:44.769Z,gid://shopify/Product/14896788406658,"nike-p-6000-summit-white-pure-platinum-womens","Nike P-6000 Summit White Pure Platinum (Women's) | Resell","Nike P-6000 Summit White Pure Platinum (Women's)"
2026-07-03T10:07:45.131Z,gid://shopify/Product/14896788537730,"nike-p-6000-premium-light-bone-bicoastal-green","Nike P-6000 Premium Light Bone Bicoastal Green | Resell","Nike P-6000 Premium Light Bone Bicoastal Green"
2026-07-03T10:07:45.657Z,gid://shopify/Product/14896789258626,"nike-p-6000-coconut-milk-metallic-silver-womens","Nike P-6000 Coconut Milk Metallic Silver (Women's) | Resell","Nike P-6000 Coconut Milk Metallic Silver (Women's)"
2026-07-03T10:07:45.996Z,gid://shopify/Product/14896790995330,"nike-sb-dunk-low-futura-laboratories-bleached-aqua","Nike SB Dunk Low Futura Laboratories Bleached Aqua | Resell","Nike SB Dunk Low Futura Laboratories Bleached Aqua"
2026-07-03T10:07:46.369Z,gid://shopify/Product/14896791224706,"nike-sb-dunk-low-the-powerpuff-girls-blossom","Nike SB Dunk Low The Powerpuff Girls Blossom | Resell","Nike SB Dunk Low The Powerpuff Girls Blossom"
2026-07-03T10:07:46.714Z,gid://shopify/Product/14896791257474,"nike-sb-dunk-low-the-powerpuff-girls-bubbles","Nike SB Dunk Low The Powerpuff Girls Bubbles | Resell","Nike SB Dunk Low The Powerpuff Girls Bubbles"
2026-07-03T10:07:47.034Z,gid://shopify/Product/14896791290242,"nike-sb-dunk-low-the-powerpuff-girls-buttercup","Nike SB Dunk Low The Powerpuff Girls Buttercup | Resell","Nike SB Dunk Low The Powerpuff Girls Buttercup"
2026-07-03T10:07:47.366Z,gid://shopify/Product/14898950046082,"adidas-handball-spezial-silver-green-magic-mauve","adidas Handball Spezial Silver Green Magic Mauve | Resell","adidas Handball Spezial Silver Green Magic Mauve"
2026-07-03T10:07:47.674Z,gid://shopify/Product/14898950078850,"adidas-handball-spezial-silver-pebble","adidas Handball Spezial Silver Pebble (Women's) | Resell","adidas Handball Spezial Silver Pebble (Women's)"
2026-07-03T10:07:48.114Z,gid://shopify/Product/14898950111618,"adidas-handball-spezial-sporty-rich-brown","adidas Handball Spezial Sporty & Rich Brown | Resell","adidas Handball Spezial Sporty & Rich Brown"
2026-07-03T10:07:48.419Z,gid://shopify/Product/14898950209922,"adidas-handball-spezial-clear-sky-womens","adidas Handball Spezial Clear Sky (Women's) | Resell","adidas Handball Spezial Clear Sky (Women's)"
2026-07-03T10:07:48.765Z,gid://shopify/Product/14898950373762,"adidas-handball-spezial-shadow-red-off-white","adidas Handball Spezial Shadow Red Off White | Resell","adidas Handball Spezial Shadow Red Off White"
2026-07-03T10:07:49.107Z,gid://shopify/Product/14898950472066,"adidas-handball-spezial-night-cargo-tribe-yellow","adidas Handball Spezial Night Cargo Tribe Yellow | Resell","adidas Handball Spezial Night Cargo Tribe Yellow"
2026-07-03T10:07:49.444Z,gid://shopify/Product/14898950701442,"adidas-handball-spezial-off-white-core-black-red","adidas Handball Spezial Off White Core Black Red | Resell","adidas Handball Spezial Off White Core Black Red"
2026-07-03T10:07:49.770Z,gid://shopify/Product/14898950799746,"adidas-handball-spezial-grey-clear-pink-womens","adidas Handball Spezial Grey Clear Pink (Women's) | Resell","adidas Handball Spezial Grey Clear Pink (Women's)"
2026-07-03T10:07:50.056Z,gid://shopify/Product/14898950963586,"adidas-handball-spezial-aurora-ink-wild-sepia","adidas Handball Spezial Aurora Ink Wild Sepia | Resell","adidas Handball Spezial Aurora Ink Wild Sepia"
2026-07-03T10:07:50.363Z,gid://shopify/Product/14898951291266,"adidas-handball-spezial-semi-pink-spark-womens","adidas Handball Spezial Semi Pink Spark (Women's) | Resell","adidas Handball Spezial Semi Pink Spark (Women's)"
2026-07-03T10:07:50.810Z,gid://shopify/Product/14899081445762,"nike-air-max-terrascape-plus-black-anthracite","Nike Air Max Terrascape Plus Black Anthracite | Resell","Nike Air Max Terrascape Plus Black Anthracite"
2026-07-03T10:07:51.380Z,gid://shopify/Product/14899347030402,"adidas-samba-og-preloved-red-leopard-womens","adidas Samba OG Preloved Red Leopard (Women's) | Resell","adidas Samba OG Preloved Red Leopard (Women's)"
2026-07-03T10:07:51.758Z,gid://shopify/Product/14899347063170,"adidas-samba-og-black-green-leopard-womens","adidas Samba OG Black Green Leopard (Women's) | Resell","adidas Samba OG Black Green Leopard (Women's)"
2026-07-03T10:07:52.058Z,gid://shopify/Product/14899347718530,"adidas-samba-wales-bonner-studded-pack-cream-white","adidas Samba Wales Bonner Studded Pack Cream White | Resell","adidas Samba Wales Bonner Studded Pack Cream White"
2026-07-03T10:07:52.429Z,gid://shopify/Product/14899348078978,"adidas-sambae-dark-brown-wonder-mauve-womens","adidas Sambae Dark Brown Wonder Mauve (Women's) | Resell","adidas Sambae Dark Brown Wonder Mauve (Women's)"
2026-07-03T10:07:52.782Z,gid://shopify/Product/14899348144514,"adidas-samba-wales-bonner-core-black","adidas Samba Pony Tonal Wales Bonner Core Black | Resell","adidas Samba Pony Tonal Wales Bonner Core Black"
2026-07-03T10:07:53.165Z,gid://shopify/Product/14899348439426,"adidas-samba-og-preloved-brown-olive-strata","adidas Samba OG Preloved Brown Olive Strata | Resell","adidas Samba OG Preloved Brown Olive Strata"
2026-07-03T10:07:53.501Z,gid://shopify/Product/14900372078978,"nike-kobe-5-protro-year-of-the-mamba-eggplant","Nike Kobe 5 Protro Year of the Mamba Eggplant | Resell","Nike Kobe 5 Protro Year of the Mamba Eggplant"
2026-07-03T10:07:53.880Z,gid://shopify/Product/14900374143362,"nike-zoom-gt-cut-3-all-star-zoom-flight-five","Nike Air Zoom GT Cut 3 All-Star Zoom Flight Five | Resell","Nike Air Zoom GT Cut 3 All-Star Zoom Flight Five"
2026-07-03T10:07:54.430Z,gid://shopify/Product/14900374667650,"nike-air-zoom-gt-hustle-2-victor-wembanyam-alien","Nike Air Zoom GT Hustle 2 Victor Wembanyama Alien | Resell","Nike Air Zoom GT Hustle 2 Victor Wembanyama Alien"
2026-07-03T10:07:54.879Z,gid://shopify/Product/14900374962562,"nike-kobe-5-year-of-the-mamba-university-red-gs","Nike Kobe 5 Year of the Mamba University Red () | Resell","Nike Kobe 5 Year of the Mamba University Red ()"
2026-07-03T10:07:55.175Z,gid://shopify/Product/14900375191938,"nike-zoom-lebron-nxxt-gen-white-metallic-silver","Nike Zoom LeBron NXXT Gen White Metallic Silver | Resell","Nike Zoom LeBron NXXT Gen White Metallic Silver"
2026-07-03T10:07:55.556Z,gid://shopify/Product/14900376306050,"nike-kobe-6-protro-challenge-red","Nike Kobe 6 Protro Challenge Red All-Star (2021) | Resell","Nike Kobe 6 Protro Challenge Red All-Star (2021)"
2026-07-03T10:07:55.930Z,gid://shopify/Product/14900376502658,"nike-lebron-witness-7-white-black-metallic-silver","Nike LeBron Witness 7 White Black Metallic Silver | Resell","Nike LeBron Witness 7 White Black Metallic Silver"
2026-07-03T10:07:56.283Z,gid://shopify/Product/14900376568194,"air-jordan-tatum-1-celtics","Jordan Tatum 1 Celtics (Translucent Green Sole) | Resell","Jordan Tatum 1 Celtics (Translucent Green Sole)"
2026-07-03T10:07:56.573Z,gid://shopify/Product/14900689142146,"nike-air-max-dn-light-smoke-grey-persian-violet","Nike Air Max Dn Light Smoke Grey Persian Violet | Resell","Nike Air Max Dn Light Smoke Grey Persian Violet"
2026-07-03T10:07:56.865Z,gid://shopify/Product/14900689469826,"nike-air-max-dn-white-metallic-silver-pure-platinum-womens","Nike Air Max Dn White Metallic Silver (Women's) | Resell","Nike Air Max Dn White Metallic Silver (Women's)"
2026-07-03T10:07:57.205Z,gid://shopify/Product/14900886995330,"asics-gel-nyc-utility-metropolis-graphite-grey","ASICS Gel-NYC Utility Metropolis Graphite Grey | Resell","ASICS Gel-NYC Utility Metropolis Graphite Grey"
2026-07-03T10:07:57.501Z,gid://shopify/Product/14900887028098,"asics-gel-nyc-utility-glacier-grey-metropolis","ASICS Gel-NYC Utility Glacier Grey Metropolis | Resell","ASICS Gel-NYC Utility Glacier Grey Metropolis"
2026-07-03T10:07:58.033Z,gid://shopify/Product/14902041739650,"asics-gel-kayano-14-cream-black-metallic-plum","ASICS Gel-Kayano 14 Cream Black Metallic Plum | Resell","ASICS Gel-Kayano 14 Cream Black Metallic Plum"
2026-07-03T10:07:58.291Z,gid://shopify/Product/14902246670722,"nike-air-max-1-patta-chlorophyll-2024","Nike Air Max 1 Patta 20th Anniversary Chlorophyll | Resell","Nike Air Max 1 Patta 20th Anniversary Chlorophyll"
2026-07-03T10:07:58.587Z,gid://shopify/Product/14902246736258,"nike-air-max-1-athletic-department-deep-royal-blue","Nike Air Max 1 Athletic Department Deep Royal Blue | Resell","Nike Air Max 1 Athletic Department Deep Royal Blue"
2026-07-03T10:07:59.076Z,gid://shopify/Product/14902246769026,"nike-air-max-1-prm-valentines-day-playful-pink","Nike Air Max 1 PRM Valentine’s Day Playful Pink | Resell","Nike Air Max 1 PRM Valentine’s Day Playful Pink"
2026-07-03T10:07:59.357Z,gid://shopify/Product/14902246932866,"nike-air-max-1-coconut-milk-burgundy-crush-navy","Nike Air Max 1 Coconut Milk Burgundy Crush Navy | Resell","Nike Air Max 1 Coconut Milk Burgundy Crush Navy"
2026-07-03T10:07:59.707Z,gid://shopify/Product/14902247620994,"nike-air-max-1-87-sesame-leopard-womens","Nike Air Max 1 '87 Sesame Leopard (Women's) | Resell","Nike Air Max 1 '87 Sesame Leopard (Women's)"
2026-07-03T10:08:00.123Z,gid://shopify/Product/14902247653762,"nike-air-max-1-se-hangul-day-2023-womens","Nike Air Max 1 SE Hangul Day (2023) (Women's) | Resell","Nike Air Max 1 SE Hangul Day (2023) (Women's)"
2026-07-03T10:08:00.474Z,gid://shopify/Product/14902247817602,"nike-air-max-1-patta-waves-monarch-with-bracelet","Nike Air Max 1 Patta Waves Monarch (with Bracelet) | Resell","Nike Air Max 1 Patta Waves Monarch (with Bracelet)"
2026-07-03T10:08:00.796Z,gid://shopify/Product/14902247850370,"nike-air-max-1-86-og-camo-light-lemon-twist","Nike Air Max 1 '86 OG Camo Light Lemon Twist | Resell","Nike Air Max 1 '86 OG Camo Light Lemon Twist"
2026-07-03T10:08:01.172Z,gid://shopify/Product/14902248079746,"nike-air-max-1-86-jacquemus-white-womens","Nike Air Max 1 '86 Jacquemus White (Women's) | Resell","Nike Air Max 1 '86 Jacquemus White (Women's)"
2026-07-03T10:08:01.488Z,gid://shopify/Product/14902248145282,"nike-air-max-1-keep-rippin-stop-slippin-20","Nike Air Max 1 Keep Rippin Stop Slippin 2.0 | Resell","Nike Air Max 1 Keep Rippin Stop Slippin 2.0"
2026-07-03T10:08:01.846Z,gid://shopify/Product/14902248407426,"nike-air-max-1-86-og-big-bubble-korea-world-make","Nike Air Max 1 '86 OG Big Bubble Korea World Make | Resell","Nike Air Max 1 '86 OG Big Bubble Korea World Make"
2026-07-03T10:08:02.280Z,gid://shopify/Product/14902248472962,"nike-air-max-1-valentines-day-2024-womens","Nike Air Max 1 Valentine's Day (2024) (Women's) | Resell","Nike Air Max 1 Valentine's Day (2024) (Women's)"
2026-07-03T10:08:02.635Z,gid://shopify/Product/14903068787074,"onitsuka-tiger-mexico-66-sd-cream-peacoat-navy-red","Onitsuka Tiger Mexico 66 SD Cream Peacoat Navy Red | Resell","Onitsuka Tiger Mexico 66 SD Cream Peacoat Navy Red"
2026-07-03T10:08:02.922Z,gid://shopify/Product/14903313138050,"golden-goose-super-star-white-beige-womens","Golden Goose Super-Star White Beige (Women's) | Resell","Golden Goose Super-Star White Beige (Women's)"
2026-07-03T10:08:03.508Z,gid://shopify/Product/14903313203586,"golden-goose-super-star-white-silver-metallic","Golden Goose Super-Star White Silver Metallic | Resell","Golden Goose Super-Star White Silver Metallic"
2026-07-03T10:08:03.795Z,gid://shopify/Product/14903313367426,"golden-goose-super-star-white-seedpearl-green","Golden Goose Super-Star White Seedpearl Green | Resell","Golden Goose Super-Star White Seedpearl Green"
2026-07-03T10:08:04.096Z,gid://shopify/Product/14903313498498,"golden-goose-super-star-white-light-pink-womens","Golden Goose Super-Star White Light Pink (Women's) | Resell","Golden Goose Super-Star White Light Pink (Women's)"
2026-07-03T10:08:04.401Z,gid://shopify/Product/14903313826178,"golden-goose-super-star-black-white-leather","Golden Goose Super-Star Black White Leather | Resell","Golden Goose Super-Star Black White Leather"
2026-07-03T10:08:04.840Z,gid://shopify/Product/14903313924482,"golden-goose-super-star-white-black-womens","Golden Goose Super-Star White Black (Women's) | Resell","Golden Goose Super-Star White Black (Women's)"
2026-07-03T10:08:05.248Z,gid://shopify/Product/14903313957250,"golden-goose-super-star-white-silver-womens","Golden Goose Super-Star White Silver (Women's) | Resell","Golden Goose Super-Star White Silver (Women's)"
2026-07-03T10:08:05.658Z,gid://shopify/Product/14904589156738,"nike-dunk-low-phantom-metallic-gold-womens","Nike Dunk Low Phantom Metallic Gold (Women's) | Resell","Nike Dunk Low Phantom Metallic Gold (Women's)"
2026-07-03T10:08:05.949Z,gid://shopify/Product/14905942442370,"nike-air-max-muse-black-metallic-silver-womens","Nike Air Max Muse Black Metallic Silver (Women's) | Resell","Nike Air Max Muse Black Metallic Silver (Women's)"
2026-07-03T10:08:06.478Z,gid://shopify/Product/14905944408450,"nike-air-max-90-black-smoke-grey-gum-reflective","Nike Air Max 90 Black Smoke Grey Gum Reflective | Resell","Nike Air Max 90 Black Smoke Grey Gum Reflective"
2026-07-03T10:08:06.932Z,gid://shopify/Product/14906149110146,"nike-air-max-plus-tiempo-black-white-womens","Nike Air Max Plus Tiempo Black White (Women's) | Resell","Nike Air Max Plus Tiempo Black White (Women's)"
2026-07-03T10:08:07.213Z,gid://shopify/Product/14906149208450,"nike-air-max-plus-summer-gradient-w","Nike Air Max Plus Summer Gradient (Women's) | Resell","Nike Air Max Plus Summer Gradient (Women's)"
2026-07-03T10:08:07.762Z,gid://shopify/Product/14906152321410,"nike-air-max-plus-swarovski-moonlight-womens","Nike Air Max Plus Swarovski Moonlight (Women's) | Resell","Nike Air Max Plus Swarovski Moonlight (Women's)"
2026-07-03T10:08:08.074Z,gid://shopify/Product/14906736902530,"nike-shox-r4-black-metallic-silver-2018","Nike Shox R4 Black Metallic Silver (2018/2024) | Resell","Nike Shox R4 Black Metallic Silver (2018/2024)"
2026-07-03T10:08:08.394Z,gid://shopify/Product/14906737033602,"nike-shox-r4-racer-blue-metallic-silver-womens","Nike Shox R4 Racer Blue Metallic Silver (Women's) | Resell","Nike Shox R4 Racer Blue Metallic Silver (Women's)"
2026-07-03T10:08:08.740Z,gid://shopify/Product/14906737197442,"nike-shox-r4-white-metallic-w","Nike Shox R4 White Metallic Silver (Women's) | Resell","Nike Shox R4 White Metallic Silver (Women's)"
2026-07-03T10:08:09.050Z,gid://shopify/Product/14906737295746,"nike-shox-tl-metallic-silver-wolf-grey","Nike Shox TL Metallic Silver Wolf Grey (Women's) | Resell","Nike Shox TL Metallic Silver Wolf Grey (Women's)"
2026-07-03T10:08:09.359Z,gid://shopify/Product/14906737361282,"nike-shox-tl-black-racer-blue-metallic-silver","Nike Shox TL Black Racer Blue Metallic Silver | Resell","Nike Shox TL Black Racer Blue Metallic Silver"
2026-07-03T10:08:09.704Z,gid://shopify/Product/14906737492354,"nike-shox-tl-black-dynamic-yellow-metallic-silver","Nike Shox TL Black Dynamic Yellow Metallic Silver | Resell","Nike Shox TL Black Dynamic Yellow Metallic Silver"
2026-07-03T10:08:10.158Z,gid://shopify/Product/14906737525122,"nike-shox-r4-white-bright-crimson-metallic-silver","Nike Shox R4 White Bright Crimson Metallic Silver | Resell","Nike Shox R4 White Bright Crimson Metallic Silver"
2026-07-03T10:08:10.505Z,gid://shopify/Product/14906737590658,"nike-shox-tl-khaki-ironstone-off-noir-womens","Nike Shox TL Khaki Ironstone Off Noir (Women's) | Resell","Nike Shox TL Khaki Ironstone Off Noir (Women's)"
2026-07-03T10:08:10.881Z,gid://shopify/Product/14906737656194,"nike-shox-ride-2-baroque-brown-diffused-blue","Nike Shox Ride 2 Baroque Brown Diffused Blue | Resell","Nike Shox Ride 2 Baroque Brown Diffused Blue"
2026-07-03T10:08:11.214Z,gid://shopify/Product/14906737820034,"nike-shox-tl-wolf-grey-metallic-silver-blue","Nike Shox TL Wolf Grey Metallic Silver Blue | Resell","Nike Shox TL Wolf Grey Metallic Silver Blue"
2026-07-03T10:08:11.539Z,gid://shopify/Product/14906737885570,"nike-shox-r4-white-metallic-silver-volt-womens","Nike Shox R4 White Metallic Silver Volt (Women's) | Resell","Nike Shox R4 White Metallic Silver Volt (Women's)"
2026-07-03T10:08:11.873Z,gid://shopify/Product/14906738409858,"nike-shox-tl-metallic-platinum-blue-tint-womens","Nike Shox TL Metallic Platinum Blue Tint (Women's) | Resell","Nike Shox TL Metallic Platinum Blue Tint (Women's)"
2026-07-03T10:08:12.232Z,gid://shopify/Product/14906738934146,"nike-shox-mr4-mule-martine-rose-safety-orange","Nike Shox MR4 Mule Martine Rose Safety Orange | Resell","Nike Shox MR4 Mule Martine Rose Safety Orange"
2026-07-03T10:08:12.593Z,gid://shopify/Product/14906760626562,"nike-air-max-plus-psychic-blue-white-phantom-ps","Nike Air Max Plus Psychic Blue White Phantom (PS) | Resell","Nike Air Max Plus Psychic Blue White Phantom (PS)"
2026-07-03T10:08:12.905Z,gid://shopify/Product/14906761085314,"nike-air-max-plus-grey-university-blue-black","Nike Air Max Plus Grey University Blue Black | Resell","Nike Air Max Plus Grey University Blue Black"
2026-07-03T10:08:13.234Z,gid://shopify/Product/14906761183618,"nike-air-max-plus-drift-sail-team-gold-womens","Nike Air Max Plus Drift Sail Team Gold (Women's) | Resell","Nike Air Max Plus Drift Sail Team Gold (Women's)"
2026-07-03T10:08:13.537Z,gid://shopify/Product/14906761281922,"nike-air-max-plus-black-university-gold-white","Nike Air Max Plus Black University Gold White | Resell","Nike Air Max Plus Black University Gold White"
2026-07-03T10:08:13.896Z,gid://shopify/Product/14906797556098,"nike-kobe-9-elite-protro-masterpiece-2025","Nike Kobe 9 Elite Protro Masterpiece (2025) | Resell","Nike Kobe 9 Elite Protro Masterpiece (2025)"
2026-07-03T10:08:14.280Z,gid://shopify/Product/14907639792002,"nike-air-max-95-kim-jones-black-total-orange","Nike Air Max 95 Kim Jones Black Total Orange | Resell","Nike Air Max 95 Kim Jones Black Total Orange"
2026-07-03T10:08:14.640Z,gid://shopify/Product/14907639923074,"nike-air-max-95-viotech-anthracite-womens","Nike Air Max 95 Viotech Anthracite (Women's) | Resell","Nike Air Max 95 Viotech Anthracite (Women's)"
2026-07-03T10:08:15.163Z,gid://shopify/Product/14907640447362,"nike-air-max-95-black-stadium-green-womens","Nike Air Max 95 Black Stadium Green (Women's) | Resell","Nike Air Max 95 Black Stadium Green (Women's)"
2026-07-03T10:08:15.489Z,gid://shopify/Product/14907641332098,"nike-air-max-95-black-anthracite-pure-platinum","Nike Air Max 95 Black Anthracite Pure Platinum | Resell","Nike Air Max 95 Black Anthracite Pure Platinum"
2026-07-03T10:08:15.899Z,gid://shopify/Product/14907641856386,"nike-air-max-95-light-smoke-grey-anthracite","Nike Air Max 95 LIght Smoke Grey Anthracite | Resell","Nike Air Max 95 LIght Smoke Grey Anthracite"
2026-07-03T10:08:16.208Z,gid://shopify/Product/14907641987458,"nike-air-max-95-next-nature-white-w","Nike Air Max 95 Next Nature White (Women's) | Resell","Nike Air Max 95 Next Nature White (Women's)"
2026-07-03T10:08:16.900Z,gid://shopify/Product/14907642085762,"nike-air-max-95-lx-reflective-safari-w","Nike Air Max 95 LX Reflective Safari (Women's) | Resell","Nike Air Max 95 LX Reflective Safari (Women's)"
2026-07-03T10:08:17.235Z,gid://shopify/Product/14908115550594,"air-jordan-cut-the-check-tr-travis-scott-mocha","Jordan Jumpman Jack TR Travis Scott Dark Mocha | Resell","Jordan Jumpman Jack TR Travis Scott Dark Mocha"
2026-07-03T10:08:17.539Z,gid://shopify/Product/14908117549442,"new-balance-2002r-protection-pack-rain-cloud","New Balance 2002R Protection Pack Rain Cloud | Resell","New Balance 2002R Protection Pack Rain Cloud"
2026-07-03T10:08:18.103Z,gid://shopify/Product/14908118794626,"adidas-yeezy-slide-bone-2022","adidas Yeezy Slide Bone (2022/2023 Restock) | Resell","adidas Yeezy Slide Bone (2022/2023 Restock)"
2026-07-03T10:08:18.474Z,gid://shopify/Product/14908119286146,"nike-air-dt-max-96-colorado-away-white-black","Nike Air DT Max '96 Colorado Away White Black | Resell","Nike Air DT Max '96 Colorado Away White Black"
2026-07-03T10:08:18.847Z,gid://shopify/Product/14908122792322,"new-balance-992-miusa-joe-freshgoods-aged-well","New Balance 992 MiUSA Joe Freshgoods Aged Well | Resell","New Balance 992 MiUSA Joe Freshgoods Aged Well"
2026-07-03T10:08:19.237Z,gid://shopify/Product/14908123578754,"birkenstock-boston-soft-footbed-suede-taupe","Birkenstock Boston Soft Footbed Suede Taupe | Resell","Birkenstock Boston Soft Footbed Suede Taupe"
2026-07-03T10:08:19.634Z,gid://shopify/Product/14908124496258,"nike-air-force-1-mid-sp-off-white-varsity-maize","Nike Air Force 1 Mid SP Off-White Varsity Maize | Resell","Nike Air Force 1 Mid SP Off-White Varsity Maize"
2026-07-03T10:08:20.047Z,gid://shopify/Product/14908124987778,"air-jordan-4-rm-sp-nigel-sylvester-iron-grey","Jordan 4 RM SP Nigel Sylvester Driveway Grey | Resell","Jordan 4 RM SP Nigel Sylvester Driveway Grey"
2026-07-03T10:08:20.441Z,gid://shopify/Product/14908126364034,"nike-dunk-high-black-white-total-orange-2021","Nike Dunk High Panda Black White (2021/2024) | Resell","Nike Dunk High Panda Black White (2021/2024)"
2026-07-03T10:08:20.993Z,gid://shopify/Product/14908127412610,"nike-air-zoom-spiridon-cage-2-metallic-silver","Nike Air Zoom Spiridon Cage 2 Metallic Silver | Resell","Nike Air Zoom Spiridon Cage 2 Metallic Silver"
2026-07-03T10:08:21.325Z,gid://shopify/Product/14908129313154,"air-jordan-1-low-se-patent-elephant-black-womens","Jordan 1 Low SE Patent Elephant Black (Women's) | Resell","Jordan 1 Low SE Patent Elephant Black (Women's)"
2026-07-03T10:08:21.633Z,gid://shopify/Product/14908129608066,"nike-dunk-low-next-nature-white-gym-red-w","Nike Dunk Low Next Nature White Gym Red (Women's) | Resell","Nike Dunk Low Next Nature White Gym Red (Women's)"
2026-07-03T10:08:21.951Z,gid://shopify/Product/14908129640834,"adidas-sl-72-og-maroon-preloved-brown-womens","adidas SL 72 OG Maroon Preloved Brown (Women's) | Resell","adidas SL 72 OG Maroon Preloved Brown (Women's)"
2026-07-03T10:08:22.396Z,gid://shopify/Product/14908130165122,"nike-air-force-1-flyknit-2-white-pure-platinum","Nike Air Force 1 Flyknit 2 White Pure Platinum | Resell","Nike Air Force 1 Flyknit 2 White Pure Platinum"
2026-07-03T10:08:22.695Z,gid://shopify/Product/14908130492802,"nike-air-zoom-alphafly-next-3-fp-blueprint-pack","Nike Air Zoom Alphafly Next% 3 FP Blueprint Pack | Resell","Nike Air Zoom Alphafly Next% 3 FP Blueprint Pack"
2026-07-03T10:08:23.037Z,gid://shopify/Product/14908130754946,"air-jordan-1-low-se-medium-grey-cool-grey-white","Jordan 1 Low SE Medium Grey Cool Grey White | Resell","Jordan 1 Low SE Medium Grey Cool Grey White"
2026-07-03T10:08:23.373Z,gid://shopify/Product/14908131180930,"nike-sb-dunk-low-olympics-safari","Nike SB Dunk Low Electric Pack Olympic Safari | Resell","Nike SB Dunk Low Electric Pack Olympic Safari"
2026-07-03T10:08:23.715Z,gid://shopify/Product/14922566467970,"adidas-gazelle-indoor-blue-fusion-gum-w","adidas Gazelle Indoor Blue Fusion Gum (Women's) | Resell","adidas Gazelle Indoor Blue Fusion Gum (Women's)"
2026-07-03T10:08:24.085Z,gid://shopify/Product/14922566566274,"adidas-gazelle-bold-core-black-white-w","adidas Gazelle Bold Core Black White (Women's) | Resell","adidas Gazelle Bold Core Black White (Women's)"
2026-07-03T10:08:24.434Z,gid://shopify/Product/14922566697346,"adidas-gazelle-indoor-blue-bird-cloud-white","adidas Gazelle Indoor Blue Bird Cloud White | Resell","adidas Gazelle Indoor Blue Bird Cloud White"
2026-07-03T10:08:24.767Z,gid://shopify/Product/14922566730114,"adidas-gazelle-indoor-pink-velvet-womens","adidas Gazelle Indoor Pink Velvet (Women's) | Resell","adidas Gazelle Indoor Pink Velvet (Women's)"
2026-07-03T10:08:25.084Z,gid://shopify/Product/14922566861186,"adidas-gazelle-indoor-magic-beige-womens","adidas Gazelle Indoor Magic Beige (Women's) | Resell","adidas Gazelle Indoor Magic Beige (Women's)"
2026-07-03T10:08:25.706Z,gid://shopify/Product/14922567123330,"adidas-gazelle-indoor-mineral-green-silver-dawn","adidas Gazelle Indoor Mineral Green Silver Dawn | Resell","adidas Gazelle Indoor Mineral Green Silver Dawn"
2026-07-03T10:08:26.038Z,gid://shopify/Product/14922567156098,"adidas-gazelle-indoor-brown-velvet-womens","adidas Gazelle Indoor Brown Velvet (Women's) | Resell","adidas Gazelle Indoor Brown Velvet (Women's)"
2026-07-03T10:08:26.339Z,gid://shopify/Product/14922567385474,"adidas-gazelle-indoor-dark-blue-bliss-orange","adidas Gazelle Indoor Dark Blue Bliss Orange | Resell","adidas Gazelle Indoor Dark Blue Bliss Orange"
2026-07-03T10:08:26.654Z,gid://shopify/Product/14922567418242,"adidas-gazelle-indoor-glow-orange-shadow-violet","adidas Gazelle Indoor Glow Orange Shadow Violet | Resell","adidas Gazelle Indoor Glow Orange Shadow Violet"
2026-07-03T10:08:27.283Z,gid://shopify/Product/14922567745922,"adidas-gazelle-bold-almost-yellow-maroon-womens","adidas Gazelle Bold Almost Yellow Maroon (Women's) | Resell","adidas Gazelle Bold Almost Yellow Maroon (Women's)"
2026-07-03T10:08:27.625Z,gid://shopify/Product/14922567778690,"adidas-gazelle-indoor-shadow-green-warm-sandstone","adidas Gazelle Indoor Shadow Green Warm Sandstone | Resell","adidas Gazelle Indoor Shadow Green Warm Sandstone"
2026-07-03T10:08:27.945Z,gid://shopify/Product/14922567909762,"adidas-gazelle-bold-red-cloud-white-womens","adidas Gazelle Bold Red Cloud White (Women's) | Resell","adidas Gazelle Bold Red Cloud White (Women's)"
2026-07-03T10:08:28.243Z,gid://shopify/Product/14922568040834,"adidas-gazelle-bold-sandy-pink-velvet-womens","adidas Gazelle Bold Sandy Pink Velvet (Women's) | Resell","adidas Gazelle Bold Sandy Pink Velvet (Women's)"
2026-07-03T10:08:28.615Z,gid://shopify/Product/14922568139138,"adidas-gazelle-indoor-maroon-preloved-crimson","adidas Gazelle Indoor Maroon Preloved Crimson | Resell","adidas Gazelle Indoor Maroon Preloved Crimson"
2026-07-03T10:08:28.982Z,gid://shopify/Product/14922568171906,"adidas-gazelle-bold-black-white-gum-womens","adidas Gazelle Bold Black White Gum (Women's) | Resell","adidas Gazelle Bold Black White Gum (Women's)"
2026-07-03T10:08:29.514Z,gid://shopify/Product/14922568270210,"adidas-gazelle-indoor-shadow-red-shadow-green","adidas Gazelle Indoor Shadow Red Shadow Green | Resell","adidas Gazelle Indoor Shadow Red Shadow Green"
2026-07-03T10:08:29.850Z,gid://shopify/Product/14922568335746,"adidas-gazelle-indoor-semi-spark-clay-womens","adidas Gazelle Indoor Semi Spark Clay (Women's) | Resell","adidas Gazelle Indoor Semi Spark Clay (Women's)"
2026-07-03T10:08:30.144Z,gid://shopify/Product/14922568401282,"adidas-gazelle-collegiate-green-preloved-red","adidas Gazelle Collegiate Green Preloved Red | Resell","adidas Gazelle Collegiate Green Preloved Red"
2026-07-03T10:08:30.531Z,gid://shopify/Product/14922569220482,"adidas-gazelle-bold-green-blue-gum-womens","adidas Gazelle Bold Green Blue Gum (Women's) | Resell","adidas Gazelle Bold Green Blue Gum (Women's)"
2026-07-03T10:08:30.866Z,gid://shopify/Product/14922569417090,"adidas-gazelle-indoor-olive-strata-cloud-white-gum","adidas Gazelle Indoor Olive Strata Cloud White Gum | Resell","adidas Gazelle Indoor Olive Strata Cloud White Gum"
2026-07-03T10:08:31.209Z,gid://shopify/Product/14926792262018,"adidas-yeezy-boost-700-mnvn-laceless-phosphor","adidas Yeezy Boost 700 MNVN Laceless Phosphor | Resell","adidas Yeezy Boost 700 MNVN Laceless Phosphor"
2026-07-03T10:08:31.670Z,gid://shopify/Product/14926792360322,"adidas-yeezy-boost-700-mnvn-laceless-analog","adidas Yeezy Boost 700 MNVN Laceless Analog | Resell","adidas Yeezy Boost 700 MNVN Laceless Analog"
2026-07-03T10:08:32.105Z,gid://shopify/Product/14926940930434,"asics-gel-1130-white-pure-silver-pink-womens","ASICS Gel-1130 White Pure Silver Pink (Women's) | Resell","ASICS Gel-1130 White Pure Silver Pink (Women's)"
2026-07-03T10:08:32.438Z,gid://shopify/Product/14929943757186,"adidas-gazelle-bold-dark-blue-pink-spark-womens","adidas Gazelle Bold Dark Blue Pink Spark (Women's) | Resell","adidas Gazelle Bold Dark Blue Pink Spark (Women's)"
2026-07-03T10:08:32.797Z,gid://shopify/Product/14929945854338,"supreme-los-angeles-fire-relief-box-logo-tee-white","Supreme Los Angeles Fire Relief Box Logo Tee White | Resell","Supreme Los Angeles Fire Relief Box Logo Tee White"
2026-07-03T10:08:33.158Z,gid://shopify/Product/14929946182018,"nike-air-zoom-pegasus-premium-black-bright-crimson","Nike Air Zoom Pegasus Premium Black Bright Crimson | Resell","Nike Air Zoom Pegasus Premium Black Bright Crimson"
2026-07-03T10:08:33.529Z,gid://shopify/Product/14929946280322,"crocs-classic-clog-a-bathing-ape-bape-abc-camo-pink","Crocs Classic Clog A Bathing Ape ABC Camo Pink | Resell","Crocs Classic Clog A Bathing Ape ABC Camo Pink"
2026-07-03T10:08:33.857Z,gid://shopify/Product/14929946378626,"nike-zoom-field-jaxx-travis-scott-light-chocolate","Nike Zoom Field Jaxx Travis Scott Light Chocolate | Resell","Nike Zoom Field Jaxx Travis Scott Light Chocolate"
2026-07-03T10:08:34.203Z,gid://shopify/Product/14929946739074,"crocs-classic-clog-a-bathing-ape-bape-abc-camo-blue","Crocs Classic Clog A Bathing Ape ABC Camo Blue | Resell","Crocs Classic Clog A Bathing Ape ABC Camo Blue"
2026-07-03T10:08:34.538Z,gid://shopify/Product/14929948049794,"nike-sb-dunk-low-the-wizard-of-oz-poppy-field","Nike SB Dunk Low The Wizard of Oz Poppy Field | Resell","Nike SB Dunk Low The Wizard of Oz Poppy Field"
2026-07-03T10:08:34.905Z,gid://shopify/Product/14929952637314,"denim-tears-the-cotton-wreath-sweatshirt-pink","Denim Tears The Cotton Wreath Sweatshirt Pink | Resell","Denim Tears The Cotton Wreath Sweatshirt Pink"
2026-07-03T10:08:35.252Z,gid://shopify/Product/14929955029378,"denim-tears-cotton-wreath-hoodie-black-monochrome","Denim Tears Cotton Wreath Hoodie Black Monochrome | Resell","Denim Tears Cotton Wreath Hoodie Black Monochrome"
2026-07-03T10:08:35.582Z,gid://shopify/Product/14929955848578,"nike-zoom-vomero-5-dark-grey-black-white","Nike Zoom Vomero 5 SE SP Dark Grey Black White | Resell","Nike Zoom Vomero 5 SE SP Dark Grey Black White"
2026-07-03T10:08:36.141Z,gid://shopify/Product/14936258838914,"nike-sunray-protect-4-black-anthracite-white-ps","Nike Sunray Protect 4 Black Anthracite White (PS) | Resell","Nike Sunray Protect 4 Black Anthracite White (PS)"
2026-07-03T10:08:36.532Z,gid://shopify/Product/14936259690882,"puma-cat-cleat-sandals-fenty-orange-womens","Puma Cat Cleat Sandals Fenty Orange (Women's) | Resell","Puma Cat Cleat Sandals Fenty Orange (Women's)"
2026-07-03T10:08:36.866Z,gid://shopify/Product/14936259756418,"puma-cat-cleat-sandals-fenty-lime-green-womens","Puma Cat Cleat Sandals Fenty Lime Green (Women's) | Resell","Puma Cat Cleat Sandals Fenty Lime Green (Women's)"
2026-07-03T10:08:37.159Z,gid://shopify/Product/14936259789186,"ugg-goldenrise-platform-sandals-black-womens","UGG GoldenRise Platform Sandals Black (Women's) | Resell","UGG GoldenRise Platform Sandals Black (Women's)"
2026-07-03T10:08:37.544Z,gid://shopify/Product/14936259920258,"ugg-goldenrise-platform-sandals-jasmine-womens","UGG GoldenRise Platform Sandals Jasmine (Women's) | Resell","UGG GoldenRise Platform Sandals Jasmine (Women's)"
2026-07-03T10:08:37.872Z,gid://shopify/Product/14936260051330,"nike-air-max-plus-golf-players-championship","Nike Air Max Plus Golf Players Championship | Resell","Nike Air Max Plus Golf Players Championship"
2026-07-03T10:08:38.192Z,gid://shopify/Product/14936260313474,"nike-phantom-gx-2-elite-lv8-fg-elite-only-pack","Nike Phantom GX 2 Elite LV8 FG Elite Only Pack | Resell","Nike Phantom GX 2 Elite LV8 FG Elite Only Pack"
2026-07-03T10:08:38.563Z,gid://shopify/Product/14936260477314,"nike-tiempo-legend-10-elite-lv8-fg-elite-only-pack","Nike Tiempo Legend 10 Elite LV8 FG Elite Only Pack | Resell","Nike Tiempo Legend 10 Elite LV8 FG Elite Only Pack"
2026-07-03T10:08:38.922Z,gid://shopify/Product/14936260608386,"nike-phantom-luna-2-elite-as-fg-elite-only-pack","Nike Phantom Luna 2 Elite AS FG Elite Only Pack | Resell","Nike Phantom Luna 2 Elite AS FG Elite Only Pack"
2026-07-03T10:08:39.350Z,gid://shopify/Product/14936260673922,"crocs-classic-clog-a-bathing-ape-bape-abc-camo-green","Crocs Classic Clog A Bathing Ape ABC Camo Green | Resell","Crocs Classic Clog A Bathing Ape ABC Camo Green"
2026-07-03T10:08:39.732Z,gid://shopify/Product/14936261329282,"nike-kawa-slide-game-royal-thunder-blue-white-gs","Nike Kawa Slide Game Royal Thunder Blue White () | Resell","Nike Kawa Slide Game Royal Thunder Blue White ()"
2026-07-03T10:08:40.060Z,gid://shopify/Product/14936261624194,"puma-speedcat-ballet-whisp-of-pink-womens","Puma Speedcat Ballet Whisp of Pink (Women's) | Resell","Puma Speedcat Ballet Whisp of Pink (Women's)"
2026-07-03T10:08:40.324Z,gid://shopify/Product/14936263000450,"adidas-f50-league-fg-mg-mystic-victory-pack","adidas F50 League FG/MG Mystic Victory Pack | Resell","adidas F50 League FG/MG Mystic Victory Pack"
2026-07-03T10:08:40.640Z,gid://shopify/Product/14936263524738,"adidas-f50-elite-laceless-fg-mystic-victory-pack","adidas F50+ Elite Laceless FG Mystic Victory Pack | Resell","adidas F50+ Elite Laceless FG Mystic Victory Pack"
2026-07-03T10:08:41.021Z,gid://shopify/Product/14936263885186,"adidas-predator-elite-fg-mystic-victory-pack","adidas Predator Elite FG Mystic Victory Pack | Resell","adidas Predator Elite FG Mystic Victory Pack"
2026-07-03T10:08:41.396Z,gid://shopify/Product/14936264311170,"crocs-echo-clog-dragon-ball-z-vegeta-kids","Crocs Echo Clog Dragon Ball Z Vegeta (Kids) | Resell","Crocs Echo Clog Dragon Ball Z Vegeta (Kids)"
2026-07-03T10:08:41.660Z,gid://shopify/Product/14936265032066,"adidas-predator-pro-fold-over-tongue-fg-moments","adidas Predator Pro Fold-Over Tongue FG Moments | Resell","adidas Predator Pro Fold-Over Tongue FG Moments"
2026-07-03T10:08:42.112Z,gid://shopify/Product/14936265589122,"nike-mercurial-vapor-16-club-fg-mad-energy-pack-gs","Nike Mercurial Vapor 16 Club FG Mad Energy Pack () | Resell","Nike Mercurial Vapor 16 Club FG Mad Energy Pack ()"
2026-07-03T10:08:42.404Z,gid://shopify/Product/14936265687426,"nike-phantom-luna-2-club-mg-mad-energy-pack-gs","Nike Phantom Luna 2 Club MG Mad Energy Pack () | Resell","Nike Phantom Luna 2 Club MG Mad Energy Pack ()"
2026-07-03T10:08:42.695Z,gid://shopify/Product/14936265851266,"jordan-1-high-brooklyn-dark-spruce-green-womens","Jordan 1 High Brooklyn Dark Spruce Green (Women's) | Resell","Jordan 1 High Brooklyn Dark Spruce Green (Women's)"
2026-07-03T10:08:43.114Z,gid://shopify/Product/14936266342786,"crocs-classic-cozzzy-sandal-monsters-inc-sulley","Crocs Classic Cozzzy Sandal Monsters Inc. Sulley | Resell","Crocs Classic Cozzzy Sandal Monsters Inc. Sulley"
2026-07-03T10:08:43.491Z,gid://shopify/Product/14936266506626,"crocs-classic-clog-monsters-inc-mike-wazowski","Crocs Classic Clog Monsters Inc. Mike Wazowski | Resell","Crocs Classic Clog Monsters Inc. Mike Wazowski"
2026-07-03T10:08:43.809Z,gid://shopify/Product/14936266637698,"jordan-1-low-brooklyn-rattan-desert-camo-womens","Jordan 1 Low Brooklyn Rattan Desert Camo (Women's) | Resell","Jordan 1 Low Brooklyn Rattan Desert Camo (Women's)"
2026-07-03T10:08:44.166Z,gid://shopify/Product/14936266834306,"jordan-1-low-brooklyn-black-gym-red-womens","Jordan 1 Low Brooklyn Black Gym Red (Women's) | Resell","Jordan 1 Low Brooklyn Black Gym Red (Women's)"
2026-07-03T10:08:44.521Z,gid://shopify/Product/14936266932610,"new-balance-furon-elite-fg-v8-black-gold-silver","New Balance Furon Elite FG V8 Black Gold Silver | Resell","New Balance Furon Elite FG V8 Black Gold Silver"
2026-07-03T10:08:44.858Z,gid://shopify/Product/14936267653506,"new-balance-furon-elite-fg-v8-white-gold-silver","New Balance Furon Elite FG V8 White Gold Silver | Resell","New Balance Furon Elite FG V8 White Gold Silver"
2026-07-03T10:08:45.212Z,gid://shopify/Product/14936267948418,"adidas-f50-club-fg-mg-messi-player-pack-1-kids","adidas F50 Club FG/MG Messi Player Pack 1 (Kids) | Resell","adidas F50 Club FG/MG Messi Player Pack 1 (Kids)"
2026-07-03T10:08:45.557Z,gid://shopify/Product/14936269160834,"nike-sb-dunk-low-city-of-love-burgundy-crush","Nike SB Dunk Low City of Love Burgundy Crush | Resell","Nike SB Dunk Low City of Love Burgundy Crush"
2026-07-03T10:08:45.964Z,gid://shopify/Product/14936270406018,"nike-sb-dunk-high-diorr-greenwood-navajo-arts","Nike SB Dunk High Di'orr Greenwood Navajo Arts | Resell","Nike SB Dunk High Di'orr Greenwood Navajo Arts"
2026-07-03T10:08:46.475Z,gid://shopify/Product/14936270602626,"nike-sb-dunk-low-riot-skateshop-special-box","Nike SB Dunk Low Riot Skateshop (Special Box) | Resell","Nike SB Dunk Low Riot Skateshop (Special Box)"
2026-07-03T10:08:46.822Z,gid://shopify/Product/14936271257986,"nike-sb-dunk-high-strawberry-cough-regular-box","Nike SB Dunk High Strawberry Cough (Regular Box) | Resell","Nike SB Dunk High Strawberry Cough (Regular Box)"
2026-07-03T10:08:47.335Z,gid://shopify/Product/14936271913346,"nike-sb-dunk-low-ben-jerrys-chunky-dunky","Nike SB Dunk Low Ben & Jerry's Chunky Dunky | Resell","Nike SB Dunk Low Ben & Jerry's Chunky Dunky"
2026-07-03T10:08:47.667Z,gid://shopify/Product/14936273453442,"nike-sb-dunk-low-black-history-month-2025","Nike SB Dunk Low Black History Month (2025) | Resell","Nike SB Dunk Low Black History Month (2025)"
2026-07-03T10:08:48.032Z,gid://shopify/Product/14936273944962,"nike-sb-dunk-low-grateful-dead-bears-yellow","Nike SB Dunk Low Grateful Dead Bears Opti Yellow | Resell","Nike SB Dunk Low Grateful Dead Bears Opti Yellow"
2026-07-03T10:08:48.374Z,gid://shopify/Product/14936274108802,"nike-sb-dunk-high-pro-premium-san-francisco-giants","Nike SB Dunk High Pro Premium San Francisco Giants | Resell","Nike SB Dunk High Pro Premium San Francisco Giants"
2026-07-03T10:08:48.669Z,gid://shopify/Product/14936274403714,"nike-sb-dunk-high-supreme-by-any-means-navy","Nike SB Dunk High Supreme By Any Means Navy | Resell","Nike SB Dunk High Supreme By Any Means Navy"
2026-07-03T10:08:48.973Z,gid://shopify/Product/14936274796930,"nike-sb-dunk-high-supreme-by-any-means-black","Nike SB Dunk High Supreme By Any Means Black | Resell","Nike SB Dunk High Supreme By Any Means Black"
2026-07-03T10:08:49.308Z,gid://shopify/Product/14936276402562,"nike-sb-dunk-low-night-of-mischief-halloween","Nike SB Dunk Low Night of Mischief Halloween | Resell","Nike SB Dunk Low Night of Mischief Halloween"
2026-07-03T10:08:49.623Z,gid://shopify/Product/14936277254530,"nike-sb-dunk-high-pro-ishod-wair-x-magnus-walker","Nike SB Dunk High Pro Ishod Wair x Magnus Walker | Resell","Nike SB Dunk High Pro Ishod Wair x Magnus Walker"
2026-07-03T10:08:49.982Z,gid://shopify/Product/14936277320066,"nike-sb-dunk-low-the-powerpuff-girls-bubbles-ps","Nike SB Dunk Low The Powerpuff Girls Bubbles (PS) | Resell","Nike SB Dunk Low The Powerpuff Girls Bubbles (PS)"
2026-07-03T10:08:50.301Z,gid://shopify/Product/14936277451138,"nike-sb-dunk-low-the-wizard-of-oz-poppy-field-td","Nike SB Dunk Low The Wizard of Oz Poppy Field (TD) | Resell","Nike SB Dunk Low The Wizard of Oz Poppy Field (TD)"
2026-07-03T10:08:50.633Z,gid://shopify/Product/14936277877122,"nike-sb-dunk-low-pro-be-true-xavier-schipani","Nike SB Dunk Low Pro Be True Xavier Schipani | Resell","Nike SB Dunk Low Pro Be True Xavier Schipani"
2026-07-03T10:08:50.980Z,gid://shopify/Product/14936278008194,"nike-sb-dunk-high-pawnshop-skate-co-old-soul","Nike SB Dunk High Pawnshop Skate Co. Old Soul | Resell","Nike SB Dunk High Pawnshop Skate Co. Old Soul"
2026-07-03T10:08:51.309Z,gid://shopify/Product/14936278073730,"nike-sb-dunk-high-baroque-brown-vegan-leather","Nike SB Dunk High Baroque Brown Vegan Leather | Resell","Nike SB Dunk High Baroque Brown Vegan Leather"
2026-07-03T10:08:51.630Z,gid://shopify/Product/14936278204802,"nike-sb-dunk-high-concepts-turdunken-special-box","Nike SB Dunk High Concepts Turdunken (Special Box) | Resell","Nike SB Dunk High Concepts Turdunken (Special Box)"
2026-07-03T10:08:52.045Z,gid://shopify/Product/14936278303106,"nike-sb-dunk-high-color-skates-kebab-and-destroy","Nike SB Dunk High Color Skates Kebab and Destroy | Resell","Nike SB Dunk High Color Skates Kebab and Destroy"
2026-07-03T10:08:52.381Z,gid://shopify/Product/14936278368642,"nike-sb-dunk-high-supreme-by-any-means-brazil","Nike SB Dunk High Supreme By Any Means Brazil | Resell","Nike SB Dunk High Supreme By Any Means Brazil"
2026-07-03T10:08:52.672Z,gid://shopify/Product/14936278466946,"nike-sb-dunk-low-diamond-supply-co-black-diamond","Nike SB Dunk Low Diamond Supply Co. Black Diamond | Resell","Nike SB Dunk Low Diamond Supply Co. Black Diamond"
2026-07-03T10:08:53.083Z,gid://shopify/Product/14936278991234,"nike-dunk-sb-high-gundam-black-thunder-blue","Nike SB Dunk High RX-0 Unicorn Gundam 02 Banshee | Resell","Nike SB Dunk High RX-0 Unicorn Gundam 02 Banshee"
2026-07-03T10:08:53.436Z,gid://shopify/Product/14936279155074,"nike-sb-dunk-low-supreme-jewel-swoosh-silver","Nike SB Dunk Low Supreme Jewel Swoosh Silver | Resell","Nike SB Dunk Low Supreme Jewel Swoosh Silver"
2026-07-03T10:08:53.804Z,gid://shopify/Product/14936279744898,"nike-sb-dunk-low-electric-pack-olympic-safari-ps","Nike SB Dunk Low Electric Pack Olympic Safari (PS) | Resell","Nike SB Dunk Low Electric Pack Olympic Safari (PS)"
2026-07-03T10:08:54.392Z,gid://shopify/Product/14936280367490,"nike-sb-dunk-low-travis-scott-special-box","Nike SB Dunk Low Travis Scott (Special Box) | Resell","Nike SB Dunk Low Travis Scott (Special Box)"
2026-07-03T10:08:54.740Z,gid://shopify/Product/14936280662402,"nike-sb-dunk-low-the-powerpuff-girls-bubbles-td","Nike SB Dunk Low The Powerpuff Girls Bubbles (TD) | Resell","Nike SB Dunk Low The Powerpuff Girls Bubbles (TD)"
2026-07-03T10:08:55.056Z,gid://shopify/Product/14936281809282,"nike-sb-dunk-high-thomas-campbell-what-the-dunk","Nike SB Dunk High Thomas Campbell What the Dunk | Resell","Nike SB Dunk High Thomas Campbell What the Dunk"
2026-07-03T10:08:55.383Z,gid://shopify/Product/14936282235266,"nike-sb-dunk-low-diamond-supply-co-white-diamond","Nike SB Dunk Low Diamond Supply Co. White Diamond | Resell","Nike SB Dunk Low Diamond Supply Co. White Diamond"
2026-07-03T10:08:55.731Z,gid://shopify/Product/14936282431874,"nike-sb-dunk-low-electric-pack-olympic-safari-td","Nike SB Dunk Low Electric Pack Olympic Safari (TD) | Resell","Nike SB Dunk Low Electric Pack Olympic Safari (TD)"
2026-07-03T10:08:56.054Z,gid://shopify/Product/14936283447682,"nike-sb-dunk-low-wasted-youth-special-box","Nike SB Dunk Low Wasted Youth (Special Box) | Resell","Nike SB Dunk Low Wasted Youth (Special Box)"
2026-07-03T10:08:56.388Z,gid://shopify/Product/14936284594562,"nike-sb-dunk-low-pro-st-patricks-day-td-2022","Nike SB Dunk Low Pro St. Patrick's Day (TD) (2022) | Resell","Nike SB Dunk Low Pro St. Patrick's Day (TD) (2022)"
2026-07-03T10:08:56.755Z,gid://shopify/Product/14936285380994,"nike-sb-dunk-low-pro-j-pack-black-pine-green","Nike SB Dunk Low Pro J Pack Black Pine Green | Resell","Nike SB Dunk Low Pro J Pack Black Pine Green"
2026-07-03T10:08:57.063Z,gid://shopify/Product/14936285741442,"nike-sb-dunk-high-orange-label-midnight-navy","Nike SB Dunk High Orange Label Midnight Navy | Resell","Nike SB Dunk High Orange Label Midnight Navy"
2026-07-03T10:08:57.369Z,gid://shopify/Product/14936286003586,"nike-sb-dunk-high-pro-orange-label-smoke-grey","Nike SB Dunk High Pro Orange Label Smoke Grey | Resell","Nike SB Dunk High Pro Orange Label Smoke Grey"
2026-07-03T10:08:57.797Z,gid://shopify/Product/14936286232962,"nike-sb-dunk-low-dj-clark-kent-x-primitive-112","Nike SB Dunk Low DJ Clark Kent x Primitive 112 | Resell","Nike SB Dunk Low DJ Clark Kent x Primitive 112"
2026-07-03T10:08:58.132Z,gid://shopify/Product/14936288100738,"nike-sb-dunk-high-premier-win-some-lose-some","Nike SB Dunk High Premier Win Some Lose Some | Resell","Nike SB Dunk High Premier Win Some Lose Some"
2026-07-03T10:08:58.490Z,gid://shopify/Product/14936288166274,"nike-sb-dunk-high-antihero-brian-anderson-black","Nike SB Dunk High Antihero Brian Anderson Black | Resell","Nike SB Dunk High Antihero Brian Anderson Black"
2026-07-03T10:08:58.858Z,gid://shopify/Product/14936288330114,"nike-sb-dunk-low-grateful-dead-bears-orange","Nike SB Dunk Low Grateful Dead Bears Orange | Resell","Nike SB Dunk Low Grateful Dead Bears Orange"
2026-07-03T10:08:59.395Z,gid://shopify/Product/14936289771906,"nike-sb-dunk-low-street-hawker-special-box","Nike SB Dunk Low Street Hawker (Special Box) | Resell","Nike SB Dunk Low Street Hawker (Special Box)"
2026-07-03T10:08:59.764Z,gid://shopify/Product/14936290361730,"nike-sb-dunk-mid-iso-orange-label-black-dark-grey","Nike SB Dunk Mid ISO Orange Label Black Dark Grey | Resell","Nike SB Dunk Mid ISO Orange Label Black Dark Grey"
2026-07-03T10:09:00.125Z,gid://shopify/Product/14936290460034,"nike-sb-dunk-low-orange-label-white-black-2019","Nike SB Dunk Low Orange Label White Black (2019) | Resell","Nike SB Dunk Low Orange Label White Black (2019)"
2026-07-03T10:09:00.416Z,gid://shopify/Product/14936290525570,"nike-sb-dunk-low-be-true-xavier-schipani-td","Nike SB Dunk Low Be True Xavier Schipani (TD) | Resell","Nike SB Dunk Low Be True Xavier Schipani (TD)"
2026-07-03T10:09:00.728Z,gid://shopify/Product/14936291475842,"nike-sb-dunk-low-atmosphere-grey-true-berry","Nike SB Dunk Low Atmosphere Grey True Berry | Resell","Nike SB Dunk Low Atmosphere Grey True Berry"
2026-07-03T10:09:01.056Z,gid://shopify/Product/14936292426114,"nike-sb-dunk-high-brooklyn-projects-paparazzi","Nike SB Dunk High Brooklyn Projects Paparazzi | Resell","Nike SB Dunk High Brooklyn Projects Paparazzi"
2026-07-03T10:09:01.464Z,gid://shopify/Product/14936293245314,"nike-sb-dunk-low-be-true-xavier-schipani-ps","Nike SB Dunk Low Be True Xavier Schipani (PS) | Resell","Nike SB Dunk Low Be True Xavier Schipani (PS)"
2026-07-03T10:09:01.848Z,gid://shopify/Product/14936293835138,"nike-sb-dunk-low-philadelphia-phillies-td","Nike SB Dunk Low Philadelphia Phillies (TD) | Resell","Nike SB Dunk Low Philadelphia Phillies (TD)"
2026-07-03T10:09:02.285Z,gid://shopify/Product/14936295440770,"nike-sb-dunk-high-strawberry-cough-special-box","Nike SB Dunk High Strawberry Cough (Special Box) | Resell","Nike SB Dunk High Strawberry Cough (Special Box)"
2026-07-03T10:09:02.574Z,gid://shopify/Product/14936299471234,"nike-sb-zoom-dunk-high-pro-black-black-white-clear","Nike Sb Zoom Dunk High Pro Black/Black-White-Clear | Resell","Nike Sb Zoom Dunk High Pro Black/Black-White-Clear"
2026-07-03T10:09:02.879Z,gid://shopify/Product/14936299569538,"nike-sb-dunk-high-deconstructed-doc-martens","Nike SB Dunk High Deconstructed Doc Martens | Resell","Nike SB Dunk High Deconstructed Doc Martens"
2026-07-03T10:09:03.617Z,gid://shopify/Product/14936299798914,"nike-sb-dunk-low-challenge-red-university-blue","Nike SB Dunk Low Challenge Red University Blue | Resell","Nike SB Dunk Low Challenge Red University Blue"
2026-07-03T10:09:03.948Z,gid://shopify/Product/14936301535618,"nike-sb-dunk-low-supreme-black-cement-2002","Nike SB Dunk Low Supreme Black Cement (2002) | Resell","Nike SB Dunk Low Supreme Black Cement (2002)"
2026-07-03T10:09:04.289Z,gid://shopify/Product/14936304648578,"nike-dunk-low-next-nature-olympic-womens","Nike Dunk Low Next Nature Olympic (Women's) | Resell","Nike Dunk Low Next Nature Olympic (Women's)"
2026-07-03T10:09:04.619Z,gid://shopify/Product/14936304714114,"nike-dunk-low-undefeated-5-on-it-dunk-vs-af1","Nike Dunk Low Undefeated 5 On It Dunk vs. AF1 | Resell","Nike Dunk Low Undefeated 5 On It Dunk vs. AF1"
2026-07-03T10:09:04.979Z,gid://shopify/Product/14936306614658,"nike-dunk-low-se-85-neptune-green-womens","Nike Dunk Low SE 85 Neptune Green (Women's) | Resell","Nike Dunk Low SE 85 Neptune Green (Women's)"
2026-07-03T10:09:05.281Z,gid://shopify/Product/14936307040642,"nike-dunk-low-snakeskin-washed-teal-bleached-coral","Nike Dunk Low Snakeskin Washed Teal Bleached Coral | Resell","Nike Dunk Low Snakeskin Washed Teal Bleached Coral"
2026-07-03T10:09:05.659Z,gid://shopify/Product/14936307630466,"nike-dunk-low-se-gone-fishing-rainbow-trout","Nike Dunk Low SE Gone Fishing Rainbow Trout | Resell","Nike Dunk Low SE Gone Fishing Rainbow Trout"
2026-07-03T10:09:05.964Z,gid://shopify/Product/14936311857538,"nike-dunk-low-cool-grey-light-photo-blue-gs","Nike Dunk Low Cool Grey Light Photo Blue () | Resell","Nike Dunk Low Cool Grey Light Photo Blue ()"
2026-07-03T10:09:06.513Z,gid://shopify/Product/14936312250754,"nike-dunk-low-houston-comets-four-peat-womens","Nike Dunk Low Houston Comets Four-Peat (Women's) | Resell","Nike Dunk Low Houston Comets Four-Peat (Women's)"
2026-07-03T10:09:06.830Z,gid://shopify/Product/14936312807810,"nike-sb-react-leo-vintage-green-black-anthracite","Nike SB React Leo Vintage Green Black Anthracite | Resell","Nike SB React Leo Vintage Green Black Anthracite"
2026-07-03T10:09:07.232Z,gid://shopify/Product/14936313135490,"nike-sb-skate-overall-solid-pants-oil-green","Nike SB Skate Overall Solid Pants Oil Green | Resell","Nike SB Skate Overall Solid Pants Oil Green"
2026-07-03T10:09:07.517Z,gid://shopify/Product/14936315855234,"nike-dunk-low-qs-cojp-reverse-ultraman-2024","Nike Dunk Low QS CO.JP Reverse Ultraman (2024) | Resell","Nike Dunk Low QS CO.JP Reverse Ultraman (2024)"
2026-07-03T10:09:07.841Z,gid://shopify/Product/14936316019074,"nike-dunk-low-qs-lebron-james-fruity-pebbles","Nike Dunk Low QS LeBron James Fruity Pebbles | Resell","Nike Dunk Low QS LeBron James Fruity Pebbles"
2026-07-03T10:09:08.326Z,gid://shopify/Product/14936316772738,"nike-sb-dunk-low-pro-prm-seattle-supersonics","Nike SB Dunk Low Pro PRM Seattle Supersonics | Resell","Nike SB Dunk Low Pro PRM Seattle Supersonics"
2026-07-03T10:09:08.840Z,gid://shopify/Product/14936316871042,"nike-dunk-low-qs-cojp-reverse-curry-2024","Nike Dunk Low QS CO.JP Reverse Curry (2024) | Resell","Nike Dunk Low QS CO.JP Reverse Curry (2024)"
2026-07-03T10:09:09.151Z,gid://shopify/Product/14936317034882,"nike-dunk-low-prm-team-red-w","Nike Dunk Low PRM Vintage Team Red (Women's) | Resell","Nike Dunk Low PRM Vintage Team Red (Women's)"
2026-07-03T10:09:09.486Z,gid://shopify/Product/14936319426946,"nike-dunk-low-emb-nba-75th-anniversary","Nike Dunk Low EMB NBA 75th Anniversary Chicago | Resell","Nike Dunk Low EMB NBA 75th Anniversary Chicago"
2026-07-03T10:09:09.847Z,gid://shopify/Product/14936319689090,"nike-dunk-low-se-medium-ash-violet-snakeskin","Nike Dunk Low SE Medium Ash Violet Snakeskin | Resell","Nike Dunk Low SE Medium Ash Violet Snakeskin"
2026-07-03T10:09:10.160Z,gid://shopify/Product/14936321229186,"nike-dunk-low-next-nature-elemental-pink-womens","Nike Dunk Low Next Nature Elemental Pink (Women's) | Resell","Nike Dunk Low Next Nature Elemental Pink (Women's)"
2026-07-03T10:09:10.570Z,gid://shopify/Product/14936321556866,"nike-dunk-low-next-nature-aster-pink-womens","Nike Dunk Low Next Nature Aster Pink (Women's) | Resell","Nike Dunk Low Next Nature Aster Pink (Women's)"
2026-07-03T10:09:10.903Z,gid://shopify/Product/14936321753474,"nike-dunk-low-valentines-day-2024-womens","Nike Dunk Low Valentine's Day (2024) (Women's) | Resell","Nike Dunk Low Valentine's Day (2024) (Women's)"
2026-07-03T10:09:11.213Z,gid://shopify/Product/14936322179458,"nike-dunk-low-next-nature-pale-coral-womens","Nike Dunk Low Next Nature Pale Coral (Women's) | Resell","Nike Dunk Low Next Nature Pale Coral (Women's)"
2026-07-03T10:09:11.553Z,gid://shopify/Product/14949921980802,"nike-air-max-dn-white-pure-platinum-womens","Nike Air Max Dn White Pure Platinum (Women's) | Resell","Nike Air Max Dn White Pure Platinum (Women's)"
2026-07-03T10:09:11.850Z,gid://shopify/Product/14963345588610,"nike-zoom-fly-mercurial-off-white-total-orange","Nike Zoom Fly Mercurial Off-White Total Orange | Resell","Nike Zoom Fly Mercurial Off-White Total Orange"
2026-07-03T10:09:12.378Z,gid://shopify/Product/14963346407810,"off-white-out-of-office-ooo-low-tops-white-blue","OFF-WHITE Out Of Office OOO Low Tops White Blue | Resell","OFF-WHITE Out Of Office OOO Low Tops White Blue"
2026-07-03T10:09:12.773Z,gid://shopify/Product/14963346538882,"off-white-vulc-low-cotton-white-white-blue-grey","OFF-WHITE Vulc Low Cotton White White Blue Grey | Resell","OFF-WHITE Vulc Low Cotton White White Blue Grey"
2026-07-03T10:09:13.139Z,gid://shopify/Product/14963347423618,"adidas-nite-jogger-beyonce-ivy-park-off-white","adidas Nite Jogger Beyonce Ivy Park Off White | Resell","adidas Nite Jogger Beyonce Ivy Park Off White"
2026-07-03T10:09:13.524Z,gid://shopify/Product/14963522175362,"asics-gel-kayano-14-sneaker-politics-just-say-no","ASICS Gel-Kayano 14 Sneaker Politics Just Say No | Resell","ASICS Gel-Kayano 14 Sneaker Politics Just Say No"
2026-07-03T10:09:13.855Z,gid://shopify/Product/14963522273666,"asics-gel-kayano-14-a-p-c-white-pure-silver","ASICS Gel-Kayano 14 A.P.C. White Pure Silver | Resell","ASICS Gel-Kayano 14 A.P.C. White Pure Silver"
2026-07-03T10:09:14.154Z,gid://shopify/Product/14963523322242,"asics-gel-kayano-14-unlimited-pack-white-fawn","ASICS Gel-Kayano 14 Unlimited Pack White Fawn | Resell","ASICS Gel-Kayano 14 Unlimited Pack White Fawn"
2026-07-03T10:09:14.437Z,gid://shopify/Product/14963523780994,"asics-gel-kayano-14-unlimited-pack-carrier-grey","ASICS Gel-Kayano 14 Unlimited Pack Carrier Grey | Resell","ASICS Gel-Kayano 14 Unlimited Pack Carrier Grey"
2026-07-03T10:09:14.735Z,gid://shopify/Product/14963525091714,"asics-gel-k1011-gallery-dept-mental-energy-khaki","ASICS Gel-K1011 Gallery Dept. Mental Energy Khaki | Resell","ASICS Gel-K1011 Gallery Dept. Mental Energy Khaki"
2026-07-03T10:09:15.188Z,gid://shopify/Product/14963525124482,"asics-gel-1130-white-faded-yellow-womens","ASICS Gel-1130 White Faded Yellow (Women's) | Resell","ASICS Gel-1130 White Faded Yellow (Women's)"
2026-07-03T10:09:15.488Z,gid://shopify/Product/14963525288322,"asics-gel-kayano-14-kith-cream-scarab-2024","ASICS Gel-Kayano 14 Kith Cream Scarab (2024) | Resell","ASICS Gel-Kayano 14 Kith Cream Scarab (2024)"
2026-07-03T10:09:15.816Z,gid://shopify/Product/14963525648770,"onitsuka-tiger-mexico-66-sd-pure-silver-cream","Onitsuka Tiger Mexico 66 SD Pure Silver Cream | Resell","Onitsuka Tiger Mexico 66 SD Pure Silver Cream"
2026-07-03T10:09:16.169Z,gid://shopify/Product/14963525845378,"asics-gel-kayano-14-a-p-c-midnight-indigo-fog","ASICS Gel-Kayano 14 A.P.C. Midnight Indigo Fog | Resell","ASICS Gel-Kayano 14 A.P.C. Midnight Indigo Fog"
2026-07-03T10:09:16.504Z,gid://shopify/Product/14963526467970,"asics-gel-kayano-14-baked-pink-cream-womens","ASICS Gel-Kayano 14 Baked Pink Cream (Women's) | Resell","ASICS Gel-Kayano 14 Baked Pink Cream (Women's)"
2026-07-03T10:09:17.203Z,gid://shopify/Product/14963526631810,"asics-gel-kayano-14-oyster-white-steeple-grey","ASICS Gel-Kayano 14 Oyster White Steeple Grey | Resell","ASICS Gel-Kayano 14 Oyster White Steeple Grey"
2026-07-03T10:09:17.493Z,gid://shopify/Product/14963526697346,"asics-gel-kayano-14-cream","ASICS Gel-Kayano 14 Imperfection Pack Cream | Resell","ASICS Gel-Kayano 14 Imperfection Pack Cream"
2026-07-03T10:09:17.788Z,gid://shopify/Product/14963526828418,"asics-gel-lyte-iii-sean-wotherspoon-x-atmos","ASICS Gel-Lyte III Sean Wotherspoon x atmos | Resell","ASICS Gel-Lyte III Sean Wotherspoon x atmos"
2026-07-03T10:09:18.241Z,gid://shopify/Product/14963526959490,"asics-gel-1130-cream-reddish-brown-womens","ASICS Gel-1130 Cream Reddish Brown (Women's) | Resell","ASICS Gel-1130 Cream Reddish Brown (Women's)"
2026-07-03T10:09:18.529Z,gid://shopify/Product/14963527025026,"asics-novablast-5-white-coral-reef-womens","ASICS Novablast 5 White Coral Reef (Women's) | Resell","ASICS Novablast 5 White Coral Reef (Women's)"
2026-07-03T10:09:19.071Z,gid://shopify/Product/14963527418242,"asics-gt-2160-above-the-clouds-chocolate-brown","ASICS GT-2160 Above the Clouds Chocolate Brown | Resell","ASICS GT-2160 Above the Clouds Chocolate Brown"
2026-07-03T10:09:19.379Z,gid://shopify/Product/14963527778690,"onitsuka-tiger-mexico-66-birch-green","Onitsuka Tiger Mexico 66 Birch Green Red Yellow | Resell","Onitsuka Tiger Mexico 66 Birch Green Red Yellow"
2026-07-03T10:09:19.898Z,gid://shopify/Product/14963527909762,"onitsuka-tiger-mexico-66-sd-birch-metropolis","Onitsuka Tiger Mexico 66 SD Birch Metropolis | Resell","Onitsuka Tiger Mexico 66 SD Birch Metropolis"
2026-07-03T10:09:20.158Z,gid://shopify/Product/14963528008066,"asics-gt-2160-above-the-clouds-black-gunmetal","ASICS GT-2160 Above the Clouds Black Gunmetal | Resell","ASICS GT-2160 Above the Clouds Black Gunmetal"
2026-07-03T10:09:20.463Z,gid://shopify/Product/14963528171906,"asics-gel-nimbus-9-white-light-indigo-womens","ASICS Gel-Nimbus 9 White Light Indigo (Women's) | Resell","ASICS Gel-Nimbus 9 White Light Indigo (Women's)"
2026-07-03T10:09:20.864Z,gid://shopify/Product/14963528270210,"asics-superblast-2-greyish-purple-coral-reef","ASICS Superblast 2 Greyish Purple Coral Reef | Resell","ASICS Superblast 2 Greyish Purple Coral Reef"
2026-07-03T10:09:21.162Z,gid://shopify/Product/14963528302978,"asics-gel-kayano-14-white-smoke-grey-womens","ASICS Gel-Kayano 14 White Smoke Grey (Women's) | Resell","ASICS Gel-Kayano 14 White Smoke Grey (Women's)"
2026-07-03T10:09:21.477Z,gid://shopify/Product/14963528499586,"asics-gel-kayano-20-unaffected-black-obsidian","ASICS Gel-Kayano 20 Unaffected Black Obsidian | Resell","ASICS Gel-Kayano 20 Unaffected Black Obsidian"
2026-07-03T10:09:21.765Z,gid://shopify/Product/14963528565122,"asics-gel-nyc-emmi-white-huddle-yellow-womens","ASICS Gel-NYC EMMI White Huddle Yellow (Women's) | Resell","ASICS Gel-NYC EMMI White Huddle Yellow (Women's)"
2026-07-03T10:09:22.111Z,gid://shopify/Product/14963528892802,"asics-ub7-s-gt-2160-kiko-kostadinov-dark-neptune","ASICS UB7-S GT-2160 Kiko Kostadinov Dark Neptune | Resell","ASICS UB7-S GT-2160 Kiko Kostadinov Dark Neptune"
2026-07-03T10:09:22.501Z,gid://shopify/Product/14963528958338,"asics-gel-quantum-kinetic-mid-grey-pure-silver","ASICS Gel-Quantum Kinetic Mid Grey Pure Silver | Resell","ASICS Gel-Quantum Kinetic Mid Grey Pure Silver"
2026-07-03T10:09:22.842Z,gid://shopify/Product/14963529023874,"onitsuka-tiger-mexico-66-white-silver-black","Onitsuka Tiger Mexico 66 White Silver Black | Resell","Onitsuka Tiger Mexico 66 White Silver Black"
2026-07-03T10:09:23.176Z,gid://shopify/Product/14963529810306,"asics-gel-1130-white-pure-silver-yellow-w","ASICS Gel-1130 White Pure Silver Yellow (Women's) | Resell","ASICS Gel-1130 White Pure Silver Yellow (Women's)"
2026-07-03T10:09:23.487Z,gid://shopify/Product/14963529974146,"asics-glideride-max-black-pale-pink-womens","ASICS GlideRide Max Black Pale Pink (Women's) | Resell","ASICS GlideRide Max Black Pale Pink (Women's)"
2026-07-03T10:09:23.798Z,gid://shopify/Product/14963530006914,"onitsuka-tiger-mexico-66-tgrs-black-womens","Onitsuka Tiger Mexico 66 TGRS Black (Women's) | Resell","Onitsuka Tiger Mexico 66 TGRS Black (Women's)"
2026-07-03T10:09:24.124Z,gid://shopify/Product/14963531317634,"asics-gel-kayano-14-black-glacier-grey-silver","ASICS Gel-Kayano 14 Black Glacier Grey Silver | Resell","ASICS Gel-Kayano 14 Black Glacier Grey Silver"
2026-07-03T10:09:24.541Z,gid://shopify/Product/14963531481474,"onitsuka-tiger-mexico-66-oatmeal-ginger-peach","Onitsuka Tiger Mexico 66 Oatmeal Ginger Peach | Resell","Onitsuka Tiger Mexico 66 Oatmeal Ginger Peach"
2026-07-03T10:09:24.879Z,gid://shopify/Product/14963532169602,"asics-gel-quantum-360-viii-cecilie-bahnsen-yellow","ASICS Gel-Quantum 360 VIII Cecilie Bahnsen Yellow | Resell","ASICS Gel-Quantum 360 VIII Cecilie Bahnsen Yellow"
2026-07-03T10:09:25.303Z,gid://shopify/Product/14963532431746,"asics-gel-kayano-legacy-white-black-red-blue","ASICS Gel-Kayano Legacy White Black Red Blue | Resell","ASICS Gel-Kayano Legacy White Black Red Blue"
2026-07-03T10:09:25.594Z,gid://shopify/Product/14963532693890,"asics-gel-nimbus-101-white-directoire-blue","ASICS Gel-Nimbus 10.1 White Directoire Blue | Resell","ASICS Gel-Nimbus 10.1 White Directoire Blue"
2026-07-03T10:09:26.110Z,gid://shopify/Product/14963533709698,"asics-gel-kayano-20-unaffected-white-glacier","ASICS Gel-Kayano 20 Unaffected Cream Lake Grey | Resell","ASICS Gel-Kayano 20 Unaffected Cream Lake Grey"
2026-07-03T10:09:26.419Z,gid://shopify/Product/14963534102914,"asics-gel-nimbus-101-silver-green-metallic","ASICS Gel-Nimbus 10.1 Silver Green Metallic | Resell","ASICS Gel-Nimbus 10.1 Silver Green Metallic"
2026-07-03T10:09:26.709Z,gid://shopify/Product/14963534365058,"asics-gel-kayano-14-earthenware-pack-rusty-brown","ASICS Gel-Kayano 14 Earthenware Pack Rusty Brown | Resell","ASICS Gel-Kayano 14 Earthenware Pack Rusty Brown"
2026-07-03T10:09:26.980Z,gid://shopify/Product/14963534692738,"asics-superblast-2-wave-teal-illuminate-mint","ASICS Superblast 2 Wave Teal Illuminate Mint | Resell","ASICS Superblast 2 Wave Teal Illuminate Mint"
2026-07-03T10:09:27.298Z,gid://shopify/Product/14963534922114,"asics-gel-quantum-kinetic-khaki-beige-pure-silver","ASICS Gel-Quantum Kinetic Khaki Beige Pure Silver | Resell","ASICS Gel-Quantum Kinetic Khaki Beige Pure Silver"
2026-07-03T10:09:27.682Z,gid://shopify/Product/14963535085954,"onitsuka-tiger-mexico-delegation-pine-green-cream","Onitsuka Tiger Mexico Delegation Pine Green Cream | Resell","Onitsuka Tiger Mexico Delegation Pine Green Cream"
2026-07-03T10:09:27.996Z,gid://shopify/Product/14963535118722,"asics-gel-lyte-iii-og-barely-rose-rosequartz","ASICS Gel-Lyte III OG Barely Rose Rosequartz | Resell","ASICS Gel-Lyte III OG Barely Rose Rosequartz"
2026-07-03T10:09:28.338Z,gid://shopify/Product/14963538526594,"asics-gel-quantum-kinetic-oatmeal-dark-taupe","ASICS Gel-Quantum Kinetic Oatmeal Dark Taupe | Resell","ASICS Gel-Quantum Kinetic Oatmeal Dark Taupe"
2026-07-03T10:09:28.730Z,gid://shopify/Product/14963538821506,"asics-glideride-max-taupe-grey-birch-womens","ASICS Glideride Max Taupe Grey Birch (Women's) | Resell","ASICS Glideride Max Taupe Grey Birch (Women's)"
2026-07-03T10:09:29.003Z,gid://shopify/Product/14963540689282,"asics-gel-resolution-9-mako-blue-safety-yellow","ASICS Gel-Resolution 9 Mako Blue Safety Yellow | Resell","ASICS Gel-Resolution 9 Mako Blue Safety Yellow"
2026-07-03T10:09:29.623Z,gid://shopify/Product/14963541213570,"asics-metaspeed-sky-paris-illuminate-mint-black","ASICS Metaspeed Sky Paris Illuminate Mint Black | Resell","ASICS Metaspeed Sky Paris Illuminate Mint Black"
2026-07-03T10:09:29.975Z,gid://shopify/Product/14963544260994,"asics-gel-kayano-31-steel-grey-piedmont-grey","ASICS Gel-Kayano 31 Steel Grey Piedmont Grey | Resell","ASICS Gel-Kayano 31 Steel Grey Piedmont Grey"
2026-07-03T10:09:30.345Z,gid://shopify/Product/14963544555906,"asics-gt-1000-12-cosmos-dusty-purple-womens","ASICS GT-1000 12 Cosmos Dusty Purple (Women's) | Resell","ASICS GT-1000 12 Cosmos Dusty Purple (Women's)"
2026-07-03T10:09:30.692Z,gid://shopify/Product/14963547210114,"asics-onitsuka-tiger-colorado-85-woei-cervidae-ii","ASICS Onitsuka Tiger Colorado 85 Woei Cervidae II | Resell","ASICS Onitsuka Tiger Colorado 85 Woei Cervidae II"
2026-07-03T10:09:31.017Z,gid://shopify/Product/14963552420226,"asics-gel-kayano-14-p-andrade-gradation-green","ASICS Gel-Kayano 14 P. Andrade Gradation Green | Resell","ASICS Gel-Kayano 14 P. Andrade Gradation Green"
2026-07-03T10:09:31.353Z,gid://shopify/Product/14963554779522,"asics-gel-kayano-20-bodega-small-wins-add-up","ASICS Gel-Kayano 20 Bodega Small Wins Add Up | Resell","ASICS Gel-Kayano 20 Bodega Small Wins Add Up"
2026-07-03T10:09:31.687Z,gid://shopify/Product/14963556385154,"asics-gel-kayano-14-white-moonrock-w","ASICS Gel-Kayano 14 White Moonrock (Women's) | Resell","ASICS Gel-Kayano 14 White Moonrock (Women's)"
2026-07-03T10:09:32.024Z,gid://shopify/Product/14963556942210,"asics-gel-kayano-14-field-trip-recordings-fern-green","ASICS Gel-Kayano 14 Field Trip Recordin Fern Green | Resell","ASICS Gel-Kayano 14 Field Trip Recordin Fern Green"
2026-07-03T10:09:32.404Z,gid://shopify/Product/14963557761410,"asics-gt-2160-black-pure-silver-bright-blue","ASICS GT-2160 Black Pure Silver Bright Blue | Resell","ASICS GT-2160 Black Pure Silver Bright Blue"
2026-07-03T10:09:32.722Z,gid://shopify/Product/14963558351234,"asics-gel-1130-silver-pack-blue-fade-womens","ASICS Gel-1130 Silver Pack Blue Fade (Women's) | Resell","ASICS Gel-1130 Silver Pack Blue Fade (Women's)"
2026-07-03T10:09:33.024Z,gid://shopify/Product/14963559170434,"onitsuka-tiger-mexico-66-mantle-green-cream","Onitsuka Tiger Mexico 66 Mantle Green Cream | Resell","Onitsuka Tiger Mexico 66 Mantle Green Cream"
2026-07-03T10:09:33.518Z,gid://shopify/Product/14963559661954,"asics-gel-kahana-tr-v2-light-green-pure-grey","ASICS Gel-Kahana TR V2 Light Green Pure Grey | Resell","ASICS Gel-Kahana TR V2 Light Green Pure Grey"
2026-07-03T10:09:33.836Z,gid://shopify/Product/14963559825794,"asics-gt-2160-above-the-clouds-white-pure-silver","ASICS GT-2160 Above the Clouds White Pure Silver | Resell","ASICS GT-2160 Above the Clouds White Pure Silver"
2026-07-03T10:09:34.123Z,gid://shopify/Product/14963560972674,"onitsuka-tiger-tokuten-glacier-grey-peacoat","Onitsuka Tiger Tokuten Glacier Grey Peacoat | Resell","Onitsuka Tiger Tokuten Glacier Grey Peacoat"
2026-07-03T10:09:34.518Z,gid://shopify/Product/14963561300354,"asics-gel-kayano-14-earthenware-pack-white-sage","ASICS Gel-Kayano 14 Earthenware Pack White Sage | Resell","ASICS Gel-Kayano 14 Earthenware Pack White Sage"
2026-07-03T10:09:34.800Z,gid://shopify/Product/14963561464194,"asics-gel-1130-white-pure-silver-bronze-womens","ASICS Gel-1130 White Pure Silver Bronze (Women's) | Resell","ASICS Gel-1130 White Pure Silver Bronze (Women's)"
2026-07-03T10:09:35.258Z,gid://shopify/Product/14963561759106,"asics-gel-1130-white-periwinkle-blue-w","ASICS Gel-1130 White Periwinkle Blue (Women's) | Resell","ASICS Gel-1130 White Periwinkle Blue (Women's)"
2026-07-03T10:09:35.590Z,gid://shopify/Product/14963562086786,"asics-gel-1130-folder-exclusive-wild-dove-white","ASICS Gel-1130 Folder Exclusive Wild Dove White | Resell","ASICS Gel-1130 Folder Exclusive Wild Dove White"
2026-07-03T10:09:35.893Z,gid://shopify/Product/14963562250626,"asics-ub7-s-gt-2160-kiko-kostadinov-lava-orange","ASICS UB7-S GT-2160 Kiko Kostadinov Lava Orange | Resell","ASICS UB7-S GT-2160 Kiko Kostadinov Lava Orange"
2026-07-03T10:09:36.242Z,gid://shopify/Product/14963562283394,"onitsuka-tiger-mexico-66-birch-kale-red-gold","Onitsuka Tiger Mexico 66 Birch Kale Red Gold | Resell","Onitsuka Tiger Mexico 66 Birch Kale Red Gold"
2026-07-03T10:09:36.597Z,gid://shopify/Product/14963563135362,"asics-gel-kayano-14-the-museum-visitor-polar-shade","ASICS Gel-Kayano 14 The Museum Visitor Polar Shade | Resell","ASICS Gel-Kayano 14 The Museum Visitor Polar Shade"
2026-07-03T10:09:36.878Z,gid://shopify/Product/14963563528578,"onitsuka-tiger-mexico-66-cream-mineral-brown","Onitsuka Tiger Mexico 66 Cream Mineral Brown | Resell","Onitsuka Tiger Mexico 66 Cream Mineral Brown"
2026-07-03T10:09:37.199Z,gid://shopify/Product/14963563790722,"asics-gel-kayano-legacy-gmbh-green-gold","ASICS Gel-Kayano Legacy GmbH Cilantro Wood Crepe | Resell","ASICS Gel-Kayano Legacy GmbH Cilantro Wood Crepe"
2026-07-03T10:09:37.481Z,gid://shopify/Product/14963564577154,"onitsuka-tiger-mexico-66-airy-blue-watershed-rose","Onitsuka Tiger Mexico 66 Airy Blue Watershed Rose | Resell","Onitsuka Tiger Mexico 66 Airy Blue Watershed Rose"
2026-07-03T10:09:37.777Z,gid://shopify/Product/14963565035906,"onitsuka-tiger-mexico-66-sabot-cream-mako-blue","Onitsuka Tiger Mexico 66 Sabot Cream Mako Blue | Resell","Onitsuka Tiger Mexico 66 Sabot Cream Mako Blue"
2026-07-03T10:09:38.172Z,gid://shopify/Product/14963565068674,"asics-gel-kayano-14-the-museum-visitor-black-grey","ASICS Gel-Kayano 14 The Museum Visitor Black Grey | Resell","ASICS Gel-Kayano 14 The Museum Visitor Black Grey"
2026-07-03T10:09:38.536Z,gid://shopify/Product/14963565232514,"onitsuka-tiger-mexico-66-birch-rust-red-blue","Onitsuka Tiger Mexico 66 Birch Rust Red Blue | Resell","Onitsuka Tiger Mexico 66 Birch Rust Red Blue"
2026-07-03T10:09:38.928Z,gid://shopify/Product/14963565265282,"onitsuka-tiger-mexico-66-pink-cameo-mako-blue","Onitsuka Tiger Mexico 66 Pink Cameo Mako Blue | Resell","Onitsuka Tiger Mexico 66 Pink Cameo Mako Blue"
2026-07-03T10:09:39.222Z,gid://shopify/Product/14963565560194,"asics-gel-quantum-kinetic-graphite-grey-black","ASICS Gel-Quantum Kinetic Graphite Grey Black | Resell","ASICS Gel-Quantum Kinetic Graphite Grey Black"
2026-07-03T10:09:39.821Z,gid://shopify/Product/14964030865794,"adidas-taekwondo-mei-ballet-white-black-womens","adidas Taekwondo Mei Ballet White Black (Women's) | Resell","adidas Taekwondo Mei Ballet White Black (Women's)"
2026-07-03T10:09:40.094Z,gid://shopify/Product/14964030931330,"adidas-tennis-hu-pharrell-core-black-off-white","adidas Tennis Hu Pharrell Core Black Off White | Resell","adidas Tennis Hu Pharrell Core Black Off White"
2026-07-03T10:09:40.429Z,gid://shopify/Product/14964031291778,"adidas-tennis-hu-off-white-green-chalk-white","adidas Tennis HU Off White Green Chalk White | Resell","adidas Tennis HU Off White Green Chalk White"
2026-07-03T10:09:40.793Z,gid://shopify/Product/14964031521154,"adidas-trae-young-3-arctic-night-acid-orange","adidas Trae Young 3 Arctic Night Acid Orange | Resell","adidas Trae Young 3 Arctic Night Acid Orange"
2026-07-03T10:09:41.173Z,gid://shopify/Product/14964031750530,"adidas-trx-mesh-spzl-hi-res-blue-shock-yellow","adidas TRX Mesh SPZL Hi-Res Blue Shock Yellow | Resell","adidas TRX Mesh SPZL Hi-Res Blue Shock Yellow"
2026-07-03T10:09:41.519Z,gid://shopify/Product/14964032373122,"adidas-ultra-boost-10-core-black-wonder-quartz","adidas Ultra Boost 1.0 Core Black Wonder Quartz | Resell","adidas Ultra Boost 1.0 Core Black Wonder Quartz"
2026-07-03T10:09:41.859Z,gid://shopify/Product/14964032438658,"adidas-ultra-boost-10-dna-white-gum-camo-sole","adidas Ultra Boost 1.0 DNA White Gum Camo Sole | Resell","adidas Ultra Boost 1.0 DNA White Gum Camo Sole"
2026-07-03T10:09:42.132Z,gid://shopify/Product/14964033847682,"adidas-ultraboost-x-core-black-carbon-womens","adidas Ultraboost X Core Black Carbon (Women's) | Resell","adidas Ultraboost X Core Black Carbon (Women's)"
2026-07-03T10:09:42.427Z,gid://shopify/Product/14964033913218,"adidas-ultraboost-x-3d-knit-non-dyed-womens","adidas Ultraboost X 3D Knit Non Dyed (Women's) | Resell","adidas Ultraboost X 3D Knit Non Dyed (Women's)"
2026-07-03T10:09:42.761Z,gid://shopify/Product/14964034077058,"adidas-velosamba-end-social-cycling-team-coffee","adidas Velosamba END. Social Cycling Team Coffee | Resell","adidas Velosamba END. Social Cycling Team Coffee"
2026-07-03T10:09:43.150Z,gid://shopify/Product/14964034437506,"adidas-velosamba-end-social-cycling-crystal-white","adidas Velosamba END. Social Cycling Crystal White | Resell","adidas Velosamba END. Social Cycling Crystal White"
2026-07-03T10:09:43.447Z,gid://shopify/Product/14965067743618,"adidas-x-gucci-gazelle-beige-gg-monogram-womens","adidas x Gucci Gazelle Beige GG Monogram (Women's) | Resell","adidas x Gucci Gazelle Beige GG Monogram (Women's)"
2026-07-03T10:09:43.762Z,gid://shopify/Product/14965069939074,"adidas-x-gucci-gazelle-green-gg-monogram-womens","adidas x Gucci Gazelle Green GG Monogram (Women's) | Resell","adidas x Gucci Gazelle Green GG Monogram (Women's)"
2026-07-03T10:09:44.134Z,gid://shopify/Product/14965070791042,"adidas-x-gucci-gazelle-multicolor-w","adidas x Gucci Gazelle Multicolor (Women's) | Resell","adidas x Gucci Gazelle Multicolor (Women's)"
2026-07-03T10:09:44.476Z,gid://shopify/Product/14965071053186,"adidas-x-gucci-gazelle-pink-velvet-w","adidas x Gucci Gazelle Pink Velvet (Women's) | Resell","adidas x Gucci Gazelle Pink Velvet (Women's)"
2026-07-03T10:09:44.805Z,gid://shopify/Product/14965072036226,"adidas-x-gucci-gazelle-wedge-black-croc-womens","adidas x Gucci Gazelle Wedge Black Croc (Women's) | Resell","adidas x Gucci Gazelle Wedge Black Croc (Women's)"
2026-07-03T10:09:45.221Z,gid://shopify/Product/14965074100610,"adidas-x-gucci-gazelle-yellow-white-red-womens","adidas x Gucci Gazelle Yellow White Red (Women's) | Resell","adidas x Gucci Gazelle Yellow White Red (Women's)"
2026-07-03T10:09:45.515Z,gid://shopify/Product/14965074919810,"adidas-x-gucci-gg-platform-sandal-yellow","adidas x Gucci GG Platform Sandal Yellow Cotton | Resell","adidas x Gucci GG Platform Sandal Yellow Cotton"
2026-07-03T10:09:45.815Z,gid://shopify/Product/14965075181954,"adidas-x-gucci-gg-platform-sandal-yellow-w","adidas x Gucci GG Platform Sandal Yellow (Women's) | Resell","adidas x Gucci GG Platform Sandal Yellow (Women's)"
2026-07-03T10:09:46.126Z,gid://shopify/Product/14965079277954,"adidas-y-3-japan-home-authentic-jersey-blue","adidas Y-3 Japan Home Authentic Jersey Blue | Resell","adidas Y-3 Japan Home Authentic Jersey Blue"
2026-07-03T10:09:46.448Z,gid://shopify/Product/14965080031618,"adidas-yeezy-350-v2-cmpct-slate-onyx-kids","adidas Yeezy 350 V2 CMPCT Slate Onyx (Kids) | Resell","adidas Yeezy 350 V2 CMPCT Slate Onyx (Kids)"
2026-07-03T10:09:47.085Z,gid://shopify/Product/14966234612098,"adidas-yeezy-500-tactical-boot-utility-black","adidas Yeezy 500 High Tactical Boot Utility Black | Resell","adidas Yeezy 500 High Tactical Boot Utility Black"
2026-07-03T10:09:47.431Z,gid://shopify/Product/14967181967746,"adidas-yeezy-boost-350-v2-antlia","adidas Yeezy Boost 350 V2 Antlia (Non-Reflective) | Resell","adidas Yeezy Boost 350 V2 Antlia (Non-Reflective)"
2026-07-03T10:09:47.772Z,gid://shopify/Product/14967182066050,"adidas-yeezy-boost-350-v2-beluga-reflective","adidas Yeezy Boost 350 V2 Beluga Reflective | Resell","adidas Yeezy Boost 350 V2 Beluga Reflective"
2026-07-03T10:09:48.138Z,gid://shopify/Product/14967182164354,"adidas-yeezy-boost-350-v2-beluga-reflective-kids","adidas Yeezy Boost 350 V2 Beluga Reflective (Kids) | Resell","adidas Yeezy Boost 350 V2 Beluga Reflective (Kids)"
2026-07-03T10:09:48.460Z,gid://shopify/Product/14967182328194,"adidas-yeezy-boost-350-v2-black","adidas Yeezy Boost 350 V2 Black (Non-Reflective) | Resell","adidas Yeezy Boost 350 V2 Black (Non-Reflective)"
2026-07-03T10:09:48.877Z,gid://shopify/Product/14967182590338,"adidas-yeezy-boost-350-v2-citrin-reflective","adidas Yeezy Boost 350 V2 Citrin (Reflective) | Resell","adidas Yeezy Boost 350 V2 Citrin (Reflective)"
2026-07-03T10:09:49.186Z,gid://shopify/Product/14967182655874,"adidas-yeezy-boost-350-v2-cinder-reflective","adidas Yeezy Boost 350 V2 Cinder Reflective | Resell","adidas Yeezy Boost 350 V2 Cinder Reflective"
2026-07-03T10:09:49.486Z,gid://shopify/Product/14967182688642,"adidas-yeezy-boost-350-v2-citrin","adidas Yeezy Boost 350 V2 Citrin (Non-Reflective) | Resell","adidas Yeezy Boost 350 V2 Citrin (Non-Reflective)"
2026-07-03T10:09:49.819Z,gid://shopify/Product/14967182819714,"adidas-yeezy-boost-350-v2-cloud-white-reflective","adidas Yeezy Boost 350 V2 Cloud White (Reflective) | Resell","adidas Yeezy Boost 350 V2 Cloud White (Reflective)"
2026-07-03T10:09:50.137Z,gid://shopify/Product/14967182918018,"adidas-yeezy-boost-350-v2-core-black-copper","adidas Yeezy Boost 350 V2 Core Black Copper | Resell","adidas Yeezy Boost 350 V2 Core Black Copper"
2026-07-03T10:09:50.435Z,gid://shopify/Product/14967183049090,"adidas-yeezy-boost-350-v2-core-black-red-infants","adidas Yeezy Boost 350 V2 Core Black Red (Infants) | Resell","adidas Yeezy Boost 350 V2 Core Black Red (Infants)"
2026-07-03T10:09:50.824Z,gid://shopify/Product/14967183212930,"adidas-yeezy-boost-350-v2-cream-white-i","adidas Yeezy Boost 350 V2 Cream White (Infants) | Resell","adidas Yeezy Boost 350 V2 Cream White (Infants)"
2026-07-03T10:09:51.336Z,gid://shopify/Product/14967183245698,"adidas-yeezy-boost-350-v2-dazzling-blue-infants","adidas Yeezy Boost 350 V2 Dazzling Blue (Infants) | Resell","adidas Yeezy Boost 350 V2 Dazzling Blue (Infants)"
2026-07-03T10:09:51.676Z,gid://shopify/Product/14967183278466,"adidas-yeezy-boost-350-v2-core-black-red-kids","adidas Yeezy Boost 350 V2 Core Black Red (Kids) | Resell","adidas Yeezy Boost 350 V2 Core Black Red (Kids)"
2026-07-03T10:09:52.053Z,gid://shopify/Product/14967183344002,"adidas-yeezy-boost-350-v2-dazzling-blue-kids","adidas Yeezy Boost 350 V2 Dazzling Blue (Kids) | Resell","adidas Yeezy Boost 350 V2 Dazzling Blue (Kids)"
2026-07-03T10:09:52.394Z,gid://shopify/Product/14967183573378,"adidas-yeezy-boost-350-v2-granite-infants","adidas Yeezy Boost 350 V2 Granite (Infants) | Resell","adidas Yeezy Boost 350 V2 Granite (Infants)"
2026-07-03T10:09:52.850Z,gid://shopify/Product/14967684301186,"adidas-yeezy-boost-350-v2-semi-frozen-yellow","adidas Yeezy Boost 350 V2 Semi Frozen Yellow | Resell","adidas Yeezy Boost 350 V2 Semi Frozen Yellow"
2026-07-03T10:09:53.147Z,gid://shopify/Product/14967684465026,"adidas-yeezy-boost-350-v2-static-reflective","adidas Yeezy Boost 350 V2 Static Reflective | Resell","adidas Yeezy Boost 350 V2 Static Reflective"
2026-07-03T10:09:53.481Z,gid://shopify/Product/14967684497794,"adidas-yeezy-boost-350-v2-synth","adidas Yeezy Boost 350 V2 Synth (Non-Reflective) | Resell","adidas Yeezy Boost 350 V2 Synth (Non-Reflective)"
2026-07-03T10:09:53.813Z,gid://shopify/Product/14967684596098,"adidas-yeezy-boost-350-v2-synth-reflective","adidas Yeezy Boost 350 V2 Synth (Reflective) | Resell","adidas Yeezy Boost 350 V2 Synth (Reflective)"
2026-07-03T10:09:54.202Z,gid://shopify/Product/14967684694402,"adidas-yeezy-boost-350-v2-yecheil","adidas Yeezy Boost 350 V2 Yecheil (Non-Reflective) | Resell","adidas Yeezy Boost 350 V2 Yecheil (Non-Reflective)"
2026-07-03T10:09:54.559Z,gid://shopify/Product/14967684727170,"adidas-yeezy-boost-350-v2-yecheil-reflective","adidas Yeezy Boost 350 V2 Yecheil (Reflective) | Resell","adidas Yeezy Boost 350 V2 Yecheil (Reflective)"
2026-07-03T10:09:54.953Z,gid://shopify/Product/14967684792706,"adidas-yeezy-boost-350-v2-yeshaya","adidas Yeezy Boost 350 V2 Yeshaya (Non-Reflective) | Resell","adidas Yeezy Boost 350 V2 Yeshaya (Non-Reflective)"
2026-07-03T10:09:55.249Z,gid://shopify/Product/14967684858242,"adidas-yeezy-boost-350-v2-yeezreel-reflective","adidas Yeezy Boost 350 V2 Yeezreel (Reflective) | Resell","adidas Yeezy Boost 350 V2 Yeezreel (Reflective)"
2026-07-03T10:09:55.839Z,gid://shopify/Product/14967792959874,"adidas-yeezy-boost-700-wave-runner-solid-grey-infants","adidas Yeezy Boost 700 Wave Runner (Infants) | Resell","adidas Yeezy Boost 700 Wave Runner (Infants)"
2026-07-03T10:09:56.255Z,gid://shopify/Product/14967793779074,"adidas-yeezy-boost-750-light-grey-glow-in-the-dark","adidas Yeezy Boost 750 Light Grey Glow In the Dark | Resell","adidas Yeezy Boost 750 Light Grey Glow In the Dark"
2026-07-03T10:09:56.605Z,gid://shopify/Product/14967795941762,"adidas-yeezy-foam-rnnr-stone-sage-infants","adidas Yeezy Foam RNNR Stone Sage (Infants) | Resell","adidas Yeezy Foam RNNR Stone Sage (Infants)"
2026-07-03T10:09:56.921Z,gid://shopify/Product/14967795974530,"adidas-yeezy-foam-rnnr-vermillion-infants","adidas Yeezy Foam RNNR Vermillion (Infants) | Resell","adidas Yeezy Foam RNNR Vermillion (Infants)"
2026-07-03T10:09:57.252Z,gid://shopify/Product/14967796269442,"adidas-yeezy-foam-rnr-desert-sand-infants","adidas Yeezy Foam RNR Desert Sand (Infants) | Resell","adidas Yeezy Foam RNR Desert Sand (Infants)"
2026-07-03T10:09:57.574Z,gid://shopify/Product/14967797055874,"adidas-yeezy-powerphase-calabasas-core-black","adidas Yeezy Powerphase Calabasas Core Black | Resell","adidas Yeezy Powerphase Calabasas Core Black"
2026-07-03T10:09:57.879Z,gid://shopify/Product/14968123457922,"adidas-yeezy-powerphase-calabasas-core-white","adidas Yeezy Powerphase Calabasas Core White | Resell","adidas Yeezy Powerphase Calabasas Core White"
2026-07-03T10:09:58.172Z,gid://shopify/Product/14968124178818,"adidas-yeezy-slide-glow-green-2022-infants","adidas Yeezy Slide Glow Green (2022) (Infants) | Resell","adidas Yeezy Slide Glow Green (2022) (Infants)"
2026-07-03T10:09:58.457Z,gid://shopify/Product/14968124342658,"adidas-yeezy-slide-enflame-orange-infants","adidas Yeezy Slide Enflame Orange (Infants) | Resell","adidas Yeezy Slide Enflame Orange (Infants)"
2026-07-03T10:09:58.731Z,gid://shopify/Product/14968124473730,"adidas-yeezy-slide-glow-green-2022","adidas Yeezy Slide Glow Green (2022/2023 Restock) | Resell","adidas Yeezy Slide Glow Green (2022/2023 Restock)"
2026-07-03T10:09:59.147Z,gid://shopify/Product/14968124801410,"adidas-yeezy-slide-pure-restock-pair-infants","adidas Yeezy Slide Pure (Restock Pair) (Infants) | Resell","adidas Yeezy Slide Pure (Restock Pair) (Infants)"
2026-07-03T10:09:59.673Z,gid://shopify/Product/14968124899714,"adidas-yeezy-slide-pure-restock-pair-kids","adidas Yeezy Slide Pure (Restock Pair) (Kids) | Resell","adidas Yeezy Slide Pure (Restock Pair) (Kids)"
2026-07-03T10:09:59.960Z,gid://shopify/Product/14968125555074,"adidas-zx-452-spezial-clear-grey-haze-coral","adidas ZX 452 Spezial Clear Grey Haze Coral | Resell","adidas ZX 452 Spezial Clear Grey Haze Coral"
2026-07-03T10:10:00.315Z,gid://shopify/Product/14968125751682,"aime-leon-dore-team-leon-performance-jersey-white","Aime Leon Dore Team Leon Performance Jersey White | Resell","Aime Leon Dore Team Leon Performance Jersey White"
2026-07-03T10:10:00.621Z,gid://shopify/Product/14969511346562,"aime-leon-dore-team-leon-performance-jersey-black","Aime Leon Dore Team Leon Performance Jersey Black | Resell","Aime Leon Dore Team Leon Performance Jersey Black"
2026-07-03T10:10:00.961Z,gid://shopify/Product/14969522585986,"air-air-jordan-1-mid-se-purple-velvet-w","Air Jordan 1 Mid SE Purple Velvet (Women's) | Resell","Air Jordan 1 Mid SE Purple Velvet (Women's)"
2026-07-03T10:10:01.295Z,gid://shopify/Product/14969522848130,"air-air-jordan-mid-triple-white-2022-w","Air Jordan Mid Triple White (2022) (Women's) | Resell","Air Jordan Mid Triple White (2022) (Women's)"
2026-07-03T10:10:01.651Z,gid://shopify/Product/14969524683138,"air-jordan-1-elevate-high-college-grey-womens","Jordan 1 Elevate High College Grey (Women's) | Resell","Jordan 1 Elevate High College Grey (Women's)"
2026-07-03T10:10:01.985Z,gid://shopify/Product/14969525141890,"air-jordan-1-crib-bootie-lost-and-found-i","Jordan 1 Crib Bootie Chicago Lost and Found (I) | Resell","Jordan 1 Crib Bootie Chicago Lost and Found (I)"
2026-07-03T10:10:02.404Z,gid://shopify/Product/14969526288770,"air-jordan-1-elevate-high-celestial-gold-womens","Jordan 1 Elevate High Celestial Gold (Women's) | Resell","Jordan 1 Elevate High Celestial Gold (Women's)"
2026-07-03T10:10:02.817Z,gid://shopify/Product/14969526714754,"air-jordan-1-elevate-high-beige-black-toe-w","Jordan 1 Elevate High Beige Black Toe (Women's) | Resell","Jordan 1 Elevate High Beige Black Toe (Women's)"
2026-07-03T10:10:03.215Z,gid://shopify/Product/14969527009666,"air-jordan-1-elevate-high-french-blue-womens","Jordan 1 Elevate High French Blue (Women's) | Resell","Jordan 1 Elevate High French Blue (Women's)"
2026-07-03T10:10:03.596Z,gid://shopify/Product/14969527665026,"air-jordan-1-elevate-high-red-stardust-womens","Jordan 1 Elevate High Red Stardust (Women's) | Resell","Jordan 1 Elevate High Red Stardust (Women's)"
2026-07-03T10:10:03.931Z,gid://shopify/Product/14969528058242,"air-jordan-1-elevate-high-hyper-royal-w","Jordan 1 Elevate High Hyper Royal (Women's) | Resell","Jordan 1 Elevate High Hyper Royal (Women's)"
2026-07-03T10:10:04.295Z,gid://shopify/Product/14969528484226,"air-jordan-1-elevate-high-se-black-gum-womens","Jordan 1 Elevate High SE Black Gum (Women's) | Resell","Jordan 1 Elevate High SE Black Gum (Women's)"
2026-07-03T10:10:04.720Z,gid://shopify/Product/14969529237890,"air-jordan-1-elevate-high-se-white-gum-womens","Jordan 1 Elevate High SE White Gum (Women's) | Resell","Jordan 1 Elevate High SE White Gum (Women's)"
2026-07-03T10:10:05.256Z,gid://shopify/Product/14969530646914,"air-jordan-1-elevate-low-neutral-grey-w","Jordan 1 Elevate Low Neutral Grey (Women's) | Resell","Jordan 1 Elevate Low Neutral Grey (Women's)"
2026-07-03T10:10:05.607Z,gid://shopify/Product/14969531367810,"air-jordan-1-elevate-high-black-atmosphere-womens","Jordan 1 Elevate High Black Atmosphere (Women's) | Resell","Jordan 1 Elevate High Black Atmosphere (Women's)"
2026-07-03T10:10:05.963Z,gid://shopify/Product/14969531662722,"air-jordan-1-elevate-high-lilac-black-toe-womens","Jordan 1 Elevate High Lilac Black Toe (Women's) | Resell","Jordan 1 Elevate High Lilac Black Toe (Women's)"
2026-07-03T10:10:06.290Z,gid://shopify/Product/14969531892098,"air-jordan-1-elevate-high-white-desert-w","Jordan 1 Elevate High White Desert (Women's) | Resell","Jordan 1 Elevate High White Desert (Women's)"
2026-07-03T10:10:06.598Z,gid://shopify/Product/14969533563266,"air-jordan-1-flyease-black-particle-grey-gym-red","Jordan 1 High FlyEase Black Particle Grey Gym Red | Resell","Jordan 1 High FlyEase Black Particle Grey Gym Red"
2026-07-03T10:10:07.010Z,gid://shopify/Product/14969533890946,"air-jordan-1-elevate-low-stealth-titanium-w","Jordan 1 Elevate Low Stealth Titanium (Women's) | Resell","Jordan 1 Elevate Low Stealth Titanium (Women's)"
2026-07-03T10:10:07.369Z,gid://shopify/Product/14969534185858,"air-jordan-1-elevate-low-se-multi-color-w","Jordan 1 Elevate Low SE Multi-Color (Women's) | Resell","Jordan 1 Elevate Low SE Multi-Color (Women's)"
2026-07-03T10:10:07.711Z,gid://shopify/Product/14969534448002,"air-jordan-1-flyease-black-gym-red-smoke-grey-gs","Jordan 1 High FlyEase Black Gym Red Smoke Grey () | Resell","Jordan 1 High FlyEase Black Gym Red Smoke Grey ()"
2026-07-03T10:10:08.059Z,gid://shopify/Product/14969534644610,"air-jordan-1-elevate-low-se-silver-toe-w","Jordan 1 Elevate Low SE Silver Toe (Women's) | Resell","Jordan 1 Elevate Low SE Silver Toe (Women's)"
2026-07-03T10:10:08.382Z,gid://shopify/Product/14969534972290,"jordan-1-elevate-low-triple-white-womens","Jordan 1 Elevate Low Triple White (Women's) | Resell","Jordan 1 Elevate Low Triple White (Women's)"
2026-07-03T10:10:08.719Z,gid://shopify/Product/14969535168898,"air-jordan-1-flyease-black-gym-red-smoke-grey","Jordan 1 High FlyEase Black Gym Red Smoke Grey | Resell","Jordan 1 High FlyEase Black Gym Red Smoke Grey"
2026-07-03T10:10:09.109Z,gid://shopify/Product/14973840818562,"air-jordan-1-high-brooklyn-sail-legend-pink-womens","Jordan 1 High Brooklyn Sail Legend Pink (Women's) | Resell","Jordan 1 High Brooklyn Sail Legend Pink (Women's)"
2026-07-03T10:10:09.536Z,gid://shopify/Product/14973841211778,"air-jordan-1-high-brooklyn-triple-white-womens","Jordan 1 High Brooklyn Triple White (Women's) | Resell","Jordan 1 High Brooklyn Triple White (Women's)"
2026-07-03T10:10:09.836Z,gid://shopify/Product/14973841703298,"air-jordan-1-high-method-of-make-anthracite-womens","Jordan 1 High Method of Make Anthracite (Women's) | Resell","Jordan 1 High Method of Make Anthracite (Women's)"
2026-07-03T10:10:10.173Z,gid://shopify/Product/14973841736066,"air-jordan-1-high-method-of-make-blue-tint-womens","Jordan 1 High Method of Make Blue Tint (Women's) | Resell","Jordan 1 High Method of Make Blue Tint (Women's)"
2026-07-03T10:10:10.511Z,gid://shopify/Product/14973841834370,"air-jordan-1-high-mm-royal-toe-womens","Jordan 1 High Method of Make Royal Toe (Women's) | Resell","Jordan 1 High Method of Make Royal Toe (Women's)"
2026-07-03T10:10:10.836Z,gid://shopify/Product/14973841998210,"air-jordan-1-high-method-of-make-pink-oxford-womens","Jordan 1 High Method Of Make Pink Oxford (Women's) | Resell","Jordan 1 High Method Of Make Pink Oxford (Women's)"
2026-07-03T10:10:11.405Z,gid://shopify/Product/14973842063746,"air-jordan-1-high-mm-sport-red-womens","Jordan 1 High Method of Make Sport Red (Women's) | Resell","Jordan 1 High Method of Make Sport Red (Women's)"
2026-07-03T10:10:11.734Z,gid://shopify/Product/15032882299266,"virgil-abloh-braun-off-white-alarm-clock-orange","Virgil Abloh Braun Off-White Alarm Clock Orange | Resell","Virgil Abloh Braun Off-White Alarm Clock Orange"
2026-07-03T10:10:12.059Z,gid://shopify/Product/15032883642754,"yeezy-calabasas-socks-3-pack-core-glacier-sand","Yeezy Calabasas Socks (3 Pack) Core/Glacier/Sand | Resell","Yeezy Calabasas Socks (3 Pack) Core/Glacier/Sand"
2026-07-03T10:10:12.373Z,gid://shopify/Product/15032883773826,"uniqlo-x-cpfm-spongebob-squarepants-plush-yellow","Uniqlo x CPFM Spongebob Squarepants Plush Yellow | Resell","Uniqlo x CPFM Spongebob Squarepants Plush Yellow"
2026-07-03T10:10:12.628Z,gid://shopify/Product/15032884461954,"versace-quilted-leather-medium-camera-bag-black","Versace Quilted Leather Medium Camera Bag Black | Resell","Versace Quilted Leather Medium Camera Bag Black"
2026-07-03T10:10:13.001Z,gid://shopify/Product/15032884855170,"yeezy-gap-dove-padded-heavy-fleece-tee-black","Yeezy Gap Dove Padded Heavy Fleece Tee Black | Resell","Yeezy Gap Dove Padded Heavy Fleece Tee Black"
2026-07-03T10:10:13.366Z,gid://shopify/Product/15032886034818,"ugg-tazz-love-25-slipper-tropical-pink-womens","UGG Tazz Love '25 Slipper Tropical Pink (Women's) | Resell","UGG Tazz Love '25 Slipper Tropical Pink (Women's)"
2026-07-03T10:10:13.908Z,gid://shopify/Product/15034271138178,"air-jordan-1-low-white-black-metallic-gold-swoosh","Jordan 1 Low White Black Metallic Gold Swoosh | Resell","Jordan 1 Low White Black Metallic Gold Swoosh"
2026-07-03T10:10:14.351Z,gid://shopify/Product/15035909636482,"adidas-yeezy-boost-350-v2-static","adidas Yeezy Boost 350 V2 Static (Non-Reflective) | Resell","adidas Yeezy Boost 350 V2 Static (Non-Reflective)"
2026-07-03T10:10:14.725Z,gid://shopify/Product/15035910062466,"air-jordan-1-high-zoom-air-cmft-2-dia-de-los-muertos","Jordan 1 High Zoom Air CMFT 2 Día De Muertos | Resell","Jordan 1 High Zoom Air CMFT 2 Día De Muertos"
2026-07-03T10:10:15.091Z,gid://shopify/Product/15035910488450,"air-jordan-1-high-zoom-air-cmft-black-chile-red","Jordan 1 High Zoom Air CMFT Black Chile Red | Resell","Jordan 1 High Zoom Air CMFT Black Chile Red"
2026-07-03T10:10:15.399Z,gid://shopify/Product/15035911635330,"air-jordan-1-low-anthracite-industrial-blue-womens","Jordan 1 Low Anthracite Industrial Blue (Women's) | Resell","Jordan 1 Low Anthracite Industrial Blue (Women's)"
2026-07-03T10:10:15.810Z,gid://shopify/Product/15035911897474,"adidas-yeezy-boost-700-mnvn-phosphor-infant","adidas Yeezy Boost 700 MNVN Phosphor (Infants) | Resell","adidas Yeezy Boost 700 MNVN Phosphor (Infants)"
2026-07-03T10:10:16.144Z,gid://shopify/Product/15036007842178,"nike-air-terra-forma-off-white-archaeo-brown","Nike Air Terra Forma Off-White Archaeo Brown | Resell","Nike Air Terra Forma Off-White Archaeo Brown"
2026-07-03T10:10:16.490Z,gid://shopify/Product/15036010824066,"adidas-samba-og-black-arctic-night-gum-womens","adidas Samba OG Black Arctic Night Gum (Women's) | Resell","adidas Samba OG Black Arctic Night Gum (Women's)"
2026-07-03T10:10:16.797Z,gid://shopify/Product/15036017181058,"adidas-handball-spezial-shadow-brown-alumina","adidas Handball Spezial Shadow Brown Alumina | Resell","adidas Handball Spezial Shadow Brown Alumina"
2026-07-03T10:10:17.139Z,gid://shopify/Product/15036017869186,"adidas-sl-72-og-night-indigo-solar-green-womens","adidas SL 72 OG Night Indigo Solar Green (Women's) | Resell","adidas SL 72 OG Night Indigo Solar Green (Women's)"
2026-07-03T10:10:17.499Z,gid://shopify/Product/15036018229634,"adidas-gazelle-indoor-off-white-preloved-yellow","adidas Gazelle Indoor Off White Preloved Yellow | Resell","adidas Gazelle Indoor Off White Preloved Yellow"
2026-07-03T10:10:17.831Z,gid://shopify/Product/15036025307522,"adidas-samba-lt-aurora-ink-cream-white-womens","adidas Samba LT Aurora Ink Cream White (Women's) | Resell","adidas Samba LT Aurora Ink Cream White (Women's)"
2026-07-03T10:10:18.175Z,gid://shopify/Product/15036025504130,"adidas-gazelle-wonder-white-green-gum-womens","adidas Gazelle Wonder White Green Gum (Women's) | Resell","adidas Gazelle Wonder White Green Gum (Women's)"
2026-07-03T10:10:18.548Z,gid://shopify/Product/15036043624834,"air-jordan-1-mid-distressed-smoke-grey-womens","Jordan 1 Mid Distressed Smoke Grey (Women's) | Resell","Jordan 1 Mid Distressed Smoke Grey (Women's)"
2026-07-03T10:10:18.889Z,gid://shopify/Product/15036046573954,"adidas-sl72-solar-red-ice-lavender-womens","adidas SL72 Solar Red Ice Lavender (Women's) | Resell","adidas SL72 Solar Red Ice Lavender (Women's)"
2026-07-03T10:10:19.426Z,gid://shopify/Product/15036048507266,"adidas-gazelle-bold-cream-night-indigo-womens","adidas Gazelle Bold Cream Night Indigo (Women's) | Resell","adidas Gazelle Bold Cream Night Indigo (Women's)"
2026-07-03T10:10:19.721Z,gid://shopify/Product/15036049260930,"adidas-samba-og-white-collegiate-green-gum-kids","adidas Samba OG White Collegiate Green Gum (Kids) | Resell","adidas Samba OG White Collegiate Green Gum (Kids)"
2026-07-03T10:10:20.119Z,gid://shopify/Product/15036049424770,"adidas-handball-spezial-legend-ink-green-spark","adidas Handball Spezial Legend Ink Green Spark | Resell","adidas Handball Spezial Legend Ink Green Spark"
2026-07-03T10:10:20.397Z,gid://shopify/Product/15036049621378,"adidas-campus-00s-semi-lucid-blue-cloud-white","adidas Campus 00s Semi Lucid Blue Cloud White | Resell","adidas Campus 00s Semi Lucid Blue Cloud White"
2026-07-03T10:10:20.720Z,gid://shopify/Product/15036050047362,"adidas-samba-og-cloud-white-core-black-gum-ps","adidas Samba OG Cloud White Core Black Gum (PS) | Resell","adidas Samba OG Cloud White Core Black Gum (PS)"
2026-07-03T10:10:21.047Z,gid://shopify/Product/15036050243970,"adidas-gazelle-indoor-kith-classics-white-green","adidas Gazelle Indoor Kith Classics White Green | Resell","adidas Gazelle Indoor Kith Classics White Green"
2026-07-03T10:10:21.347Z,gid://shopify/Product/15036050309506,"timberland-6-premium-boot-veneda-carter-silver","Timberland 6"" Premium Boot Veneda Carter Silver | Resell","Timberland 6"" Premium Boot Veneda Carter Silver"
2026-07-03T10:10:21.707Z,gid://shopify/Product/15036052930946,"adidas-samba-og-collegiate-green-gum-grey-toe","adidas Samba OG Collegiate Green Gum Grey Toe | Resell","adidas Samba OG Collegiate Green Gum Grey Toe"
2026-07-03T10:10:22.023Z,gid://shopify/Product/15038143463810,"adidas-handball-spezial-light-blue-cloud-white-gs","adidas Handball Spezial Light Blue Cloud White () | Resell","adidas Handball Spezial Light Blue Cloud White ()"
2026-07-03T10:10:22.350Z,gid://shopify/Product/15038144446850,"adidas-gazelle-purple-burst-solar-yellow-womens","adidas Gazelle Purple Burst Solar Yellow (Women's) | Resell","adidas Gazelle Purple Burst Solar Yellow (Women's)"
2026-07-03T10:10:22.741Z,gid://shopify/Product/15038144905602,"adidas-gazelle-bold-icey-pink-auburn-womens","adidas Gazelle Bold Icey Pink Auburn (Women's) | Resell","adidas Gazelle Bold Icey Pink Auburn (Women's)"
2026-07-03T10:10:23.110Z,gid://shopify/Product/15038144938370,"adidas-gazelle-indoor-legend-ink-preloved-ruby","adidas Gazelle Indoor Legend Ink Preloved Ruby | Resell","adidas Gazelle Indoor Legend Ink Preloved Ruby"
2026-07-03T10:10:23.420Z,gid://shopify/Product/15038145102210,"adidas-gazelle-beige-dark-blue-collegiate-burgundy","adidas Gazelle Beige Dark Blue Collegiate Burgundy | Resell","adidas Gazelle Beige Dark Blue Collegiate Burgundy"
2026-07-03T10:10:23.788Z,gid://shopify/Product/15038145692034,"adidas-handball-spezial-scarlet-night-indigo","adidas Handball Spezial Scarlet Night Indigo | Resell","adidas Handball Spezial Scarlet Night Indigo"
2026-07-03T10:10:24.086Z,gid://shopify/Product/15038146806146,"adidas-handball-spezial-aluminum-bright-blue","adidas Handball Spezial Aluminum Bright Blue | Resell","adidas Handball Spezial Aluminum Bright Blue"
2026-07-03T10:10:24.368Z,gid://shopify/Product/15038146871682,"adidas-handball-spezial-off-white-dark-brown","adidas Handball Spezial Off-White Dark Brown | Resell","adidas Handball Spezial Off-White Dark Brown"
2026-07-03T10:10:24.742Z,gid://shopify/Product/15038643863938,"adidas-sl-72-og-core-black-wonder-white-womens","adidas SL 72 OG Core Black Wonder White (Women's) | Resell","adidas SL 72 OG Core Black Wonder White (Women's)"
2026-07-03T10:10:25.057Z,gid://shopify/Product/15038644486530,"adidas-handball-spezial-grey-clear-mint-gum-gs","adidas Handball Spezial Grey Clear Mint Gum () | Resell","adidas Handball Spezial Grey Clear Mint Gum ()"
2026-07-03T10:10:25.363Z,gid://shopify/Product/15038644617602,"adidas-gazelle-comfort-closure-hello-kitty-td","adidas Gazelle Comfort Closure Hello Kitty (TD) | Resell","adidas Gazelle Comfort Closure Hello Kitty (TD)"
2026-07-03T10:10:25.702Z,gid://shopify/Product/15038645076354,"adidas-sl-72-rs-core-black-cloud-white-blue-gs","adidas SL 72 RS Core Black Cloud White Blue () | Resell","adidas SL 72 RS Core Black Cloud White Blue ()"
2026-07-03T10:10:26.014Z,gid://shopify/Product/15038645141890,"adidas-sl72-kseniaschnaider-denim-womens","adidas SL72 KseniaSchnaider Denim (Women's) | Resell","adidas SL72 KseniaSchnaider Denim (Women's)"
2026-07-03T10:10:26.413Z,gid://shopify/Product/15038645436802,"adidas-gazelle-bold-silver-green-gum-womens","adidas Gazelle Bold Silver Green Gum (Womens) | Resell","adidas Gazelle Bold Silver Green Gum (Womens)"
2026-07-03T10:10:26.748Z,gid://shopify/Product/15038645502338,"adidas-gazelle-bold-ivory-bold-gold-womens","adidas Gazelle Bold Ivory Bold Gold (Women's) | Resell","adidas Gazelle Bold Ivory Bold Gold (Women's)"
2026-07-03T10:10:27.062Z,gid://shopify/Product/15038645600642,"adidas-handball-spezial-clear-pink-wonder-blue-gum","adidas Handball Spezial Clear Pink Wonder Blue Gum | Resell","adidas Handball Spezial Clear Pink Wonder Blue Gum"
2026-07-03T10:10:27.454Z,gid://shopify/Product/15038645764482,"adidas-gazelle-indoor-semi-green-spark-womens","adidas Gazelle Indoor Semi Green Spark (Women's) | Resell","adidas Gazelle Indoor Semi Green Spark (Women's)"
2026-07-03T10:10:27.892Z,gid://shopify/Product/15038645993858,"adidas-solar-hu-pharrell-chinese-new-year-2019","adidas Solar Hu Pharrell Chinese New Year (2019) | Resell","adidas Solar Hu Pharrell Chinese New Year (2019)"
2026-07-03T10:10:28.358Z,gid://shopify/Product/15039069192578,"adidas-stan-smith-bape-30th-anniversary-white","adidas Stan Smith Bape 30th Anniversary White | Resell","adidas Stan Smith Bape 30th Anniversary White"
2026-07-03T10:10:28.901Z,gid://shopify/Product/15039069553026,"adidas-samba-og-ajax-bob-marley-3-little-birds","adidas Samba OG Ajax Bob Marley 3 Little Birds | Resell","adidas Samba OG Ajax Bob Marley 3 Little Birds"
2026-07-03T10:10:29.245Z,gid://shopify/Product/15039069618562,"adidas-samba-og-sns-shadow-green","adidas Samba OG Sneakersnstuff 25th Anniversary | Resell","adidas Samba OG Sneakersnstuff 25th Anniversary"
2026-07-03T10:10:29.574Z,gid://shopify/Product/15039069684098,"adidas-sl72-pink-fusion-green-spark-womens","adidas SL72 Pink Fusion Green Spark (Women's) | Resell","adidas SL72 Pink Fusion Green Spark (Women's)"
2026-07-03T10:10:29.893Z,gid://shopify/Product/15039069749634,"adidas-gazelle-off-white-cloud-white-w","adidas Gazelle Off White Cloud White (Women's) | Resell","adidas Gazelle Off White Cloud White (Women's)"
2026-07-03T10:10:30.231Z,gid://shopify/Product/15039069880706,"adidas-sl-72-og-caroline-hu-black-carbon-womens","adidas SL 72 OG Caroline Hu Black Carbon (Women's) | Resell","adidas SL 72 OG Caroline Hu Black Carbon (Women's)"
2026-07-03T10:10:30.606Z,gid://shopify/Product/15039069913474,"adidas-sl-72-off-white-almost-pink-womens","adidas SL 72 Off White Almost Pink (Women's) | Resell","adidas SL 72 Off White Almost Pink (Women's)"
2026-07-03T10:10:30.912Z,gid://shopify/Product/15039070208386,"adidas-gazelle-bold-collegiate-green-womens","adidas Gazelle Bold Collegiate Green (Women's) | Resell","adidas Gazelle Bold Collegiate Green (Women's)"
2026-07-03T10:10:31.322Z,gid://shopify/Product/15039070241154,"adidas-handball-spezial-sporty-and-rich-night-indigo","adidas Handball Spezial Sporty & Rich Night Indigo | Resell","adidas Handball Spezial Sporty & Rich Night Indigo"
2026-07-03T10:10:31.652Z,gid://shopify/Product/15039070470530,"adidas-sl-72-rtn-royal-blue-off-white-core-black","adidas SL 72 RTN Royal Blue Off White Core Black | Resell","adidas SL 72 RTN Royal Blue Off White Core Black"
2026-07-03T10:10:31.998Z,gid://shopify/Product/15039071093122,"adidas-handball-spezial-seed-paint-splater","adidas Handball Spezial S.E.E.D Paint Splater | Resell","adidas Handball Spezial S.E.E.D Paint Splater"
2026-07-03T10:10:32.353Z,gid://shopify/Product/15039071125890,"adidas-gazelle-valentines-day-2024-womens","adidas Gazelle Valentine's Day (2024) (Women's) | Resell","adidas Gazelle Valentine's Day (2024) (Women's)"
2026-07-03T10:10:32.804Z,gid://shopify/Product/15042132869506,"adidas-samba-og-kith-classics-white-orbit-grey","adidas Samba OG Kith Classics White Orbit Grey | Resell","adidas Samba OG Kith Classics White Orbit Grey"
2026-07-03T10:10:33.227Z,gid://shopify/Product/15042132967810,"adidas-samba-og-cloud-white-silver-green-gs","adidas Samba OG Cloud White Silver Green () | Resell","adidas Samba OG Cloud White Silver Green ()"
2026-07-03T10:10:33.627Z,gid://shopify/Product/15042133361026,"adidas-performance-4d-run-1-footwear-white","adidas Performance 4D Run 1.0 Footwear White | Resell","adidas Performance 4D Run 1.0 Footwear White"
2026-07-03T10:10:34.030Z,gid://shopify/Product/15042134147458,"adidas-handball-spezial-blue-better-scarlet","adidas Handball Spezial Blue Better Scarlet | Resell","adidas Handball Spezial Blue Better Scarlet"
2026-07-03T10:10:34.339Z,gid://shopify/Product/15042134802818,"adidas-nmd-r1-cloud-white-wonder-quartz-womens","adidas NMD R1 Cloud White Wonder Quartz (Women's) | Resell","adidas NMD R1 Cloud White Wonder Quartz (Women's)"
2026-07-03T10:10:34.659Z,gid://shopify/Product/15042134999426,"adidas-handball-spezial-size-exclusive-sand-gum","adidas Handball Spezial size? Exclusive Sand Gum | Resell","adidas Handball Spezial size? Exclusive Sand Gum"
2026-07-03T10:10:35.008Z,gid://shopify/Product/15042135032194,"adidas-campus-00s-core-black-cloud-white-womens","adidas Campus 00s Core Black Cloud White (Women's) | Resell","adidas Campus 00s Core Black Cloud White (Women's)"
2026-07-03T10:10:35.459Z,gid://shopify/Product/15042135458178,"adidas-gazelle-light-blue-off-white-cream-white","adidas Gazelle Light Blue Off White Cream White | Resell","adidas Gazelle Light Blue Off White Cream White"
2026-07-03T10:10:35.847Z,gid://shopify/Product/15042136277378,"adidas-sambae-clear-sky-bliss-lilac-womens","adidas Sambae Clear Sky Bliss Lilac (Women's) | Resell","adidas Sambae Clear Sky Bliss Lilac (Women's)"
2026-07-03T10:10:36.158Z,gid://shopify/Product/15042933522818,"adidas-gazelle-indoor-kith-classics-white-navy","adidas Gazelle Indoor Kith Classics White Navy | Resell","adidas Gazelle Indoor Kith Classics White Navy"
2026-07-03T10:10:36.488Z,gid://shopify/Product/15042933850498,"adidas-speedfactory-am4-am4cm-captain-marvel","adidas Speedfactory AM4 AM4CM Captain Marvel | Resell","adidas Speedfactory AM4 AM4CM Captain Marvel"
2026-07-03T10:10:36.901Z,gid://shopify/Product/15042934112642,"adidas-gazelle-size-exclusive-green-yellow","adidas Gazelle size? Exclusive Green Yellow | Resell","adidas Gazelle size? Exclusive Green Yellow"
2026-07-03T10:10:37.420Z,gid://shopify/Product/15042934309250,"adidas-sl-72-rs-cloud-white-core-black-spark-gs","adidas SL 72 RS Cloud White Core Black Spark () | Resell","adidas SL 72 RS Cloud White Core Black Spark ()"
2026-07-03T10:10:37.723Z,gid://shopify/Product/15042934800770,"adidas-samba-millennium-cloud-white-green-gum","adidas Samba Millennium Cloud White Green Gum | Resell","adidas Samba Millennium Cloud White Green Gum"
2026-07-03T10:10:38.029Z,gid://shopify/Product/15042935161218,"adidas-gazelle-liberty-london-floral-embroidery-gs","adidas Gazelle Liberty London Floral Embroidery () | Resell","adidas Gazelle Liberty London Floral Embroidery ()"
2026-07-03T10:10:38.468Z,gid://shopify/Product/15042935456130,"adidas-samba-og-cloud-white-collegiate-green","adidas Samba OG Cloud White Collegiate Green | Resell","adidas Samba OG Cloud White Collegiate Green"
2026-07-03T10:10:38.849Z,gid://shopify/Product/15042935816578,"adidas-samba-og-silver-dawn-aurora-black-womens","adidas Samba OG Silver Dawn Aurora Black (Women's) | Resell","adidas Samba OG Silver Dawn Aurora Black (Women's)"
2026-07-03T10:10:39.208Z,gid://shopify/Product/15042936013186,"adidas-sl-72-rs-collegiate-green-core-white","adidas SL 72 RS Collegiate Green Core White | Resell","adidas SL 72 RS Collegiate Green Core White"
2026-07-03T10:10:39.571Z,gid://shopify/Product/15042936078722,"adidas-samba-leather-cloud-white-lucid-blue","adidas Samba Leather Cloud White Lucid Blue | Resell","adidas Samba Leather Cloud White Lucid Blue"
2026-07-03T10:10:39.897Z,gid://shopify/Product/15042936471938,"adidas-handball-spezial-wonder-taupe-womens","adidas Handball Spezial Wonder Taupe (Women's) | Resell","adidas Handball Spezial Wonder Taupe (Women's)"
2026-07-03T10:10:40.612Z,gid://shopify/Product/15042942271874,"adidas-rasant-mid-shadow-brown-off-white-womens","adidas Rasant Mid Shadow Brown Off White (Women's) | Resell","adidas Rasant Mid Shadow Brown Off White (Women's)"
2026-07-03T10:10:40.865Z,gid://shopify/Product/15042951512450,"adidas-gazelle-indoor-sean-wotherspoon-hemp-green","adidas Gazelle Indoor Sean Wotherspoon Hemp Green | Resell","adidas Gazelle Indoor Sean Wotherspoon Hemp Green"
2026-07-03T10:10:41.140Z,gid://shopify/Product/15043123413378,"adidas-gazelle-stack-black-cream-white-womens","adidas Gazelle Stack Black Cream White (Women's) | Resell","adidas Gazelle Stack Black Cream White (Women's)"
2026-07-03T10:10:41.393Z,gid://shopify/Product/15043138290050,"adidas-samba-og-cloud-white-collegiate-red-gum-gs","adidas Samba OG Cloud White Collegiate Red Gum () | Resell","adidas Samba OG Cloud White Collegiate Red Gum ()"
2026-07-03T10:10:41.719Z,gid://shopify/Product/15046131188098,"adidas-samba-og-white-wonder-clay-gum-womens","adidas Samba OG White Wonder Clay Gum (Women's) | Resell","adidas Samba OG White Wonder Clay Gum (Women's)"
2026-07-03T10:10:42.139Z,gid://shopify/Product/15046131679618,"adidas-samba-xlg-core-black-cloud-white-gum-gs","adidas Samba XLG Core Black Cloud White Gum () | Resell","adidas Samba XLG Core Black Cloud White Gum ()"
2026-07-03T10:10:42.442Z,gid://shopify/Product/15046132171138,"adidas-samba-pharrell-humanrace-orbit-green","adidas Samba Pharrell Humanrace Orbit Green | Resell","adidas Samba Pharrell Humanrace Orbit Green"
2026-07-03T10:10:42.809Z,gid://shopify/Product/15046132236674,"adidas-gazelle-bold-aqua-off-white-cream-white","adidas Gazelle Bold Aqua Off White Cream White | Resell","adidas Gazelle Bold Aqua Off White Cream White"
2026-07-03T10:10:43.188Z,gid://shopify/Product/15046132269442,"adidas-gazelle-indoor-sand-strata-legend-ivy-gum","adidas Gazelle Indoor Sand Strata Legend Ivy Gum | Resell","adidas Gazelle Indoor Sand Strata Legend Ivy Gum"
2026-07-03T10:10:43.518Z,gid://shopify/Product/15046132334978,"adidas-samba-golf-cloud-white-collegiate-navy","adidas Samba Golf Cloud White Collegiate Navy | Resell","adidas Samba Golf Cloud White Collegiate Navy"
2026-07-03T10:10:43.839Z,gid://shopify/Product/15046132400514,"adidas-sl-72-rs-cloud-white-collegiate-green","adidas SL 72 RS Cloud White Collegiate Green | Resell","adidas SL 72 RS Cloud White Collegiate Green"
2026-07-03T10:10:44.229Z,gid://shopify/Product/15046132629890,"adidas-samba-og-team-victory-red-night-indigo","adidas Samba OG Team Victory Red Night Indigo | Resell","adidas Samba OG Team Victory Red Night Indigo"
2026-07-03T10:10:44.623Z,gid://shopify/Product/15046133023106,"adidas-gazelle-indoor-light-blue-floral-womens","adidas Gazelle Indoor Light Blue Floral (Women's) | Resell","adidas Gazelle Indoor Light Blue Floral (Women's)"
2026-07-03T10:10:44.955Z,gid://shopify/Product/15046133907842,"adidas-samba-og-silver-green-putty-mauve-womens","adidas Samba OG Silver Green Putty Mauve (Women's) | Resell","adidas Samba OG Silver Green Putty Mauve (Women's)"
2026-07-03T10:10:45.502Z,gid://shopify/Product/15046134268290,"adidas-ballerina-bad-bunny-off-white-black-gum","adidas Ballerina Bad Bunny Off White Black Gum | Resell","adidas Ballerina Bad Bunny Off White Black Gum"
2026-07-03T10:10:45.832Z,gid://shopify/Product/15046134399362,"adidas-samba-og-white-energy-ink-gum-womens","adidas Samba OG White Energy Ink Gum (Women's) | Resell","adidas Samba OG White Energy Ink Gum (Women's)"
2026-07-03T10:10:46.143Z,gid://shopify/Product/15046134497666,"adidas-samba-classic-black-white-dark-gum-gs","adidas Samba Classic Black White Dark Gum () | Resell","adidas Samba Classic Black White Dark Gum ()"
2026-07-03T10:10:46.471Z,gid://shopify/Product/15046134956418,"adidas-gazelle-indoor-sean-wotherspoon-mylo","adidas Gazelle Indoor Sean Wotherspoon Mylo | Resell","adidas Gazelle Indoor Sean Wotherspoon Mylo"
2026-07-03T10:10:46.932Z,gid://shopify/Product/15046135349634,"adidas-gazelle-grey-cloud-white-gold-metallic-gs","adidas Gazelle Grey Cloud White Gold Metallic () | Resell","adidas Gazelle Grey Cloud White Gold Metallic ()"
2026-07-03T10:10:47.451Z,gid://shopify/Product/15046135742850,"adidas-originals-x-minecraft-jacket-pulse-magenta","adidas Originals x Minecraft Jacket Pulse Magenta | Resell","adidas Originals x Minecraft Jacket Pulse Magenta"
2026-07-03T10:10:47.810Z,gid://shopify/Product/15046135939458,"adidas-gazelle-indoor-shadow-red-semi-spark-green","adidas Gazelle Indoor Shadow Red Semi Spark Green | Resell","adidas Gazelle Indoor Shadow Red Semi Spark Green"
2026-07-03T10:10:48.136Z,gid://shopify/Product/15046136103298,"adidas-sambae-core-black-metallic-gold-womens","adidas Sambae Core Black Metallic Gold (Women's) | Resell","adidas Sambae Core Black Metallic Gold (Women's)"
2026-07-03T10:10:48.486Z,gid://shopify/Product/15046137643394,"adidas-gazelle-indoor-cream-white-blue-orange","adidas Gazelle Indoor Cream White Blue Orange | Resell","adidas Gazelle Indoor Cream White Blue Orange"
2026-07-03T10:10:48.783Z,gid://shopify/Product/15046137676162,"adidas-handball-spezial-night-indigo-yellow","adidas Handball Spezial Night Indigo Yellow | Resell","adidas Handball Spezial Night Indigo Yellow"
2026-07-03T10:10:49.164Z,gid://shopify/Product/15046137741698,"adidas-handball-spezial-semi-flash-aqua","adidas Handball Spezial Semi Flash Aqua (Women's) | Resell","adidas Handball Spezial Semi Flash Aqua (Women's)"
2026-07-03T10:10:49.512Z,gid://shopify/Product/15046137840002,"adidas-samba-og-shadow-olive-preloved-green","adidas Samba OG Shadow Olive Preloved Green | Resell","adidas Samba OG Shadow Olive Preloved Green"
2026-07-03T10:10:49.810Z,gid://shopify/Product/15046137938306,"adidas-gazelle-indoor-hikari-shibata-night-indigo","adidas Gazelle Indoor Hikari Shibata Night Indigo | Resell","adidas Gazelle Indoor Hikari Shibata Night Indigo"
2026-07-03T10:10:50.139Z,gid://shopify/Product/15046960939394,"adidas-sambae-kseniaschnaider-black-womens","adidas Sambae KSENIASCHNAIDER Black (Women's) | Resell","adidas Sambae KSENIASCHNAIDER Black (Women's)"
2026-07-03T10:10:50.431Z,gid://shopify/Product/15046961037698,"adidas-gazelle-wonder-taupe-orchid","adidas Gazelle Wonder Taupe Orchid (Women's) | Resell","adidas Gazelle Wonder Taupe Orchid (Women's)"
2026-07-03T10:10:50.775Z,gid://shopify/Product/15046961168770,"adidas-gazelle-indoor-wonder-clay-womens","adidas Gazelle Indoor Wonder Clay (Women's) | Resell","adidas Gazelle Indoor Wonder Clay (Women's)"
2026-07-03T10:10:51.136Z,gid://shopify/Product/15046961267074,"adidas-gazelle-jude-bellingham-belligold-pack","adidas Gazelle Jude Bellingham Belligold Pack | Resell","adidas Gazelle Jude Bellingham Belligold Pack"
2026-07-03T10:10:51.449Z,gid://shopify/Product/15046961693058,"adidas-sambae-collegiate-green-gum-womens","adidas Sambae Collegiate Green Gum (Women's) | Resell","adidas Sambae Collegiate Green Gum (Women's)"
2026-07-03T10:10:51.775Z,gid://shopify/Product/15046961791362,"adidas-gazelle-85-green-white-gold-metallic","adidas Gazelle 85 Green White Gold Metallic | Resell","adidas Gazelle 85 Green White Gold Metallic"
2026-07-03T10:10:52.100Z,gid://shopify/Product/15046962119042,"adidas-handball-spezial-core-black-shadow-red","adidas Handball Spezial Core Black Shadow Red | Resell","adidas Handball Spezial Core Black Shadow Red"
2026-07-03T10:10:52.396Z,gid://shopify/Product/15046962184578,"adidas-samba-og-footlocker-50th-anniversary","adidas Samba OG Footlocker 50th Anniversary | Resell","adidas Samba OG Footlocker 50th Anniversary"
2026-07-03T10:10:52.732Z,gid://shopify/Product/15046962282882,"adidas-gazelle-preloved-red-off-white-cream-white","adidas Gazelle Preloved Red Off White Cream White | Resell","adidas Gazelle Preloved Red Off White Cream White"
2026-07-03T10:10:53.045Z,gid://shopify/Product/15046962348418,"adidas-gazelle-85-core-black-footwear-white","adidas Gazelle 85 Core Black Footwear White | Resell","adidas Gazelle 85 Core Black Footwear White"
2026-07-03T10:10:53.353Z,gid://shopify/Product/15046962381186,"adidas-gazelle-gucci-original-gg-beige-brown","adidas Gazelle Gucci Original GG Beige Brown | Resell","adidas Gazelle Gucci Original GG Beige Brown"
2026-07-03T10:10:53.677Z,gid://shopify/Product/15046962446722,"adidas-gazelle-indoor-bold-orange-w","adidas Gazelle Indoor Bold Orange (Women's) | Resell","adidas Gazelle Indoor Bold Orange (Women's)"
2026-07-03T10:10:54.106Z,gid://shopify/Product/15046963560834,"adidas-campus-00s-shadow-red-off-white-womens","adidas Campus 00s Shadow Red Off White (Women's) | Resell","adidas Campus 00s Shadow Red Off White (Women's)"
2026-07-03T10:10:54.577Z,gid://shopify/Product/15046963626370,"adidas-predator-elite-foldover-tongue-fg-moments","adidas Predator Elite Foldover Tongue FG Moments | Resell","adidas Predator Elite Foldover Tongue FG Moments"
2026-07-03T10:10:54.875Z,gid://shopify/Product/15046963691906,"adidas-samba-og-warm-clay-clear-orange-womens","adidas Samba OG Warm Clay Clear Orange (Women's) | Resell","adidas Samba OG Warm Clay Clear Orange (Women's)"
2026-07-03T10:10:55.295Z,gid://shopify/Product/15046963724674,"adidas-sl-72-og-sporty-rich-mint-rush-womens","adidas SL 72 OG Sporty & Rich Mint Rush (Women's) | Resell","adidas SL 72 OG Sporty & Rich Mint Rush (Women's)"
2026-07-03T10:10:55.851Z,gid://shopify/Product/15046963954050,"adidas-sambae-white-better-scarlet-gum-womens","adidas Sambae White Better Scarlet Gum (Women's) | Resell","adidas Sambae White Better Scarlet Gum (Women's)"
2026-07-03T10:10:56.143Z,gid://shopify/Product/15046964576642,"adidas-gazelle-indoor-light-blue-yellow-gum-womens","adidas Gazelle Indoor Light Blue Yellow Gum | Resell","adidas Gazelle Indoor Light Blue Yellow Gum"
2026-07-03T10:10:56.564Z,gid://shopify/Product/15046964609410,"adidas-gazelle-indoor-olympic-pack-better-scarlet","adidas Gazelle Indoor Olympic Pack Better Scarlet | Resell","adidas Gazelle Indoor Olympic Pack Better Scarlet"
2026-07-03T10:10:56.847Z,gid://shopify/Product/15046964707714,"adidas-samba-og-core-black-cloud-white-gum-ps","adidas Samba OG Core Black Cloud White Gum (PS) | Resell","adidas Samba OG Core Black Cloud White Gum (PS)"
2026-07-03T10:10:57.178Z,gid://shopify/Product/15046964740482,"adidas-samba-og-off-white-dark-brown-womens","adidas Samba OG Off White Dark Brown (Women's) | Resell","adidas Samba OG Off White Dark Brown (Women's)"
2026-07-03T10:10:57.539Z,gid://shopify/Product/15046964904322,"adidas-samba-og-black-white-collegiate-green","adidas Samba OG Black White Collegiate Green | Resell","adidas Samba OG Black White Collegiate Green"
2026-07-03T10:10:57.861Z,gid://shopify/Product/15046969393538,"adidas-forum-buckle-low-white","adidas Forum Buckle Low Bad Bunny Last Forum | Resell","adidas Forum Buckle Low Bad Bunny Last Forum"
2026-07-03T10:10:58.230Z,gid://shopify/Product/15047790756226,"adidas-sl-72-wales-bonner-collegiate-orange","adidas SL 72 Wales Bonner Collegiate Orange | Resell","adidas SL 72 Wales Bonner Collegiate Orange"
2026-07-03T10:10:58.611Z,gid://shopify/Product/15047824408962,"adidas-gazelle-indoor-preloved-blue-white-gum","adidas Gazelle Indoor Preloved Blue White Gum | Resell","adidas Gazelle Indoor Preloved Blue White Gum"
2026-07-03T10:10:58.985Z,gid://shopify/Product/15047864975746,"adidas-handball-spezial-better-scarlet-green","adidas Handball Spezial Better Scarlet Green | Resell","adidas Handball Spezial Better Scarlet Green"
2026-07-03T10:10:59.304Z,gid://shopify/Product/15047872971138,"adidas-sl72-bright-royal-pink-spark-womens","adidas SL72 Bright Royal Pink Spark (Women's) | Resell","adidas SL72 Bright Royal Pink Spark (Women's)"
2026-07-03T10:10:59.739Z,gid://shopify/Product/15047936541058,"adidas-handball-spezial-wonder-clay-almost-blue","adidas Handball Spezial Wonder Clay Almost Blue | Resell","adidas Handball Spezial Wonder Clay Almost Blue"
2026-07-03T10:11:00.047Z,gid://shopify/Product/15047971701122,"adidas-handball-spezial-cardboard-brown-desert","adidas Handball Spezial Cardboard Brown Desert | Resell","adidas Handball Spezial Cardboard Brown Desert"
2026-07-03T10:11:00.489Z,gid://shopify/Product/15047993393538,"adidas-samba-og-cloud-white-core-black-gum-td","adidas Samba OG Cloud White Core Black Gum (TD) | Resell","adidas Samba OG Cloud White Core Black Gum (TD)"
2026-07-03T10:11:00.847Z,gid://shopify/Product/15048027079042,"adidas-gazelle-indoor-emmi-off-white-dark-green","adidas Gazelle Indoor Emmi Off White Dark Green | Resell","adidas Gazelle Indoor Emmi Off White Dark Green"
2026-07-03T10:11:01.149Z,gid://shopify/Product/15048034091394,"adidas-samba-og-silver-green-legend-ivy-womens","adidas Samba OG Silver Green Legend Ivy (Women's) | Resell","adidas Samba OG Silver Green Legend Ivy (Women's)"
2026-07-03T10:11:01.537Z,gid://shopify/Product/15048081703298,"adidas-samba-og-cloud-white-core-black-womens","adidas Samba OG Cloud White Core Black (Women's) | Resell","adidas Samba OG Cloud White Core Black (Women's)"
2026-07-03T10:11:01.868Z,gid://shopify/Product/15048084881794,"adidas-sl-72-og-active-purple-solar-red-womens","adidas SL 72 OG Active Purple Solar Red (Women's) | Resell","adidas SL 72 OG Active Purple Solar Red (Women's)"
2026-07-03T10:11:02.240Z,gid://shopify/Product/15048089436546,"adidas-handball-spezial-shukyu-ewax-brown","adidas Handball Spezial Shukyu × Ewax Brown | Resell","adidas Handball Spezial Shukyu × Ewax Brown"
2026-07-03T10:11:02.654Z,gid://shopify/Product/15048191607170,"adidas-handball-spezial-collegiate-green-gum","adidas Handball Spezial Collegiate Green Gum | Resell","adidas Handball Spezial Collegiate Green Gum"
2026-07-03T10:11:02.953Z,gid://shopify/Product/15048191738242,"adidas-handball-spezial-black-icy-pink-womens","adidas Handball Spezial Black Icy Pink (Women's) | Resell","adidas Handball Spezial Black Icy Pink (Women's)"
2026-07-03T10:11:03.217Z,gid://shopify/Product/15048191803778,"adidas-samba-lafc-los-angeles-football-club","adidas Samba LAFC Los Angeles Football Club | Resell","adidas Samba LAFC Los Angeles Football Club"
2026-07-03T10:11:03.635Z,gid://shopify/Product/15048191869314,"adidas-handball-spezial-wm-core-black-silver-metallic","adidas Handball Spezial Core Black Silver Metallic | Resell","adidas Handball Spezial Core Black Silver Metallic"
2026-07-03T10:11:04.039Z,gid://shopify/Product/15048191902082,"adidas-handball-spezial-cloud-white-arctic-night","adidas Handball Spezial Cloud White Arctic Night | Resell","adidas Handball Spezial Cloud White Arctic Night"
2026-07-03T10:11:04.403Z,gid://shopify/Product/15048191967618,"adidas-handball-spezial-core-black-silver-metallic-1","adidas Handball Spezial Core Black Silver Metallic | Resell","adidas Handball Spezial Core Black Silver Metallic"
2026-07-03T10:11:04.784Z,gid://shopify/Product/15048192229762,"adidas-gazelle-bold-super-pop-pink-w","adidas Gazelle Bold Super Pop Pink (Women's) | Resell","adidas Gazelle Bold Super Pop Pink (Women's)"
2026-07-03T10:11:05.268Z,gid://shopify/Product/15048192328066,"adidas-samba-og-off-white-violet-tone-womens","adidas Samba OG Off White Violet Tone (Women's) | Resell","adidas Samba OG Off White Violet Tone (Women's)"
2026-07-03T10:11:05.622Z,gid://shopify/Product/15048192491906,"adidas-handball-spezial-lucid-blue-black-womens","adidas Handball Spezial Lucid Blue Black (Women's) | Resell","adidas Handball Spezial Lucid Blue Black (Women's)"
2026-07-03T10:11:06.153Z,gid://shopify/Product/15048193081730,"adidas-gazelle-75th-anniversary-pack-college-gold","adidas Gazelle 75th Anniversary Pack College Gold | Resell","adidas Gazelle 75th Anniversary Pack College Gold"
2026-07-03T10:11:06.434Z,gid://shopify/Product/15048193245570,"adidas-gazelle-bold-bold-blue-lucid-pink-womens","adidas Gazelle Bold Bold Blue Lucid Pink (Women's) | Resell","adidas Gazelle Bold Bold Blue Lucid Pink (Women's)"
2026-07-03T10:11:06.779Z,gid://shopify/Product/15048193278338,"adidas-gazelle-bold-wonder-white-clear-sky-kids","adidas Gazelle Bold Wonder White Clear Sky (Kids) | Resell","adidas Gazelle Bold Wonder White Clear Sky (Kids)"
2026-07-03T10:11:07.122Z,gid://shopify/Product/15048193409410,"adidas-gazelle-indoor-bright-blue-black-gum","adidas Gazelle Indoor Bright Blue Black Gum | Resell","adidas Gazelle Indoor Bright Blue Black Gum"
2026-07-03T10:11:07.513Z,gid://shopify/Product/15048193442178,"adidas-campus-80s-collegiate-navy-cloud-white","adidas Campus 80s Collegiate Navy Cloud White | Resell","adidas Campus 80s Collegiate Navy Cloud White"
2026-07-03T10:11:07.879Z,gid://shopify/Product/15056660857218,"air-jordan-1-mid-multi-color-2022-w","Jordan 1 Mid SE Multi Color (2022) (Women's) | Resell","Jordan 1 Mid SE Multi Color (2022) (Women's)"
2026-07-03T10:11:08.347Z,gid://shopify/Product/15056661512578,"air-jordan-1-mid-se-white-medium-grey-cool-grey-td","Jordan 1 Mid SE White Medium Grey Cool Grey (TD) | Resell","Jordan 1 Mid SE White Medium Grey Cool Grey (TD)"
2026-07-03T10:11:08.997Z,gid://shopify/Product/15059026149762,"air-jordan-1-mid-se-black-dark-beetroot-w","Jordan 1 Mid SE Black Dark Beetroot (Women's) | Resell","Jordan 1 Mid SE Black Dark Beetroot (Women's)"
2026-07-03T10:11:09.289Z,gid://shopify/Product/15069045064066,"nike-mercurial-vapor-16-elite-fg-mad-energy-pack","Nike Mercurial Vapor 16 Elite FG Mad Energy Pack | Resell","Nike Mercurial Vapor 16 Elite FG Mad Energy Pack"
2026-07-03T10:11:09.554Z,gid://shopify/Product/15069045096834,"nike-mercurial-vapor-16-elite-fg-black-deep-jungle","Nike Mercurial Vapor 16 Elite FG Black Deep Jungle | Resell","Nike Mercurial Vapor 16 Elite FG Black Deep Jungle"
2026-07-03T10:11:09.925Z,gid://shopify/Product/15069806625154,"nike-zoom-mercurial-vapor-16-elite-fg-united-pack","Nike Zoom Mercurial Vapor 16 Elite FG United Pack | Resell","Nike Zoom Mercurial Vapor 16 Elite FG United Pack"
2026-07-03T10:11:10.276Z,gid://shopify/Product/15069806788994,"nike-mercurial-vapor-16-elite-ag-scary-good-pack","Nike Mercurial Vapor 16 Elite AG Scary Good Pack | Resell","Nike Mercurial Vapor 16 Elite AG Scary Good Pack"
2026-07-03T10:11:10.688Z,gid://shopify/Product/15069806854530,"nike-mercurial-vapor-16-pro-fg-scary-good-pack","Nike Mercurial Vapor 16 Pro FG Scary Good Pack | Resell","Nike Mercurial Vapor 16 Pro FG Scary Good Pack"
2026-07-03T10:11:11.005Z,gid://shopify/Product/15069806985602,"nike-mercurial-vapor-16-elite-fg-mad-voltage-pack","Nike Mercurial Vapor 16 Elite FG Mad Voltage Pack | Resell","Nike Mercurial Vapor 16 Elite FG Mad Voltage Pack"
2026-07-03T10:11:11.336Z,gid://shopify/Product/15069807280514,"nike-mercurial-vapor-16-elite-ag-mad-energy-pack","Nike Mercurial Vapor 16 Elite AG Mad Energy Pack | Resell","Nike Mercurial Vapor 16 Elite AG Mad Energy Pack"
2026-07-03T10:11:11.700Z,gid://shopify/Product/15069807542658,"nike-mercurial-vapor-16-elite-fg-shadow-pack","Nike Mercurial Vapor 16 Elite FG Shadow Pack | Resell","Nike Mercurial Vapor 16 Elite FG Shadow Pack"
2026-07-03T10:11:12.033Z,gid://shopify/Product/15070238736770,"asics-gel-kayano-14-midnight-blue-pure-silver","ASICS Gel-Kayano 14 Midnight Blue Pure Silver Aqua | Resell","ASICS Gel-Kayano 14 Midnight Blue Pure Silver Aqua"
2026-07-03T10:11:12.438Z,gid://shopify/Product/15070238966146,"asics-gel-kayano-14-bright-lime-midnight-womens","ASICS Gel-Kayano 14 Bright Lime Midnight (Women's) | Resell","ASICS Gel-Kayano 14 Bright Lime Midnight (Women's)"
2026-07-03T10:11:12.974Z,gid://shopify/Product/15072483901826,"air-jordan-1-low-se-strawberry-milkshake-womens","Jordan 1 Low SE Strawberry Milkshake (Women's) | Resell","Jordan 1 Low SE Strawberry Milkshake (Women's)"
2026-07-03T10:11:13.350Z,gid://shopify/Product/15072796803458,"air-jordan-1-mid-se-fearless-maison-chateau-rouge","Jordan 1 Mid SE Fearless Maison Chateau Rouge | Resell","Jordan 1 Mid SE Fearless Maison Chateau Rouge"
2026-07-03T10:11:13.714Z,gid://shopify/Product/15072797950338,"air-jordan-1-mid-nike-hoops","Jordan 1 Mid Pregame Pack Mindfulness Luka Doncic | Resell","Jordan 1 Mid Pregame Pack Mindfulness Luka Doncic"
2026-07-03T10:11:14.120Z,gid://shopify/Product/15072799687042,"air-jordan-1-mid-se-brown-basalt-oatmeal-w","Jordan 1 Mid SE Brown Basalt Oatmeal (Women's) | Resell","Jordan 1 Mid SE Brown Basalt Oatmeal (Women's)"
2026-07-03T10:11:14.964Z,gid://shopify/Product/15072806207874,"air-jordan-1-mid-white-pure-platinum-pine-green","Jordan 1 Mid White Pure Platinum Pine Green | Resell","Jordan 1 Mid White Pure Platinum Pine Green"
2026-07-03T10:11:15.286Z,gid://shopify/Product/15072806961538,"air-jordan-1-mid-se-craft-inside-out-tech-grey-gs","Jordan 1 Mid SE Craft Inside Out Tech Grey () | Resell","Jordan 1 Mid SE Craft Inside Out Tech Grey ()"
2026-07-03T10:11:15.713Z,gid://shopify/Product/15072807125378,"air-jordan-1-mid-se-red-cracked-leather-womens","Jordan 1 Mid SE Red Cracked Leather (Women's) | Resell","Jordan 1 Mid SE Red Cracked Leather (Women's)"
2026-07-03T10:11:16.029Z,gid://shopify/Product/15072807256450,"air-jordan-1-mid-white-yellow-w","Jordan 1 Mid White University Gold (Women's) | Resell","Jordan 1 Mid White University Gold (Women's)"
2026-07-03T10:11:16.394Z,gid://shopify/Product/15072807682434,"air-jordan-1-mid-se-all-star-2021-gs","Jordan 1 Mid SE All-Star Carbon Fiber (2021) () | Resell","Jordan 1 Mid SE All-Star Carbon Fiber (2021) ()"
2026-07-03T10:11:16.741Z,gid://shopify/Product/15072808796546,"air-jordan-1-mid-se-white-pine-green-smoke-grey-gs","Jordan 1 Mid SE White Pine Green Smoke Grey () | Resell","Jordan 1 Mid SE White Pine Green Smoke Grey ()"
2026-07-03T10:11:17.302Z,gid://shopify/Product/15072809517442,"air-jordan-1-mid-se-tiki-leaf-team-red-w","Jordan 1 Mid SE Tiki Leaf Team Red (Women's) | Resell","Jordan 1 Mid SE Tiki Leaf Team Red (Women's)"
2026-07-03T10:11:17.594Z,gid://shopify/Product/15072809550210,"air-jordan-1-mid-pastel-grind-gs","Jordan 1 Mid SE Pastel Vivid Green Grind () | Resell","Jordan 1 Mid SE Pastel Vivid Green Grind ()"
2026-07-03T10:11:17.946Z,gid://shopify/Product/15072810303874,"air-jordan-1-mid-se-black-metallic-reimagined-gs","Jordan 1 Mid SE Black Metallic Reimagined () | Resell","Jordan 1 Mid SE Black Metallic Reimagined ()"
2026-07-03T10:11:18.314Z,gid://shopify/Product/15072810762626,"air-jordan-1-mid-se-craft-white-cement-grey-black","Jordan 1 Mid SE Craft White Cement Grey Black | Resell","Jordan 1 Mid SE Craft White Cement Grey Black"
2026-07-03T10:11:18.669Z,gid://shopify/Product/15072810893698,"air-jordan-1-mid-se-coconut-milk-particle-grey-gs","Jordan 1 Mid SE Coconut Milk Particle Grey () | Resell","Jordan 1 Mid SE Coconut Milk Particle Grey ()"
2026-07-03T10:11:19.092Z,gid://shopify/Product/15072812302722,"air-jordan-1-mid-se-black-metallic-silver-womens","Jordan 1 Mid SE Black Metallic Silver (Women's) | Resell","Jordan 1 Mid SE Black Metallic Silver (Women's)"
2026-07-03T10:11:19.461Z,gid://shopify/Product/15072813154690,"air-jordan-1-mid-se-black-white-multi-color-w","Jordan 1 Mid SE Black White Multi-Color (Women's) | Resell","Jordan 1 Mid SE Black White Multi-Color (Women's)"
2026-07-03T10:11:20.004Z,gid://shopify/Product/15072816202114,"air-jordan-1-mid-se-fearless-melody-ehsani-w","Jordan 1 Mid SE Fearless Melody Ehsani (Women's) | Resell","Jordan 1 Mid SE Fearless Melody Ehsani (Women's)"
2026-07-03T10:11:20.411Z,gid://shopify/Product/15072816267650,"air-jordan-1-mid-se-sea-glass-oil-green-womens","Jordan 1 Mid SE Sea Glass Oil Green (Women's) | Resell","Jordan 1 Mid SE Sea Glass Oil Green (Women's)"
2026-07-03T10:11:20.736Z,gid://shopify/Product/15072816759170,"jordan-1-mid-se-craft-inside-out-white-grey","Jordan 1 Mid SE Craft Inside Out White Grey | Resell","Jordan 1 Mid SE Craft Inside Out White Grey"
2026-07-03T10:11:21.081Z,gid://shopify/Product/15072817054082,"air-jordan-1-mid-lucky-green-aquatone-womens","Jordan 1 Mid Lucky Green Aquatone (Women's) | Resell","Jordan 1 Mid Lucky Green Aquatone (Women's)"
2026-07-03T10:11:21.607Z,gid://shopify/Product/15072819184002,"air-jordan-1-mid-strawberries-and-cream-womens","Jordan 1 Mid Strawberries and Cream (Women's) | Resell","Jordan 1 Mid Strawberries and Cream (Women's)"
2026-07-03T10:11:21.983Z,gid://shopify/Product/15072819609986,"air-jordan-1-mid-se-legend-light-brown-womens","Jordan 1 Mid SE Legend Light Brown (Women's) | Resell","Jordan 1 Mid SE Legend Light Brown (Women's)"
2026-07-03T10:11:22.335Z,gid://shopify/Product/15072819937666,"air-jordan-1-mid-white-black-light-arctic-pink-gs","Jordan 1 Mid White Black Light Arctic Pink () | Resell","Jordan 1 Mid White Black Light Arctic Pink ()"
2026-07-03T10:11:22.662Z,gid://shopify/Product/15072820527490,"air-jordan-1-mid-se-craft-white-cement-grey-black-gs","Jordan 1 Mid SE Craft White Cement Grey Black () | Resell","Jordan 1 Mid SE Craft White Cement Grey Black ()"
2026-07-03T10:11:23.169Z,gid://shopify/Product/15074845426050,"adidas-taekwondo-mei-ballet-black-white-womens","adidas Taekwondo Mei Ballet Black White (Women's) | Resell","adidas Taekwondo Mei Ballet Black White (Women's)"
2026-07-03T10:11:23.558Z,gid://shopify/Product/15074845491586,"nike-air-max-1-swoosh-low-poly-big-head-origins","Nike Air Max 1 .SWOOSH Low Poly Big Head Origins | Resell","Nike Air Max 1 .SWOOSH Low Poly Big Head Origins"
2026-07-03T10:11:23.883Z,gid://shopify/Product/15074845720962,"timberland-6-premium-waterproof-boot-wheat","Timberland 6"" Premium Waterproof Boot Wheat | Resell","Timberland 6"" Premium Waterproof Boot Wheat"
2026-07-03T10:11:24.201Z,gid://shopify/Product/15074846114178,"denim-tears-the-cotton-wreath-sweatshirt-black","Denim Tears The Cotton Wreath Sweatshirt Black | Resell","Denim Tears The Cotton Wreath Sweatshirt Black"
2026-07-03T10:11:24.511Z,gid://shopify/Product/15074846146946,"puma-speedcat-ballet-black-mauve-mist-womens","Puma Speedcat Ballet Black Mauve Mist (Women's) | Resell","Puma Speedcat Ballet Black Mauve Mist (Women's)"
2026-07-03T10:11:24.918Z,gid://shopify/Product/15074846638466,"nike-jordan-jalen-hurts-love-hurts-hoodie-black","Nike Jordan Jalen Hurts Love Hurts Hoodie Black | Resell","Nike Jordan Jalen Hurts Love Hurts Hoodie Black"
2026-07-03T10:11:25.224Z,gid://shopify/Product/15074846802306,"supreme-last-supper-leather-belt-multicolor","Supreme Last Supper Leather Belt Multicolor | Resell","Supreme Last Supper Leather Belt Multicolor"
2026-07-03T10:11:25.531Z,gid://shopify/Product/15074847850882,"new-balance-990v6-miusa-action-bronson-untitled","New Balance 990v6 MiUSA Action Bronson Untitled | Resell","New Balance 990v6 MiUSA Action Bronson Untitled"
2026-07-03T10:11:25.842Z,gid://shopify/Product/15074848211330,"nike-air-max-1-87-white-canyon-pink-womens","Nike Air Max 1 '87 White Canyon Pink (Women's) | Resell","Nike Air Max 1 '87 White Canyon Pink (Women's)"
2026-07-03T10:11:26.209Z,gid://shopify/Product/15074848276866,"bape-x-adidas-shark-fleece-full-zip-hoodie-black","BAPE x adidas Shark Fleece Full Zip Hoodie Black | Resell","BAPE x adidas Shark Fleece Full Zip Hoodie Black"
2026-07-03T10:11:26.560Z,gid://shopify/Product/15075730325890,"nike-air-max-95-og-liverpool-fc","Nike Air Max 95 OG Big Bubble Liverpool F.C. | Resell","Nike Air Max 95 OG Big Bubble Liverpool F.C."
2026-07-03T10:11:26.921Z,gid://shopify/Product/15075730489730,"adidas-handball-spezial-lucid-pink-white-womens","adidas Handball Spezial Lucid Pink White (Women's) | Resell","adidas Handball Spezial Lucid Pink White (Women's)"
2026-07-03T10:11:27.227Z,gid://shopify/Product/15075730620802,"eric-emanuel-x-matty-boy-ee-shorts-black-blue","Eric Emanuel x Matty Boy EE Shorts Black/Blue | Resell","Eric Emanuel x Matty Boy EE Shorts Black/Blue"
2026-07-03T10:11:27.753Z,gid://shopify/Product/15075731243394,"supreme-box-logo-hooded-sweatshirt-fw24-black","Supreme Box Logo Hooded Sweatshirt (FW24) Black | Resell","Supreme Box Logo Hooded Sweatshirt (FW24) Black"
2026-07-03T10:11:28.073Z,gid://shopify/Product/15075731341698,"burberry-icon-stripe-trim-cotton-t-shirt-black","Burberry Icon Stripe Trim Cotton T-shirt Black | Resell","Burberry Icon Stripe Trim Cotton T-shirt Black"
2026-07-03T10:11:28.459Z,gid://shopify/Product/15075731767682,"birkenstock-boston-soft-footbed-suede-black","Birkenstock Boston Soft Footbed Suede Black | Resell","Birkenstock Boston Soft Footbed Suede Black"
2026-07-03T10:11:28.861Z,gid://shopify/Product/15075732095362,"bape-color-camo-shark-full-zip-hoodie-purple","BAPE Color Camo Shark Full Zip Hoodie Purple | Resell","BAPE Color Camo Shark Full Zip Hoodie Purple"
2026-07-03T10:11:29.169Z,gid://shopify/Product/15075732783490,"nike-air-max-1-essential-summit-white-armory-navy","Nike Air Max 1 Essential Summit White Armory Navy | Resell","Nike Air Max 1 Essential Summit White Armory Navy"
2026-07-03T10:11:29.909Z,gid://shopify/Product/15075732816258,"jordan-x-nigel-sylvester-bmx-jersey-cinnabar","Jordan x Nigel Sylvester Bmx Jersey Cinnabar | Resell","Jordan x Nigel Sylvester Bmx Jersey Cinnabar"
2026-07-03T10:11:30.433Z,gid://shopify/Product/15075732849026,"new-balance-998-miusa-stone-island-raso-gommato","New Balance 998 MiUSA Stone Island Raso Gommato | Resell","New Balance 998 MiUSA Stone Island Raso Gommato"
2026-07-03T10:11:30.901Z,gid://shopify/Product/15075733045634,"nike-x-nocta-fleece-cs-open-hem-sweatpant-black","Nike x NOCTA Fleece CS Open Hem Sweatpant Black | Resell","Nike x NOCTA Fleece CS Open Hem Sweatpant Black"
2026-07-03T10:11:31.199Z,gid://shopify/Product/15075733078402,"adidas-superstar-core-black-cloud-white-gold-gs","adidas Superstar Core Black Cloud White Gold () | Resell","adidas Superstar Core Black Cloud White Gold ()"
2026-07-03T10:11:31.529Z,gid://shopify/Product/15075733897602,"denim-tears-the-cotton-wreath-sweatpants-black","Denim Tears The Cotton Wreath Sweatpants Black | Resell","Denim Tears The Cotton Wreath Sweatpants Black"
2026-07-03T10:11:31.884Z,gid://shopify/Product/15076085694850,"yeezy-x-gap-unreleased-zip-sweatshirt-hoodie-black","Yeezy x Gap Unreleased Zip Sweatshirt Hoodie Black | Resell","Yeezy x Gap Unreleased Zip Sweatshirt Hoodie Black"
2026-07-03T10:11:32.202Z,gid://shopify/Product/15076085956994,"nike-air-max-1-86-og-big-bubble-royal-womens","Nike Air Max 1 '86 OG Big Bubble Royal (Women's) | Resell","Nike Air Max 1 '86 OG Big Bubble Royal (Women's)"
2026-07-03T10:11:32.515Z,gid://shopify/Product/15076086120834,"anti-social-social-club-cancelled-t-shirt-black","Anti Social Social Club Cancelled T-Shirt Black | Resell","Anti Social Social Club Cancelled T-Shirt Black"
2026-07-03T10:11:32.810Z,gid://shopify/Product/15076086284674,"nike-air-force-1-low-luxe-summit-white-light-bone","Nike Air Force 1 Low Luxe Summit White Light Bone | Resell","Nike Air Force 1 Low Luxe Summit White Light Bone"
2026-07-03T10:11:53.090Z,gid://shopify/Product/15334516031874,"swatch-audemars-piguet-royal-pop-collection-pocket-watch-green-eight","Audemars Piguet Royal Pop Collection Pocket Watch Green Eight | Resell","Audemars Piguet Royal Pop Collection Pocket Watch Green Eight"
2026-07-03T10:11:53.350Z,gid://shopify/Product/15334516162946,"swatch-audemars-piguet-royal-pop-collection-pocket-watch-otto-rosso","Audemars Piguet Royal Pop Collection Pocket Watch Otto Rosso | Resell ","Audemars Piguet Royal Pop Collection Pocket Watch Otto Rosso"
2026-07-03T10:11:53.703Z,gid://shopify/Product/15334516261250,"swatch-audemars-piguet-royal-pop-collection-watch-pocket-otg-roz","Audemars Piguet Royal Pop Collection Watch Pocket OTG Roz | Resell Lau","Audemars Piguet Royal Pop Collection Watch Pocket OTG Roz"
2026-07-03T10:11:54.016Z,gid://shopify/Product/15334516294018,"swatch-audemars-piguet-royal-pop-collection-watch-pocket-orenji-hachi","Audemars Piguet Royal Pop Collection Pocket Watch Orenji Hachi | Resel","Audemars Piguet Royal Pop Collection Pocket Watch Orenji Hachi"
2026-07-03T10:11:54.290Z,gid://shopify/Product/15334516523394,"swatch-audemars-piguet-royal-pop-collection-pocket-watch-blaue-acht","Audemars Piguet Royal Pop Collection Pocket Watch Blaue Acht | Resell ","Audemars Piguet Royal Pop Collection Pocket Watch Blaue Acht"
2026-07-03T10:11:54.658Z,gid://shopify/Product/15334516556162,"swatch-audemars-piguet-royal-pop-collection-pocket-watch-huit-blanc","Audemars Piguet Royal Pop Collection Pocket Watch Huit Blanc | Resell ","Audemars Piguet Royal Pop Collection Pocket Watch Huit Blanc"
2026-07-03T10:11:55.029Z,gid://shopify/Product/15334516588930,"swatch-audemars-piguet-royal-pop-collection-pocket-watch-ocho-negro","Audemars Piguet Royal Pop Collection Pocket Watch Ocho Negro | Resell ","Audemars Piguet Royal Pop Collection Pocket Watch Ocho Negro"
2026-07-03T10:11:55.302Z,gid://shopify/Product/15334516720002,"swatch-audemars-piguet-royal-pop-collection-pocket-watch-lan-ba","Audemars Piguet Royal Pop Collection Pocket Watch Làn Ba | Resell Laus","Audemars Piguet Royal Pop Collection Pocket Watch Làn Ba"
