timestamp,product_id,handle,title,chars
2026-07-16T14:10:32.796Z,gid://shopify/Product/14896791847298,"puma-speedcat-og-red-white-womens","Puma Speedcat OG Red White (Women's)",1060
2026-07-16T14:10:32.798Z,gid://shopify/Product/14901119811970,"air-jordan-4-retro-se-craft-medium-olive-gs","Jordan 4 Retro SE Craft Medium Olive (GS)",1060
2026-07-16T14:10:32.798Z,gid://shopify/Product/14901120106882,"air-jordan-4-retro-white-thunder-gs","Jordan 4 Retro White Thunder (GS)",1013
2026-07-16T14:10:32.799Z,gid://shopify/Product/14929948344706,"air-jordan-12-retro-blueberry","Jordan 12 Retro Blueberry",1128
2026-07-16T14:10:32.800Z,gid://shopify/Product/14929953390978,"air-jordan-3-retro-green-glow","Jordan 3 Retro Green Glow",1058
2026-07-16T14:10:32.902Z,gid://shopify/Product/14929954931074,"adidas-samba-og-cow-print-womens","adidas Samba OG Cow Print (Women's)",1092
2026-07-16T14:10:32.968Z,gid://shopify/Product/14929955881346,"gucci-web-slide-pink-rubber-w","Gucci Web Slide Pink Rubber (Women's)",963
2026-07-16T14:10:33.030Z,gid://shopify/Product/14936260673922,"crocs-classic-clog-a-bathing-ape-bape-abc-camo-green","Crocs Classic Clog A Bathing Ape ABC Camo Green",887
2026-07-16T14:10:33.030Z,gid://shopify/Product/14936264212866,"crocs-echo-clog-dragon-ball-z-vegeta","Crocs Echo Clog Dragon Ball Z Vegeta",873
2026-07-16T14:10:33.031Z,gid://shopify/Product/14936268177794,"nike-sb-dunk-low-pro-b-parachute-beige","Nike SB Dunk Low Pro B Parachute Beige",1177
2026-07-16T14:10:33.032Z,gid://shopify/Product/14936269554050,"nike-sb-dunk-low-pro-triple-white","Nike SB Dunk Low Pro Triple White",1163
2026-07-16T14:10:33.032Z,gid://shopify/Product/14936270504322,"nike-sb-dunk-low-university-red-gum","Nike SB Dunk Low University Red Gum",1223
2026-07-16T14:10:33.037Z,gid://shopify/Product/14936270799234,"nike-sb-dunk-high-pro-froskate-all-love","Nike SB Dunk High Pro froSkate All Love",1141
2026-07-16T14:10:33.041Z,gid://shopify/Product/14936271618434,"nike-sb-dunk-high-concepts-turdunken","Nike SB Dunk High Concepts Turdunken",1148
2026-07-16T14:10:33.041Z,gid://shopify/Product/14936272372098,"nike-sb-dunk-high-hawaii","Nike SB Dunk High Hawaii",1127
2026-07-16T14:10:33.042Z,gid://shopify/Product/14936273551746,"nike-sb-dunk-low-pro-iso-light-cognac","Nike SB Dunk Low Pro ISO Light Cognac",801
2026-07-16T14:10:33.043Z,gid://shopify/Product/14936274076034,"nike-sb-dunk-low-sean-cliver","Nike SB Dunk Low Sean Cliver",1121
2026-07-16T14:10:33.081Z,gid://shopify/Product/14936274633090,"nike-sb-dunk-low-laser-blue","Nike SB Dunk Low Laser Blue",794
2026-07-16T14:10:33.083Z,gid://shopify/Product/14936275091842,"nike-sb-dunk-low-pro-acg-terra-red-plum","Nike SB Dunk Low Pro ACG Terra Red Plum",1008
2026-07-16T14:10:33.083Z,gid://shopify/Product/14936275812738,"nike-sb-dunk-low-stingwater-magic-mushroom","Nike SB Dunk Low Stingwater Magic Mushroom",900
2026-07-16T14:10:33.085Z,gid://shopify/Product/14936276369794,"nike-sb-dunk-low-denim-sashiko","Nike SB Dunk Low Denim Sashiko",1272
2026-07-16T14:10:33.097Z,gid://shopify/Product/14936277123458,"nike-sb-dunk-low-the-powerpuff-girls-buttercup-ps","Nike SB Dunk Low The Powerpuff Girls Buttercup (PS)",1179
2026-07-16T14:10:33.097Z,gid://shopify/Product/14936277451138,"nike-sb-dunk-low-the-wizard-of-oz-poppy-field-td","Nike SB Dunk Low The Wizard of Oz Poppy Field (TD)",1115
2026-07-16T14:10:33.098Z,gid://shopify/Product/14936278040962,"nike-sb-dunk-low-pro-blue-fury","Nike SB Dunk Low Pro Blue Fury",927
2026-07-16T14:10:33.098Z,gid://shopify/Product/14936278630786,"nike-sb-dunk-low-pro-dark-russet","Nike SB Dunk Low Pro Dark Russet",939
2026-07-16T14:10:33.098Z,gid://shopify/Product/14936279384450,"nike-sb-dunk-low-the-powerpuff-girls-buttercup-td","Nike SB Dunk Low The Powerpuff Girls Buttercup (TD)",1212
2026-07-16T14:10:33.101Z,gid://shopify/Product/14936280203650,"nike-sb-dunk-high-oski-shark","Nike SB Dunk High Oski Shark",901
2026-07-16T14:10:33.101Z,gid://shopify/Product/14936280596866,"nike-sb-dunk-high-space-jam","Nike SB Dunk High Space Jam",1083
2026-07-16T14:10:33.105Z,gid://shopify/Product/14936281350530,"nike-sb-dunk-high-nba-cavs","Nike SB Dunk High NBA Cavs",757
2026-07-16T14:10:33.109Z,gid://shopify/Product/14936281973122,"nike-sb-dunk-high-sail-bright-crimson","Nike SB Dunk High Sail Bright Crimson",944
2026-07-16T14:10:33.109Z,gid://shopify/Product/14936282595714,"nike-sb-dunk-low-island-green-gum","Nike SB Dunk Low Island Green Gum",1007
2026-07-16T14:10:33.109Z,gid://shopify/Product/14936283251074,"nike-sb-dunk-low-black-washed-coral","Nike SB Dunk Low Black Washed Coral",1019
2026-07-16T14:10:33.109Z,gid://shopify/Product/14936283742594,"nike-sb-dunk-low-concepts-green-lobster-special-box","Nike SB Dunk Low Concepts Green Lobster (Special Box)",910
2026-07-16T14:10:33.110Z,gid://shopify/Product/14936284397954,"nike-sb-dunk-mid-orange-label","Nike SB Dunk Mid Orange Label",900
2026-07-16T14:10:33.110Z,gid://shopify/Product/14936285184386,"nike-sb-dunk-high-bred","Nike SB Dunk High Bred",782
2026-07-16T14:10:33.128Z,gid://shopify/Product/14936285512066,"nike-sb-dunk-low-murasaki-ride-life","Nike SB Dunk Low Murasaki Ride Life",890
2026-07-16T14:10:33.129Z,gid://shopify/Product/14936286232962,"nike-sb-dunk-low-dj-clark-kent-x-primitive-112","Nike SB Dunk Low DJ Clark Kent x Primitive 112",883
2026-07-16T14:10:33.131Z,gid://shopify/Product/14936287019394,"nike-sb-dunk-high-future-court-obsidian","Nike SB Dunk High Future Court Obsidian",1241
2026-07-16T14:10:33.131Z,gid://shopify/Product/14936287674754,"nike-sb-dunk-low-verdy-girls-dont-cry","Nike SB Dunk Low Verdy Girls Don't Cry",947
2026-07-16T14:10:33.132Z,gid://shopify/Product/14936288297346,"nike-sb-dunk-low-desert-sand-mahogany","Nike SB Dunk Low Desert Sand Mahogany",1352
2026-07-16T14:12:20.792Z,gid://shopify/Product/14936288919938,"nike-sb-dunk-high-mulder","Nike SB Dunk High Mulder",1196
2026-07-16T14:12:20.793Z,gid://shopify/Product/14936289968514,"nike-sb-dunk-high-soulland-fri-day-part-02","Nike SB Dunk High Soulland FRI.day Part 02",949
2026-07-16T14:12:20.793Z,gid://shopify/Product/14936291213698,"nike-sb-dunk-high-pro-desert-camo","Nike SB Dunk High Pro Desert Camo",1046
2026-07-16T14:12:20.793Z,gid://shopify/Product/14936291967362,"nike-sb-dunk-low-orange-label-black-white-gum-2019","Nike SB Dunk Low Orange Label Black White Gum (2019)",941
2026-07-16T14:12:20.793Z,gid://shopify/Product/14936292753794,"nike-sb-dunk-low-wheat-2017","Nike SB Dunk Low Wheat (2017)",747
2026-07-16T14:12:20.793Z,gid://shopify/Product/14936293769602,"nike-sb-dunk-high-cherry-blossom","Nike SB Dunk High Cherry Blossom",1009
2026-07-16T14:12:20.793Z,gid://shopify/Product/14936295440770,"nike-sb-dunk-high-strawberry-cough-special-box","Nike SB Dunk High Strawberry Cough (Special Box)",1218
2026-07-16T14:12:20.793Z,gid://shopify/Product/14936301502850,"nike-sb-dunk-low-nasty-boys","Nike SB Dunk Low Nasty Boys",1066
2026-07-16T14:12:20.793Z,gid://shopify/Product/14936303829378,"nike-dunk-low-sp-syracuse","Nike Dunk Low SP Syracuse",1014
2026-07-16T14:12:20.793Z,gid://shopify/Product/14936304812418,"nike-dunk-low-white-light-smoke-grey","Nike Dunk Low White Light Smoke Grey",1135
2026-07-16T14:12:20.793Z,gid://shopify/Product/14936305435010,"nike-dunk-low-cider","Nike Dunk Low Cider",675
2026-07-16T14:12:20.793Z,gid://shopify/Product/14936305729922,"nike-dunk-low-essential-paisley-pack-orange-womens","Nike Dunk Low Essential Paisley Pack Orange (Women's)",581
2026-07-16T14:12:20.793Z,gid://shopify/Product/14936306450818,"nike-dunk-high-1985-sp-orange-acid-wash","Nike Dunk High 1985 SP Orange Acid Wash",622
2026-07-16T14:12:20.793Z,gid://shopify/Product/14936306844034,"nike-dunk-low-green-glow-womens","Nike Dunk Low Green Glow (Women's)",1032
2026-07-16T14:12:20.793Z,gid://shopify/Product/14936307433858,"nike-sb-blazer-low-medicom-toy-2020","Nike SB Blazer Low Medicom Toy (2020)",998
2026-07-16T14:12:20.794Z,gid://shopify/Product/14936308023682,"nike-air-force-1-low-sp-undefeated-ballistic-dunk-vs-af1","Nike Air Force 1 Low SP Undefeated Ballistic Dunk vs. AF1",583
2026-07-16T14:12:20.794Z,gid://shopify/Product/14936308941186,"nike-dunk-low-prm-neutral-olive-womens","Nike Dunk Low PRM Neutral Olive (Women's)",1151
2026-07-16T14:12:20.794Z,gid://shopify/Product/14936312217986,"nike-dunk-low-unlock-your-space-womens","Nike Dunk Low Unlock Your Space (Women's)",1237
2026-07-16T14:12:20.794Z,gid://shopify/Product/14936312906114,"nike-dunk-low-retro-rattan-gorge-green","Nike Dunk Low Retro Rattan Gorge Green",1045
2026-07-16T14:12:20.794Z,gid://shopify/Product/14936315658626,"nike-dunk-low-denim-turquoise","Nike Dunk Low Denim Turquoise",1255
2026-07-16T14:12:20.794Z,gid://shopify/Product/14936316117378,"nike-sb-dunk-low-escargot","Nike SB Dunk Low Escargot",1364
2026-07-16T14:12:20.794Z,gid://shopify/Product/14936316772738,"nike-sb-dunk-low-pro-prm-seattle-supersonics","Nike SB Dunk Low Pro PRM Seattle Supersonics",1279
2026-07-16T14:12:20.794Z,gid://shopify/Product/14936317723010,"nike-dunk-low-qs-cojp-what-the-2024","Nike Dunk Low QS CO.JP What The (2024)",1248
2026-07-16T14:12:20.794Z,gid://shopify/Product/14936318968194,"nike-dunk-low-plum-2020","Nike Dunk Low Plum (2020/2024)",1002
2026-07-16T14:12:20.794Z,gid://shopify/Product/14936319754626,"nike-dunk-low-white-viotech","Nike Dunk Low White Viotech",1160
2026-07-16T14:12:20.794Z,gid://shopify/Product/14936320737666,"nike-dunk-low-se-light-carbon","Nike Dunk Low SE Light Carbon",1330
2026-07-16T14:12:20.794Z,gid://shopify/Product/14936321556866,"nike-dunk-low-next-nature-aster-pink-womens","Nike Dunk Low Next Nature Aster Pink (Women's)",1155
2026-07-16T14:12:20.794Z,gid://shopify/Product/14936322310530,"nike-dunk-low-lx-pink-foam-womens","Nike Dunk Low LX Pink Foam (Women's)",893
2026-07-16T14:12:20.794Z,gid://shopify/Product/14937356370306,"nike-zoom-vomero-5-photon-dust-metallic-silver-w","Nike Zoom Vomero 5 Photon Dust Metallic Silver (Women's)",1200
2026-07-16T14:12:20.794Z,gid://shopify/Product/14963344408962,"nike-air-rubber-dunk-off-white-university-gold-td","Nike Air Rubber Dunk Off-White University Gold (TD)",864
2026-07-16T14:12:20.794Z,gid://shopify/Product/14963345981826,"nike-dunk-low-off-white-lot-13","Nike Dunk Low Off-White Lot 13",1071
2026-07-16T14:12:20.794Z,gid://shopify/Product/14963346604418,"nike-dunk-low-off-white-lot-14","Nike Dunk Low Off-White Lot 14",1034
2026-07-16T14:12:20.795Z,gid://shopify/Product/14963347259778,"nike-dunk-low-black-white-metallic-gs","Nike Dunk Low Black White Metallic (GS)",995
2026-07-16T14:12:20.795Z,gid://shopify/Product/14963521323394,"asics-gel-nyc-cream-arctic-sky","ASICS Gel-NYC Cream Arctic Sky",1178
2026-07-16T14:12:20.795Z,gid://shopify/Product/14963522273666,"asics-gel-kayano-14-a-p-c-white-pure-silver","ASICS Gel-Kayano 14 A.P.C. White Pure Silver",1269
2026-07-16T14:12:20.795Z,gid://shopify/Product/14963523125634,"asics-gel-1130-white-aqua-gs","ASICS Gel-1130 White Aqua (GS)",1465
2026-07-16T14:12:20.795Z,gid://shopify/Product/14963523518850,"asics-superblast-2-black-white","ASICS Superblast 2 Black White",1281
2026-07-16T14:12:20.795Z,gid://shopify/Product/14963524075906,"asics-gel-nyc-cream-sweet-pink","ASICS Gel-NYC Cream Sweet Pink",1355
2026-07-16T14:12:20.795Z,gid://shopify/Product/14963524731266,"asics-gel-1130-white-maroon-banner","ASICS Gel-1130 White Maroon Banner",1447
2026-07-16T14:12:20.795Z,gid://shopify/Product/14963525058946,"asics-gel-kayano-14-juliana-salazar","ASICS Gel-Kayano 14 Juliana Salazar",1351
2026-07-16T14:14:05.242Z,gid://shopify/Product/14963525419394,"onitsuka-tiger-mexico-66-white-black","Onitsuka Tiger Mexico 66 White Black",1314
2026-07-16T14:14:05.242Z,gid://shopify/Product/14963526205826,"asics-gt-2160-white-black-silver","ASICS GT-2160 White Black Silver",1017
2026-07-16T14:14:05.242Z,gid://shopify/Product/14963526697346,"asics-gel-kayano-14-cream","ASICS Gel-Kayano 14 Imperfection Pack Cream",1556
2026-07-16T14:14:05.242Z,gid://shopify/Product/14963527254402,"asics-gel-1130-white-blue-silver-womens","ASICS Gel-1130 White Future Dusk (Women's)",1257
2026-07-16T14:14:05.242Z,gid://shopify/Product/14963527680386,"asics-gt-2160-jjjjound-inverted-blue","ASICS GT-2160 JJJJound Inverted Blue",1713
2026-07-16T14:14:05.242Z,gid://shopify/Product/14963528008066,"asics-gt-2160-above-the-clouds-black-gunmetal","ASICS GT-2160 Above the Clouds Black Gunmetal",1442
2026-07-16T14:14:05.243Z,gid://shopify/Product/14963529253250,"asics-gel-1130-white-mint-tint-womens","ASICS Gel-1130 White Mint Tint (Women's)",1552
2026-07-16T14:14:05.243Z,gid://shopify/Product/14963530432898,"asics-gel-kayano-14-sepia-pure-silver","ASICS Gel-Kayano 14 Sepia Pure Silver",1276
2026-07-16T14:14:05.243Z,gid://shopify/Product/14963530924418,"asics-ub8-s-gt-2160-brown-storm-sienna","ASICS UB8-S GT-2160 Brown Storm Sienna",1372
2026-07-16T14:14:05.243Z,gid://shopify/Product/14963531383170,"asics-gel-kayano-14-atmos-yakoutake","ASICS Gel-Kayano 14 atmos Yakoutake",856
2026-07-16T14:14:05.243Z,gid://shopify/Product/14963531841922,"asics-gel-kayano-legacy-pure-silver","ASICS Gel-Kayano Legacy Pure Silver",1480
2026-07-16T14:14:05.243Z,gid://shopify/Product/14963533414786,"onitsuka-tiger-tokuten-blue-fusion-gum","Onitsuka Tiger Tokuten Blue Fusion Gum",1280
2026-07-16T14:14:05.243Z,gid://shopify/Product/14963543900546,"asics-gel-1130-blue-pure-silver-gradient","ASICS Gel-1130 Blue Pure Silver Gradient",1104
2026-07-16T14:14:05.243Z,gid://shopify/Product/14963551601026,"asics-gt-2160-white-pure-silver","ASICS GT-2160 White Pure Silver",1349
2026-07-16T14:14:05.243Z,gid://shopify/Product/14963554058626,"asics-gel-venture-6-shield-hidden-ny","ASICS Gel-Venture 6 Shield Hidden NY",1813
2026-07-16T14:14:05.243Z,gid://shopify/Product/14963555565954,"asics-gel-nyc-black-clay-grey","ASICS Gel-NYC Black Clay Grey",1302
2026-07-16T14:14:05.243Z,gid://shopify/Product/14963557761410,"asics-gt-2160-black-pure-silver-bright-blue","ASICS GT-2160 Black Pure Silver Bright Blue",1636
2026-07-16T14:14:05.243Z,gid://shopify/Product/14963559498114,"asics-gel-nyc-harbor-blue-wood-crepe","ASICS Gel-NYC Harbor Blue Wood Crepe",1335
2026-07-16T14:14:05.243Z,gid://shopify/Product/14963560972674,"onitsuka-tiger-tokuten-glacier-grey-peacoat","Onitsuka Tiger Tokuten Glacier Grey Peacoat",1470
2026-07-16T14:14:05.243Z,gid://shopify/Product/14963561890178,"asics-gel-1130-white-jade-womens","ASICS Gel-1130 White Jade (Women's)",1010
2026-07-16T14:14:05.243Z,gid://shopify/Product/14963562414466,"asics-gt-2160-white-pure-silver-gold","ASICS GT-2160 White Pure Silver Gold",1258
2026-07-16T14:14:05.243Z,gid://shopify/Product/14963563495810,"asics-gt-2160-gallery-dept-complexcon","ASICS GT-2160 Gallery Dept. ComplexCon",1407
2026-07-16T14:14:05.243Z,gid://shopify/Product/14963565658498,"asics-gel-lyte-iii-remastered-ronnie-fieg-super-orange","ASICS Gel-Lyte III Remastered Ronnie Fieg Super Orange",1482
2026-07-16T14:14:05.243Z,gid://shopify/Product/14964031193474,"adidas-taekwondo-mei-ballet-silver-metallic-gum-womens","adidas Taekwondo Mei Ballet Silver Metallic Gum (Women's)",1413
2026-07-16T14:14:05.243Z,gid://shopify/Product/14964032733570,"adidas-ultra-boost-10-dna-black","adidas Ultra Boost 1.0 DNA Triple Black",1301
2026-07-16T14:14:05.243Z,gid://shopify/Product/14964034044290,"adidas-ultra-boost-undefeated-performance-running-grey","adidas Ultra Boost Undefeated Performance Running Grey",1343
2026-07-16T14:14:05.243Z,gid://shopify/Product/14965069087106,"adidas-x-gucci-gazelle-green","adidas x Gucci Gazelle Green",1329
2026-07-16T14:14:05.243Z,gid://shopify/Product/14965076853122,"adidas-xlg-runner-deluxe-off-white-gold-metallic-red","adidas XLG Runner Deluxe Off White Gold Metallic Red",1252
2026-07-16T14:14:05.243Z,gid://shopify/Product/14965079671170,"adidas-y-3-real-madrid-23-24-special-edition-trikot-authentic-jersey-dark-purple","adidas Y-3 Real Madrid 23/24 Special Edition Trikot Authentic Jersey Dark Purple",1431
2026-07-16T14:14:05.243Z,gid://shopify/Product/14966233072002,"adidas-yeezy-450-slide-cream","adidas Yeezy 450 Slide Cream",974
2026-07-16T14:14:05.243Z,gid://shopify/Product/14966233334146,"adidas-yeezy-450-stone-grey","adidas Yeezy 450 Stone Grey",1246
2026-07-16T14:14:05.243Z,gid://shopify/Product/14966233629058,"adidas-yeezy-500-clay-brown","adidas Yeezy 500 Clay Brown",864
2026-07-16T14:14:05.243Z,gid://shopify/Product/14966233891202,"adidas-yeezy-500-high-slate","adidas Yeezy 500 High Slate",971
2026-07-16T14:14:05.243Z,gid://shopify/Product/14966234186114,"adidas-yeezy-500-high-sumac","adidas Yeezy 500 High Sumac",658
2026-07-16T14:14:05.243Z,gid://shopify/Product/14966234677634,"adidas-yeezy-500-stone","adidas Yeezy 500 Stone",973
2026-07-16T14:14:05.244Z,gid://shopify/Product/14966235136386,"adidas-yeezy-boost-350-turtle-dove-2022","adidas Yeezy Boost 350 Turtledove (2022)",950
2026-07-16T14:14:05.244Z,gid://shopify/Product/14967181967746,"adidas-yeezy-boost-350-v2-antlia","adidas Yeezy Boost 350 V2 Antlia (Non-Reflective)",999
2026-07-16T14:14:05.244Z,gid://shopify/Product/14967182360962,"adidas-yeezy-boost-350-v2-bone-infants","adidas Yeezy Boost 350 V2 Bone (Infants)",1326
2026-07-16T14:14:05.244Z,gid://shopify/Product/14967182655874,"adidas-yeezy-boost-350-v2-cinder-reflective","adidas Yeezy Boost 350 V2 Cinder Reflective",923
2026-07-16T14:14:05.244Z,gid://shopify/Product/14967182983554,"adidas-yeezy-boost-350-v2-core-black-red","adidas Yeezy Boost 350 V2 Core Black Red",841
2026-07-16T14:15:31.522Z,gid://shopify/Product/14967183344002,"adidas-yeezy-boost-350-v2-dazzling-blue-kids","adidas Yeezy Boost 350 V2 Dazzling Blue (Kids)",846
2026-07-16T14:15:31.525Z,gid://shopify/Product/14967183737218,"adidas-yeezy-boost-350-v2-desert-sage","adidas Yeezy Boost 350 V2 Desert Sage",834
2026-07-16T14:15:31.526Z,gid://shopify/Product/14967684301186,"adidas-yeezy-boost-350-v2-semi-frozen-yellow","adidas Yeezy Boost 350 V2 Semi Frozen Yellow",786
2026-07-16T14:15:31.526Z,gid://shopify/Product/14967684497794,"adidas-yeezy-boost-350-v2-synth","adidas Yeezy Boost 350 V2 Synth (Non-Reflective)",734
2026-07-16T14:15:31.526Z,gid://shopify/Product/14967684727170,"adidas-yeezy-boost-350-v2-yecheil-reflective","adidas Yeezy Boost 350 V2 Yecheil (Reflective)",814
2026-07-16T14:15:31.526Z,gid://shopify/Product/14967685022082,"adidas-yeezy-boost-380-alien-blue","adidas Yeezy Boost 380 Alien Blue",738
2026-07-16T14:15:31.526Z,gid://shopify/Product/14967685218690,"adidas-yeezy-boost-380-calcite-glow","adidas Yeezy Boost 380 Calcite Glow",793
2026-07-16T14:15:31.526Z,gid://shopify/Product/14967685480834,"adidas-yeezy-boost-380-mist-reflective","adidas Yeezy Boost 380 Mist Reflective",737
2026-07-16T14:15:31.526Z,gid://shopify/Product/14967686136194,"adidas-yeezy-boost-700-v2-geode","adidas Yeezy Boost 700 V2 Geode",635
2026-07-16T14:15:31.526Z,gid://shopify/Product/14967793648002,"adidas-yeezy-boost-750-chocolate-light-brown-gum","adidas Yeezy Boost 750 Chocolate",719
2026-07-16T14:15:31.527Z,gid://shopify/Product/14967793844610,"adidas-yeezy-desert-boot-rock-kids","adidas Yeezy Desert Boot Rock (Kids)",726
2026-07-16T14:15:31.527Z,gid://shopify/Product/14967794958722,"adidas-yeezy-foam-rnnr-ararat","adidas Yeezy Foam RNNR Ararat",812
2026-07-16T14:15:31.527Z,gid://shopify/Product/14967795745154,"adidas-yeezy-foam-rnnr-mx-sand-grey-kids","adidas Yeezy Foam RNNR MX Sand Grey (Kids)",898
2026-07-16T14:15:31.527Z,gid://shopify/Product/14967795974530,"adidas-yeezy-foam-rnnr-vermillion-infants","adidas Yeezy Foam RNNR Vermillion (Infants)",850
2026-07-16T14:15:31.527Z,gid://shopify/Product/14967796203906,"adidas-yeezy-foam-rnnr-stone-sage","adidas Yeezy Foam RNNR Stone Sage",712
2026-07-16T14:15:31.527Z,gid://shopify/Product/14967796498818,"adidas-yeezy-foam-rnnr-vermillion-kids","adidas Yeezy Foam RNNR Vermillion (Kids)",789
2026-07-16T14:15:31.527Z,gid://shopify/Product/14967796695426,"adidas-yeezy-foam-rnr-stone-salt","adidas Yeezy Foam RNR Stone Salt",872
2026-07-16T14:15:31.527Z,gid://shopify/Product/14967796990338,"adidas-yeezy-knit-rnr-fade-onyx","adidas Yeezy Knit RNR Fade Onyx",750
2026-07-16T14:15:31.527Z,gid://shopify/Product/14968123523458,"adidas-yeezy-qntm-amber-tint","adidas Yeezy QNTM Amber Tint",717
2026-07-16T14:15:31.527Z,gid://shopify/Product/14968123720066,"adidas-yeezy-qntm-bsktbl-frozen-blue","adidas Yeezy QNTM BSKTBL Frozen Blue",877
2026-07-16T14:15:31.527Z,gid://shopify/Product/14968123949442,"adidas-yeezy-slide-bone-2022-infants","adidas Yeezy Slide Bone (2022) (Infants)",870
2026-07-16T14:15:31.527Z,gid://shopify/Product/14968124244354,"adidas-yeezy-slide-black-onyx","adidas Yeezy Slide Onyx",673
2026-07-16T14:15:31.527Z,gid://shopify/Product/14968124506498,"adidas-yeezy-slide-ochre","adidas Yeezy Slide Ochre",670
2026-07-16T14:15:31.527Z,gid://shopify/Product/14968124801410,"adidas-yeezy-slide-pure-restock-pair-infants","adidas Yeezy Slide Pure (Restock Pair) (Infants)",783
2026-07-16T14:15:31.527Z,gid://shopify/Product/14968125129090,"adidas-yeezy-slide-pure","adidas Yeezy Slide Pure (First Release)",680
2026-07-16T14:15:31.527Z,gid://shopify/Product/14968125522306,"adidas-yzy-qntm-ophani","adidas Yeezy QNTM Teal Blue",860
2026-07-16T14:15:31.528Z,gid://shopify/Product/14969517932930,"air-air-jordan-1-mid-neutral-grey","Air Jordan 1 Mid Neutral Grey",941
2026-07-16T14:15:31.528Z,gid://shopify/Product/14969521766786,"air-air-jordan-1-low-quilted-white-w","Air Jordan 1 Low Quilted White (Women's)",1001
2026-07-16T14:15:31.528Z,gid://shopify/Product/14969524027778,"air-air-jordan-1-mid-tartan-swoosh","Air Jordan 1 Mid Tartan Swoosh",1033
2026-07-16T14:15:31.528Z,gid://shopify/Product/14969530253698,"air-jordan-1-centre-court-light-bone","Jordan 1 Centre Court Light Bone",1069
2026-07-16T14:15:31.528Z,gid://shopify/Product/14969532645762,"air-jordan-1-elevate-high-titanium-w","Jordan 1 Elevate High Titanium (Women's)",982
2026-07-16T14:15:31.528Z,gid://shopify/Product/14969535168898,"air-jordan-1-flyease-black-gym-red-smoke-grey","Jordan 1 High FlyEase Black Gym Red Smoke Grey",979
2026-07-16T14:15:31.528Z,gid://shopify/Product/14973841539458,"air-jordan-1-high-flyease-white-cardinal-red","Jordan 1 High FlyEase White Cardinal Red",1006
2026-07-16T14:15:31.528Z,gid://shopify/Product/14973841899906,"air-jordan-1-high-golf-camo","Jordan 1 High Golf Camo",995
2026-07-16T14:15:31.528Z,gid://shopify/Product/14973842391426,"air-jordan-1-high-og-newstalgia-chenille-ps","Jordan 1 Retro High OG Varsity Red (PS)",1004
2026-07-16T14:15:31.528Z,gid://shopify/Product/14973842588034,"air-jordan-1-high-og-spider-man-across-the-spider-verse-td","Jordan 1 Retro High OG Spider-Man Across the Spider-Verse (TD)",1150
2026-07-16T14:15:31.528Z,gid://shopify/Product/14973842915714,"air-jordan-1-high-switch-light-smoke","Jordan 1 High Switch Light Smoke",1097
2026-07-16T14:15:31.528Z,gid://shopify/Product/15032882528642,"yeezy-bully-hd-01-hoodie-black","Yeezy Bully HD-01 Hoodie Black",605
2026-07-16T14:15:31.528Z,gid://shopify/Product/15032884789634,"ugg-tasman-slipper-palace-burnt-olive-camo","UGG Tasman Slipper Palace Burnt Olive Camo",863
2026-07-16T14:15:31.528Z,gid://shopify/Product/15032885772674,"yeezy-bouclette-socks-3-pack-color-two","Yeezy Bouclette Socks (3 Pack) Color Two",799
2026-07-16T14:17:10.273Z,gid://shopify/Product/15032887312770,"uniqlo-x-cpfm-spongebob-squarepants-ut-graphic-t-shirt-black","Uniqlo x CPFM Spongebob Squarepants UT Graphic T-Shirt Black",949
2026-07-16T14:17:10.275Z,gid://shopify/Product/15032887935362,"yeezy-gap-fleece-sweatpant-black","Yeezy Gap Fleece Sweatpant Black",806
2026-07-16T14:17:10.275Z,gid://shopify/Product/15034267697538,"air-jordan-1-low-black-white-w","Jordan 1 Low Black White (Women's)",1107
2026-07-16T14:17:10.275Z,gid://shopify/Product/15034272383362,"air-jordan-1-low-easter-pastel","Jordan 1 Low Easter Pastel",1022
2026-07-16T14:17:10.276Z,gid://shopify/Product/15035889877378,"air-jordan-1-mid-coconut-milk-w","Jordan 1 Mid Coconut Milk (Women's)",1055
2026-07-16T14:17:10.277Z,gid://shopify/Product/15035910488450,"air-jordan-1-high-zoom-air-cmft-black-chile-red","Jordan 1 High Zoom Air CMFT Black Chile Red",945
2026-07-16T14:17:10.278Z,gid://shopify/Product/15036012593538,"air-jordan-1-mid-turf-orange-gs","Jordan 1 Mid Turf Orange (GS)",982
2026-07-16T14:17:10.278Z,gid://shopify/Product/15036013347202,"air-jordan-6-rings-black-infrared","Jordan 6 Rings Black Infrared",1151
2026-07-16T14:17:10.278Z,gid://shopify/Product/15036014723458,"air-jordan-5-retro-off-white-sail-ps","Jordan 5 Retro Off-White Sail (PS)",1186
2026-07-16T14:17:10.278Z,gid://shopify/Product/15036018393474,"air-jordan-2-retro-lucky-green","Jordan 2 Retro Lucky Green",971
2026-07-16T14:17:10.279Z,gid://shopify/Product/15036024422786,"air-jordan-4-retro-military-black-ps","Jordan 4 Retro Military Black (PS)",1036
2026-07-16T14:17:10.279Z,gid://shopify/Product/15036025831810,"new-balance-860-v2-black-silver","New Balance 860v2 Black Silver",1277
2026-07-16T14:17:10.279Z,gid://shopify/Product/15036049817986,"puma-lamelo-ball-mb-02-oreo","Puma LaMelo Ball MB.02 Oreo",1001
2026-07-16T14:17:10.279Z,gid://shopify/Product/15036051521922,"jordan-countdown-pack-6-17","Jordan Countdown Pack 6/17",1156
2026-07-16T14:17:10.279Z,gid://shopify/Product/15038143463810,"adidas-handball-spezial-light-blue-cloud-white-gs","adidas Handball Spezial Light Blue Cloud White (GS)",896
2026-07-16T14:17:10.280Z,gid://shopify/Product/15038144938370,"adidas-gazelle-indoor-legend-ink-preloved-ruby","adidas Gazelle Indoor Legend Ink Preloved Ruby",928
2026-07-16T14:17:10.280Z,gid://shopify/Product/15038146806146,"adidas-handball-spezial-aluminum-bright-blue","adidas Handball Spezial Aluminum Bright Blue",1131
2026-07-16T14:17:10.280Z,gid://shopify/Product/15038643536258,"adidas-blackburn-spzl-collegiate-green","adidas Blackburn Spzl Collegiate Green",1042
2026-07-16T14:17:10.280Z,gid://shopify/Product/15038645764482,"adidas-gazelle-indoor-semi-green-spark-womens","adidas Gazelle Indoor Semi Green Spark (Women's)",1262
2026-07-16T14:17:10.280Z,gid://shopify/Product/15039069258114,"adidas-clarks-8th-street-samba-by-ronnie-fieg-kithmas-white-black","adidas Clarks 8th Street Samba by Ronnie Fieg Kithmas White Black",1372
2026-07-16T14:17:10.280Z,gid://shopify/Product/15039069553026,"adidas-samba-og-ajax-bob-marley-3-little-birds","adidas Samba OG Ajax Bob Marley 3 Little Birds",1076
2026-07-16T14:17:10.281Z,gid://shopify/Product/15039070404994,"adidas-gazelle-mexico","adidas Gazelle Mexico",1095
2026-07-16T14:17:10.281Z,gid://shopify/Product/15039071158658,"adidas-samba-wales-bonner-navy-croc","adidas Samba Wales Bonner Navy Croc",1073
2026-07-16T14:17:10.281Z,gid://shopify/Product/15042132967810,"adidas-samba-og-cloud-white-silver-green-gs","adidas Samba OG Cloud White Silver Green (GS)",972
2026-07-16T14:17:10.281Z,gid://shopify/Product/15042135032194,"adidas-campus-00s-core-black-cloud-white-womens","adidas Campus 00s Core Black Cloud White (Women's)",1300
2026-07-16T14:17:10.281Z,gid://shopify/Product/15042933686658,"adidas-samba-og-wonder-quartz-womens","adidas Samba OG Wonder Quartz (Women's)",1152
2026-07-16T14:17:10.281Z,gid://shopify/Product/15042935193986,"adidas-gazelle-indoor-beam-pink-womens","adidas Gazelle Indoor Beam Pink (Women's)",1168
2026-07-16T14:17:10.281Z,gid://shopify/Product/15042936078722,"adidas-samba-leather-cloud-white-lucid-blue","adidas Samba Leather Cloud White Lucid Blue",1110
2026-07-16T14:17:10.281Z,gid://shopify/Product/15042943287682,"adidas-gazelle-bliss-pink-dark-blue","adidas Gazelle Bliss Pink Dark Blue",1134
2026-07-16T14:17:10.281Z,gid://shopify/Product/15043123413378,"adidas-gazelle-stack-black-cream-white-womens","adidas Gazelle Stack Black Cream White (Women's)",1297
2026-07-16T14:17:10.282Z,gid://shopify/Product/15046132040066,"adidas-adifom-q-black-carbon","adidas adiFOM Q Black Carbon",925
2026-07-16T14:17:10.282Z,gid://shopify/Product/15046132957570,"adidas-samba-wales-bonner-ecrtin-brown","adidas Samba Wales Bonner Ecrtin Brown",1052
2026-07-16T14:17:10.282Z,gid://shopify/Product/15046134497666,"adidas-samba-classic-black-white-dark-gum-gs","adidas Samba Classic Black White Dark Gum (GS)",1028
2026-07-16T14:17:10.282Z,gid://shopify/Product/15046137840002,"adidas-samba-og-shadow-olive-preloved-green","adidas Samba OG Shadow Olive Preloved Green",1344
2026-07-16T14:17:10.282Z,gid://shopify/Product/15046961201538,"adidas-gazelle-indoor-sean-wotherspoon","adidas Gazelle Indoor Sean Wotherspoon",1363
2026-07-16T14:17:10.282Z,gid://shopify/Product/15046962053506,"adidas-handball-spezial-focus-blue-orange","adidas Handball Spezial Focus Blue Orange",970
2026-07-16T14:17:10.282Z,gid://shopify/Product/15046962446722,"adidas-gazelle-indoor-bold-orange-w","adidas Gazelle Indoor Bold Orange (Women's)",1227
2026-07-16T14:17:10.283Z,gid://shopify/Product/15046963954050,"adidas-sambae-white-better-scarlet-gum-womens","adidas Sambae White Better Scarlet Gum (Women's)",1190
2026-07-16T14:17:10.283Z,gid://shopify/Product/15046964969858,"adidas-samba-xlg-cardboard-magic-beige","adidas Samba XLG Cardboard Magic Beige",1212
2026-07-16T14:18:48.474Z,gid://shopify/Product/15047824408962,"adidas-gazelle-indoor-preloved-blue-white-gum","adidas Gazelle Indoor Preloved Blue White Gum",914
2026-07-16T14:18:48.475Z,gid://shopify/Product/15048057160066,"adidas-samba-og-maha-half-green","adidas Samba OG Maha Half Green",939
2026-07-16T14:18:48.476Z,gid://shopify/Product/15048191705474,"adidas-samba-og-notitle-green","adidas Samba OG notitle Green",952
2026-07-16T14:18:48.476Z,gid://shopify/Product/15048192229762,"adidas-gazelle-bold-super-pop-pink-w","adidas Gazelle Bold Super Pop Pink (Women's)",886
2026-07-16T14:18:48.476Z,gid://shopify/Product/15048193474946,"adidas-samba-jason-dill-white-black","adidas Samba Jason Dill White Black",964
2026-07-16T14:18:48.476Z,gid://shopify/Product/15056660398466,"air-jordan-1-retro-low-slip-black-toe-w","Jordan 1 Retro Low Slip Black Toe (Women's)",1031
2026-07-16T14:18:48.476Z,gid://shopify/Product/15056660693378,"air-jordan-1-mid-se-black-vivid-orange-gs","Jordan 1 Mid SE Black Vivid Orange (GS)",982
2026-07-16T14:18:48.476Z,gid://shopify/Product/15056661053826,"air-jordan-1-mid-triple-white-2023-gs","Jordan 1 Mid Triple White (2023) (GS)",1023
2026-07-16T14:18:48.476Z,gid://shopify/Product/15056661250434,"air-jordan-11-retro-low-year-of-the-snake","Jordan 11 Retro Low Year of the Snake",970
2026-07-16T14:18:48.476Z,gid://shopify/Product/15056661479810,"air-jordan-1-mid-purple-venom-ps","Jordan 1 Mid Purple Venom (PS)",975
2026-07-16T14:18:48.476Z,gid://shopify/Product/15056661741954,"air-jordan-1-retro-high-og-a-ma-maniere-td","Jordan 1 Retro High OG A Ma Maniére (TD)",1044
2026-07-16T14:18:48.476Z,gid://shopify/Product/15056661938562,"air-jordan-1-retro-high-og-stage-haze","Jordan 1 Retro High OG Bleached Coral",947
2026-07-16T14:18:48.476Z,gid://shopify/Product/15056662299010,"air-jordan-1-retro-low-og-unc","Jordan 1 Retro Low OG Black Dark Powder Blue",908
2026-07-16T14:18:48.476Z,gid://shopify/Product/15056662495618,"air-jordan-1-retro-high-aleali-may-shadow","Jordan 1 Retro High Aleali May Shadow",1108
2026-07-16T14:18:48.477Z,gid://shopify/Product/15056662987138,"air-jordan-11-retro-cool-grey-2021-gs","Jordan 11 Retro Cool Grey (2021) (GS)",934
2026-07-16T14:18:48.477Z,gid://shopify/Product/15056676487554,"air-jordan-1-mid-se-purple","Jordan 1 Mid SE Purple",988
2026-07-16T14:18:48.477Z,gid://shopify/Product/15059025789314,"air-jordan-1-retro-high-zip-white-university-red","Jordan 1 Retro High Zip White University Red",993
2026-07-16T14:18:48.477Z,gid://shopify/Product/15059025985922,"air-jordan-1-retro-high-og-university-blue-ps","Jordan 1 Retro High OG University Blue (PS)",1079
2026-07-16T14:18:48.477Z,gid://shopify/Product/15059026248066,"air-jordan-11-adapt-white","Jordan 11 Adapt White",937
2026-07-16T14:18:48.477Z,gid://shopify/Product/15059026444674,"air-jordan-11-retro-playoffs-2019-gs","Jordan 11 Retro Playoffs Bred (2019) (GS)",1048
2026-07-16T14:18:48.477Z,gid://shopify/Product/15059026739586,"air-jordan-11-retro-neapolitan-womens","Jordan 11 Retro Neapolitan (Women's)",889
2026-07-16T14:18:48.477Z,gid://shopify/Product/15059027165570,"air-jordan-1-retro-high-electro-orange","Jordan 1 Retro High Electro Orange",886
2026-07-16T14:18:48.477Z,gid://shopify/Product/15059027362178,"air-jordan-11-retro-playoffs-2019-ps","Jordan 11 Retro Playoffs Bred (2019) (PS)",993
2026-07-16T14:18:48.477Z,gid://shopify/Product/15059027624322,"jordan-1-retro-low-85-royal-1","Jordan 1 Retro Low '85 Royal",1036
2026-07-16T14:18:48.477Z,gid://shopify/Product/15059027886466,"air-jordan-10-retro-wings","Jordan 10 Retro Wings",904
2026-07-16T14:18:48.478Z,gid://shopify/Product/15069045064066,"nike-mercurial-vapor-16-elite-fg-mad-energy-pack","Nike Mercurial Vapor 16 Elite FG Mad Energy Pack",1066
2026-07-16T14:18:48.478Z,gid://shopify/Product/15070239162754,"nike-sabrina-2-white-noise-womens","Nike Sabrina 2 White Noise (Women's)",1066
2026-07-16T14:18:48.478Z,gid://shopify/Product/15072393429378,"jordan-4-retro-og-sp-undefeated-2025","Jordan 4 Retro OG SP Undefeated (2025)",1053
2026-07-16T14:18:48.478Z,gid://shopify/Product/15072482263426,"air-jordan-1-low-bred-toe-gs","Jordan 1 Low Bred Toe (GS)",854
2026-07-16T14:18:48.478Z,gid://shopify/Product/15072483934594,"air-jordan-1-low-washed-denim-gs","Jordan 1 Low Washed Denim (GS)",936
2026-07-16T14:18:48.478Z,gid://shopify/Product/15072796017026,"air-jordan-1-mid-metallic-orange","Jordan 1 Mid Metallic Orange",971
2026-07-16T14:18:48.478Z,gid://shopify/Product/15072796311938,"air-jordan-1-retro-high-og-unc-reimagined","Jordan 1 Retro High OG UNC Reimagined",1052
2026-07-16T14:18:48.478Z,gid://shopify/Product/15072796541314,"air-jordan-1-retro-black-toe-2016","Jordan 1 Retro Black Toe (2016)",991
2026-07-16T14:18:48.478Z,gid://shopify/Product/15072796836226,"air-jordan-1-retro-high-og-satin-bred-td","Jordan 1 Retro High OG Satin Bred (TD)",1112
2026-07-16T14:18:48.478Z,gid://shopify/Product/15072797491586,"air-jordan-1-retro-high-white-black-volt-university-gold","Jordan 1 Retro High White Black Volt University Gold",1212
2026-07-16T14:18:48.478Z,gid://shopify/Product/15072797819266,"air-jordan-1-retro-high-og-skyline","Jordan 1 Retro High OG Skyline",921
2026-07-16T14:18:48.478Z,gid://shopify/Product/15072798114178,"air-jordan-1-retro-high-dark-mocha","Jordan 1 Retro High Dark Mocha",1120
2026-07-16T14:18:48.478Z,gid://shopify/Product/15072798409090,"air-jordan-11-retro-cherry-2022-gs","Jordan 11 Retro Cherry (2022) (GS)",1049
2026-07-16T14:20:57.226Z,gid://shopify/Product/15072798736770,"air-jordan-1-mid-se-brown-elephant","Jordan 1 Mid SE Brown Elephant",1089
2026-07-16T14:20:57.228Z,gid://shopify/Product/15072799031682,"jordan-1-retro-high-og-hyper-royal-1","Jordan 1 Retro High OG Hyper Royal",725
2026-07-16T14:20:57.228Z,gid://shopify/Product/15072799261058,"air-jordan-1-retro-high-guava-ice","Jordan 1 Retro High Guava Ice",896
2026-07-16T14:20:57.228Z,gid://shopify/Product/15072799523202,"air-jordan-1-retro-high-fearless-zoom","Jordan 1 Retro High Zoom Fearless",1092
2026-07-16T14:20:57.228Z,gid://shopify/Product/15072799883650,"air-jordan-1-retro-high-nigel-sylvester","Jordan 1 Retro High Nigel Sylvester",1101
2026-07-16T14:20:57.228Z,gid://shopify/Product/15072800080258,"air-jordan-1-retro-low-og-year-of-the-dragon-2024","Jordan 1 Retro Low OG Year of the Dragon (2024)",948
2026-07-16T14:20:57.228Z,gid://shopify/Product/15072800309634,"air-jordan-1-retro-high-6-rings","Jordan 1 Retro High Track Red",1019
2026-07-16T14:20:57.228Z,gid://shopify/Product/15072800506242,"air-jordan-1-retro-high-og-lost-and-found-ps","Jordan 1 Retro High OG Chicago Lost and Found (PS)",923
2026-07-16T14:20:57.228Z,gid://shopify/Product/15072800702850,"jordan-1-retro-high-og-black-toe-reimagined-gs-1","Jordan 1 Retro High OG Black Toe Reimagined (GS)",841
2026-07-16T14:20:57.228Z,gid://shopify/Product/15072800964994,"air-jordan-12-retro-black-taxi","Jordan 12 Retro Black Taxi",1042
2026-07-16T14:20:57.229Z,gid://shopify/Product/15072801259906,"air-jordan-1-retro-high-flyease-black-white-gs","Jordan 1 High FlyEase Black White (GS)",1058
2026-07-16T14:20:57.229Z,gid://shopify/Product/15072801554818,"air-jordan-1-mid-se-red-stardust-womens","Jordan 1 Mid SE Red Stardust (Women's)",1278
2026-07-16T14:20:57.229Z,gid://shopify/Product/15072801816962,"air-jordan-1-sb-nyc-to-paris","Jordan 1 Retro High OG Defiant SB NYC to Paris",967
2026-07-16T14:20:57.229Z,gid://shopify/Product/15072802046338,"air-jordan-1-retro-high-bred-toe-gs","Jordan 1 Retro High Bred Toe (GS)",1029
2026-07-16T14:20:57.229Z,gid://shopify/Product/15072802242946,"air-jordan-1-retro-low-og-oxidized-green-womens","Jordan 1 Retro Low OG Oxidized Green (Women's)",1055
2026-07-16T14:20:57.229Z,gid://shopify/Product/15072802537858,"air-jordan-1-retro-high-phantom-gym-red","Jordan 1 Retro High Phantom Gym Red",873
2026-07-16T14:20:57.229Z,gid://shopify/Product/15072802898306,"air-jordan-1-retro-high-hyper-royal-smoke-grey-gs","Jordan 1 Retro High Hyper Royal Smoke Grey (GS)",1052
2026-07-16T14:20:57.229Z,gid://shopify/Product/15072803193218,"air-jordan-1-mid-metallic-gold-black-white-gs","Jordan 1 Mid Metallic Gold Black White (GS)",1146
2026-07-16T14:20:57.229Z,gid://shopify/Product/15072804471170,"air-jordan-1-mid-very-berry-gs","Jordan 1 Mid Very Berry (GS)",1085
2026-07-16T14:20:57.229Z,gid://shopify/Product/15072804962690,"air-jordan-11-retro-low-snake-navy-2019","Jordan 11 Retro Low Snake Navy (2019)",918
2026-07-16T14:20:57.229Z,gid://shopify/Product/15072805421442,"jordan-1-retro-high-og-sp-union-la-chicago-shadow-1","Jordan 1 Retro High OG SP Union LA Chicago Shadow",815
2026-07-16T14:20:57.229Z,gid://shopify/Product/15072805912962,"air-jordan-1-retro-high-co-japan-neutral-grey-gs","Jordan 1 Retro High CO Japan Neutral Grey (GS)",1059
2026-07-16T14:20:57.230Z,gid://shopify/Product/15072806207874,"air-jordan-1-mid-white-pure-platinum-pine-green","Jordan 1 Mid White Pure Platinum Pine Green",1039
2026-07-16T14:20:57.230Z,gid://shopify/Product/15072806797698,"air-jordan-1-mid-jade-smoke-womens","Jordan 1 Mid Jade Smoke (Women's)",1278
2026-07-16T14:20:57.230Z,gid://shopify/Product/15072807027074,"jordan-11-retro-cherry-2022-ps-1","Jordan 11 Retro Cherry (2022) (PS)",823
2026-07-16T14:20:57.230Z,gid://shopify/Product/15072807256450,"air-jordan-1-mid-white-yellow-w","Jordan 1 Mid White University Gold (Women's)",947
2026-07-16T14:20:57.230Z,gid://shopify/Product/15072807485826,"air-jordan-10-retro-seattle-gs","Jordan 10 Retro Seattle (GS)",1083
2026-07-16T14:20:57.230Z,gid://shopify/Product/15072807682434,"air-jordan-1-mid-se-all-star-2021-gs","Jordan 1 Mid SE All-Star Carbon Fiber (2021) (GS)",934
2026-07-16T14:20:57.230Z,gid://shopify/Product/15072807911810,"air-jordan-1-retro-low-og-sp-travis-scott-velvet-brown","Jordan 1 Retro Low OG SP Travis Scott Velvet Brown",1172
2026-07-16T14:20:57.230Z,gid://shopify/Product/15072808108418,"air-jordan-1-retro-high-85-wings-phantom","Jordan 1 Retro High '85 Wings Phantom",1089
2026-07-16T14:20:57.230Z,gid://shopify/Product/15072808337794,"air-jordan-1-retro-high-black-white-light-smoke-grey-gs","Jordan 1 Retro High Shadow 2.0 (GS)",878
2026-07-16T14:20:57.230Z,gid://shopify/Product/15072808599938,"air-jordan-1-retro-essentials-black","Jordan 1 Retro High OG Black",1173
2026-07-16T14:20:57.230Z,gid://shopify/Product/15072808796546,"air-jordan-1-mid-se-white-pine-green-smoke-grey-gs","Jordan 1 Mid SE White Pine Green Smoke Grey (GS)",1073
2026-07-16T14:20:57.230Z,gid://shopify/Product/15072809091458,"air-jordan-1-mid-french-blue-womens","Jordan 1 Mid French Blue (Women's)",1144
2026-07-16T14:20:57.230Z,gid://shopify/Product/15072809386370,"air-jordan-1-mid-wear-away-chicago-gs","Jordan 1 Mid Wear-Away Chicago (GS)",1315
2026-07-16T14:20:57.230Z,gid://shopify/Product/15072809582978,"air-jordan-1-mid-td-cleat-chicago-2023","Jordan 1 Mid TD Cleat Chicago (2023)",1209
2026-07-16T14:20:57.230Z,gid://shopify/Product/15072809812354,"air-jordan-1-mid-lucky-green-gs","Jordan 1 Mid Lucky Green (GS)",1136
2026-07-16T14:20:57.231Z,gid://shopify/Product/15072810008962,"air-jordan-1-retro-high-og-black-metallic-gold-ps","Jordan 1 Retro High OG Black Metallic Gold (PS)",1209
2026-07-16T14:20:57.231Z,gid://shopify/Product/15072810336642,"air-jordan-1-mid-university-gold-gs","Jordan 1 Mid University Gold (GS)",1172
2026-07-16T14:20:57.231Z,gid://shopify/Product/15072810566018,"air-jordan-1-retro-high-travis-scott","Jordan 1 Retro High OG SP Travis Scott Mocha",1258
2026-07-16T14:22:56.665Z,gid://shopify/Product/15072810795394,"air-jordan-1-retro-ko-high-storm-blue","Jordan 1 Retro AJKO Storm Blue",856
2026-07-16T14:22:56.667Z,gid://shopify/Product/15072811090306,"air-jordan-11-retro-low-concord-bred","Jordan 11 Retro Low Concord Bred",830
2026-07-16T14:22:56.667Z,gid://shopify/Product/15072811450754,"jordan-11-retro-low-space-jam-1","Jordan 11 Retro Low Space Jam",798
2026-07-16T14:22:56.667Z,gid://shopify/Product/15072811680130,"air-jordan-1-retro-high-no-ls","Jordan 1 Retro High Not for Resale Varsity Maize",822
2026-07-16T14:22:56.667Z,gid://shopify/Product/15072811909506,"air-jordan-11-cmft-low-university-red","Jordan 11 CMFT Low University Red",931
2026-07-16T14:22:56.667Z,gid://shopify/Product/15072812171650,"air-jordan-1-mid-tan-suede","Jordan 1 Mid Tan Suede",987
2026-07-16T14:22:56.667Z,gid://shopify/Product/15072812499330,"air-jordan-10-retro-im-back","Jordan 10 Retro I'm Back",830
2026-07-16T14:22:56.667Z,gid://shopify/Product/15072812794242,"air-jordan-11-cmft-low-concord","Jordan 11 CMFT Low Concord",899
2026-07-16T14:22:56.667Z,gid://shopify/Product/15072812990850,"air-jordan-1-retro-high-bordeaux","Jordan 1 Retro High OG Bordeaux",691
2026-07-16T14:22:56.667Z,gid://shopify/Product/15072813351298,"air-jordan-1-retro-low-og-black-cement","Jordan 1 Retro Low OG Black Cement",889
2026-07-16T14:22:56.667Z,gid://shopify/Product/15072813711746,"air-jordan-1-retro-high-og-heritage-ps","Jordan 1 Retro High OG Heritage (PS)",904
2026-07-16T14:22:56.667Z,gid://shopify/Product/15072814236034,"air-jordan-1-mid-magenta-2022-w","Jordan 1 Mid Magenta (2022) (Women's)",927
2026-07-16T14:22:56.667Z,gid://shopify/Product/15072814793090,"air-jordan-1-retro-high-satin-black-toe-w","Jordan 1 Retro High Satin Black Toe (Women's)",779
2026-07-16T14:22:56.667Z,gid://shopify/Product/15072815022466,"air-jordan-1-mid-se-purple-gs","Jordan 1 Mid SE Purple (GS)",881
2026-07-16T14:22:56.667Z,gid://shopify/Product/15072815284610,"air-jordan-1-mid-top-3","Jordan 1 Mid Top 3",819
2026-07-16T14:22:56.667Z,gid://shopify/Product/15072815481218,"air-jordan-1-retro-low-golf-royal-toe","Jordan 1 Retro Low Golf Royal Toe",925
2026-07-16T14:22:56.667Z,gid://shopify/Product/15072815743362,"air-jordan-11-retro-legend-blue-2024-ps","Jordan 11 Retro Legend Blue (2024) (PS)",804
2026-07-16T14:22:56.667Z,gid://shopify/Product/15072815972738,"air-jordan-1-mid-green-toe","Jordan 1 Mid Green Toe",762
2026-07-16T14:22:56.667Z,gid://shopify/Product/15072816234882,"air-jordan-1-mid-se-paris-ymca","Jordan 1 Mid SE Paris YMCA",1070
2026-07-16T14:22:56.667Z,gid://shopify/Product/15072816464258,"air-jordan-1-retro-high-pine-green-black-gs","Jordan 1 Retro High Pine Green Black (GS)",821
2026-07-16T14:22:56.667Z,gid://shopify/Product/15072816726402,"air-jordan-1-mid-university-black-white-w","Jordan 1 Mid University Blue (Women's)",908
2026-07-16T14:22:56.667Z,gid://shopify/Product/15072816923010,"air-jordan-11-retro-low-diffused-blue-gs","Jordan 11 Retro Low Diffused Blue (GS)",1063
2026-07-16T14:22:56.667Z,gid://shopify/Product/15072817152386,"air-jordan-1-retro-high-sp-gina","Jordan 1 Retro High SP Gina (Special Box)",779
2026-07-16T14:22:56.667Z,gid://shopify/Product/15072817414530,"air-jordan-1-retro-high-black-white-light-smoke-grey","Jordan 1 Retro High Shadow 2.0",844
2026-07-16T14:22:56.667Z,gid://shopify/Product/15072817643906,"air-jordan-1-mid-green-python-w","Jordan 1 Mid Green Python (Women's)",978
2026-07-16T14:22:56.667Z,gid://shopify/Product/15072817906050,"air-jordan-1-retro-high-space-hippie","Jordan 1 Retro High Zoom Crater",1111
2026-07-16T14:22:56.667Z,gid://shopify/Product/15072818102658,"air-jordan-1-retro-high-og-black-toe-reimagined-td","Jordan 1 Retro High OG Black Toe Reimagined (TD)",928
2026-07-16T14:22:56.667Z,gid://shopify/Product/15072818299266,"air-jordan-1-mid-light-orewood-brown-w","Jordan 1 Mid Newsprint Light Orewood Brown (Women's)",822
2026-07-16T14:22:56.667Z,gid://shopify/Product/15072818528642,"air-jordan-1-mid-pink-wash-gs","Jordan 1 Mid Pink Wash (GS)",1119
2026-07-16T14:22:56.667Z,gid://shopify/Product/15072818823554,"air-jordan-1-retro-high-gatorade-blue-lagoon-gs","Jordan 1 Retro High Gatorade Blue Lagoon (GS)",874
2026-07-16T14:22:56.667Z,gid://shopify/Product/15072819151234,"jordan-11-retro-legend-blue-2024-gs-1","Jordan 11 Retro Legend Blue (2024) (GS)",1343
2026-07-16T14:22:56.667Z,gid://shopify/Product/15072819446146,"air-jordan-10-retro-super-bowl-liv","Jordan 10 Retro Super Bowl LIV",784
2026-07-16T14:22:56.667Z,gid://shopify/Product/15072819675522,"air-jordan-1-mid-se-union-black-toe","Jordan 1 Mid SE Red Black Toe",989
2026-07-16T14:22:56.667Z,gid://shopify/Product/15072819937666,"air-jordan-1-mid-white-black-light-arctic-pink-gs","Jordan 1 Mid White Black Light Arctic Pink (GS)",1041
2026-07-16T14:22:56.667Z,gid://shopify/Product/15072820167042,"air-jordan-1-mid-green-glow","Jordan 1 Mid Green Glow",982
2026-07-16T14:22:56.668Z,gid://shopify/Product/15072820429186,"air-jordan-1-retro-high-og-stealth-gs","Jordan 1 Retro High OG Stealth (GS)",859
2026-07-16T14:22:56.668Z,gid://shopify/Product/15072820691330,"air-jordan-1-retro-high-court-purple-gs","Jordan 1 Retro High Court Purple (GS)",784
2026-07-16T14:22:56.668Z,gid://shopify/Product/15072820920706,"air-jordan-1-retro-low-golf-triple-white","Jordan 1 Retro Low Golf Triple White",798
2026-07-16T14:22:56.668Z,gid://shopify/Product/15072821182850,"air-jordan-1-retro-high-homage-to-home","Jordan 1 Retro High Homage To Home (Non-numbered)",776
2026-07-16T14:22:56.668Z,gid://shopify/Product/15072821379458,"air-jordan-1-mid-ice-blue-ps","Jordan 1 Mid Ice Blue (2022) (PS)",1021
2026-07-16T14:24:54.090Z,gid://shopify/Product/15074845426050,"adidas-taekwondo-mei-ballet-black-white-womens","adidas Taekwondo Mei Ballet Black White (Women's)",1356
2026-07-16T14:24:54.091Z,gid://shopify/Product/15074845720962,"timberland-6-premium-waterproof-boot-wheat","Timberland 6"" Premium Waterproof Boot Wheat",1015
2026-07-16T14:24:54.091Z,gid://shopify/Product/15074846081410,"nike-reactx-rejuven8-black-cool-grey-volt","Nike ReactX Rejuven8 Black Cool Grey Volt",1247
2026-07-16T14:24:54.091Z,gid://shopify/Product/15074846376322,"mihara-yasuhiro-peterson-og-sole-canvas-low-black","Maison Mihara Yasuhiro Peterson OG Sole Canvas Low Black",924
2026-07-16T14:24:54.091Z,gid://shopify/Product/15074846605698,"adidas-yeezy-wave-runner-700-solid-grey","adidas Yeezy Boost 700 Wave Runner",1085
2026-07-16T14:24:54.091Z,gid://shopify/Product/15074846867842,"supreme-bandana-jacquard-baggy-jean-blue","Supreme Bandana Jacquard Baggy Jean Blue",1177
2026-07-16T14:24:54.091Z,gid://shopify/Product/15074847424898,"air-jordan-4-retro-white-thunder-ps","Jordan 4 Retro White Thunder (PS)",1183
2026-07-16T14:24:54.091Z,gid://shopify/Product/15074847752578,"nike-air-force-1-low-le-triple-white-gs","Nike Air Force 1 Low LE Triple White (GS)",1189
2026-07-16T14:24:54.091Z,gid://shopify/Product/15074848047490,"new-balance-1906l-black","New Balance 1906L Black",1353
2026-07-16T14:24:54.091Z,gid://shopify/Product/15074848342402,"supreme-miami-box-logo-sweatshirt-white","Supreme Miami Box Logo Sweatshirt White",1021
2026-07-16T14:24:54.091Z,gid://shopify/Product/15075729801602,"travis-scott-cactus-jack-x-sp5der-days-before-rodeo-hoodie-black","Travis Scott Cactus Jack x Sp5der Days Before Rodeo Hoodie Black",1239
2026-07-16T14:24:54.091Z,gid://shopify/Product/15075730063746,"air-jordan-5-retro-unc-university-blue","Jordan 5 Retro UNC University Blue",992
2026-07-16T14:24:54.091Z,gid://shopify/Product/15075730358658,"air-jordan-1-low-85-metallic-blue","Jordan 1 Retro Low '85 Metallic Blue",1340
2026-07-16T14:24:54.092Z,gid://shopify/Product/15075730620802,"eric-emanuel-x-matty-boy-ee-shorts-black-blue","Eric Emanuel x Matty Boy EE Shorts Black/Blue",974
2026-07-16T14:24:54.092Z,gid://shopify/Product/15075730850178,"nike-air-force-1-low-drake-nocta-certified-lover-boy-palest-purple","Nike Air Force 1 Low Drake NOCTA Certified Lover Boy Palest Purple",1358
2026-07-16T14:24:54.092Z,gid://shopify/Product/15075731145090,"nike-sb-dunk-low-pro-b-pale-ivory","Nike SB Dunk Low Pro B Pale Ivory",1326
2026-07-16T14:24:54.092Z,gid://shopify/Product/15075731440002,"travis-scott-cactus-jack-x-sp5der-days-before-rodeo-ii-tee-white","Travis Scott Cactus Jack x Sp5der Days Before Rodeo II Tee White",1173
2026-07-16T14:24:54.092Z,gid://shopify/Product/15075731702146,"nike-air-foamposite-one-psychic-blue","Nike Air Foamposite One Psychic Blue",1211
2026-07-16T14:24:54.092Z,gid://shopify/Product/15075731964290,"nike-air-max-1-black-white-swoosh","Nike Air Max 1 Black White Swoosh",1343
2026-07-16T14:24:54.092Z,gid://shopify/Product/15075732849026,"new-balance-998-miusa-stone-island-raso-gommato","New Balance 998 MiUSA Stone Island Raso Gommato",1160
2026-07-16T14:24:54.092Z,gid://shopify/Product/15075733111170,"new-balance-1000-concepts-mile","New Balance 1000 Concepts Míle",1333
2026-07-16T14:24:54.092Z,gid://shopify/Product/15075733537154,"air-jordan-1-retro-high-court-purple-white","Jordan 1 Retro High Court Purple White",1061
2026-07-16T14:24:54.092Z,gid://shopify/Product/15076085039490,"nike-air-force-1-low-le-black-2021-gs","Nike Air Force 1 Low LE Black (GS)",1313
2026-07-16T14:24:54.092Z,gid://shopify/Product/15076085825922,"nike-air-huarache-triple-black-2021","Nike Air Huarache Triple Black",927
2026-07-16T14:24:54.092Z,gid://shopify/Product/15076086219138,"nike-zoom-vomero-5-light-orewood-brown","Nike Zoom Vomero 5 Light Orewood Brown",1205
2026-07-16T14:24:54.092Z,gid://shopify/Product/15076086514050,"jordan-x-nigel-sylvester-bike-pant-black","Jordan x Nigel Sylvester Bike Pant Black",1014
2026-07-16T14:24:54.092Z,gid://shopify/Product/15076087005570,"adidas-superstar-core-black-cloud-white-gold","adidas Superstar Core Black Cloud White Gold",1088
2026-07-16T14:24:54.092Z,gid://shopify/Product/15076087464322,"air-jordan-3-retro-a-ma-maniere-w","Jordan 3 Retro OG SP A Ma Maniére While You Were Sleeping (Women's)",1399
2026-07-16T14:24:54.092Z,gid://shopify/Product/15076087824770,"nike-total-90-3-sp-dynamic-yellow","Nike Total 90 3 SP Dynamic Yellow",1301
2026-07-16T14:24:54.092Z,gid://shopify/Product/15076088283522,"nike-air-max-1-premium-hangul-day","Nike Air Max 1 Premium Hangul Day",1095
2026-07-16T14:24:54.092Z,gid://shopify/Product/15076088938882,"nike-dunk-low-concord","Nike Dunk Low Concord",1343
2026-07-16T14:24:54.092Z,gid://shopify/Product/15076089266562,"air-jordan-12-retro-phantom-womens","Jordan 12 Retro Phantom (Women's)",1376
2026-07-16T14:24:54.092Z,gid://shopify/Product/15077686083970,"nike-air-max-1-patta-waves-brown","Nike Air Max 1 Patta The Next Wave Dark Russett",1191
2026-07-16T14:24:54.092Z,gid://shopify/Product/15077867291010,"pop-mart-disney-mickey-family-together-series-plush-keychain-sealed-case-8-blind-box","Pop Mart Disney Mickey Family Together Series Plush Keychain Sealed Case (8 Blind Box)",1054
2026-07-16T14:24:54.092Z,gid://shopify/Product/15077871387010,"prada-symbole-sunglasses-black-spr17w-e1ab-f05s0-c-049","Prada Symbole Sunglasses Black (SPR17W_E1AB_F05S0_C_049)",1403
2026-07-16T14:24:54.092Z,gid://shopify/Product/15077879120258,"bearbrick-series-49-sealed-case-100-24-blind-boxes","Bearbrick Series 49 Sealed Case 100% (24 Blind Boxes)",1162
2026-07-16T14:24:54.092Z,gid://shopify/Product/15078817235330,"pop-mart-labubu-the-monsters-fall-in-wild-vinyl-plush-doll-pendant-keychain","Pop Mart Labubu The Monsters Fall In Wild Vinyl Plush Pendant",1205
2026-07-16T14:24:54.092Z,gid://shopify/Product/15079000965506,"yeezy-gap-dry-bag-black-1","Yeezy Gap Dry Bag Black",913
2026-07-16T14:24:54.092Z,gid://shopify/Product/15081429827970,"air-jordan-spizike-low-toro","Jordan Spizike Low Toro",1360
2026-07-16T14:24:54.092Z,gid://shopify/Product/15081489957250,"puma-lamelo-ball-mb01-lo-white-black","Puma LaMelo Ball MB.01 Lo White Black",988
2026-07-16T14:26:26.826Z,gid://shopify/Product/15081787490690,"nike-zoom-vomero-5-wheat-grass","Nike Zoom Vomero 5 Wheat Grass Cacao Wow",914
2026-07-16T14:26:26.827Z,gid://shopify/Product/15081790407042,"nike-zoom-vomero-5-sail-laser-orange-medium-olive-womens","Nike Zoom Vomero 5 Sail Laser Orange Medium Olive (Women's)",965
2026-07-16T14:26:26.827Z,gid://shopify/Product/15086654652802,"sony-playstation-portal-remote-player-30th-anniversary-limited-edition","Sony PlayStation Portal Remote Player 30th Anniversary Limited Edition",747
2026-07-16T14:26:26.827Z,gid://shopify/Product/15086699053442,"nike-zoom-vomero-5-have-a-nike-day","Nike Zoom Vomero 5 Have a Nike Day",1007
2026-07-16T14:26:26.827Z,gid://shopify/Product/15089000055170,"adidas-adifom-q-off-white","adidas adiFOM Q Off White",897
2026-07-16T14:26:26.827Z,gid://shopify/Product/15089234706818,"adidas-f50-elite-fg-cloud-white-solar-red-lucid-blue","adidas F50 Elite FG Cloud White Solar Red Lucid Blue",993
2026-07-16T14:26:26.827Z,gid://shopify/Product/15089404805506,"adidas-gazelle-court-green-footwear-white","adidas Gazelle Court Green Footwear White",946
2026-07-16T14:26:26.827Z,gid://shopify/Product/15091372491138,"adidas-gazelle-italy","adidas Gazelle Italy",985
2026-07-16T14:26:26.827Z,gid://shopify/Product/15092689076610,"adidas-harden-vol-9-cloud-white-core-black","adidas Harden Vol. 9 Cloud White Core Black",1101
2026-07-16T14:26:26.827Z,gid://shopify/Product/15092689863042,"adidas-n3xt-l3v3l-marvel-captain-america","adidas N3xt L3v3l Marvel Captain America",926
2026-07-16T14:26:26.827Z,gid://shopify/Product/15094182510978,"adidas-samba-consortium-cup-sneaker-politics","adidas Samba Consortium Cup Sneaker Politics",1086
2026-07-16T14:26:26.827Z,gid://shopify/Product/15094209053058,"adidas-samba-og-carbon-womens","adidas Samba OG Carbon (Women's)",975
2026-07-16T14:26:26.827Z,gid://shopify/Product/15094221504898,"adidas-samba-og-dark-brown-preloved-yellow","adidas Samba OG Dark Brown Preloved Yellow",1116
2026-07-16T14:26:26.827Z,gid://shopify/Product/15094242705794,"adidas-samba-og-toy-story-woody-ps","adidas Samba OG Toy Story Woody (PS)",921
2026-07-16T14:26:26.827Z,gid://shopify/Product/15094253420930,"adidas-samba-team-mexico","adidas Samba Team Mexico",1013
2026-07-16T14:26:26.827Z,gid://shopify/Product/15097507250562,"new-balance-204l-mushroom-arid-stone","New Balance 204L Mushroom Arid Stone",992
2026-07-16T14:26:26.827Z,gid://shopify/Product/15097571017090,"adidas-superstar-prada-silver","adidas Superstar Prada Silver",882
2026-07-16T14:26:26.827Z,gid://shopify/Product/15105230864770,"ugg-coquette-slipper-chestnut-w","UGG Coquette Slipper Chestnut (Women's)",788
2026-07-16T14:26:26.827Z,gid://shopify/Product/15105232798082,"ugg-class-ultra-mini-chestnut-kids","UGG Classic Ultra Mini Chestnut (Kids)",1010
2026-07-16T14:26:26.827Z,gid://shopify/Product/15105233682818,"ugg-tasman-slipper-santorini-sand","UGG Tasman Slipper Santorini Sand",1024
2026-07-16T14:26:26.827Z,gid://shopify/Product/15105234665858,"ugg-fluff-yeah-slide-black-w","UGG Fluff Yeah Slide Black (Women's)",906
2026-07-16T14:26:26.827Z,gid://shopify/Product/15105235452290,"ugg-classic-mini-ii-boot-black-w","UGG Classic Mini II Boot Black (Women's)",894
2026-07-16T14:26:26.827Z,gid://shopify/Product/15105235976578,"ugg-classic-mini-platform-boot-chestnut-w","UGG Classic Mini Platform Boot Chestnut (Women's)",1004
2026-07-16T14:26:26.827Z,gid://shopify/Product/15105236435330,"ugg-classic-mini-dipper-boot-thundercloud-womens","UGG Classic Mini Dipper Boot Thundercloud (Women's)",955
2026-07-16T14:26:26.827Z,gid://shopify/Product/15105237090690,"ugg-mini-bailey-bow-ii-chestnut-w","UGG Mini Bailey Bow II Chestnut (Women's)",1080
2026-07-16T14:26:26.827Z,gid://shopify/Product/15105238368642,"ugg-tazz-slipper-pop-sketch-womens","UGG Tazz Slipper Humberto Cruz Pop Sketch (Women's)",1125
2026-07-16T14:26:26.827Z,gid://shopify/Product/15105241547138,"adidas-samba-cloud-white-blue-gum","adidas Samba Cloud White Blue Gum",1058
2026-07-16T14:26:26.827Z,gid://shopify/Product/15105243349378,"adidas-samba-inter-miami-cf-messi-black","adidas Samba Inter Miami CF Messi Black",1006
2026-07-16T14:26:26.827Z,gid://shopify/Product/15105246167426,"adidas-samba-og-aurora-ink-cream-white","adidas Samba OG Aurora Ink Cream White",1205
2026-07-16T14:26:26.827Z,gid://shopify/Product/15105248231810,"adidas-samba-og-core-black","adidas Samba OG Core Black",1069
2026-07-16T14:26:26.827Z,gid://shopify/Product/15105260257666,"adidas-samba-og-putty-grey-black","adidas Samba OG Putty Grey Black (Women's)",999
2026-07-16T14:26:26.828Z,gid://shopify/Product/15105280278914,"adidas-samba-og-wonder-silver","adidas Samba OG Wonder Silver",1192
2026-07-16T14:26:26.828Z,gid://shopify/Product/15105290305922,"adidas-samba-vegan","adidas Samba Vegan",894
2026-07-16T14:26:26.828Z,gid://shopify/Product/15105298301314,"adidas-sambae-wonder-white-gum-womens","adidas Sambae Wonder White Gum (Women's)",1065
2026-07-16T14:26:26.828Z,gid://shopify/Product/15105299612034,"adidas-sl-72-og-cow-print-womens","adidas SL 72 OG Cow Print (Women's)",1052
2026-07-16T14:26:26.828Z,gid://shopify/Product/15105735065986,"adidas-yeezy-350-v2-cmpct-slate-blue","adidas Yeezy 350 V2 CMPCT Slate Blue",1003
2026-07-16T14:26:26.828Z,gid://shopify/Product/15105742242178,"adidas-yeezy-500-blush","adidas Yeezy 500 Blush",892
2026-07-16T14:26:26.828Z,gid://shopify/Product/15105769800066,"adidas-yeezy-boost-350-v2-mono-ice","adidas Yeezy Boost 350 V2 Mono Ice",829
2026-07-16T14:26:26.828Z,gid://shopify/Product/15105777303938,"adidas-yeezy-boost-350-v2-steeple-grey-beluga-solar-red","adidas Yeezy Boost 350 V2 Beluga",906
2026-07-16T14:26:26.828Z,gid://shopify/Product/15105800143234,"adidas-yeezy-boost-700-mnvn-bone","adidas Yeezy Boost 700 MNVN Bone",879
2026-07-16T14:28:06.550Z,gid://shopify/Product/15105982333314,"air-jordan-1-high-brooklyn-black-womens","Jordan 1 High Brooklyn Black (Women's)",920
2026-07-16T14:28:06.556Z,gid://shopify/Product/15106026340738,"air-jordan-1-high-zoom-air-cmft-2-muslin-blackened-blue","Jordan 1 High Zoom Air CMFT 2 Muslin Blackened Blue",1083
2026-07-16T14:28:06.556Z,gid://shopify/Product/15106033516930,"air-jordan-1-high-zoom-air-cmft-bayou-boys","Jordan 1 High Zoom Air CMFT Bayou Boys",1060
2026-07-16T14:28:06.556Z,gid://shopify/Product/15106038366594,"air-jordan-1-high-zoom-air-cmft-gold-laser","Jordan 1 High Zoom Air CMFT Gold Laser",986
2026-07-16T14:28:06.556Z,gid://shopify/Product/15106041676162,"air-jordan-1-high-zoom-air-cmft-pearl-white-w","Jordan 1 High Zoom Air CMFT Pearl White (Women's)",946
2026-07-16T14:28:06.556Z,gid://shopify/Product/15106045575554,"air-jordan-1-high-zoom-air-cmft-red-suede","Jordan 1 High Zoom Air CMFT Red Suede",1037
2026-07-16T14:28:06.556Z,gid://shopify/Product/15106050654594,"air-jordan-1-high-zoom-cmft-stadium-green-w","Jordan 1 High Zoom Air CMFT Stadium Green (Women's)",1061
2026-07-16T14:28:06.556Z,gid://shopify/Product/15106058584450,"air-jordan-1-low-archaeo-brown-white-womens","Jordan 1 Low Archaeo Brown White (Women's)",1038
2026-07-16T14:28:06.556Z,gid://shopify/Product/15106064908674,"air-jordan-1-low-black-royal-toe","Jordan 1 Low Black Royal Toe",1075
2026-07-16T14:28:06.556Z,gid://shopify/Product/15106070708610,"air-jordan-1-low-bordeaux-gs","Jordan 1 Low Bordeaux (GS)",1051
2026-07-16T14:28:06.557Z,gid://shopify/Product/15106074444162,"air-jordan-1-low-cardinal-red","Jordan 1 Low Cardinal Red",1028
2026-07-16T14:28:06.557Z,gid://shopify/Product/15106075853186,"air-jordan-1-low-denim","Jordan 1 Low SE Denim",1059
2026-07-16T14:28:06.557Z,gid://shopify/Product/15106078343554,"air-jordan-1-low-golf-gift-giving-pack","Jordan 1 Retro Low Golf Gift Giving Pack",1069
2026-07-16T14:28:06.557Z,gid://shopify/Product/15106080506242,"air-jordan-1-low-iron-grey","Jordan 1 Low Iron Grey",1030
2026-07-16T14:28:06.557Z,gid://shopify/Product/15106082701698,"air-jordan-1-low-lv8d-elevated-bred-w","Jordan 1 Elevate Low SE Bred (Women's)",970
2026-07-16T14:28:06.557Z,gid://shopify/Product/15106084733314,"air-jordan-1-low-mocha","Jordan 1 Low Mocha",945
2026-07-16T14:28:06.557Z,gid://shopify/Product/15106086306178,"air-jordan-1-low-og-bleached-coral","Jordan 1 Low OG Bleached Coral",1029
2026-07-16T14:28:06.557Z,gid://shopify/Product/15106089681282,"air-jordan-1-low-og-shattered-backboard","Jordan 1 Low Starfish",973
2026-07-16T14:28:06.557Z,gid://shopify/Product/15106091843970,"air-jordan-1-low-particle-beige-womens","Jordan 1 Low Particle Beige (Women's)",1099
2026-07-16T14:28:06.557Z,gid://shopify/Product/15106093777282,"air-jordan-1-low-purple-mocha","Jordan 1 Low Purple Mocha",1036
2026-07-16T14:28:06.557Z,gid://shopify/Product/15106094530946,"air-jordan-1-low-se-aquarius-blue-gs","Jordan 1 Low SE Aquarius Blue (GS)",1069
2026-07-16T14:28:06.557Z,gid://shopify/Product/15106095710594,"air-jordan-1-low-se-brown-elephant-gs","Jordan 1 Low SE Brown Elephant (GS)",1083
2026-07-16T14:28:06.563Z,gid://shopify/Product/15106096824706,"air-jordan-1-low-se-craft-pale-ivory","Jordan 1 Low SE Craft Pale Ivory",1087
2026-07-16T14:28:06.563Z,gid://shopify/Product/15106098856322,"air-jordan-1-low-se-legend-light-brown-gs","Jordan 1 Low SE Legend Light Brown (GS)",1128
2026-07-16T14:28:06.563Z,gid://shopify/Product/15106099872130,"air-jordan-1-low-se-polaroid-womens","Jordan 1 Low SE Polaroid (Women's)",1000
2026-07-16T14:28:06.565Z,gid://shopify/Product/15106103902594,"air-jordan-1-low-se-vintage-panda-womens","Jordan 1 Low SE Vintage Panda (Women's)",1088
2026-07-16T14:28:06.565Z,gid://shopify/Product/15106114814338,"air-jordan-1-low-spades","Jordan 1 Low Spades",983
2026-07-16T14:28:06.566Z,gid://shopify/Product/15106115436930,"air-jordan-1-low-team-red-w","Jordan 1 Low Team Red (Women's)",1003
2026-07-16T14:28:06.567Z,gid://shopify/Product/15106116026754,"air-jordan-1-low-true-blue","Jordan 1 Low True Blue",988
2026-07-16T14:28:06.577Z,gid://shopify/Product/15106116485506,"air-jordan-1-low-washed-denim","Jordan 1 Low Washed Denim",1082
2026-07-16T14:28:06.592Z,gid://shopify/Product/15106117009794,"air-jordan-1-low-white-toe-gs","Jordan 1 Low White Toe (GS)",1009
2026-07-16T14:28:06.604Z,gid://shopify/Product/15106117370242,"air-jordan-1-mid-alternate-bred-toe-w","Jordan 1 Mid Alternate Bred Toe (Women's)",1001
2026-07-16T14:28:06.608Z,gid://shopify/Product/15106117763458,"air-jordan-1-mid-barely-rose-w","Jordan 1 Mid Barely Rose (Women's)",921
2026-07-16T14:28:06.608Z,gid://shopify/Product/15106118549890,"air-jordan-1-mid-black-gs","Jordan 1 Mid Black (GS)",949
2026-07-16T14:28:06.609Z,gid://shopify/Product/15106119434626,"air-jordan-1-mid-black-royal-tumbled-leather","Jordan 1 Mid Hyper Royal Tumbled Leather",984
2026-07-16T14:28:06.629Z,gid://shopify/Product/15106120122754,"air-jordan-1-mid-blue-mint","Jordan 1 Mid Mystic Navy Mint Foam",1006
2026-07-16T14:28:06.650Z,gid://shopify/Product/15106667118978,"air-jordan-1-mid-canyon-rust-w","Jordan 1 Mid Canyon Rust (Women's)",994
2026-07-16T14:28:06.655Z,gid://shopify/Product/15106667741570,"air-jordan-1-mid-chicago-black-toe-gs","Jordan 1 Mid Chicago Black Toe (GS)",944
2026-07-16T14:28:06.657Z,gid://shopify/Product/15106668986754,"air-jordan-1-mid-crimson-tint-toe-gs","Jordan 1 Mid Arctic Orange Black Toe (GS)",1000
2026-07-16T14:28:06.657Z,gid://shopify/Product/15106670002562,"air-jordan-1-mid-digital-pink-w","Jordan 1 Mid Digital Pink (Women's)",987
2026-07-16T14:29:44.377Z,gid://shopify/Product/15106675966338,"air-jordan-1-mid-igloo-gs","Jordan 1 Mid Tropical Twist Igloo (GS)",856
2026-07-16T14:29:44.380Z,gid://shopify/Product/15106677735810,"air-jordan-1-mid-laser-orange-w","Jordan 1 Mid Laser Orange (Women's)",926
2026-07-16T14:29:44.380Z,gid://shopify/Product/15106682585474,"air-jordan-1-mid-se-metallic-silver-womens","Jordan 1 Mid SE Metallic Silver (Women's)",1008
2026-07-16T14:29:44.380Z,gid://shopify/Product/15106698281346,"air-jordan-1-mid-reverse-panda-gs","Jordan 1 Mid Reverse Panda (GS)",882
2026-07-16T14:29:44.380Z,gid://shopify/Product/15106682585474,"air-jordan-1-mid-se-metallic-silver-womens","Jordan 1 Mid SE Metallic Silver (Women's)",1013
2026-07-16T14:29:44.380Z,gid://shopify/Product/15106707849602,"air-jordan-1-mid-se-union-royal","Jordan 1 Mid SE Royal Black Toe",934
2026-07-16T14:29:44.381Z,gid://shopify/Product/15106712142210,"air-jordan-1-mid-tan-gum","Jordan 1 Mid Tan Gum",789
2026-07-16T14:29:44.381Z,gid://shopify/Product/15106732228994,"air-jordan-1-mid-wear-away-chicago","Jordan 1 Mid Wear-Away Chicago",1121
2026-07-16T14:29:44.381Z,gid://shopify/Product/15106740617602,"air-jordan-1-retro-high-black-hyper-pink-2-gs","Jordan 1 Retro High Black Crimson Tint (GS)",888
2026-07-16T14:29:44.381Z,gid://shopify/Product/15106743435650,"air-jordan-1-retro-high-co-japan-neutral-grey","Jordan 1 Retro High CO.JP Neutral Grey (2020)",899
2026-07-16T14:29:44.381Z,gid://shopify/Product/15106747236738,"air-jordan-1-retro-high-flyknit-bred","Jordan 1 Retro High Flyknit Bred",952
2026-07-16T14:29:44.381Z,gid://shopify/Product/15106752217474,"air-jordan-1-retro-high-no-ls-varsity-red","Jordan 1 Retro High Not for Resale Varsity Red",879
2026-07-16T14:29:44.381Z,gid://shopify/Product/15106756018562,"air-jordan-1-retro-high-og-chrome-womens","Jordan 1 Retro High OG Chrome (Women's)",943
2026-07-16T14:29:44.381Z,gid://shopify/Product/15106761916802,"air-jordan-1-retro-high-og-pollen-td","Jordan 1 Retro High OG Pollen (TD)",927
2026-07-16T14:29:44.381Z,gid://shopify/Product/15106772599170,"air-jordan-1-retro-high-og-unc-toe-ps","Jordan 1 Retro High OG UNC Toe (PS)",1186
2026-07-16T14:29:44.381Z,gid://shopify/Product/15106780725634,"air-jordan-1-retro-high-satin-snake-chicago-w","Jordan 1 Retro High Satin Snake Chicago (Women's)",911
2026-07-16T14:29:44.381Z,gid://shopify/Product/15106793341314,"air-jordan-1-retro-high-unc-leather-gs","Jordan 1 Retro High Obsidian (GS)",762
2026-07-16T14:29:44.381Z,gid://shopify/Product/15106803630466,"air-jordan-1-retro-low-golf-noble-green","Jordan 1 Retro Low Golf Noble Green",1156
2026-07-16T14:29:44.381Z,gid://shopify/Product/15106904686978,"air-jordan-1-retro-low-og-sp-travis-scott-olive-ps","Jordan 1 Retro Low OG SP Travis Scott Olive (PS)",1343
2026-07-16T14:29:44.381Z,gid://shopify/Product/15106909405570,"air-jordan-1-zoom-cmft-easter-w","Jordan 1 High Zoom Air CMFT Easter (Women's)",950
2026-07-16T14:29:44.381Z,gid://shopify/Product/15106912354690,"air-jordan-10-retro-solefly-10th-anniversary","Jordan 10 Retro SoleFly 10th Anniversary",899
2026-07-16T14:29:44.381Z,gid://shopify/Product/15106915238274,"air-jordan-11-retro-adapt-legend-blue","Jordan 11 Retro Adapt Dark Powder Blue",825
2026-07-16T14:29:44.381Z,gid://shopify/Product/15106921070978,"air-jordan-11-retro-low-72-10","Jordan 11 Retro Low 72-10",918
2026-07-16T14:29:44.381Z,gid://shopify/Product/15106924773762,"air-jordan-11-retro-low-golf-cool-grey","Jordan 11 Retro Low Golf Cool Grey",1035
2026-07-16T14:29:44.382Z,gid://shopify/Product/15106930573698,"air-jordan-11-retro-low-snake-light-bone","Jordan 11 Retro Low Snake Light Bone",1047
2026-07-16T14:29:44.382Z,gid://shopify/Product/15106938831234,"air-jordan-12-low-golf-playoff","Jordan 12 Retro Low Golf Playoff",981
2026-07-16T14:29:44.382Z,gid://shopify/Product/15106943320450,"air-jordan-12-retro-playoffs-2022-ps","Jordan 12 Retro Playoffs (2022) (PS)",911
2026-07-16T14:29:44.382Z,gid://shopify/Product/15106944958850,"air-jordan-12-retro-twist","Jordan 12 Retro Twist",786
2026-07-16T14:29:44.382Z,gid://shopify/Product/15106946367874,"air-jordan-13-retro-court-purple","Jordan 13 Retro Court Purple",822
2026-07-16T14:29:44.382Z,gid://shopify/Product/15106947416450,"air-jordan-13-retro-low-brave-blue","Jordan 13 Retro Low Brave Blue",965
2026-07-16T14:29:44.382Z,gid://shopify/Product/15106948235650,"air-jordan-13-retro-wheat","Jordan 13 Retro Wheat",838
2026-07-16T14:29:44.382Z,gid://shopify/Product/15106949316994,"air-jordan-14-retro-laney","Jordan 14 Retro Laney (2023)",1097
2026-07-16T14:29:44.382Z,gid://shopify/Product/15106950627714,"air-jordan-2-3-unc","Jordan 2/3 UNC",820
2026-07-16T14:29:44.382Z,gid://shopify/Product/15106952462722,"air-jordan-2-retro-low-christmas","Jordan 2 Retro Low Christmas",1000
2026-07-16T14:29:44.382Z,gid://shopify/Product/15106953970050,"air-jordan-2-retro-low-sp-off-white-white-red","Jordan 2 Retro Low SP Off-White White Red",1069
2026-07-16T14:29:44.382Z,gid://shopify/Product/15106957607298,"air-jordan-23-year-of-the-rabbit","Jordan 23 Retro CNY Year of the Rabbit",1003
2026-07-16T14:29:44.382Z,gid://shopify/Product/15106962030978,"air-jordan-3-retro-black-court-purple","Jordan 3 Retro Black Court Purple",886
2026-07-16T14:29:44.382Z,gid://shopify/Product/15106967273858,"air-jordan-3-retro-fear-pack-2023-ps","Jordan 3 Retro Fear Pack (2023) (PS)",979
2026-07-16T14:29:44.382Z,gid://shopify/Product/15106973303170,"air-jordan-3-retro-lucky-shorts-gs","Jordan 3 Retro Lucky Shorts (GS)",1097
2026-07-16T14:29:44.382Z,gid://shopify/Product/15106974777730,"air-jordan-3-retro-quai54-2018","Jordan 3 Retro Quai 54 (2018)",883
2026-07-16T14:31:20.953Z,gid://shopify/Product/15106978152834,"air-jordan-3-retro-unc-2020","Jordan 3 Retro UNC (2020)",1082
2026-07-16T14:31:20.955Z,gid://shopify/Product/15106987393410,"air-jordan-38-celebration","Jordan 38 Celebration (Clear Sole)",1151
2026-07-16T14:31:20.956Z,gid://shopify/Product/15106990702978,"air-jordan-4-retro-black-cat-2020-ps","Jordan 4 Retro Black Cat (2020) (PS)",1106
2026-07-16T14:31:20.956Z,gid://shopify/Product/15106992996738,"air-jordan-4-retro-bred-2019-ps","Jordan 4 Retro Bred (2019) (PS)",1324
2026-07-16T14:31:20.956Z,gid://shopify/Product/15106995683714,"air-jordan-4-retro-cacao-wow-td","Jordan 4 Retro Cacao Wow (TD)",1544
2026-07-16T14:31:20.957Z,gid://shopify/Product/15106999222658,"air-jordan-4-retro-fiba-2019","Jordan 4 Retro FIBA (2019)",948
2026-07-16T14:31:20.957Z,gid://shopify/Product/15107001811330,"air-jordan-4-retro-flyknit-orange","Jordan 4 Retro Flyknit Orange",1166
2026-07-16T14:31:20.957Z,gid://shopify/Product/15107003810178,"air-jordan-4-retro-golf-bred","Jordan 4 Retro Golf Bred",964
2026-07-16T14:31:20.957Z,gid://shopify/Product/15107005776258,"air-jordan-4-retro-hyper-violet-gs","Jordan 4 Retro Hyper Violet (GS)",1183
2026-07-16T14:31:20.957Z,gid://shopify/Product/15107008037250,"air-jordan-4-retro-laser-black-gum","Jordan 4 Retro Laser Black Gum",860
2026-07-16T14:31:20.957Z,gid://shopify/Product/15107009479042,"air-jordan-4-retro-levis-denim","Jordan 4 Retro Levi's Denim (Tag with Levi's Logo)",1141
2026-07-16T14:31:20.957Z,gid://shopify/Product/15107011117442,"air-jordan-4-retro-lightning-2021-gs","Jordan 4 Retro Lightning (2021) (GS)",868
2026-07-16T14:31:20.957Z,gid://shopify/Product/15107013378434,"air-jordan-4-retro-metallic-green-gs","Jordan 4 Retro Metallic Green (GS)",1094
2026-07-16T14:31:20.957Z,gid://shopify/Product/15107017245058,"air-jordan-4-retro-military-blue-2024-ps","Jordan 4 Retro Military Blue (2024) (PS)",1338
2026-07-16T14:31:20.957Z,gid://shopify/Product/15107019800962,"air-jordan-4-retro-mushroom-w","Jordan 4 Retro Fossil (Women's)",1003
2026-07-16T14:31:20.957Z,gid://shopify/Product/15107024290178,"air-jordan-4-retro-oxidized-green-td","Jordan 4 Retro Oxidized Green (TD)",1089
2026-07-16T14:31:20.957Z,gid://shopify/Product/15107027698050,"air-jordan-4-retro-raptors-drake-2019","Jordan 4 Retro Raptors Drake OVO (2019)",838
2026-07-16T14:31:20.957Z,gid://shopify/Product/15107032285570,"air-jordan-4-retro-red-thunder-td","Jordan 4 Retro Red Thunder (TD)",1047
2026-07-16T14:31:20.957Z,gid://shopify/Product/15107050209666,"air-jordan-4-retro-se-deep-ocean","Jordan 4 Retro SE Sashiko",907
2026-07-16T14:31:20.957Z,gid://shopify/Product/15107052110210,"air-jordan-4-retro-seafoam-sail-ps","Jordan 4 Retro Seafoam Sail (PS)",996
2026-07-16T14:31:20.957Z,gid://shopify/Product/15107053945218,"air-jordan-4-retro-starfish-w","Jordan 4 Retro Starfish (Women's)",1168
2026-07-16T14:31:20.957Z,gid://shopify/Product/15107055452546,"air-jordan-4-retro-thunder-2023-ps","Jordan 4 Retro Thunder (2023) (PS)",925
2026-07-16T14:31:20.957Z,gid://shopify/Product/15107057680770,"air-jordan-4-retro-union-guava-ice","Jordan 4 Retro Union Guava Ice",1061
2026-07-16T14:31:20.957Z,gid://shopify/Product/15107060466050,"air-jordan-4-retro-what-the-gs","Jordan 4 Retro What The (GS)",1045
2026-07-16T14:31:20.957Z,gid://shopify/Product/15107060892034,"air-jordan-4-retro-where-the-wild-things-are-td","Jordan 4 Retro Where the Wild Things Are (TD)",950
2026-07-16T14:31:20.957Z,gid://shopify/Product/15107061645698,"air-jordan-4-retro-white-lemon-pink-ps","Jordan 4 Retro White Lemon Pink (PS)",1198
2026-07-16T14:31:20.958Z,gid://shopify/Product/15107063480706,"air-jordan-4-retro-winter","Jordan 4 Retro Winterized Loyal Blue",1047
2026-07-16T14:31:20.958Z,gid://shopify/Product/15107064660354,"air-jordan-4-rm-black-sail","Jordan 4 RM Black Sail",1029
2026-07-16T14:31:20.958Z,gid://shopify/Product/15107066331522,"air-jordan-4-rm-nigel-sylvester-pro-green","Jordan 4 RM SP Nigel Sylvester Grandma's Driveway",1345
2026-07-16T14:31:20.958Z,gid://shopify/Product/15107070001538,"air-jordan-5-retro-a-ma-maniere-diffused-blue-womens","Jordan 5 Retro A Ma Maniére Dawn (Women's)",1035
2026-07-16T14:31:20.958Z,gid://shopify/Product/15107071410562,"air-jordan-5-retro-aqua","Jordan 5 Retro Aqua",944
2026-07-16T14:31:20.958Z,gid://shopify/Product/15107073278338,"air-jordan-5-retro-bluebird-w","Jordan 5 Retro Bluebird (Women's)",810
2026-07-16T14:31:20.958Z,gid://shopify/Product/15107074916738,"air-jordan-5-retro-dark-concord-td","Jordan 5 Retro Dark Concord (TD)",1387
2026-07-16T14:31:20.958Z,gid://shopify/Product/15107076522370,"air-jordan-5-retro-easter-2022-gs","Jordan 5 Retro Easter (2022) (GS)",939
2026-07-16T14:31:20.958Z,gid://shopify/Product/15107078357378,"air-jordan-5-retro-fire-red-silver-tongue-2020-ps","Jordan 5 Retro Fire Red Silver Tongue (2020) (PS)",1111
2026-07-16T14:31:20.958Z,gid://shopify/Product/15107081273730,"air-jordan-5-retro-grape-2025-gs","Jordan 5 Retro Grape (2025) (GS)",1610
2026-07-16T14:31:20.958Z,gid://shopify/Product/15107082682754,"air-jordan-5-retro-heiress-camo-gs","Jordan 5 Retro Heiress Camo (GS)",1046
2026-07-16T14:31:20.958Z,gid://shopify/Product/15107083436418,"air-jordan-5-retro-laney-varsity-royal-gs","Jordan 5 Retro Laney Varsity Royal (GS)",1193
2026-07-16T14:31:20.958Z,gid://shopify/Product/15107084976514,"air-jordan-5-retro-low-doernbecher-2022","Jordan 5 Retro Low Doernbecher Michael (2022)",1065
2026-07-16T14:31:20.958Z,gid://shopify/Product/15107085894018,"air-jordan-5-retro-low-golf-lucky-and-good","Jordan 5 Retro Low Golf Lucky and Good",1022
2026-07-16T14:33:15.742Z,gid://shopify/Product/15107087729026,"air-jordan-5-retro-michigan-2019","Jordan 5 Retro Michigan (2019)",1145
2026-07-16T14:33:15.744Z,gid://shopify/Product/15107088613762,"air-jordan-5-retro-off-white-black-ps","Jordan 5 Retro Off-White Muslin (PS)",1225
2026-07-16T14:33:15.744Z,gid://shopify/Product/15107089727874,"air-jordan-5-retro-olive-2024-td","Jordan 5 Retro Olive (2024) (TD)",1086
2026-07-16T14:33:15.744Z,gid://shopify/Product/15107090776450,"air-jordan-5-retro-racer-blue-gs","Jordan 5 Retro Racer Blue (GS)",1105
2026-07-16T14:33:15.744Z,gid://shopify/Product/15107091628418,"air-jordan-5-retro-red-suede","Jordan 5 Retro Red Suede",1051
2026-07-16T14:33:15.744Z,gid://shopify/Product/15107093070210,"air-jordan-5-retro-se-craft-light-orewood-brown","Jordan 5 Retro SE Craft Light Orewood Brown",1077
2026-07-16T14:33:15.744Z,gid://shopify/Product/15107094151554,"air-jordan-5-retro-sp-a-ma-maniere-black","Jordan 5 Retro A Ma Maniére Dusk",1520
2026-07-16T14:33:15.744Z,gid://shopify/Product/15107095298434,"air-jordan-5-retro-triple-black","Jordan 5 Retro Premium Triple Black",978
2026-07-16T14:33:15.745Z,gid://shopify/Product/15107097166210,"air-jordan-5-retro-white-pink-red-gs","Jordan 5 Retro White Pink Red (GS)",1183
2026-07-16T14:33:15.745Z,gid://shopify/Product/15107097821570,"air-jordan-5-retro-wings-gs","Jordan 5 Retro Wings (GS)",924
2026-07-16T14:33:15.745Z,gid://shopify/Product/15107100410242,"air-jordan-6-retro-alligator-gs","Jordan 6 Retro Alligator (GS)",1037
2026-07-16T14:33:15.745Z,gid://shopify/Product/15107101458818,"air-jordan-6-retro-black-cat","Jordan 6 Retro Black Cat",1057
2026-07-16T14:33:15.745Z,gid://shopify/Product/15107102802306,"air-jordan-6-retro-bordeaux-gs","Jordan 6 Retro Bordeaux (GS)",1040
2026-07-16T14:33:15.745Z,gid://shopify/Product/15107103424898,"air-jordan-6-retro-chinese-new-year-2018","Jordan 6 Retro Chinese New Year (2018)",1085
2026-07-16T14:33:15.745Z,gid://shopify/Product/15107104014722,"air-jordan-6-retro-cool-grey-2023-ps","Jordan 6 Retro Cool Grey (PS)",1384
2026-07-16T14:33:15.745Z,gid://shopify/Product/15107105489282,"air-jordan-6-retro-dmp-2020-gs","Jordan 6 Retro DMP 2020 (GS)",1034
2026-07-16T14:33:15.745Z,gid://shopify/Product/15107106767234,"air-jordan-6-retro-electric-green-td","Jordan 6 Retro Electric Green (TD)",1055
2026-07-16T14:33:15.745Z,gid://shopify/Product/15107107783042,"air-jordan-6-retro-georgetown-2022-gs","Jordan 6 Retro Georgetown (2022) (GS)",1010
2026-07-16T14:33:15.745Z,gid://shopify/Product/15107109126530,"air-jordan-6-retro-low-atmosphere-gs","Jordan 6 Retro Low Atmosphere (GS)",811
2026-07-16T14:33:15.745Z,gid://shopify/Product/15107110502786,"air-jordan-6-retro-low-golf-white-infrared","Jordan 6 Retro Low Golf White Infrared",1307
2026-07-16T14:33:15.745Z,gid://shopify/Product/15107111879042,"air-jordan-6-retro-midnight-navy-2022-gs","Jordan 6 Retro Midnight Navy (2022) (GS)",1005
2026-07-16T14:33:15.745Z,gid://shopify/Product/15107114238338,"air-jordan-6-retro-olympic-2024-td","Jordan 6 Retro Olympic (2024) (TD)",952
2026-07-16T14:33:15.745Z,gid://shopify/Product/15107115483522,"air-jordan-6-retro-quai54-sail-brown-2020","Jordan 6 Retro Quai 54 Sail Brown (2020)",1060
2026-07-16T14:33:15.745Z,gid://shopify/Product/15107116925314,"air-jordan-6-retro-reverse-oreo-ps","Jordan 6 Retro Reverse Oreo (PS)",1407
2026-07-16T14:33:15.746Z,gid://shopify/Product/15107118236034,"air-jordan-6-retro-toro-bravo-ps","Jordan 6 Retro Toro Bravo (PS)",1423
2026-07-16T14:33:15.746Z,gid://shopify/Product/15107119612290,"air-jordan-6-retro-travis-scott-ps","Jordan 6 Retro Travis Scott (PS)",1169
2026-07-16T14:33:15.746Z,gid://shopify/Product/15107120628098,"air-jordan-6-retro-unc-white-gs","Jordan 6 Retro UNC White (GS)",1098
2026-07-16T14:33:15.746Z,gid://shopify/Product/15107123413378,"air-jordan-6-retro-white-concord-infrared-23","Jordan 6 Retro Flight Nostalgia",882
2026-07-16T14:33:15.746Z,gid://shopify/Product/15107215393154,"air-jordan-6-rings-motorsport-2021","Jordan 6 Rings Motorsport (2021)",1258
2026-07-16T14:33:15.746Z,gid://shopify/Product/15107220603266,"air-jordan-6-rings-white-midnight-navy","Jordan 6 Rings White Midnight Navy",985
2026-07-16T14:33:15.746Z,gid://shopify/Product/15107222700418,"air-jordan-7-retro-cardinal-2022","Jordan 7 Retro Cardinal (2022)",1093
2026-07-16T14:33:15.746Z,gid://shopify/Product/15107223847298,"air-jordan-8-retro-winterized-gunsmoke-gs","Jordan 8 Retro Winterized Gunsmoke (GS)",1334
2026-07-16T14:33:15.746Z,gid://shopify/Product/15107225026946,"air-jordan-9-retro-low-golf-us-open","Jordan 9 Retro Low Golf US Open",1236
2026-07-16T14:33:15.746Z,gid://shopify/Product/15107226829186,"air-jordan-adg-4-golf-white-french-blue","Jordan ADG 4 Golf White French Blue",1261
2026-07-16T14:33:15.746Z,gid://shopify/Product/15107229483394,"air-jordan-courtside-23-desert-gum","Jordan Courtside 23 Desert Gum",1182
2026-07-16T14:33:15.746Z,gid://shopify/Product/15107234038146,"air-jordan-hydro-5-retro-premier-playoffs","Jordan Hydro 5 Retro Premier Playoffs",1267
2026-07-16T14:33:15.746Z,gid://shopify/Product/15107236594050,"air-jordan-jumpman-jack-tr-travis-scott-dark-mocha-td","Jordan Jumpman Jack TR Travis Scott Dark Mocha (TD)",1429
2026-07-16T14:33:15.746Z,gid://shopify/Product/15107239051650,"air-jordan-legacy-312-low-chicago","Jordan Legacy 312 Low Chicago",1063
2026-07-16T14:33:15.746Z,gid://shopify/Product/15107241410946,"air-jordan-lift-off-white","Jordan Lift Off White",1207
2026-07-16T14:33:15.746Z,gid://shopify/Product/15107243803010,"air-jordan-luka-2-space-hunter","Jordan Luka 2 Luk.AI Space Hunter",1468
2026-07-16T14:35:27.149Z,gid://shopify/Product/15107250880898,"air-jordan-nu-retro-1-low-sport-royal","Jordan Nu Retro 1 Low Sport Royal",1097
2026-07-16T14:35:27.153Z,gid://shopify/Product/15107256549762,"air-jordan-spizike-low-bred","Jordan Spizike Low Bred",1249
2026-07-16T14:35:27.153Z,gid://shopify/Product/15107257631106,"air-jordan-spizike-low-obsidian","Jordan Spizike Low Obsidian",1359
2026-07-16T14:35:27.153Z,gid://shopify/Product/15107260219778,"air-jordan-tatum-3-zen","Jordan Tatum 3 Zen",1500
2026-07-16T14:35:27.153Z,gid://shopify/Product/15107273785730,"air-jordan-6-retro-white-laser-fuchsia-green-abyss-gs","Jordan 6 Retro White Laser Fuchsia Green Abyss (GS)",1383
2026-07-16T14:35:27.154Z,gid://shopify/Product/15107275850114,"air-jordan-6-rings-black-ice","Jordan 6 Rings Black Ice",1090
2026-07-16T14:35:27.154Z,gid://shopify/Product/15107278373250,"air-jordan-6-rings-cool-grey-white","Jordan 6 Rings Cool Grey White",1275
2026-07-16T14:35:27.154Z,gid://shopify/Product/15108218093954,"air-jordan-xxxiv-amber-rise","Jordan XXXIV Amber Rise",1347
2026-07-16T14:35:27.154Z,gid://shopify/Product/15108220060034,"air-jordan-xxxiv-infrared-23","Jordan XXXIV Infrared 23",1300
2026-07-16T14:35:27.154Z,gid://shopify/Product/15108221829506,"air-jordan-xxxiv-low-regency-purple","Jordan XXXIV Low Regency Purple",1513
2026-07-16T14:35:27.154Z,gid://shopify/Product/15108223631746,"air-jordan-xxxv-bayou-boys","Air Jordan XXXV Bayou Boys",1348
2026-07-16T14:35:27.154Z,gid://shopify/Product/15108225433986,"air-jordan-xxxv-dna","Jordan XXXV DNA (White Sole)",1503
2026-07-16T14:35:27.154Z,gid://shopify/Product/15108228284802,"air-jordan-xxxv-low-metallic-silver-clear-sole","Jordan XXXV Low Metallic Silver (Clear Sole)",1252
2026-07-16T14:35:27.154Z,gid://shopify/Product/15108230775170,"air-jordan-xxxxv-fragment","Jordan XXXV Fragment",1228
2026-07-16T14:35:27.154Z,gid://shopify/Product/15108238475650,"arcteryx-beta-ar-jacket-mens-jacket-black","Arc'teryx Beta AR Jacket Men's Jacket Black",1323
2026-07-16T14:35:27.154Z,gid://shopify/Product/15108244308354,"bape-city-camo-shark-full-zip-hoodie-2023-black","BAPE City Camo Shark Full Zip Hoodie (SS23) Black",699
2026-07-16T14:35:27.154Z,gid://shopify/Product/15108252926338,"bearbrick-kuniyoshi-utagawa-soma-no-kouchi-ura-100-400-set","Bearbrick Utagawa Kuniyoshi (The Haunted Old Palace at Soma) 100% & 400% Set",939
2026-07-16T14:35:27.154Z,gid://shopify/Product/15108254957954,"bearbrick-michael-jordan-1992-team-usa-dream-team-1000-gold-chrome","Bearbrick Michael Jordan 1992 Team USA (Dream Team) 1000% Gold Chrome",1080
2026-07-16T14:35:27.154Z,gid://shopify/Product/15108267573634,"burberry-letter-graphic-cotton-blend-zip-hoodie-pale-grey-melange","Burberry Letter Graphic Cotton Blend Zip Hoodie Pale Grey Melange",1249
2026-07-16T14:35:27.154Z,gid://shopify/Product/15108275962242,"converse-chuck-taylor-all-star-2-in-1-70s-hi-feng-chen-wang-pink-quartz","Converse Chuck Taylor All Star 70 Hi Feng Chen Wang 2-in-1 Pink Quartz",1306
2026-07-16T14:35:27.154Z,gid://shopify/Product/15108279173506,"corteiz-x-nike-nrg-pant-off-white","Corteiz x Nike NRG Pant Off White",1149
2026-07-16T14:35:27.154Z,gid://shopify/Product/15108290609538,"crocs-pollex-clog-by-salehe-bembury-ube","Crocs Pollex Clog by Salehe Bembury Ube",1294
2026-07-16T14:35:27.154Z,gid://shopify/Product/15108294214018,"dior-x-jordan-wings-card-holder-4-card-slot-grey","Dior x Jordan Wings Card Holder (4 Card Slot) Grey",1001
2026-07-16T14:35:27.154Z,gid://shopify/Product/15108298637698,"eric-emanuel-x-matty-boy-ee-shorts-slime-orange","Eric Emanuel x Matty Boy EE Shorts Slime/Orange",1032
2026-07-16T14:35:27.155Z,gid://shopify/Product/15108317086082,"funko-pop-basketball-michael-jordan-north-carolina-jersey-figure-74","Funko Pop! Basketball Michael Jordan North Carolina Jersey Figure #74",934
2026-07-16T14:35:27.155Z,gid://shopify/Product/15108318396802,"gallery-dept-fucked-up-trucker-hat-black","Gallery Dept. Fucked Up Trucker Hat Black",984
2026-07-16T14:35:27.155Z,gid://shopify/Product/15108324721026,"gucci-leather-wallet-with-gucci-logo-8-card-slot-black","Gucci Leather Wallet with Gucci Logo (8 Card Slot) Black",711
2026-07-16T14:35:27.155Z,gid://shopify/Product/15108326228354,"gucci-travel-nylon-backpack-large-black","Gucci Travel Nylon Backpack Large Black",421
2026-07-16T14:35:27.155Z,gid://shopify/Product/15108339761538,"jordan-10-retro-bobcats","Jordan 10 Retro Bobcats",1077
2026-07-16T14:35:27.155Z,gid://shopify/Product/15108344086914,"jordan-10-retro-double-nickel","Jordan 10 Retro Double Nickel",1373
2026-07-16T14:35:27.155Z,gid://shopify/Product/15108346413442,"jordan-10-retro-new-york-city-2016","Jordan 10 Retro New York City (2016)",1112
2026-07-16T14:35:27.155Z,gid://shopify/Product/15108348838274,"jordan-10-retro-steel-2005","Jordan 10 Retro Steel (2005)",1324
2026-07-16T14:35:27.155Z,gid://shopify/Product/15108350837122,"jordan-11-retro-cool-grey-2010","Jordan 11 Retro Cool Grey (2010)",1209
2026-07-16T14:35:27.155Z,gid://shopify/Product/15108352442754,"jordan-11-retro-low-closing-ceremony","Jordan 11 Retro Low Closing Ceremony",1173
2026-07-16T14:35:27.155Z,gid://shopify/Product/15108354277762,"jordan-11-retro-pantone","Jordan 11 Retro Pantone",1310
2026-07-16T14:35:27.155Z,gid://shopify/Product/15108355391874,"jordan-13-retro-low-bred","Jordan 13 Retro Low Bred",1218
2026-07-16T14:35:27.155Z,gid://shopify/Product/15108357620098,"jordan-3-retro-black-cement-2011","Jordan 3 Retro Black Cement (2011)",1568
2026-07-16T14:35:27.155Z,gid://shopify/Product/15108359913858,"jordan-4-retro-cavs","Jordan 4 Retro Cavs",1380
2026-07-16T14:35:27.155Z,gid://shopify/Product/15108361421186,"jordan-4-retro-dunk-from-above","Jordan 4 Retro Dunk From Above",1307
2026-07-16T14:35:27.155Z,gid://shopify/Product/15108363616642,"jordan-4-retro-laser-gs","Jordan 4 Retro Laser (GS)",1477
2026-07-16T14:37:13.406Z,gid://shopify/Product/15108365582722,"jordan-4-retro-pure-money","Jordan 4 Retro Pure Money (2006)",1120
2026-07-16T14:37:13.408Z,gid://shopify/Product/15108367712642,"jordan-4-retro-tour-yellow-rare-air","Jordan 4 Retro Tour Yellow / Rare Air",1364
2026-07-16T14:37:13.408Z,gid://shopify/Product/15108369285506,"jordan-5-retro-3lab5-black-silver","Jordan 5 Retro 3Lab5 Black Silver",1249
2026-07-16T14:37:13.408Z,gid://shopify/Product/15108370497922,"jordan-5-retro-black-metallic-2016","Jordan 5 Retro Black Metallic (2016)",1046
2026-07-16T14:37:13.408Z,gid://shopify/Product/15108372365698,"jordan-5-retro-fire-red-2006","Jordan 5 Retro Fire Red (2006)",1178
2026-07-16T14:37:13.408Z,gid://shopify/Product/15108374299010,"jordan-5-retro-independence-day","Jordan 5 Retro Independence Day",1125
2026-07-16T14:37:13.408Z,gid://shopify/Product/15108375839106,"jordan-5-retro-low-knicks","Jordan 5 Retro Low Knicks",1027
2026-07-16T14:37:13.408Z,gid://shopify/Product/15108377543042,"jordan-5-retro-pre-grape","Jordan 5 Retro Pre-Grape",1259
2026-07-16T14:37:13.408Z,gid://shopify/Product/15108380983682,"jordan-6-retro-black-varsity-red-2010","Jordan 6 Retro Black Varsity Red (2010)",1174
2026-07-16T14:37:13.408Z,gid://shopify/Product/15108383736194,"jordan-6-retro-cigar","Jordan 6 Retro Cigar",1210
2026-07-16T14:37:13.408Z,gid://shopify/Product/15108387963266,"jordan-6-retro-infrared-white-2010","Jordan 6 Retro Bulls (2010)",1209
2026-07-16T14:37:13.408Z,gid://shopify/Product/15108391207298,"jordan-6-retro-maroon-2015","Jordan 6 Retro Maroon (2015)",1178
2026-07-16T14:37:13.408Z,gid://shopify/Product/15108393959810,"jordan-6-retro-sport-blue-2014","Jordan 6 Retro Sport Blue (2014)",972
2026-07-16T14:37:13.409Z,gid://shopify/Product/15109137531266,"jordan-infrared-pack-6-6","Jordan Infrared Pack 6/6",1119
2026-07-16T14:37:13.409Z,gid://shopify/Product/15109143658882,"jordan-x-a-ma-maniere-hoodie-sweater-black","Jordan x A Ma Maniére Hoodie Sweater Black",1083
2026-07-16T14:37:13.409Z,gid://shopify/Product/15109147033986,"nike-x-travis-scott-t-shirt-black","Jordan x Travis Scott T-shirt Black",1046
2026-07-16T14:37:13.409Z,gid://shopify/Product/15109153390978,"kaws-tokyo-first-chum-keychain-clear-white-black-yellow-pink-set-2021","KAWS Tokyo First Chum Keychain Clear/White/Black/Yellow/Pink Set (2021)",1061
2026-07-16T14:37:13.409Z,gid://shopify/Product/15109154734466,"kaws-x-warhol-graphic-472951-sweatshirt-gray","KAWS x Uniqlo Warhol Graphic 472951 Sweatshirt Gray",877
2026-07-16T14:37:13.409Z,gid://shopify/Product/15109159059842,"kith-quinn-l-s-tee-black","Kith Quinn L/S Tee Black",1228
2026-07-16T14:37:13.409Z,gid://shopify/Product/15109161058690,"kith-spider-man-60th-anniversary-comic-book","Kith Spider-Man 60th Anniversary Comic Book",873
2026-07-16T14:37:13.409Z,gid://shopify/Product/15109167186306,"kith-x-peanuts-space-vintage-tee-black","Kith x Peanuts Space Vintage Tee Black",1365
2026-07-16T14:37:13.409Z,gid://shopify/Product/15109172461954,"kobe-10-elite-high-what-the","Nike Kobe 10 Elite High What The",1171
2026-07-16T14:37:13.409Z,gid://shopify/Product/15109179310466,"lebron-x-all-star-area-72","Nike LeBron X All-Star Area 72",1023
2026-07-16T14:37:13.409Z,gid://shopify/Product/15109181538690,"lebron-x-ext-hazelnut","Nike LeBron X EXT Hazelnut",1157
2026-07-16T14:37:13.409Z,gid://shopify/Product/15109188092290,"lego-creator-winter-holiday-train-set-10254","LEGO Creator Winter Holiday Train Set 10254",536
2026-07-16T14:37:13.409Z,gid://shopify/Product/15109189337474,"lego-harry-potter-hogwarts-chamber-of-secrets-set-76389","LEGO Harry Potter Hogwarts Chamber of Secrets Set 76389",730
2026-07-16T14:37:13.409Z,gid://shopify/Product/15109190386050,"lego-ideas-pirates-of-barracuda-bay-set-21322","LEGO Ideas Pirates of Barracuda Bay Set 21322",577
2026-07-16T14:37:13.409Z,gid://shopify/Product/15109191139714,"lego-police-station-set-10278","LEGO Creator Police Station Set 10278",911
2026-07-16T14:37:13.409Z,gid://shopify/Product/15109191729538,"lego-star-wars-super-star-destroyer-set-10221","LEGO Star Wars Super Star Destroyer Set 10221",844
2026-07-16T14:37:13.409Z,gid://shopify/Product/15109192548738,"lego-the-lord-of-the-rings-the-tower-of-orthanc-set-10237","LEGO The Lord of the Rings The Tower of Orthanc Set 10237",705
2026-07-16T14:37:13.409Z,gid://shopify/Product/15109193302402,"louis-vuitton-pochette-felicie-monogram-toile-coated-canvas-fuchsia","Louis Vuitton Pochette Felicie Monogram (Without Accessories) Fuchsia Lining",990
2026-07-16T14:37:13.409Z,gid://shopify/Product/15109194252674,"maison-mihara-yasuhiro-hank-og-sole-canvas-low-clear-blue","Maison Mihara Yasuhiro Hank OG Sole Canvas Low Clear Blue",1131
2026-07-16T14:37:13.409Z,gid://shopify/Product/15109194744194,"maison-mihara-yasuhiro-peterson-og-sole-canvas-low-pink","Maison Mihara Yasuhiro Peterson OG Sole Canvas Low Pink",1273
2026-07-16T14:37:13.409Z,gid://shopify/Product/15109195923842,"michael-kors-jet-set-east-west-crossbody-bag-large-brown","Michael Kors Jet Set East West Crossbody Bag Large Brown",446
2026-07-16T14:37:13.410Z,gid://shopify/Product/15109196317058,"mihara-yasuhiro-blakey-og-sole-canvas-low-black","Maison Mihara Yasuhiro Blakey OG Sole Canvas Low Black White",1142
2026-07-16T14:37:13.410Z,gid://shopify/Product/15109197726082,"new-balance-1000-aime-leon-dore-white","New Balance 1000 Aime Leon Dore White",1418
2026-07-16T14:37:13.410Z,gid://shopify/Product/15109198381442,"new-balance-1000-kith-quarry","New Balance 1000 Kith 101 Quarry",1029
2026-07-16T14:37:13.410Z,gid://shopify/Product/15109199954306,"new-balance-1500-miuk-salehe-bembury-olive-grey","New Balance 1500 MiUK Salehe Bembury Olive Grey",1196
2026-07-16T14:37:13.410Z,gid://shopify/Product/15109200642434,"new-balance-1906a-sea-salt-astro-dust","New Balance 1906A Sea Salt Astro Dust",1279
2026-07-16T14:37:13.410Z,gid://shopify/Product/15109201297794,"new-balance-1906d-protection-pack-silver-metallic","New Balance 1906D Protection Pack Silver Metallic",1247
2026-07-16T14:39:18.901Z,gid://shopify/Product/15109202084226,"new-balance-1906l-metallic-silver","New Balance 1906L Metallic Silver",1111
2026-07-16T14:39:18.903Z,gid://shopify/Product/15109202805122,"new-balance-1906r-black-metallic-silver","New Balance 1906R Black Metallic Silver",1186
2026-07-16T14:39:18.903Z,gid://shopify/Product/15109203263874,"new-balance-1906r-cordura-outerspace","New Balance 1906R Cordura Outerspace",1051
2026-07-16T14:39:18.903Z,gid://shopify/Product/15109203657090,"new-balance-1906r-lunar-new-year-pink","New Balance 1906R Lunar New Year Pink",1270
2026-07-16T14:39:18.903Z,gid://shopify/Product/15109204738434,"new-balance-1906r-silver-metallic-nightwatch-green","New Balance 1906R Silver Metallic Nightwatch Green",1378
2026-07-16T14:39:18.904Z,gid://shopify/Product/15109205426562,"new-balance-1906r-white-green-cream","New Balance 1906R White Green Cream",1108
2026-07-16T14:39:18.904Z,gid://shopify/Product/15109206245762,"new-balance-2002r-concrete-grey","New Balance 2002R Concrete Grey",1304
2026-07-16T14:39:18.904Z,gid://shopify/Product/15109206770050,"new-balance-2002r-grey-black-jd-sports-exclusive","New Balance 2002R Grey Black JD Sports Exclusive",1119
2026-07-16T14:39:18.904Z,gid://shopify/Product/15109207720322,"new-balance-2002r-mule-protection-pack-rain-cloud","New Balance 2002R Mule Protection Pack Rain Cloud",1274
2026-07-16T14:39:18.904Z,gid://shopify/Product/15109208768898,"new-balance-2002r-orb-pink","New Balance 2002R Orb Pink",1286
2026-07-16T14:39:18.904Z,gid://shopify/Product/15109209260418,"new-balance-2002r-protection-pack-driftwood","New Balance 2002R Protection Pack Driftwood",1078
2026-07-16T14:39:18.904Z,gid://shopify/Product/15109209817474,"new-balance-2002r-protection-pack-pink","New Balance 2002R Protection Pack Pink",1224
2026-07-16T14:39:18.904Z,gid://shopify/Product/15109210505602,"new-balance-2002r-vintage-indigo-calm-taupe","New Balance 2002R Vintage Indigo Calm Taupe",1030
2026-07-16T14:39:18.904Z,gid://shopify/Product/15109210931586,"new-balance-327-black-white-n-logo","New Balance 327 Black White N Logo",1166
2026-07-16T14:39:18.904Z,gid://shopify/Product/15109211324802,"new-balance-327-moonbeam-true-red-womens","New Balance 327 Moonbeam True Red (Women's)",1457
2026-07-16T14:39:18.904Z,gid://shopify/Product/15109211980162,"new-balance-327-white-moonbeam-w","New Balance 327 White Moonbeam (Women's)",948
2026-07-16T14:39:18.904Z,gid://shopify/Product/15109214142850,"new-balance-530-beige-angora","New Balance 530 Beige Angora",869
2026-07-16T14:39:18.905Z,gid://shopify/Product/15109216502146,"new-balance-530-moonbeam","New Balance 530 Moonbeam",1388
2026-07-16T14:39:18.905Z,gid://shopify/Product/15109226496386,"new-balance-530-sea-salt-marsh-green","New Balance 530 Sea Salt Marsh Green",1412
2026-07-16T14:39:18.905Z,gid://shopify/Product/15109228626306,"new-balance-530-triple-white","New Balance 530 Triple White",1386
2026-07-16T14:39:18.905Z,gid://shopify/Product/15109230592386,"new-balance-530-white-pearl-grey","New Balance 530 White Pearl Grey",1146
2026-07-16T14:39:18.905Z,gid://shopify/Product/15109233541506,"new-balance-550-burnt-orange","New Balance 550 Burnt Orange",1332
2026-07-16T14:39:18.905Z,gid://shopify/Product/15109235704194,"new-balance-550-sea-salt-pack-marsh-green","New Balance 550 Sea Salt Pack Marsh Green",1316
2026-07-16T14:39:18.905Z,gid://shopify/Product/15109237834114,"new-balance-550-turtledove-white","New Balance 550 Turtledove White",1398
2026-07-16T14:39:18.905Z,gid://shopify/Product/15109240160642,"new-balance-550-white-black-rain-cloud","New Balance 550 White Black Rain Cloud",1066
2026-07-16T14:39:18.905Z,gid://shopify/Product/15109242683778,"new-balance-550-white-mint-green","New Balance 550 White Mint Green",1002
2026-07-16T14:39:18.905Z,gid://shopify/Product/15109243994498,"new-balance-550-white-winter-fog-navy","New Balance 550 White Winter Fog Navy",1322
2026-07-16T14:39:18.905Z,gid://shopify/Product/15109244649858,"new-balance-574-legacy-stone-island-light-green","New Balance 574 Legacy Stone Island Light Green",1312
2026-07-16T14:39:18.905Z,gid://shopify/Product/15109245305218,"new-balance-610-silver-metallic-reflection-green","New Balance 610 Silver Metallic Reflection Green",1218
2026-07-16T14:39:18.905Z,gid://shopify/Product/15109245731202,"new-balance-740v2-black-grey-silver","New Balance 740v2 Black Grey Silver",1195
2026-07-16T14:39:18.905Z,gid://shopify/Product/15109246386562,"new-balance-860-v2-mallard-green","New Balance 860 V2 Mallard Green",1236
2026-07-16T14:39:18.905Z,gid://shopify/Product/15109248287106,"new-balance-9060-black-grey-td","New Balance 9060 Black Grey (TD)",956
2026-07-16T14:39:18.906Z,gid://shopify/Product/15109248745858,"new-balance-9060-bone-sparrow-gs","New Balance 9060 Bone Sparrow (GS)",1608
2026-07-16T14:39:18.906Z,gid://shopify/Product/15109249827202,"new-balance-9060-december-sky","New Balance 9060 December Sky",1219
2026-07-16T14:39:18.906Z,gid://shopify/Product/15109250810242,"new-balance-9060-green-cream","New Balance 9060 New Spruce Salt Marsh",1241
2026-07-16T14:39:18.906Z,gid://shopify/Product/15109251400066,"new-balance-9060-incense-raincloud-arid-stone","New Balance 9060 Incense Raincloud Arid Stone",1312
2026-07-16T14:39:18.906Z,gid://shopify/Product/15109252186498,"new-balance-9060-mushroom-brown","New Balance 9060 Mushroom Brown",1240
2026-07-16T14:39:18.906Z,gid://shopify/Product/15109253071234,"new-balance-9060-pink-white-gs","New Balance 9060 Pink White (GS)",1237
2026-07-16T14:39:18.906Z,gid://shopify/Product/15109253693826,"new-balance-9060-reflection-quarry-blue-gs","New Balance 9060 Reflection Quarry Blue (GS)",1381
2026-07-16T14:39:18.906Z,gid://shopify/Product/15109254971778,"new-balance-9060-sea-stone-black","New Balance 9060 Sea Stone Black",1585
2026-07-16T14:41:13.102Z,gid://shopify/Product/15109256806786,"new-balance-9060-turtledove","New Balance 9060 Turtledove",1304
2026-07-16T14:41:13.105Z,gid://shopify/Product/15109257462146,"new-balance-9060-white-taro","New Balance 9060 White Taro",1066
2026-07-16T14:41:13.105Z,gid://shopify/Product/15109257953666,"new-balance-990v3-grey-2019","New Balance 990v3 MiUSA Grey",934
2026-07-16T14:41:13.105Z,gid://shopify/Product/15109259035010,"new-balance-990v4-miusa-auralee-grey","New Balance 990v4 MiUSA Auralee Grey",1097
2026-07-16T14:41:13.105Z,gid://shopify/Product/15109259886978,"new-balance-990v5-grey","New Balance 990v5 Grey",947
2026-07-16T14:41:13.105Z,gid://shopify/Product/15109261263234,"new-balance-990v6-miusa-cream","New Balance 990v6 MiUSA Cream",1129
2026-07-16T14:41:13.105Z,gid://shopify/Product/15109262115202,"new-balance-990v6-miusa-navy-white","New Balance 990v6 MiUSA Navy White",1209
2026-07-16T14:41:13.105Z,gid://shopify/Product/15109262508418,"new-balance-990v6-miusa-teddy-santis-reflection-marblehead","New Balance 990v6 MiUSA Teddy Santis Reflection Marblehead",1180
2026-07-16T14:41:13.105Z,gid://shopify/Product/15109263229314,"new-balance-991-kith-grey","New Balance 991 MiUK Kith Grey",920
2026-07-16T14:41:13.106Z,gid://shopify/Product/15109263556994,"new-balance-991v2-miuk-stone-island-black","New Balance 991v2 MiUK Stone Island Black",1193
2026-07-16T14:41:13.106Z,gid://shopify/Product/15109264114050,"new-balance-993-joe-freshgoods-performance-art-arctic-blue","New Balance 993 Joe Freshgoods Performance Art Arctic Blue",876
2026-07-16T14:41:13.106Z,gid://shopify/Product/15109264507266,"new-balance-996-miusa-grey-navy","New Balance 996 MiUSA Grey Day (2023)",1312
2026-07-16T14:41:13.106Z,gid://shopify/Product/15109265359234,"new-balance-998-miusa-teddy-santis-grey-cream","New Balance 998 MiUSA Teddy Santis Grey Cream",1170
2026-07-16T14:41:13.106Z,gid://shopify/Product/15109267456386,"new-balance-numeric-480-black-white","New Balance Numeric 480 Black White",1040
2026-07-16T14:41:13.106Z,gid://shopify/Product/15109268767106,"new-era-x-takashi-murakami-x-mlb-world-tour-tokyo-series-2025-new-era-59fifty-dodgers-fitted-hat-black","New Era x Takashi Murakami x MLB World Tour Tokyo Series 2025 New Era 59Fifty Dodgers Fitted Hat Black",1074
2026-07-16T14:41:13.106Z,gid://shopify/Product/15109269848450,"nike-air-alpha-force-88-sp-billie-eilish-fire-red-white","Nike Air Alpha Force 88 SP Billie Eilish Fire Red White",1292
2026-07-16T14:41:13.106Z,gid://shopify/Product/15109272568194,"nike-air-foamposite-one-tekken-8-jin-kazama","Nike Air Foamposite One Tekken 8 Jin Kazama",1078
2026-07-16T14:41:13.106Z,gid://shopify/Product/15109273387394,"nike-air-force-1-high-og-qs-university-blue-w","Nike Air Force 1 High OG QS University Blue (Women's)",1268
2026-07-16T14:41:13.106Z,gid://shopify/Product/15109273846146,"nike-air-force-1-low-07-qs-uno-gs","Nike Air Force 1 Low '07 QS Uno (GS)",1223
2026-07-16T14:41:13.106Z,gid://shopify/Product/15109274468738,"nike-air-force-1-low-07-white-travis-scott-cactus-jack-utopia-edition-womens","Nike Air Force 1 Low '07 White (Travis Scott Cactus Jack Utopia Edition) (Women's)",1256
2026-07-16T14:41:13.106Z,gid://shopify/Product/15109276467586,"nike-air-force-1-low-flax-2019","Nike Air Force 1 Low Flax Wheat",1002
2026-07-16T14:41:13.106Z,gid://shopify/Product/15109279515010,"nike-air-force-1-low-off-white-light-green-spark","Nike Air Force 1 Low Off-White Brooklyn",1274
2026-07-16T14:41:13.106Z,gid://shopify/Product/15109280661890,"nike-air-force-1-low-qs-terror-squad-black-white","Nike Air Force 1 Low QS Terror Squad Blackout",1216
2026-07-16T14:41:13.106Z,gid://shopify/Product/15109281808770,"nike-air-force-1-low-sp-1017-alyx-9sm-black","Nike Air Force 1 Low SP 1017 ALYX 9SM Black",1014
2026-07-16T14:41:13.106Z,gid://shopify/Product/15110482002306,"nike-air-force-1-low-supreme-flax","Nike Air Force 1 Low SP Supreme Wheat",920
2026-07-16T14:41:13.107Z,gid://shopify/Product/15110487343490,"nike-air-force-1-low-white-gum","Nike Air Force 1 Low '07 White Gum",959
2026-07-16T14:41:13.107Z,gid://shopify/Product/15110489571714,"nike-air-force-1-mid-jewel-nyc-white","Nike Air Force 1 Mid QS Jewel NYC White Midnight Navy",1176
2026-07-16T14:41:13.107Z,gid://shopify/Product/15110491701634,"nike-air-force-1-mid-qs-jewel-ale-brown","Nike Air Force 1 Mid QS Jewel Ale Brown",1136
2026-07-16T14:41:13.107Z,gid://shopify/Product/15110494388610,"nike-air-huarache-white-blue-emerald-resin","Nike Air Huarache White Blue Emerald Resin",1305
2026-07-16T14:41:13.107Z,gid://shopify/Product/15110497173890,"nike-air-max-1-86-og-golf-nrg-always-fresh","Nike Air Max 1 '86 OG Golf NRG Big Bubble Always Fresh",1118
2026-07-16T14:41:13.107Z,gid://shopify/Product/15110502056322,"nike-air-max-1-cojp-michigan-womens","Nike Air Max 1 CO.JP Michigan Head to Head (Women's)",1221
2026-07-16T14:41:13.107Z,gid://shopify/Product/15110505529730,"nike-air-max-1-essential-university-gold","Nike Air Max 1 Essential University Gold",1180
2026-07-16T14:41:13.107Z,gid://shopify/Product/15110516441474,"nike-air-max-1-tour-yellow-w","Nike Air Max 1 Tour Yellow (Women's)",1029
2026-07-16T14:41:13.107Z,gid://shopify/Product/15110527877506,"nike-air-max-90-golf-white-black","Nike Air Max 90 Golf White Black",1258
2026-07-16T14:41:13.107Z,gid://shopify/Product/15110532399490,"nike-air-max-90-off-white-desert-ore-td","Nike Air Max 90 Off-White Desert Ore (TD)",1238
2026-07-16T14:41:13.107Z,gid://shopify/Product/15110541181314,"nike-air-max-90-university-gold-dusty-cactus","Nike Air Max 90 White Dusty Cactus",1093
2026-07-16T14:41:13.107Z,gid://shopify/Product/15110567690626,"nike-air-max-97-off-white-menta","Nike Air Max 97 Off-White Menta",1106
2026-07-16T14:41:13.107Z,gid://shopify/Product/15110572147074,"nike-air-max-bw-rotterdam","Nike Air Max BW QS Rotterdam",1118
2026-07-16T14:41:13.107Z,gid://shopify/Product/15110587253122,"nike-air-max-goadome-prm-black-off-noir","Nike Air Max Goadome PRM Black Off Noir",1279
2026-07-16T14:41:13.107Z,gid://shopify/Product/15110616121730,"nike-air-max-plus-triple-black-gs","Nike Air Max Plus Triple Black (GS)",1211
2026-07-16T14:42:43.742Z,gid://shopify/Product/15110624346498,"nike-air-more-uptempo-96-olympic-2024","Nike Air More Uptempo 96 Olympic (2024)",1091
2026-07-16T14:42:43.745Z,gid://shopify/Product/15110627000706,"nike-air-more-uptempo-sail-black-light-thistle-pink-foam","Nike Air More Uptempo 96 QS Thank You, Wilson",1182
2026-07-16T14:42:43.745Z,gid://shopify/Product/15110628245890,"nike-air-presto-off-white-black-2018","Nike Air Presto Off-White Black (2018)",766
2026-07-16T14:42:43.745Z,gid://shopify/Product/15110629261698,"nike-air-rubber-dunk-off-white-green-strike","Nike Air Rubber Dunk Off-White Green Strike",793
2026-07-16T14:42:43.745Z,gid://shopify/Product/15110631489922,"nike-air-terra-forma-off-white-wheat","Nike Air Terra Forma Off-White Wheat Green Strike",837
2026-07-16T14:42:43.746Z,gid://shopify/Product/15110633324930,"nike-air-vapormax-off-white-black","Nike Air VaporMax Off-White Black (2018)",748
2026-07-16T14:42:43.746Z,gid://shopify/Product/15110635291010,"nike-air-zoom-flight-95-true-red","Nike Air Zoom Flight 95 True Red",897
2026-07-16T14:42:43.746Z,gid://shopify/Product/15110637846914,"nike-air-zoom-gt-hustle-3-fp-blueprint-pack","Nike Air Zoom GT Hustle 3 FP Blueprint Pack",1177
2026-07-16T14:42:43.746Z,gid://shopify/Product/15110641189250,"nike-air-zoom-pegasus-41-white-dusty-cactus","Nike Air Zoom Pegasus 41 White Dusty Cactus",1023
2026-07-16T14:42:43.746Z,gid://shopify/Product/15110644040066,"nike-air-zoom-spiridon-og-sport-red-2024","Nike Air Zoom Spiridon OG Sport Red (2024)",1056
2026-07-16T14:42:43.746Z,gid://shopify/Product/15110646628738,"nike-air-zoom-victory-2-blueprint-pack","Nike Air Zoom Victory 2 Blueprint Pack",1088
2026-07-16T14:42:43.746Z,gid://shopify/Product/15110648889730,"nike-blazer-low-77-off-white-electro-green","Nike Blazer Low Off-White Black Electro Green",1025
2026-07-16T14:42:43.746Z,gid://shopify/Product/15110650069378,"nike-blazer-mid-off-white-all-hallows-eve","Nike Blazer Mid Off-White All Hallow's Eve",837
2026-07-16T14:42:43.746Z,gid://shopify/Product/15110652330370,"nike-book-1-rattlesnake","Nike Book 1 Rattlesnake",1190
2026-07-16T14:42:43.746Z,gid://shopify/Product/15110654427522,"nike-dunk-high-1985-undercover-uba","Nike Dunk High 1985 Undercover UBA",812
2026-07-16T14:42:43.746Z,gid://shopify/Product/15110657311106,"nike-dunk-low-black-white-2022-gs","Nike Dunk Low Black White (2022) (GS)",980
2026-07-16T14:42:43.747Z,gid://shopify/Product/15110660915586,"nike-dunk-low-halloween-gs-2022","Nike Dunk Low Halloween (2022) (GS)",1025
2026-07-16T14:42:43.747Z,gid://shopify/Product/15110663045506,"nike-dunk-low-lilac-bloom-gs","Nike Dunk Low Lilac Bloom (GS)",1085
2026-07-16T14:42:43.747Z,gid://shopify/Product/15110665896322,"nike-dunk-low-next-nature-lilac-w","Nike Dunk Low Next Nature Lilac (Women's)",1001
2026-07-16T14:42:43.747Z,gid://shopify/Product/15110667665794,"nike-dunk-low-off-white-lot-15","Nike Dunk Low Off-White Lot 15",992
2026-07-16T14:42:43.747Z,gid://shopify/Product/15110669205890,"nike-dunk-low-off-white-lot-22","Nike Dunk Low Off-White Lot 22",1067
2026-07-16T14:42:43.747Z,gid://shopify/Product/15110670287234,"nike-dunk-low-off-white-lot-31","Nike Dunk Low Off-White Lot 31",1043
2026-07-16T14:42:43.747Z,gid://shopify/Product/15110671303042,"nike-dunk-low-off-white-lot-45","Nike Dunk Low Off-White Lot 45",1171
2026-07-16T14:42:43.747Z,gid://shopify/Product/15110673006978,"nike-dunk-low-off-white-lot-6","Nike Dunk Low Off-White Lot 6",951
2026-07-16T14:42:43.747Z,gid://shopify/Product/15110673891714,"nike-dunk-low-off-white-university-red","Nike Dunk Low Off-White University Red",1103
2026-07-16T14:42:43.747Z,gid://shopify/Product/15110677758338,"nike-dunk-low-qs-halloween-skull","Nike Dunk Low Retro QS Halloween Skull",1075
2026-07-16T14:42:43.747Z,gid://shopify/Product/15110681854338,"nike-dunk-low-retro-se-photon-dust-vintage-green","Nike Dunk Low Retro SE Photon Dust Vintage Green",1212
2026-07-16T14:42:43.747Z,gid://shopify/Product/15110685360514,"nike-dunk-low-se-easter-w","Nike Dunk Low SE Easter Candy (Women's)",790
2026-07-16T14:42:43.747Z,gid://shopify/Product/15110693552514,"nike-dunk-low-valentines-day-2024-gs","Nike Dunk Low Valentine's Day (2024) (GS)",1256
2026-07-16T14:42:43.747Z,gid://shopify/Product/15110699352450,"nike-free-metcon-5-black-anthracite-womens","Nike Free Metcon 5 Black Anthracite (Women's)",1334
2026-07-16T14:42:43.748Z,gid://shopify/Product/15110700728706,"nike-free-rn-2018-black-anthracite","Nike Free RN 2018 Black Anthracite",987
2026-07-16T14:42:43.748Z,gid://shopify/Product/15110703153538,"nike-hoops-elite-32l-backpack-university-red-black","Nike Hoops Elite 32L Backpack University Red/Black",1320
2026-07-16T14:42:43.748Z,gid://shopify/Product/15110704726402,"nike-hot-step-air-terra-drake-nocta-snakeskin-pink-quartz","Nike Hot Step Air Terra Drake NOCTA Snakeskin Pink Quartz",1082
2026-07-16T14:42:43.748Z,gid://shopify/Product/15110705742210,"nike-ja-2-nightmare","Nike Ja 2 Nightmare",1156
2026-07-16T14:42:43.748Z,gid://shopify/Product/15110708134274,"nike-kd-10-city-series","Nike KD 10 City Series",975
2026-07-16T14:42:43.748Z,gid://shopify/Product/15110710788482,"nike-kd-18-black-label","Nike KD 18 Black Label",585
2026-07-16T14:42:43.748Z,gid://shopify/Product/15111463108994,"nike-kobe-5-protro-bruce-lee","Nike Kobe 5 Protro Bruce Lee",835
2026-07-16T14:42:43.748Z,gid://shopify/Product/15111463731586,"nike-kobe-5-protro-pj-tucker","Nike Kobe 5 Protro PJ Tucker",1084
2026-07-16T14:42:43.748Z,gid://shopify/Product/15111466516866,"nike-kobe-8-protro-court-purple-gs","Nike Kobe 8 Protro Court Purple (GS)",1082
2026-07-16T14:42:43.748Z,gid://shopify/Product/15111467762050,"nike-kobe-ad-nxt-ff-queen","Nike Kobe AD NXT FF Queen",853
2026-07-16T14:44:20.926Z,gid://shopify/Product/15111468188034,"nike-lebron-15-zip-kith-white","Nike LeBron 15 Performance KITH King's Cloak",920
2026-07-16T14:44:20.928Z,gid://shopify/Product/15111468646786,"nike-lebron-22-monopoly-tie-dye","Nike LeBron 22 What the Monopoly Tie-Dye (Translucent Outsole)",1035
2026-07-16T14:44:20.929Z,gid://shopify/Product/15111469236610,"nike-mac-attack-qs-sp-travis-scott","Nike Mac Attack QS SP Travis Scott Cactus Jack",963
2026-07-16T14:44:20.929Z,gid://shopify/Product/15111472578946,"nike-reactx-rejuven8-dusty-cactus-persian-violet-off-noir","Nike ReactX Rejuven8 Dusty Cactus Persian Violet Off Noir",963
2026-07-16T14:44:20.929Z,gid://shopify/Product/15111474151810,"nike-sb-blazer-mid-qs-supreme-denim","Nike SB Blazer Mid QS Supreme Denim",803
2026-07-16T14:44:20.929Z,gid://shopify/Product/15111488209282,"nike-sb-zoom-janoski-og-plus-black-white","Nike SB Zoom Janoski OG+ Black White (2024)",862
2026-07-16T14:44:20.929Z,gid://shopify/Product/15111490142594,"nike-sportswear-tech-fleece-full-zip-windrunner-hoodie-black-bemis-silver","Nike Sportswear Tech Fleece Full Zip Windrunner Hoodie Black/Bemis Silver",953
2026-07-16T14:44:20.929Z,gid://shopify/Product/15111490470274,"nike-sportswear-tech-fleece-windrunner-full-zip-hoodie-joggers-set-dark-grey-heather-black-white","Nike Sportswear Tech Fleece Windrunner Full Zip Hoodie & Joggers Set Dark Grey Heather/Black/White",1084
2026-07-16T14:44:20.929Z,gid://shopify/Product/15111491060098,"nike-tech-fleece-full-zip-hoodie-joggers-set-grey","Nike Sportswear Tech Fleece Full Zip Hoodie & Joggers Set Grey",865
2026-07-16T14:44:20.929Z,gid://shopify/Product/15111491518850,"nike-vapor-street-off-white-polarized-blue-w","Nike Vapor Street Off-White Polarized Blue (Women's)",1027
2026-07-16T14:44:20.929Z,gid://shopify/Product/15111492469122,"nike-waffle-racer-off-white-vivid-sky-w","Nike Waffle Racer Off-White Vivid Sky (Women's)",953
2026-07-16T14:44:20.929Z,gid://shopify/Product/15111493091714,"nike-x-nocta-nrg-big-body-cs-tee-black","Nike x NOCTA NRG Big Body CS Tee Black",895
2026-07-16T14:44:20.929Z,gid://shopify/Product/15111493452162,"nike-x-nocta-tech-fleece-crew-black","Nike x NOCTA Tech Fleece Crew Black",944
2026-07-16T14:44:20.929Z,gid://shopify/Product/15111494435202,"nike-x-takashi-murakami-x-mlb-world-tour-tokyo-series-2025-shohei-ohtani-dodgers-s-s-tee-black","Nike x Takashi Murakami x MLB World Tour Tokyo Series 2025 Shohei Ohtani Dodgers S/S Tee Black",910
2026-07-16T14:44:20.929Z,gid://shopify/Product/15111495057794,"nike-zoom-fly-off-white-black-silver","Nike Zoom Fly Off-White Black Silver",809
2026-07-16T14:44:20.929Z,gid://shopify/Product/15111495483778,"nike-zoom-lebron-4-eggplant","Nike Zoom LeBron 4 Eggplant",952
2026-07-16T14:44:20.929Z,gid://shopify/Product/15111495745922,"nike-zoom-mercurial-vapor-16-elite-fg-fear-nothing-pack","Nike Zoom Mercurial Vapor 16 Elite FG Fear Nothing Pack",810
2026-07-16T14:44:20.929Z,gid://shopify/Product/15111496270210,"nike-zoom-vomero-5-alabaster-black","Nike Zoom Vomero 5 Alabaster Black",982
2026-07-16T14:44:20.929Z,gid://shopify/Product/15111496630658,"nike-zoom-vomero-5-black-pink-blast","Nike Zoom Vomero 5 Black Pink Blast",887
2026-07-16T14:44:20.929Z,gid://shopify/Product/15111497122178,"nike-zoom-vomero-5-celestial-gold","Nike Zoom Vomero 5 Celestial Gold",889
2026-07-16T14:44:20.929Z,gid://shopify/Product/15111498334594,"nike-zoom-vomero-5-hot-punch","Nike Zoom Vomero 5 Hot Punch",963
2026-07-16T14:44:20.929Z,gid://shopify/Product/15111501152642,"nike-zoom-vomero-5-metallic-silver-platinum-violet-womens","Nike Zoom Vomero 5 Metallic Silver Platinum Violet (Women's)",963
2026-07-16T14:44:20.929Z,gid://shopify/Product/15111502102914,"nike-zoom-vomero-5-photon-dust-laser-orange","Nike Zoom Vomero 5 Photon Dust Laser Orange",958
2026-07-16T14:44:20.929Z,gid://shopify/Product/15111502725506,"nike-zoom-vomero-5-roam-black-light-silver","Nike Zoom Vomero 5 Roam Black Light Silver",1030
2026-07-16T14:44:20.929Z,gid://shopify/Product/15113567338882,"nike-zoom-vomero-5-total-orange","Nike Zoom Vomero 5 Total Orange",1065
2026-07-16T14:44:20.929Z,gid://shopify/Product/15113569272194,"nike-zoom-vomero-5-white-vast-grey-womens","Nike Zoom Vomero 5 White Vast Grey (Women's)",1028
2026-07-16T14:44:20.929Z,gid://shopify/Product/15113569894786,"nike-zoomx-streakfly-premium-white-metallic-silver","Nike ZoomX Streakfly Premium White Metallic Silver",1028
2026-07-16T14:44:20.929Z,gid://shopify/Product/15113570222466,"nike-zoomx-vaporfly-3-white-particle-grey-womens","Nike ZoomX Vaporfly 3 White Particle Grey (Women's)",918
2026-07-16T14:44:20.929Z,gid://shopify/Product/15113570779522,"oculus-quest-2-advanced-all-in-one-virtual-reality-headset-128g-899-00182-02","Meta (Oculus) Quest 2 128GB VR Headset  (US Plug)",927
2026-07-16T14:44:20.929Z,gid://shopify/Product/15113571959170,"off-white-catalina-rectangular-frame-sunglasses-black-dark-grey-gold-oeri003y21pla0011007-oeri003c99pla0011007","OFF-WHITE Catalina Rectangular Frame Sunglasses Black/Dark Grey/Gold (OERI003Y21PLA0011007 / OERI003C99PLA0011007)",1087
2026-07-16T14:44:20.929Z,gid://shopify/Product/15113572942210,"off-white-industrial-belt-ss19-white","OFF-WHITE Industrial Belt (SS19) White",585
2026-07-16T14:44:20.929Z,gid://shopify/Product/15113574220162,"off-white-odsy-1000-black-grey-fuchsia","OFF-WHITE Odsy-1000 Black Grey Fuchsia",858
2026-07-16T14:44:20.929Z,gid://shopify/Product/15113575203202,"off-white-out-of-office-ooo-low-tops-black-gray-white-ss22","OFF-WHITE Out Of Office OOO Low Tops Black Grey White SS22",582
2026-07-16T14:44:20.929Z,gid://shopify/Product/15113576120706,"off-white-out-of-office-ooo-low-tops-patent-black-white","OFF-WHITE Out Of Office OOO Low Tops Patent Black White",1029
2026-07-16T14:44:20.929Z,gid://shopify/Product/15113578578306,"off-white-tape-diag-arrows-hoodie-black-beige","OFF-WHITE Tape Diag Arrows Hoodie Black/Beige",870
2026-07-16T14:44:20.929Z,gid://shopify/Product/15113579069826,"off-white-vulc-low-canvas-black-white-black-ss22","OFF-WHITE Vulc Low Canvas Black White",973
2026-07-16T14:44:20.929Z,gid://shopify/Product/15113579987330,"off-white-x-jordan-hoodie-white","OFF-WHITE x Jordan Hoodie (US Sizing) White",857
2026-07-16T14:44:20.929Z,gid://shopify/Product/15113581101442,"off-white-x-nike-005-t-shirts-beige","OFF-WHITE x Nike 005 CL T-Shirts Beige",1019
2026-07-16T14:44:20.929Z,gid://shopify/Product/15113582313858,"off-white-x-nike-womens-running-tight-yellow","OFF-WHITE x Nike Women's Running Tight Yellow",1047
2026-07-16T14:44:20.929Z,gid://shopify/Product/15113584116098,"on-running-cloudtilt-pearl-ivory","On Running Cloudtilt Year of the Snake",1096
2026-07-16T14:46:13.119Z,gid://shopify/Product/15113594208642,"polo-ralph-lauren-double-knit-full-zip-hoodie-polo-black","Polo Ralph Lauren Double-Knit Full-Zip Hoodie Polo Black",858
2026-07-16T14:46:13.121Z,gid://shopify/Product/15113595945346,"pop-mart-labubu-hide-and-seek-in-singapore-series-vinyl-plush-doll-pendant","Pop Mart Labubu Hide and Seek In Singapore Series Vinyl Plush Doll Pendant",976
2026-07-16T14:46:13.121Z,gid://shopify/Product/15113596928386,"pop-mart-labubu-the-monsters-have-a-seat-hehe-vinyl-plush","Pop Mart Labubu The Monsters Have a Seat HEHE Vinyl Plush",684
2026-07-16T14:46:13.121Z,gid://shopify/Product/15113597583746,"pop-mart-labubu-the-monsters-party-series-reversible-plush-doll-sealed-case-6-blind-box","Pop Mart Labubu The Monsters Party Series Reversible Plush Doll Sealed Case (6 Blind Box)",1058
2026-07-16T14:46:13.121Z,gid://shopify/Product/15113598173570,"pop-mart-labubu-the-monsters-x-one-piece-series-monkeydluffy-gear-5-secret-edition-figure","Pop Mart Labubu The Monsters x One Piece Series Monkey.D.Luffy Gear 5 (Secret Edition) Figure",978
2026-07-16T14:46:13.121Z,gid://shopify/Product/15113601057154,"puma-avanti-c-rihanna-fenty-aged-silver","Puma Avanti C Rihanna Fenty Aged Silver",843
2026-07-16T14:46:13.121Z,gid://shopify/Product/15113602695554,"puma-clyde-hardwood-white-pink","Puma Clyde Hardwood White Pink",978
2026-07-16T14:46:13.121Z,gid://shopify/Product/15113610363266,"puma-lamelo-ball-lafrance-amour-gifted","Puma LaMelo Ball LaFrancé Amour Gifted",760
2026-07-16T14:46:13.122Z,gid://shopify/Product/15113611542914,"puma-lamelo-ball-mb01-breast-cancer-awareness","Puma LaMelo Ball MB.01 Breast Cancer Awareness",923
2026-07-16T14:46:13.122Z,gid://shopify/Product/15113612558722,"puma-lamelo-ball-mb01-lo-ufo-gs","Puma LaMelo Ball MB.01 Lo UFO (GS)",951
2026-07-16T14:46:13.122Z,gid://shopify/Product/15113613443458,"puma-lamelo-ball-mb02-honeycomb-gs","Puma LaMelo Ball MB.02 Honeycomb (GS)",1044
2026-07-16T14:46:13.122Z,gid://shopify/Product/15113614590338,"puma-lamelo-ball-mb02-queen-city-fade","Puma LaMelo Ball MB.02 Queen City Fade",1104
2026-07-16T14:46:13.122Z,gid://shopify/Product/15113614885250,"puma-lamelo-ball-mb02-whispers","Puma LaMelo Ball MB.02 Whispers",1092
2026-07-16T14:46:13.122Z,gid://shopify/Product/15113616490882,"puma-lamelo-ball-mb03-iridescent","Puma LaMelo Ball MB.03 Iridescent",975
2026-07-16T14:46:13.122Z,gid://shopify/Product/15113617899906,"puma-lamelo-ball-mb03-porsche","Puma LaMelo Ball MB.03 Porsche",1073
2026-07-16T14:46:13.122Z,gid://shopify/Product/15113619964290,"puma-mb01-lamelo-ball-be-you-gs","Puma LaMelo Ball MB.01 Be You (GS)",845
2026-07-16T14:46:13.122Z,gid://shopify/Product/15113620324738,"puma-mb01-lamelo-ball-purple-glimmer","Puma LaMelo Ball MB.01 Queen City",734
2026-07-16T14:46:13.122Z,gid://shopify/Product/15113620816258,"puma-mb1-purple-glimmer-gs","Puma MB1 Queen City (GS)",920
2026-07-16T14:46:13.122Z,gid://shopify/Product/15113626124674,"puma-rs-dreamer-super-mario-64","Puma RS-Dreamer Super Mario 64",854
2026-07-16T14:46:13.122Z,gid://shopify/Product/15113626943874,"puma-rs-x-toys-white","Puma RS-X Toys White",1049
2026-07-16T14:46:13.122Z,gid://shopify/Product/15113630024066,"puma-speedcat-og-team-royal-white","Puma Speedcat OG Team Royal White",945
2026-07-16T14:46:13.122Z,gid://shopify/Product/15113637593474,"puma-suede-one-piece-white","Puma Suede One Piece Straw Hat Luffy",949
2026-07-16T14:46:13.123Z,gid://shopify/Product/15113646702978,"puma-thunder-spectra","Puma Thunder Spectra Black",912
2026-07-16T14:46:13.123Z,gid://shopify/Product/15113652994434,"reebok-answer-dmx-og-white-red-2022","Reebok The Answer DMX OG White Red (2022)",1076
2026-07-16T14:46:13.123Z,gid://shopify/Product/15113655255426,"reebok-question-low-bbc-ice-cream-running-dog-yellow-purple","Reebok Question Low BBC Ice Cream Running Dog Yellow Purple",864
2026-07-16T14:46:13.123Z,gid://shopify/Product/15113656205698,"reebok-question-low-phillies","Reebok Question Low Phillies",605
2026-07-16T14:46:13.123Z,gid://shopify/Product/15113657123202,"reebok-question-mid-green-toe","Reebok Question Mid Michigan State (2023)",1195
2026-07-16T14:46:13.123Z,gid://shopify/Product/15113657680258,"reebok-question-mid-minions-grus-lab","Reebok Question Mid Minions Gru's Lab",1143
2026-07-16T14:46:13.123Z,gid://shopify/Product/15113658958210,"reebok-question-mid-why-not-us","Reebok Question Mid Why Not Us",1197
2026-07-16T14:46:13.123Z,gid://shopify/Product/15113660072322,"rick-owens-drkshdw-porterville-vintage-low-black-milk","Rick Owens DRKSHDW Vintage Low Black Milk",1137
2026-07-16T14:46:13.123Z,gid://shopify/Product/15113662136706,"salomon-xt-6-vanilla-ice-almond-milk","Salomon XT-6 Vanilla Ice Almond Milk",1293
2026-07-16T14:46:13.123Z,gid://shopify/Product/15113664037250,"sony-playstation-5-ps5-digital-edition-console-us-plug","Sony PlayStation 5 PS5 Slim Digital Edition Console (US Plug)",960
2026-07-16T14:46:13.123Z,gid://shopify/Product/15114983178626,"sp5der-beluga-hoodie-onyx-yellow","Sp5der Beluga Hoodie Onyx/Yellow",905
2026-07-16T14:46:13.123Z,gid://shopify/Product/15114983866754,"stanley-chocolate-flowstate-quencher-40oz-tumbler-chocolate-gold","Stanley Chocolate Flowstate Quencher 40oz Tumbler Chocolate Gold",1063
2026-07-16T14:46:13.124Z,gid://shopify/Product/15114984685954,"stanley-flowstate-quencher-30oz-tumbler-sizzling-pink","Stanley Flowstate Quencher 30oz Tumbler Sizzling Pink",911
2026-07-16T14:46:13.124Z,gid://shopify/Product/15114985275778,"stanley-flowstate-quencher-40oz-tumbler-blueberry-milk","Stanley Flowstate Quencher 40oz Tumbler Blueberry Milk",1096
2026-07-16T14:46:13.124Z,gid://shopify/Product/15114986160514,"stanley-flowstate-quencher-40oz-tumbler-scarlet-tinsel","Stanley Flowstate Quencher 40oz Tumbler Scarlet Tinsel",883
2026-07-16T14:46:13.124Z,gid://shopify/Product/15114986881410,"stanley-starbucks-korea-exclusive-flowstate-quencher-40oz-tumbler-pink","Stanley Starbucks Korea Exclusive Flowstate Quencher 40oz Tumbler Pink",884
2026-07-16T14:46:13.124Z,gid://shopify/Product/15114988192130,"stanley-the-clean-slate-flowstate-quencher-40oz-tumbler-bloom","Stanley The Clean Slate Flowstate Quencher 40oz Tumbler Bloom",996
2026-07-16T14:46:13.124Z,gid://shopify/Product/15114988650882,"stanley-the-lunar-new-year-limited-edition-flowstate-quencher-30oz-tumbler-cream-dragon","Stanley The Lunar New Year Limited Edition Flowstate Quencher 30oz Tumbler Cream Dragon",1162
2026-07-16T14:47:59.907Z,gid://shopify/Product/15114989306242,"stanley-the-valentines-day-flowstate-quencher-30oz-tumbler-berry-truffle","Stanley The Valentines Day Flowstate Quencher 30oz Tumbler Berry Truffle",1207
2026-07-16T14:47:59.910Z,gid://shopify/Product/15114990223746,"stanley-x-barbie-legends-flowstate-quencher-40oz-tumbler-70s-superstar","Stanley x Barbie Legends Flowstate Quencher 40oz Tumbler 70s Superstar",1314
2026-07-16T14:47:59.910Z,gid://shopify/Product/15114991337858,"stanley-x-leo-messi-the-goat-collection-protour-flip-straw-quencher-40oz-tumbler-messi-goat-pink","Stanley x Leo Messi The GOAT Collection Protour Flip Straw Quencher 40oz Tumbler Messi GOAT Pink",1328
2026-07-16T14:47:59.910Z,gid://shopify/Product/15114991763842,"stanley-x-loveshackfancy-flowstate-quencher-20oz-tumbler-ribbonrosa","Stanley x LoveShackFancy Flowstate Quencher 20oz Tumbler RibbonRosa",1460
2026-07-16T14:47:59.911Z,gid://shopify/Product/15114992222594,"stanley-x-loveshackfancy-flowstate-quencher-40oz-tumbler-ribbonrosa","Stanley x LoveShackFancy Flowstate Quencher 40oz Tumbler RibbonRosa",1364
2026-07-16T14:47:59.911Z,gid://shopify/Product/15114992845186,"stanley-x-starbucks-flowstate-quencher-40oz-tumbler-blue-spring","Stanley x Starbucks Flowstate Quencher 40oz Tumbler Blue Spring",1315
2026-07-16T14:47:59.911Z,gid://shopify/Product/15114993336706,"stanley-x-target-exclusive-valentines-day-flowstate-quencher-40oz-tumbler-ruby-hearts","Stanley x Target Exclusive Valentines Day Flowstate Quencher 40oz Tumbler Ruby Hearts",1575
2026-07-16T14:47:59.911Z,gid://shopify/Product/15114994090370,"stussy-basic-t-shirt-white","Stussy Basic T-shirt White",963
2026-07-16T14:47:59.911Z,gid://shopify/Product/15114994581890,"supreme-bialetti-8-cup-french-press-red","Supreme Bialetti 8 Cup French Press Red",1177
2026-07-16T14:47:59.911Z,gid://shopify/Product/15114995335554,"supreme-license-plate-6-panel-fw25-denim","Supreme License Plate 6-Panel (FW25) Denim",1226
2026-07-16T14:47:59.911Z,gid://shopify/Product/15114995990914,"supreme-nike-track-jacket-purple","Supreme Nike Track Jacket Purple",1065
2026-07-16T14:47:59.911Z,gid://shopify/Product/15114996482434,"supreme-pins-quilted-work-vest-black","Supreme Pins Quilted Work Vest Black",1154
2026-07-16T14:47:59.911Z,gid://shopify/Product/15114997563778,"supreme-washed-box-logo-crewneck-navy","Supreme Washed Box Logo Crewneck Navy",1152
2026-07-16T14:47:59.911Z,gid://shopify/Product/15114998317442,"swatch-x-omega-bioceramic-moonswatch-mission-to-saturn-so33t10-beige","Swatch x Omega Bioceramic Moonswatch Mission to Saturn SO33T100",885
2026-07-16T14:47:59.911Z,gid://shopify/Product/15115001561474,"telfar-x-melissa-medium-jelly-shopper-clear-pink","Telfar x Melissa Medium Jelly Shopper Clear Pink",1069
2026-07-16T14:47:59.911Z,gid://shopify/Product/15115003494786,"the-marc-jacobs-the-tote-bag-medium-black","Marc Jacobs The Tote Bag Medium Black",1137
2026-07-16T14:47:59.911Z,gid://shopify/Product/15115009458562,"travis-scott-astroworld-festival-run-beyond-belief-hoodie-black","Travis Scott Astroworld Festival Run Beyond Belief Hoodie Black",1342
2026-07-16T14:47:59.911Z,gid://shopify/Product/15115013882242,"travis-scott-cactus-jack-x-jordan-flight-graphic-t-shirt-black","Travis Scott x Jordan Flight Graphic T-Shirt Black",1210
2026-07-16T14:47:59.911Z,gid://shopify/Product/15115016995202,"travis-scott-franchise-promo-yup-t-shirt-white","Travis Scott Franchise Promo YUP! T-Shirt White",908
2026-07-16T14:47:59.911Z,gid://shopify/Product/15115031937410,"travis-scott-rodeo-hoodie-black","Travis Scott Rodeo Hoodie Black",1298
2026-07-16T14:47:59.911Z,gid://shopify/Product/15115036033410,"travis-scott-x-mcdonalds-sesame-t-shirt-white","Travis Scott x McDonald's Sesame T-Shirt White",935
2026-07-16T14:47:59.911Z,gid://shopify/Product/15115046322562,"yeezy-gosha-black-dogs-hoodie-heather-grey","Yeezy Gosha Black Dogs Hoodie Heather Grey",1248
2026-07-16T14:47:59.911Z,gid://shopify/Product/15115047141762,"yeezy-slide-core","adidas Yeezy Slide Core",837
2026-07-16T14:47:59.911Z,gid://shopify/Product/15115047666050,"yeezy-slide-soot","adidas Yeezy Slide Soot",778
2026-07-16T14:47:59.911Z,gid://shopify/Product/15115048616322,"yeezy-x-gap-hoodie-purple","Yeezy Gap Hoodie Purple",760
2026-07-16T14:47:59.911Z,gid://shopify/Product/15115050484098,"yeezy-x-gap-unreleased-zip-sweatshirt-hoodie-navy","Yeezy x Gap Unreleased Zip Sweatshirt Hoodie Navy",1051
2026-07-16T14:47:59.911Z,gid://shopify/Product/15115051598210,"yzy-sl-01-black","YZY SL-01 Black",1191
2026-07-16T14:47:59.911Z,gid://shopify/Product/15118783119746,"nike-dunk-low-cactus-plant-flea-market-swamp-sponge-photo-blue","Nike Dunk Low Cactus Plant Flea Market Swamp Sponge Photo Blue",1319
2026-07-16T14:47:59.911Z,gid://shopify/Product/15118783480194,"nike-sb-dunk-low-supreme-94-white-metallic-silver","Nike SB Dunk Low Supreme 94 White Metallic Silver",1208
2026-07-16T14:47:59.911Z,gid://shopify/Product/15118784070018,"nike-ja-3-coconut-milk","Nike Ja 3 Sound Check",1150
2026-07-16T14:47:59.911Z,gid://shopify/Product/15118784364930,"air-jordan-5-retro-tokyo-t23-2025","Jordan 5 Retro Tokyo T23 (2025)",1711
2026-07-16T14:47:59.911Z,gid://shopify/Product/15118784790914,"ugg-tasman-ii-slipper-burnt-magenta-womens","UGG Tasman II Slipper Burnt Magenta (Women's)",1114
2026-07-16T14:47:59.911Z,gid://shopify/Product/15118785970562,"ugg-tasman-ii-slipper-dark-grey","UGG Tasman II Slipper Dark Grey",1083
2026-07-16T14:47:59.911Z,gid://shopify/Product/15118786593154,"ugg-tasman-slipper-dark-grey-w","UGG Tasman Slipper Dark Grey (Women's)",1131
2026-07-16T14:47:59.911Z,gid://shopify/Product/15118788198786,"ugg-tasman-slipper-shoe-palace-painted-hills-chestnut","UGG Tasman Slipper Shoe Palace Painted Hills Chestnut",1397
2026-07-16T14:47:59.911Z,gid://shopify/Product/15118788788610,"ugg-tasman-x-slipper-taffy-pink-w","UGG Tasman X Slipper Taffy Pink (Women's)",1038
2026-07-16T14:47:59.911Z,gid://shopify/Product/15118789149058,"ugg-tazz-ii-slipper-cobble-grey-womens","UGG Tazz II Slipper Cobble Grey (Women's)",1398
2026-07-16T14:47:59.911Z,gid://shopify/Product/15118791246210,"ugg-tazz-love-25-slipper-tropical-pink-kids","UGG Tazz Love '25 Slipper Tropical Pink (Kids)",1391
2026-07-16T14:47:59.911Z,gid://shopify/Product/15118792196482,"ugg-lowmel-chestnut","UGG Lowmel Chestnut",1118
2026-07-16T14:47:59.911Z,gid://shopify/Product/15118793900418,"denim-tears-cotton-wreath-puffer-jacket-black","Denim Tears Cotton Wreath Puffer Jacket Black",1279
2026-07-16T14:49:58.923Z,gid://shopify/Product/15118794260866,"palace-pertex-opaque-balaclava-puffer-jacket-black","Palace Pertex Opaque Balaclava Puffer Jacket Black",1165
2026-07-16T14:49:58.926Z,gid://shopify/Product/15118795014530,"supreme-jordan-puffer-jacket-black","Supreme Jordan Puffer Jacket Black",1203
2026-07-16T14:49:58.926Z,gid://shopify/Product/15118795702658,"jordan-3-retro-winterized-archaeo-brown","Jordan 3 Retro Winterized Archaeo Brown",1137
2026-07-16T14:49:58.926Z,gid://shopify/Product/15118796423554,"saucony-progrid-omni-9-silver-mutant","Saucony ProGrid Omni 9 Silver Mutant",1384
2026-07-16T14:49:58.926Z,gid://shopify/Product/15118796816770,"saucony-progrid-triumph-4-jae-tips-flowers-grow-uptown-perilla","Saucony ProGrid Triumph 4 Jae Tips Flowers Grow Uptown Perilla",1299
2026-07-16T14:49:58.926Z,gid://shopify/Product/15118798094722,"saucony-progrid-omni-9-blue-lime","Saucony ProGrid Omni 9 Blue Lime",1473
2026-07-16T14:49:58.926Z,gid://shopify/Product/15121795481986,"ugg-classic-ultra-mini-boot-caribou-womens","UGG Classic Ultra Mini Boot Caribou (Women's)",1246
2026-07-16T14:49:58.926Z,gid://shopify/Product/15122829148546,"pokemon-scarlet-and-violet-prismatic-evolutions-elite-trainer-box-2x-lot","Pokémon Scarlet & Violet Prismatic Evolutions Elite Trainer Box 2x Lot",1478
2026-07-16T14:49:58.926Z,gid://shopify/Product/15122834489730,"pokemon-scarlet-violet-journey-together-eliite-trainer-box-2x-lot","Pokémon Scarlet & Violet Journey Together Elite Trainer Box 2x Lot",1657
2026-07-16T14:49:58.926Z,gid://shopify/Product/15122834686338,"pokemon-scarlet-violet-prismatic-evolutions-8-tin-mini-display","Pokémon Scarlet & Violet Prismatic Evolutions 8 Tin Mini Display",1375
2026-07-16T14:49:58.926Z,gid://shopify/Product/15122839863682,"pokemon-tcg-25th-anniversary-celebrations-ultra-premium-collection-box","Pokémon TCG 25th Anniversary Celebrations Ultra-Premium Collection Box",1380
2026-07-16T14:49:58.926Z,gid://shopify/Product/15123141525890,"nike-air-zoom-pegasus-premium-barely-green","Nike Air Zoom Pegasus Premium Barely Green",1377
2026-07-16T14:49:58.926Z,gid://shopify/Product/15123143557506,"nike-air-zoom-pegasus-premium-hyper-pink","Nike Air Zoom Pegasus Premium Hyper Pink",1536
2026-07-16T14:49:58.927Z,gid://shopify/Product/15123145523586,"nike-air-zoom-pegasus-41-waffle-racer","Nike Air Zoom Pegasus 41 Waffle Racer",1222
2026-07-16T14:49:58.927Z,gid://shopify/Product/15123175539074,"nike-pegasus-plus-sail-orewood-anthracite","Nike Pegasus Plus Sail Orewood Anthracite",1482
2026-07-16T14:49:58.927Z,gid://shopify/Product/15123194642818,"nike-air-zoom-pegasus-37-white-multi-color","Nike Air Zoom Pegasus 37 White Multi-Color",1050
2026-07-16T14:49:58.927Z,gid://shopify/Product/15123204407682,"nike-air-zoom-pegasus-41-volt","Nike Air Zoom Pegasus 41 Volt",1192
2026-07-16T14:49:58.927Z,gid://shopify/Product/15123215188354,"nike-air-zoom-pegasus-40-white-obsidian","Nike Air Zoom Pegasus 40 White Obsidian",1639
2026-07-16T14:49:58.927Z,gid://shopify/Product/15123228721538,"nike-pegasus-trail-3-gore-tex-celery-volt","Nike Pegasus Trail 3 Gore-Tex Celery Volt",1475
2026-07-16T14:49:58.927Z,gid://shopify/Product/15123232784770,"nike-air-pegasus-89-light-orewood-brown","Nike Air Pegasus '89 Light Orewood Brown",1440
2026-07-16T14:49:58.927Z,gid://shopify/Product/15123243270530,"nike-air-zoom-pegasus-36-black-white","Nike Air Zoom Pegasus 36 Black White",1465
2026-07-16T14:49:58.927Z,gid://shopify/Product/15123247858050,"nike-air-zoom-pegasus-37-black","Nike Air Zoom Pegasus 37 Black",1406
2026-07-16T14:49:58.927Z,gid://shopify/Product/15123255624066,"nike-zoomx-invincible-run-3-black-white","Nike ZoomX Invincible Run 3 Oreo",1444
2026-07-16T14:49:58.927Z,gid://shopify/Product/15123259457922,"nike-zoomx-dragonfly-2-jakob-a-ingebrigtsen","Nike ZoomX Dragonfly 2 Jakob A. Ingebrigtsen",1312
2026-07-16T14:49:58.927Z,gid://shopify/Product/15123262013826,"nike-air-zoom-victory-2-jakob-a-ingebrigtsen","Nike Air Zoom Victory 2 Jakob A. Ingebrigtsen",1228
2026-07-16T14:49:58.927Z,gid://shopify/Product/15123263881602,"nike-maxfly-2-red-stardust-red-sepia-university-red-pale-ivory","Nike Maxfly 2 Red Stardust Red Sepia University Red Pale Ivory",1361
2026-07-16T14:49:58.927Z,gid://shopify/Product/15123265782146,"nike-air-zoom-maxfly-sail-fierce-pink","Nike Air Zoom Maxfly Sail Fierce Pink",1471
2026-07-16T14:49:58.927Z,gid://shopify/Product/15123269714306,"new-balance-992-miusa-action-bronson-tan-red","New Balance 992 MiUSA Action Bronson Tiger Eye",1341
2026-07-16T14:49:58.927Z,gid://shopify/Product/15123269910914,"nike-cortez-40-sacai-grey","Nike Zoom Cortez SP sacai Iron Grey",1040
2026-07-16T14:49:58.927Z,gid://shopify/Product/15123273548162,"nike-cortez-union-lemon-frost","Nike Cortez Union Lemon Frost",984
2026-07-16T14:49:58.927Z,gid://shopify/Product/15123275907458,"nike-cortez-prm-great-outdoors-triple-black-womens","Nike Cortez PRM Great Outdoors Triple Black (Women's)",1462
2026-07-16T14:49:58.927Z,gid://shopify/Product/15123279872386,"nike-cortez-union-off-noir","Nike Cortez SP Union Off Noir",968
2026-07-16T14:49:58.928Z,gid://shopify/Product/15123283444098,"nike-cortez-se-valentines-day-2024-womens","Nike Cortez SE Valentine's Day (2024) (Women's)",1500
2026-07-16T14:49:58.928Z,gid://shopify/Product/15123287343490,"rigorer-ar1-milky-way","Rigorer AR1 Milky Way",1503
2026-07-16T14:49:58.928Z,gid://shopify/Product/15139793797506,"fear-of-god-essentials-3d-silicon-applique-boxy-t-shirt-white","Fear of God Essentials 3D Silicon Applique Boxy T-Shirt White",717
2026-07-16T14:49:58.928Z,gid://shopify/Product/15139794026882,"fear-of-god-essentials-core-collection-pullover-hoodie-stretch-limo","Fear of God Essentials Core Collection Pullover Hoodie Stretch Limo",969
2026-07-16T14:49:58.928Z,gid://shopify/Product/15139794420098,"fear-of-god-essentials-fleece-essential-sweatpant-fw24-black","Fear of God Essentials Fleece Essential Sweatpant (FW24) Black",1487
2026-07-16T14:49:58.928Z,gid://shopify/Product/15139794682242,"fear-of-god-essentials-fleece-hoodie-light-heather-gray","Fear of God Essentials Fleece Hoodie Light Heather Gray",1423
2026-07-16T14:49:58.928Z,gid://shopify/Product/15139794977154,"fear-of-god-essentials-heavy-fleece-vintage-shrunken-hoodie-black","Fear of God Essentials Heavy Fleece Vintage Shrunken Hoodie Black",1585
2026-07-16T14:49:58.928Z,gid://shopify/Product/15139795403138,"fear-of-god-essentials-hoodie-seal","Fear of God Essentials Hoodie Seal",1388
2026-07-16T14:51:52.125Z,gid://shopify/Product/15139795730818,"fear-of-god-essentials-nba-hoodie-light-heather","Fear of God Essentials NBA Hoodie Light Heather",1152
2026-07-16T14:51:52.126Z,gid://shopify/Product/15139796058498,"fear-of-god-essentials-pull-over-hoodie-ss21-black-stretch-limo","Fear of God Essentials Pull-Over Hoodie (SS21) Black/Stretch Limo",1033
2026-07-16T14:51:52.126Z,gid://shopify/Product/15139796287874,"fear-of-god-essentials-pullover-hoodie-pistachio","Fear of God Essentials Pullover Hoodie Pistachio",888
2026-07-16T14:51:52.127Z,gid://shopify/Product/15139796582786,"fear-of-god-essentials-ss-tee-sycamore","Fear of God Essentials SS Tee Sycamore",1132
2026-07-16T14:51:52.127Z,gid://shopify/Product/15139796910466,"fear-of-god-essentials-sweatshort-cloud-dancer","Fear of God Essentials Sweatshort Cloud Dancer",888
2026-07-16T14:51:52.127Z,gid://shopify/Product/15139797139842,"fear-of-god-essentials-tee-core-heather","Fear of God Essentials Tee Core Heather",772
2026-07-16T14:51:52.127Z,gid://shopify/Product/15142595821954,"adidas-adizero-evo-sl-black-white","adidas Adizero Evo SL Black White",1315
2026-07-16T14:51:52.127Z,gid://shopify/Product/15142596411778,"adidas-americana-low-consortium-donald-glover-off-white","adidas Americana Low Consortium Donald Glover Off White",1378
2026-07-16T14:51:52.127Z,gid://shopify/Product/15142597493122,"adidas-don-issue-6-haribo-goldbears-lucid-red","adidas D.O.N. Issue #6 Haribo Goldbears Lucid Red",1270
2026-07-16T14:51:52.127Z,gid://shopify/Product/15142599983490,"adidas-gazelle-bold-clear-pink-night-indigo-womens","adidas Gazelle Bold Clear Pink Night Indigo (Women's)",976
2026-07-16T14:51:52.127Z,gid://shopify/Product/15142600573314,"adidas-gazelle-bold-green-womens","adidas Gazelle Bold Green (Women's)",1412
2026-07-16T14:51:52.127Z,gid://shopify/Product/15142601359746,"adidas-gazelle-bold-spark-lucid-pink-womens","adidas Gazelle Bold Spark Lucid Pink (Women's)",1452
2026-07-16T14:51:52.127Z,gid://shopify/Product/15142606176642,"adidas-gazelle-indoor-collegiate-green","adidas Gazelle Indoor Collegiate Green",1264
2026-07-16T14:51:52.127Z,gid://shopify/Product/15142608503170,"adidas-gazelle-indoor-shadow-fig-womens","adidas Gazelle Indoor Shadow Fig (Women's)",1213
2026-07-16T14:51:52.127Z,gid://shopify/Product/15142611222914,"adidas-gazelle-terrace-arsenal-fc","adidas Gazelle Terrace Arsenal F.C.",1263
2026-07-16T14:51:52.127Z,gid://shopify/Product/15142617514370,"adidas-handball-spezial-preloved-red-gum","adidas Handball Spezial Preloved Red Gum",1435
2026-07-16T14:51:52.128Z,gid://shopify/Product/15142842990978,"adidas-handball-spezial-white-arctic-night","adidas Handball Spezial White Arctic Night",1611
2026-07-16T14:51:52.128Z,gid://shopify/Product/15142846103938,"adidas-samba-adv-cloud-white-core-black","adidas Samba ADV Cloud White Core Black",1183
2026-07-16T14:51:52.128Z,gid://shopify/Product/15142851477890,"aime-leon-dore-new-era-yankees-ballpark-hat-black","Aime Leon Dore New Era Yankees Ballpark Hat Black",1193
2026-07-16T14:51:52.128Z,gid://shopify/Product/15142852788610,"air-jordan-1-high-zoom-air-cmft-black-court-purple-lemon-venom-w","Jordan 1 High Zoom Air CMFT Black Court Purple Lemon Venom (Women's)",1156
2026-07-16T14:51:52.128Z,gid://shopify/Product/15142853607810,"air-jordan-1-low-desert-berry-gs","Jordan 1 Low Desert Berry (GS)",1185
2026-07-16T14:51:52.128Z,gid://shopify/Product/15142854558082,"air-jordan-1-low-light-madder-root-w","Jordan 1 Low Light Madder Root (Women's)",998
2026-07-16T14:51:52.128Z,gid://shopify/Product/15142855213442,"air-jordan-1-low-quai-54","Jordan 1 Low Quai 54 (2024)",1487
2026-07-16T14:51:52.128Z,gid://shopify/Product/15142855868802,"air-jordan-1-low-se-arctic-punch","Jordan 1 Low SE Arctic Punch",1118
2026-07-16T14:51:52.128Z,gid://shopify/Product/15142857408898,"air-jordan-1-low-se-flax-baroque-brown","Jordan 1 Low SE Flax Baroque Brown",1347
2026-07-16T14:51:52.128Z,gid://shopify/Product/15142858359170,"air-jordan-1-low-se-just-skate-flaming-swoosh-university-blue-womens","Jordan 1 Low SE Just Skate University Blue (Women's)",1577
2026-07-16T14:51:52.129Z,gid://shopify/Product/15142859178370,"air-jordan-1-low-se-smoke-grey-gym-red-gs","Jordan 1 Low SE Smoke Grey Gym Red (GS)",1077
2026-07-16T14:51:52.129Z,gid://shopify/Product/15142859932034,"air-jordan-1-low-sky-j-purple-gs","Jordan 1 Low Sky J Purple (GS)",1387
2026-07-16T14:51:52.129Z,gid://shopify/Product/15142861308290,"air-jordan-1-mid-anti-gravity-machines-w","Jordan 1 Mid Anti-Gravity Machines (Women's)",1270
2026-07-16T14:51:52.129Z,gid://shopify/Product/15142862029186,"air-jordan-1-mid-blueberry-ps","Jordan 1 Mid Blueberry (PS)",1638
2026-07-16T14:51:52.129Z,gid://shopify/Product/15142863077762,"air-jordan-1-mid-diamond-shorts-gs","Jordan 1 Mid Diamond Shorts (GS)",1130
2026-07-16T14:51:52.129Z,gid://shopify/Product/15142863929730,"air-jordan-1-mid-lemon-wash-lapis-w","Jordan 1 Mid Lemon Wash Lapis (Women's)",1274
2026-07-16T14:51:52.129Z,gid://shopify/Product/15142864781698,"air-jordan-1-mid-se-fearless-blue-the-great","Jordan 1 Mid SE Fearless Blue the Great",1036
2026-07-16T14:51:52.129Z,gid://shopify/Product/15142865731970,"air-jordan-1-mid-white-sky-j-purple-gs","Jordan 1 Mid White Sky J Purple (GS)",1329
2026-07-16T14:51:52.129Z,gid://shopify/Product/15142866354562,"air-jordan-1-retro-high-los-primeros","Jordan 1 Retro High Los Primeros",1178
2026-07-16T14:51:52.129Z,gid://shopify/Product/15142878773634,"fear-of-god-essentials-3d-silicon-applique-pullover-hoodie-cement","Fear of God Essentials Pullover Hoodie Applique Logo Cement",873
2026-07-16T14:51:52.129Z,gid://shopify/Product/15142928351618,"birkenstock-arizona-birkibuc-mocha-w","Birkenstock Arizona Birkibuc Mocha",1366
2026-07-16T14:51:52.129Z,gid://shopify/Product/15142930973058,"birkenstock-arizona-birko-flor-dark-brown-w","Birkenstock Arizona Birko-Flor Dark Brown (Women's)",1665
2026-07-16T14:51:52.129Z,gid://shopify/Product/15142940574082,"timberland-6-inch-premium-boot-black-nubuck-td","Timberland 6"" Premium Boot Black Nubuck (TD)",1260
2026-07-16T14:51:52.129Z,gid://shopify/Product/15142941327746,"air-jordan-5-retro-medium-soft-pink-td","Jordan 5 Retro Medium Soft Pink (TD)",1301
2026-07-16T14:53:34.878Z,gid://shopify/Product/15142942736770,"nike-air-foamposite-one-carbon-fiber","Nike Air Foamposite One Carbon Fiber",1049
2026-07-16T14:53:34.880Z,gid://shopify/Product/15142944145794,"nike-p-6000-premium-iron-grey-metallic-silver","Nike P-6000 Premium Iron Grey Metallic Silver",1072
2026-07-16T14:53:34.881Z,gid://shopify/Product/15155286671746,"air-jordan-1-retro-low-og-zion-williamson-voodoo-alternate","Jordan 1 Retro Low OG Zion Williamson Voodoo Alternate",1223
2026-07-16T14:53:34.881Z,gid://shopify/Product/15157873574274,"adidas-yeezy-slide-salt","adidas Yeezy Slide Salt",949
2026-07-16T14:53:34.881Z,gid://shopify/Product/15158259876226,"ugg-tasman-regenerate-slipper-chestnut-womens","UGG Tasman Regenerate Slipper Chestnut (Women's)",1060
2026-07-16T14:53:34.881Z,gid://shopify/Product/15161370640770,"yeezy-sp-01-sweatpant-white","Yeezy SP-01 Sweatpant White",856
2026-07-16T14:53:34.881Z,gid://shopify/Product/15161373557122,"air-jordan-2-retro-low-shelflife","Jordan 2 Retro Low Shelflife",1038
2026-07-16T14:53:34.881Z,gid://shopify/Product/15161375555970,"air-jordan-16-midnight-navy-2016","Jordan 16 Retro Midnight Navy (2016)",1191
2026-07-16T14:53:34.881Z,gid://shopify/Product/15162631258498,"2025-topps-mlb-world-tour-tokyo-series-takashi-murakami-hobby-box","2025 Topps MLB World Tour Tokyo Series Takashi Murakami Hobby Box",941
2026-07-16T14:53:34.881Z,gid://shopify/Product/15162661372290,"stanley-x-target-x-wicked-flowstate-quencher-20oz-tumbler-glinda","Stanley x Target x Wicked Flowstate Quencher 20oz Tumbler Glinda",1104
2026-07-16T14:53:34.881Z,gid://shopify/Product/15162667565442,"finalmouse-ulx-prophecy-clix-wireless-mouse-medium","Finalmouse ULX Prophecy Clix Wireless Mouse (Medium)",1014
2026-07-16T14:53:34.881Z,gid://shopify/Product/15162701742466,"adidas-samba-jonah-hill-green","adidas Samba Jonah Hill Green",1132
2026-07-16T14:53:34.881Z,gid://shopify/Product/15162719306114,"puma-rs-pokemon-pikachu","Puma RS-X PokÃ©mon Pikachu",1126
2026-07-16T14:53:34.881Z,gid://shopify/Product/15162724319618,"air-jordan-12-retro-taxi-2025-gs","Jordan 12 Retro Taxi (2025) (GS)",1138
2026-07-16T14:53:34.881Z,gid://shopify/Product/15162724548994,"new-balance-9060-black-sea-salt","New Balance 9060 Black Sea Salt",1174
2026-07-16T14:53:34.881Z,gid://shopify/Product/15162724876674,"air-jordan-3-retro-family-affair","Jordan 3 Retro Family Affair",1213
2026-07-16T14:53:34.881Z,gid://shopify/Product/15162725302658,"new-balance-990v6-miusa-black-grey","New Balance 990v6 MiUSA Black Grey",1092
2026-07-16T14:53:34.881Z,gid://shopify/Product/15162725499266,"new-balance-9060-olivine-great-plains","New Balance 9060 Olivine Great Plains",993
2026-07-16T14:53:34.881Z,gid://shopify/Product/15162725958018,"new-balance-740v2-washed-burgundy-pink-taffy","New Balance 740v2 Washed Burgundy Pink Taffy",1044
2026-07-16T14:53:34.881Z,gid://shopify/Product/15162726646146,"new-balance-530-silver-metallic-black-cement","New Balance 530 Silver Metallic Black Cement",1011
2026-07-16T14:53:34.881Z,gid://shopify/Product/15163558265218,"lego-ideas-the-office-set-21336","LEGO Ideas The Office Set 21336",754
2026-07-16T14:53:34.881Z,gid://shopify/Product/15163558560130,"lego-voltron-set-21311","LEGO Ideas Voltron Set 21311",792
2026-07-16T14:53:34.881Z,gid://shopify/Product/15163558822274,"lego-disney-tim-burtons-the-nightmare-before-christmas-set-21351","LEGO Disney Tim Burton's The Nightmare Before Christmas Set 21351",1004
2026-07-16T14:53:34.881Z,gid://shopify/Product/15163559018882,"lego-the-simpsons-house-set-71006","LEGO The Simpsons House Set 71006",764
2026-07-16T14:53:34.882Z,gid://shopify/Product/15163559281026,"lego-star-wars-stromtrooper-seet-75276","LEGO Star Wars Stormtrooper Set 75276",677
2026-07-16T14:53:34.882Z,gid://shopify/Product/15163559510402,"lego-ideas-motorised-lighthouse-set-21335","LEGO Ideas Motorised Lighthouse Set 21335",951
2026-07-16T14:53:34.882Z,gid://shopify/Product/15163559707010,"lego-jurassic-park-t-rex-breakout-set-76956","LEGO Jurassic Park T. Rex Breakout Set 76956",896
2026-07-16T14:53:34.882Z,gid://shopify/Product/15163559903618,"lego-marvel-studios-the-infinity-saga-nano-gauntlet-set-76223","LEGO Marvel Studios The Infinity Saga Nano Gauntlet Set 76223",937
2026-07-16T14:53:34.882Z,gid://shopify/Product/15163560132994,"lego-technic-mack-anthem-set-42078","LEGO Technic Mack Anthem Set 42078",806
2026-07-16T14:53:34.882Z,gid://shopify/Product/15163560460674,"lego-dc-comics-super-heroes-the-batcave-set-6860","LEGO DC Comics Super Heroes The Batcave Set 6860",920
2026-07-16T14:53:34.882Z,gid://shopify/Product/15163560722818,"lego-icons-the-simpsons-krusty-burger-set-10352","LEGO Icons The Simpsons: Krusty Burger Set 10352",1078
2026-07-16T14:53:34.882Z,gid://shopify/Product/15163561181570,"lego-the-milky-way-galaxy-set-31212","LEGO The Milky Way Galaxy Set 31212",1075
2026-07-16T14:53:34.882Z,gid://shopify/Product/15163561378178,"lego-ideas-the-globe-set-21332","LEGO Ideas The Globe Set 21332",911
2026-07-16T14:53:34.882Z,gid://shopify/Product/15163561640322,"lego-icons-the-lord-of-the-rings-rivendell-set-10316","LEGO Icons The Lord of the Rings Rivendell Set 10316",1285
2026-07-16T14:53:34.882Z,gid://shopify/Product/15163561869698,"lego-lamborghini-sian-fkp-37-set-42115","LEGO Technic Lamborghini Sian FKP 37 Set 42115",870
2026-07-16T14:53:34.882Z,gid://shopify/Product/15163562131842,"lego-icons-concorde-set-10318","LEGO Icons Concorde Set 10318",1423
2026-07-16T14:53:34.882Z,gid://shopify/Product/15163562393986,"lego-ideas-a-frame-cabin-set-21338","LEGO Ideas A-Frame Cabin Set 21338",1263
2026-07-16T14:53:34.882Z,gid://shopify/Product/15163562656130,"lego-lion-knights-castle-set-10305","LEGO Lion Knights' Castle Set 10305",756
2026-07-16T14:53:34.882Z,gid://shopify/Product/15163562983810,"lego-city-cargo-train-set-60198","LEGO City Cargo Train Set 60198",946
2026-07-16T14:53:34.882Z,gid://shopify/Product/15163563213186,"lego-volkswagen-t2-camper-van-set-10279-blue-white","LEGO Volkswagen T2 Camper Van Set 10279 Blue/White",843
2026-07-16T14:54:57.215Z,gid://shopify/Product/15163563475330,"lego-technic-porsche-911-rsr-set-42096","LEGO Technic Porsche 911 RSR Set 42096",759
2026-07-16T14:54:57.219Z,gid://shopify/Product/15163563671938,"lego-the-disney-castle-set-71040","LEGO The Disney Castle Set 71040",553
2026-07-16T14:54:57.219Z,gid://shopify/Product/15163563868546,"lego-technic-mclaren-formula-1-team-race-car-set-42141","LEGO Technic McLaren Formula 1 F1 Team Race Car Set 42141",652
2026-07-16T14:54:57.219Z,gid://shopify/Product/15163564097922,"lego-creator-james-bond-aston-martin-db5-set-10262","LEGO Creator James Bond Aston Martin DB5 Set 10262",634
2026-07-16T14:54:57.219Z,gid://shopify/Product/15163564327298,"lego-santas-visit-winter-village-set-10293","LEGO Santa's Visit Winter Village Set 10293",615
2026-07-16T14:54:57.219Z,gid://shopify/Product/15163564622210,"lego-disney-villain-icons-set-43227","LEGO Disney Villain Icons Set 43227",794
2026-07-16T14:54:57.219Z,gid://shopify/Product/15163564851586,"lego-horizon-hidden-west-tallneck-set-76989","LEGO Horizon Forbidden West: Tallneck Set 76989",638
2026-07-16T14:54:57.219Z,gid://shopify/Product/15163565179266,"lego-brick-bank-set-10251","LEGO Creator Brick Bank Set 10251",606
2026-07-16T14:54:57.219Z,gid://shopify/Product/15163565375874,"lego-icons-bouquet-of-roses-set-10328","LEGO Icons Bouquet of Roses Set 10328",965
2026-07-16T14:54:57.219Z,gid://shopify/Product/15163565605250,"lego-creator-winter-village-market-set-10233","LEGO Creator Winter Village Market Set 10235",617
2026-07-16T14:54:57.219Z,gid://shopify/Product/15163565834626,"lego-star-wars-chewbacca-set-75371","LEGO Star Wars Chewbacca Set 75371",840
2026-07-16T14:54:57.219Z,gid://shopify/Product/15163566096770,"lego-creator-fire-brigade-set-10197","LEGO Creator Fire Brigade Set 10197",763
2026-07-16T14:54:57.219Z,gid://shopify/Product/15163566358914,"lego-ideas-nasa-international-space-station-set-21321","LEGO Ideas NASA International Space Station Set 21321",591
2026-07-16T14:54:57.219Z,gid://shopify/Product/15163566621058,"lego-technic-dc-the-batman-batmobile-set-42127-black","LEGO Technic DC The Batman Batmobile Set 42127 Black",765
2026-07-16T14:54:57.219Z,gid://shopify/Product/15163566915970,"lego-architecture-statue-of-liberty-set-21042","LEGO Architecture Statue of Liberty Set 21042",615
2026-07-16T14:54:57.219Z,gid://shopify/Product/15163567145346,"lego-marvel-super-heroes-the-shield-helicarrier-set-76042","LEGO Marvel Super Heroes the SHIELD Helicarrier Set 76042",876
2026-07-16T14:54:57.219Z,gid://shopify/Product/15163567636866,"lego-speed-champions-2-fast-2-furious-nissan-skyline-gt-r-r34-set-76917","LEGO Speed Champions 2 Fast 2 Furious Nissan Skyline GT-R (R34) Set 76917",727
2026-07-16T14:54:57.219Z,gid://shopify/Product/15163568193922,"lego-ideas-the-flinstones-set-21316","LEGO Ideas The Flintstones Set 21316",625
2026-07-16T14:54:57.219Z,gid://shopify/Product/15163568718210,"lego-old-fishing-store-set-21310","LEGO Ideas Old Fishing Store Set 21310",602
2026-07-16T14:54:57.219Z,gid://shopify/Product/15163569111426,"lego-star-wars-darth-vaders-castle-set-75251","LEGO Star Wars Darth Vader's Castle Set 75251",668
2026-07-16T14:54:57.219Z,gid://shopify/Product/15163569504642,"lego-technic-ducati-panigale-v4r-set-42107","LEGO Technic Ducati Panigale V4R Set 42107",655
2026-07-16T14:54:57.219Z,gid://shopify/Product/15163569766786,"lego-creator-mini-cooper-mk-vii-set-10242","LEGO Creator Mini Cooper MK VII Set 10242",635
2026-07-16T14:54:57.219Z,gid://shopify/Product/15163570061698,"lego-marvel-studios-the-infinity-saga-star-lords-helmet-set-76251","LEGO Marvel Studios The Infinity Saga Star-Lord's Helmet Set 76251",903
2026-07-16T14:54:57.219Z,gid://shopify/Product/15163570422146,"lego-batman-the-classic-tv-series-batmobile-set-76328","LEGO Batman: The Classic TV Series Batmobile Set 76328",870
2026-07-16T14:54:57.219Z,gid://shopify/Product/15163570684290,"lego-icons-the-lord-of-the-rings-fell-beast-set-40693","LEGO Icons The Lord of the Rings Fell Beast Set 40693",951
2026-07-16T14:54:57.220Z,gid://shopify/Product/15163570946434,"lego-creator-fiat-500-set-10271","LEGO Creator Fiat 500 Set 10271",717
2026-07-16T14:54:57.220Z,gid://shopify/Product/15163571339650,"lego-star-wars-death-star-trench-run-diorama-set-75329","LEGO Star Wars Death Star Trench Run Diorama Set 75329",881
2026-07-16T14:54:57.220Z,gid://shopify/Product/15163571569026,"lego-disney-snow-white-and-the-seven-dwarfs-cottage-set-43242","LEGO Disney Snow White and the Seven Dwarfs' Cottage Set 43242",702
2026-07-16T14:54:57.220Z,gid://shopify/Product/15163571831170,"lego-adidas-original-superstar-set-40486","LEGO adidas Original Superstar Set 40486",877
2026-07-16T14:54:57.220Z,gid://shopify/Product/15163572322690,"lego-speed-champions-fast-furious-1970-dodge-charger-r-t-set-76912","LEGO Speed Champions Fast & Furious 1970 Dodge Charger R/T Set 76912",844
2026-07-16T14:54:57.220Z,gid://shopify/Product/15163572715906,"lego-star-wars-republic-fighter-tank-set-75342","LEGO Star Wars Republic Fighter Tank Set 75342",737
2026-07-16T14:54:57.220Z,gid://shopify/Product/15163573109122,"lego-technic-4x4-mercedes-benz-zetros-trial-truck-set-42129","LEGO Technic 4x4 Mercedes-Benz Zetros Trial Truck Set 42129",663
2026-07-16T14:54:57.220Z,gid://shopify/Product/15163573371266,"lego-fornite-peely-bone-set-77072","LEGO Fornite Peely Bone Set 77072",998
2026-07-16T14:54:57.220Z,gid://shopify/Product/15163573698946,"lego-star-wars-clone-commander-cody-helmet-set-75350","LEGO Star Wars Clone Commander Cody Helmet Set 75350",816
2026-07-16T14:54:57.220Z,gid://shopify/Product/15163574124930,"lego-icons-alpine-lodge-set-10325","LEGO Icons Alpine Lodge Set 10325",742
2026-07-16T14:54:57.220Z,gid://shopify/Product/15163574485378,"lego-star-wars-republic-gunship-set-75021","LEGO Star Wars Republic Gunship Set 75021",731
2026-07-16T14:54:57.220Z,gid://shopify/Product/15163574944130,"lego-harry-potter-hermione-granger-set-76393","LEGO Harry Potter & Hermione Granger Set 76393",602
2026-07-16T14:54:57.220Z,gid://shopify/Product/15163575435650,"lego-technic-volvo-ec500-hybrid-excavator-set-42215","LEGO Technic Volvo EC500 Hybrid Excavator Set 42215",854
2026-07-16T14:54:57.220Z,gid://shopify/Product/15163575697794,"lego-heart-oranament-set-40638","LEGO Heart Ornament Set 40638",695
2026-07-16T14:54:57.220Z,gid://shopify/Product/15163576287618,"lego-marvel-spider-man-final-battle-set-76261","LEGO Marvel Spider-Man Final Battle Set 76261",874
2026-07-16T14:56:29.568Z,gid://shopify/Product/15163576877442,"lego-scooby-doo-haunted-lighthouse-set-75903","LEGO Scooby-Doo Haunted Lighthouse Set 75903",678
2026-07-16T14:56:29.572Z,gid://shopify/Product/15163577827714,"lego-city-passenger-airplane-set-60367","LEGO City Passenger Airplane Set 60367",1048
2026-07-16T14:56:29.572Z,gid://shopify/Product/15163579466114,"lego-star-wars-boarding-the-tantive-iv-set-75387","LEGO Star Wars Boarding the Tantive IV Set 75387",1102
2026-07-16T14:56:29.572Z,gid://shopify/Product/15163580383618,"lego-back-to-the-future-the-delorean-time-machine-set-21103","LEGO Back To The Future The DeLorean Time Machine Set 21103",632
2026-07-16T14:56:29.572Z,gid://shopify/Product/15163581366658,"lego-harry-potter-hogsmeade-village-collectors-edition-set-76457","LEGO Harry Potter Hogsmeade Village Collectors' Edition Set 76457",928
2026-07-16T14:56:29.572Z,gid://shopify/Product/15163582054786,"lego-star-wars-vaders-tie-advanced-vs-a-wing-starfighter-set-75150","LEGO Star Wars Vader's TIE Advanced vs. A-wing Starfighter Set 75150",779
2026-07-16T14:56:29.572Z,gid://shopify/Product/15163583037826,"lego-disney-mini-castle-set-40478","LEGO Disney Mini Castle Set 40478",708
2026-07-16T14:56:29.572Z,gid://shopify/Product/15163584184706,"lego-creator-crocodile-locomotive-set-10277","LEGO Creator Crocodile Locomotive Set 10277",701
2026-07-16T14:56:29.572Z,gid://shopify/Product/15163585364354,"lego-house-home-of-the-brick-a-minifigure-tribute-set-40504","LEGO House Home of the Brick A Minifigure Tribute Set 40504",966
2026-07-16T14:56:29.572Z,gid://shopify/Product/15163588084098,"lego-marvel-miles-morales-mask-set-76329","LEGO Marvel Miles Morales' Mask Set 76329",727
2026-07-16T14:56:29.572Z,gid://shopify/Product/15163591852418,"lego-star-wars-millennium-falcon-set-75105","LEGO Star Wars Millennium Falcon Set 75105",743
2026-07-16T14:56:29.572Z,gid://shopify/Product/15163594080642,"lego-icons-shelby-cobra-427-s-c-set-10357","LEGO Icons Shelby Cobra 427 S/C Set 10357",962
2026-07-16T14:56:29.572Z,gid://shopify/Product/15163594965378,"lego-disney-beauty-and-the-beast-castle-set-43263","LEGO Disney Beauty and the Beast Castle Set 43263",782
2026-07-16T14:56:29.572Z,gid://shopify/Product/15163595882882,"lego-star-wars-republic-dropship-with-at-ot-walker-set-10195","LEGO Star Wars Republic Dropship with AT-OT Walker Set 10195",844
2026-07-16T14:56:29.573Z,gid://shopify/Product/15163596472706,"lego-amelia-earhart-tribute-set-40450","LEGO Amelia Earhart Tribute Set 40450",702
2026-07-16T14:56:29.573Z,gid://shopify/Product/15163597750658,"lego-holiday-charles-dickens-tribute-a-christmas-carol-exclusive-set-40410","LEGO Holiday Charles Dickens Tribute a Christmas Carol Exclusive Set 40410",677
2026-07-16T14:56:29.573Z,gid://shopify/Product/15169088061826,"air-jordan-4-retro-cozy-girl-womens","Jordan 4 Retro Cozy Girl (Women's)",824
2026-07-16T14:56:29.573Z,gid://shopify/Product/15169088586114,"air-jordan-1-retro-low-og-chicago-2025","Jordan 1 Retro Low OG Chicago (2025)",880
2026-07-16T14:56:29.573Z,gid://shopify/Product/15169090060674,"salomon-xt-pathway-2-feid-fxxomor","Salomon XT-Pathway 2 Feid FXXOMOR",755
2026-07-16T14:56:29.573Z,gid://shopify/Product/15169091502466,"asics-gel-nyc-white-glacier-grey","ASICS Gel-NYC White Glacier Grey",917
2026-07-16T14:56:29.573Z,gid://shopify/Product/15169092944258,"asics-gel-kayano-14-dried-leaf-green-pure-silver","ASICS Gel-Kayano 14 Dried Leaf Green Pure Silver",991
2026-07-16T14:56:29.573Z,gid://shopify/Product/15169093828994,"asics-gel-kayano-14-silver-lime","ASICS Gel-Kayano 14 Silver Lime",921
2026-07-16T14:56:29.573Z,gid://shopify/Product/15170253554050,"new-balance-abzorb-2000-black","New Balance Abzorb 2000 Black",827
2026-07-16T14:56:29.573Z,gid://shopify/Product/15170253947266,"nike-kobe-6-protro-caitlin-clark-light-armory-blue","Nike Kobe 6 Protro Caitlin Clark Light Armory Blue",818
2026-07-16T14:56:29.573Z,gid://shopify/Product/15170254209410,"nike-air-max-90-seattle-seahawks","Nike Air Max 90 Seattle Seahawks",900
2026-07-16T14:56:29.573Z,gid://shopify/Product/15170254438786,"nike-lebron-23-best-in-class","Nike LeBron 23 Best in Class",828
2026-07-16T14:56:29.573Z,gid://shopify/Product/15170254897538,"nike-air-max-waffle-racer-sp-matte-olive-gum-dark-brown","Nike Air Max Waffle Racer SP Matte Olive Gum Dark Brown",828
2026-07-16T14:56:29.573Z,gid://shopify/Product/15170255716738,"new-balance-2002r-protection-pack-shipyard","New Balance 2002R Protection Pack Shipyard",876
2026-07-16T14:56:29.574Z,gid://shopify/Product/15170256175490,"air-jordan-4-retro-photon-dust-blue-chill-gs","Jordan 4 Retro Photon Dust Blue Chill (GS)",876
2026-07-16T14:56:29.574Z,gid://shopify/Product/15170256470402,"nike-lebron-23-grand-opening","Nike LeBron 23 Grand Opening",785
2026-07-16T14:56:29.574Z,gid://shopify/Product/15171719299458,"adidas-japan-wales-bonner-light-purple","adidas Japan Wales Bonner Light Purple",862
2026-07-16T14:56:29.574Z,gid://shopify/Product/15171723395458,"new-balance-550-white-dusty-blue","New Balance 550 White Dusty Blue",1143
2026-07-16T14:56:29.574Z,gid://shopify/Product/15171723919746,"new-balance-1906r-white-gold-silver","New Balance 1906R White Rain Cloud Silver Metallic",1134
2026-07-16T14:56:29.574Z,gid://shopify/Product/15171724804482,"new-balance-9060-bodega-age-of-discovery","New Balance 9060 Bodega Age of Discovery",1016
2026-07-16T14:56:29.574Z,gid://shopify/Product/15171725361538,"new-balance-550-white-rain-cloud","New Balance 550 White Rain Cloud",1146
2026-07-16T14:56:29.574Z,gid://shopify/Product/15173315887490,"new-balance-550-aime-leon-dore-purple","New Balance 550 Aime Leon Dore Purple",980
2026-07-16T14:56:29.574Z,gid://shopify/Product/15173316247938,"new-balance-993-aime-leon-dore-brown","New Balance 993 Aime Leon Dore Brown",835
2026-07-16T14:56:29.574Z,gid://shopify/Product/15173316542850,"new-balance-530-white-silver-green","New Balance 530 White Silver Green",1170
2026-07-16T14:56:29.574Z,gid://shopify/Product/15173316870530,"new-balance-550-white-nightwatch-green","New Balance 550 White Nightwatch Green",1082
2026-07-16T14:56:29.574Z,gid://shopify/Product/15173317165442,"new-balance-990v3-miusa-green-gold","New Balance 990v3 MiUSA Varsity Green Gold",1330
2026-07-16T14:58:25.457Z,gid://shopify/Product/15174845890946,"new-balance-530-stone-pink","New Balance 530 Stone Pink",1400
2026-07-16T14:58:25.461Z,gid://shopify/Product/15174846710146,"new-balance-990v2-miusa-white-blue","New Balance 990v2 MiUSA White Blue",1455
2026-07-16T14:58:25.461Z,gid://shopify/Product/15174848283010,"new-balance-530-cream-beige","New Balance 530 Cream Beige",1567
2026-07-16T14:58:25.461Z,gid://shopify/Product/15174849790338,"new-balance-990v2-miusa-grey-tan","New Balance 990v2 MiUSA Grey Tan",1517
2026-07-16T14:58:25.461Z,gid://shopify/Product/15176953561474,"air-jordan-4-retro-military-blue-2024-bcfm","Jordan 4 Retro Military Blue (2024) %",1242
2026-07-16T14:58:25.461Z,gid://shopify/Product/15176956379522,"air-jordan-1-retro-high-og-atmosphere-w-bcfm","Jordan 1 Retro High OG Atmosphere (Women's) %",663
2026-07-16T14:58:25.462Z,gid://shopify/Product/15176958837122,"air-jordan-1-low-ice-blue-black-gs-bcfm","Jordan 1 Low Ice Blue Black (GS) %",1159
2026-07-16T14:58:25.462Z,gid://shopify/Product/15176962212226,"air-jordan-1-mid-blue-mint-gs-bcfm","Jordan 1 Mid Mystic Navy Mint Foam (GS) %",1154
2026-07-16T14:58:25.462Z,gid://shopify/Product/15176964899202,"new-balance-m2002-protection-pack-phantom","New Balance 2002R Protection Pack Phantom %",889
2026-07-16T14:58:25.462Z,gid://shopify/Product/15176967618946,"air-jordan-1-mid-beige-red-gs-bcfm","Jordan 1 Mid Light Curry Cardinal (GS) %",814
2026-07-16T14:58:25.462Z,gid://shopify/Product/15176970043778,"air-jordan-3-retro-cardinal-gs-bcfm","Jordan 3 Retro Cardinal (GS) %",835
2026-07-16T14:58:25.462Z,gid://shopify/Product/15176975516034,"nike-dunk-low-white-black-2021-w-bcfm","Nike Dunk Low Retro White Black Panda (Women's) %",536
2026-07-16T14:58:25.462Z,gid://shopify/Product/15177096429954,"nike-dunk-low-rose-whisper-w-bcfm","Nike Dunk Low Rose Whisper (Women's) %",584
2026-07-16T14:58:25.462Z,gid://shopify/Product/15177100460418,"asics-gel-1130-neon-pack-green-bcfm","ASICS Gel-1130 Neon Pack Green (Women's) %",1230
2026-07-16T14:58:25.462Z,gid://shopify/Product/15177110159746,"adidas-yeezy-slide-flax-bcfm","adidas Yeezy Slide Flax %",713
2026-07-16T14:58:25.462Z,gid://shopify/Product/15177113305474,"air-jordan-1-high-element-gore-tex-light-curry","Jordan 1 Retro High Element Gore-Tex Light Curry %",962
2026-07-16T14:58:25.462Z,gid://shopify/Product/15180207817090,"aime-leon-dore-x-the-north-face-casentino-nuptse-jacket-kombu-green","Aime Leon Dore x The North Face Casentino Nuptse Jacket Kombu Green",1426
2026-07-16T14:58:25.462Z,gid://shopify/Product/15180208079234,"supreme-the-north-face-nuptse-jacket-black","Supreme The North Face Nuptse Jacket Black",1472
2026-07-16T14:58:25.462Z,gid://shopify/Product/15180208341378,"supreme-the-north-face-split-nuptse-jacket-black","Supreme The North Face Split Nuptse Jacket Black",1505
2026-07-16T14:58:25.462Z,gid://shopify/Product/15180208570754,"skims-x-tnf-refina-long-sleeve-top-onyx","SKIMS x TNF Refina Long Sleeve Top Onyx",1165
2026-07-16T14:58:25.462Z,gid://shopify/Product/15180209095042,"kaws-x-the-north-face-hoodie-blue-white","KAWS x The North Face Popover Hoodie Bolt Blue",735
2026-07-16T14:58:25.462Z,gid://shopify/Product/15180209521026,"supreme-gore-tex-dog-jacket-truetimber-htc-fall-camo","Supreme GORE-TEX Dog Jacket TrueTimber HTC Fall Camo",1285
2026-07-16T14:58:25.462Z,gid://shopify/Product/15180210897282,"kaws-x-warhol-coach-474138-jacket-black","KAWS x Uniqlo Warhol Coach 474138 Jacket Black",737
2026-07-16T14:58:25.462Z,gid://shopify/Product/15180211126658,"nike-womens-oversized-swoosh-logo-jacket-black-fossil","Nike Womens Oversized Swoosh Logo Jacket Black/Fossil",940
2026-07-16T14:58:25.462Z,gid://shopify/Product/15180211519874,"new-balance-1906r-brown-beige","New Balance 1906R Brown Beige",1215
2026-07-16T14:58:25.462Z,gid://shopify/Product/15180212765058,"new-balance-991-miuk-40th-anniversary-grey-off-white","New Balance 991 MiUK 40th Anniversary Catalogue Pack",1211
2026-07-16T14:58:25.462Z,gid://shopify/Product/15180213453186,"new-balance-327-forest-green-serene-blue","New Balance 327 Forest Green Serene Blue Vintage Worn",546
2026-07-16T14:58:25.462Z,gid://shopify/Product/15184269214082,"new-balance-1906l-junya-watanabe-man-black","New Balance 1906L Junya Watanabe MAN Black",1356
2026-07-16T14:58:25.463Z,gid://shopify/Product/15184269476226,"new-balance-530-turtledove-gold-metallic","New Balance 530 Turtledove Gold Metallic",1464
2026-07-16T14:58:25.463Z,gid://shopify/Product/15184269738370,"new-balance-1906r-phantom-dark-grey-metallic-silver","New Balance 1906R Phantom Dark Grey Metallic Silver",1591
2026-07-16T14:58:25.463Z,gid://shopify/Product/15184270033282,"new-balance-550-triple-black","New Balance 550 Triple Black",1063
2026-07-16T14:58:25.463Z,gid://shopify/Product/15184270492034,"new-balance-550-white-grey-dark-grey","New Balance 550 White Grey Dark Grey",1029
2026-07-16T14:58:25.463Z,gid://shopify/Product/15185556472194,"pop-mart-labubu-the-monsters-have-a-seat-vinyl-plush-blind-box-set-of-6","Pop Mart Labubu The Monsters Have a Seat Vinyl Plush Sealed Case (6 Blind Boxes)",1484
2026-07-16T14:58:25.463Z,gid://shopify/Product/15185561551234,"fear-of-god-essentials-kids-fleece-hoodie-light-heather-gray","Fear of God Essentials Kids Fleece Hoodie Light Heather Gray",1493
2026-07-16T14:58:25.463Z,gid://shopify/Product/15185569251714,"adidas-campus-00s-dark-green-cloud-white","adidas Campus 00s Dark Green Cloud White",1260
2026-07-16T14:58:25.463Z,gid://shopify/Product/15185585439106,"air-jordan-1-mid-blue-mint-gs","Jordan 1 Mid Mystic Navy Mint Foam (GS)",1126
2026-07-16T14:58:25.463Z,gid://shopify/Product/15185590157698,"air-jordan-4-retro-metallic-purple-gs","Jordan 4 Retro Metallic Purple (GS)",798
2026-07-16T14:58:25.463Z,gid://shopify/Product/15185607360898,"lego-technic-bell-boeing-v22-osprey-set-42113","LEGO Technic Bell Boeing V22 Osprey Set 42113",2987
2026-07-16T14:58:25.463Z,gid://shopify/Product/15191122674050,"lego-icons-tropical-aquarium-set-10366","LEGO Icons Tropical Aquarium Set 10366",1505
2026-07-16T14:59:54.895Z,gid://shopify/Product/15191123624322,"adidas-superstar-lego-white-black","adidas Superstar LEGO White Black",804
2026-07-16T14:59:54.900Z,gid://shopify/Product/15191124050306,"lego-bricklink-designer-program-old-train-engine-shed-910033","LEGO Bricklink Designer Program Old Train Engine Shed 910033",766
2026-07-16T14:59:54.900Z,gid://shopify/Product/15191126475138,"lego-ninjago-source-dragon-of-motion-set-71822","LEGO Ninjago Source Dragon of Motion Set 71822",789
2026-07-16T14:59:54.900Z,gid://shopify/Product/15191136207234,"lego-architecture-london-set-21034","LEGO Architecture London Set 21034",715
2026-07-16T14:59:54.901Z,gid://shopify/Product/15191582802306,"2025-26-topps-basketball-hobby-box","2025/26 Topps Basketball Hobby Box",740
2026-07-16T14:59:54.901Z,gid://shopify/Product/15191583818114,"2025-pokemon-prismatic-evolutions-mini-tins-8-pack-costco-exclusive-2x-lot","2025 Pokémon Prismatic Evolutions Mini Tins 8-Pack (Costco Exclusive) 2x Lot",759
2026-07-16T14:59:54.901Z,gid://shopify/Product/15191584833922,"2025-pokemon-scarlet-violet-black-bolt-white-flare-elite-trainer-box","2025 Pokémon Scarlet & Violet Black Bolt & White Flare Elite Trainer Box",951
2026-07-16T14:59:54.901Z,gid://shopify/Product/15191585882498,"2025-pokemon-scarlet-violet-prismatic-evolutions-lucario-ex-tyranitar-ex-premium-collection-sams-club-exclusive-2x-lot","2025 Pokémon Scarlet & Violet Prismatic Evolutions Lucario ex & Tyranitar ex Premium Collection (Sam's Club Exclusive) 2x Lot",896
2026-07-16T14:59:54.901Z,gid://shopify/Product/15191586570626,"2025-pokemon-scarlet-violet-surging-sparks-elite-trainer-box-booster-bundle-costco-2-pack-2x-lot","2025 Pokémon Scarlet & Violet Surging Sparks Elite Trainer Box & Booster Bundle Costco 2-Pack 2x Lot",863
2026-07-16T14:59:54.901Z,gid://shopify/Product/15191587324290,"2025-topps-chrome-x-cactus-jack-travis-scott-edition-wwe-wrestling-hobby-box","2025 Topps Chrome x Cactus Jack Travis Scott Edition WWE Wrestling Hobby Box",890
2026-07-16T14:59:54.901Z,gid://shopify/Product/15191591715202,"adidas-adifom-superstar-white-black","adidas adiFOM Superstar White Black",884
2026-07-16T14:59:54.901Z,gid://shopify/Product/15191594402178,"adidas-adizero-adios-pro-4-lucid-lemon-black","adidas Adizero Adios Pro 4 Lucid Lemon Black",873
2026-07-16T14:59:54.901Z,gid://shopify/Product/15191613440386,"adidas-adizero-electric-speed-juice-cloud-white-silver-metallic","adidas Adizero Electric Speed Juice Cloud White Silver Metallic",913
2026-07-16T14:59:54.901Z,gid://shopify/Product/15191614423426,"adidas-adizero-select-20-low-lucid-pink-preloved-lime","adidas Adizero Select 3.0 Low Lucid Pink Preloved Lime",997
2026-07-16T14:59:54.901Z,gid://shopify/Product/15191618027906,"adidas-ae-1-low-blue-burst","adidas AE 1 Low Nick's Gift (GS)",1034
2026-07-16T14:59:54.901Z,gid://shopify/Product/15191619010946,"adidas-ae-1-velocity-blue","adidas AE 1 Velocity Blue",931
2026-07-16T14:59:54.901Z,gid://shopify/Product/15191620026754,"adidas-argentina-1994-away-jersey-blue","adidas Argentina 1994 Away Jersey Blue",880
2026-07-16T14:59:54.901Z,gid://shopify/Product/15191621140866,"adidas-bw-army-silver-pebble","adidas BW Army Silver Pebble",865
2026-07-16T14:59:54.901Z,gid://shopify/Product/15191623106946,"adidas-campus-00s-leopard-black-womens","adidas Campus 00s Leopard Black (Women's)",998
2026-07-16T14:59:54.901Z,gid://shopify/Product/15191626940802,"adidas-campus-80s-bape-30th-anniversary-brown","adidas Campus 80s Bape 30th Anniversary Brown",1334
2026-07-16T14:59:54.901Z,gid://shopify/Product/15191628677506,"adidas-climacool-4d-laced-glory-grey","adidas Climacool 4D Laced Glory Grey",909
2026-07-16T14:59:54.901Z,gid://shopify/Product/15191629332866,"adidas-country-og-song-for-the-mute-bronze","adidas Country OG Song For The Mute Bronze",890
2026-07-16T14:59:54.901Z,gid://shopify/Product/15195398111618,"adidas-d-rose-15-black-white-red","adidas D Rose 1.5 Black White Red",834
2026-07-16T14:59:54.901Z,gid://shopify/Product/15195399913858,"adidas-don-issue-7-core-black-carbon","adidas D.O.N. Issue #7 Core Black Carbon",798
2026-07-16T14:59:54.901Z,gid://shopify/Product/15195400667522,"adidas-f50-elite-laceless-fg-cloud-white-solar-red","adidas F50+ Elite Laceless FG Cloud White Solar Red",902
2026-07-16T14:59:54.901Z,gid://shopify/Product/15195401388418,"adidas-fear-of-god-athletics-86-lo-sesame","adidas Fear of God Athletics '86 Lo Sesame",1063
2026-07-16T14:59:54.902Z,gid://shopify/Product/15195402404226,"adidas-forum-84-low-bape-30th-anniversary-green-camo","adidas Forum 84 Low Bape 30th Anniversary Green Camo",1079
2026-07-16T14:59:54.902Z,gid://shopify/Product/15195403125122,"adidas-forum-low-the-grinch-2023","adidas Forum Low The Grinch (2023)",1271
2026-07-16T14:59:54.902Z,gid://shopify/Product/15195413676418,"adidas-gazelle-indoor-better-scarlet-patent-leather","adidas Gazelle Indoor Better Scarlet Patent Leather",1005
2026-07-16T14:59:54.902Z,gid://shopify/Product/15195475214722,"adidas-handball-spezial-cement-grey-black","adidas Handball Spezial Aluminum Core Black",1022
2026-07-16T14:59:54.902Z,gid://shopify/Product/15195508113794,"adidas-harden-vol-8-sculpt","adidas Harden Vol. 8 Sculpt",1012
2026-07-16T14:59:54.902Z,gid://shopify/Product/15195542028674,"adidas-harden-vol-9-jalen-williams-white-lucid-lime-pink","adidas Harden Vol. 9 Jalen Williams White Lucid Lime Pink",1547
2026-07-16T14:59:54.902Z,gid://shopify/Product/15198187422082,"adidas-japan-brain-dead-black-warm-vanilla","adidas Japan Brain Dead Black Warm Vanilla",986
2026-07-16T14:59:54.902Z,gid://shopify/Product/15198189289858,"adidas-luna-rossa-21-prada-core-black","adidas Luna Rossa 21 Prada Core Black",864
2026-07-16T14:59:54.902Z,gid://shopify/Product/15198193484162,"adidas-real-madrid-99-00-away-jersey-black","adidas Real Madrid 99/00 Away Jersey Black",787
2026-07-16T14:59:54.902Z,gid://shopify/Product/15198200332674,"adidas-samba-bape-black-white-gum","adidas Samba Bape Black White Gum",1027
2026-07-16T14:59:54.902Z,gid://shopify/Product/15198209048962,"adidas-samba-jane-green-white-gum-womens","adidas Samba Jane Green White Gum (Women's)",1084
2026-07-16T14:59:54.902Z,gid://shopify/Product/15198239392130,"adidas-samba-og-black-cream-white-collegiate-green","adidas Samba OG Snakeskin Collegiate Green (Women's)",980
2026-07-16T14:59:54.902Z,gid://shopify/Product/15198342021506,"adidas-samba-og-liberty-london-better-scarlet-womens","adidas Samba OG Liberty London Better Scarlet (Women's)",1195
2026-07-16T14:59:54.902Z,gid://shopify/Product/15198343889282,"adidas-samba-og-white-royal-blue-night-indigo","adidas Samba OG White Royal Blue Night Indigo",951
2026-07-16T15:01:57.848Z,gid://shopify/Product/15198346576258,"adidas-shadowturf-song-for-the-mute-dark-brown","adidas Shadowturf Song for the Mute Dark Brown",1420
2026-07-16T15:01:57.852Z,gid://shopify/Product/15198348411266,"adidas-stan-smith-core-white-new-navy","adidas Stan Smith Core White New Navy",1085
2026-07-16T15:01:57.852Z,gid://shopify/Product/15198348968322,"adidas-superstar-2-core-black-cloud-white","adidas Superstar 2 Core Black Cloud White",1187
2026-07-16T15:01:57.852Z,gid://shopify/Product/15203316203906,"ugg-goldenstar-clog-chestnut","UGG Goldenstar Clog Chestnut (Women's)",1182
2026-07-16T15:01:57.853Z,gid://shopify/Product/15203329212802,"under-armour-curry-12-anti-gravity","Under Armour Curry 12 Anti-Gravity",962
2026-07-16T15:01:57.853Z,gid://shopify/Product/15203331146114,"vans-old-skool-36-lx-souvenir-warm-brown","Vans Old Skool 36 LX Souvenir Warm Brown",1241
2026-07-16T15:01:57.853Z,gid://shopify/Product/15203332587906,"vivienne-westwood-earrings-mini-bas-relief-silver","Vivienne Westwood Earrings Mini Bas Relief Silver",1167
2026-07-16T15:01:57.853Z,gid://shopify/Product/15203335373186,"yeezy-gap-engineered-by-balenciaga-fleece-double-layered-525b-sweatpant-black","Yeezy Gap Engineered by Balenciaga Fleece Double Layered 525B Sweatpant Black",1031
2026-07-16T15:01:57.854Z,gid://shopify/Product/15203343499650,"yzy-ys-01-black","YZY YS-01 Black",1312
2026-07-16T15:01:57.854Z,gid://shopify/Product/15209301246338,"air-jordan-11-retro-gamma-blue-2025","Jordan 11 Retro Gamma Blue (2025)",1231
2026-07-16T15:01:57.854Z,gid://shopify/Product/15213058130306,"swatch-x-omega-bioceramic-moonswatch-mission-to-earthphase-snoopy-gold-beaver-moon-so33n704l-white","Swatch x Omega Bioceramic Moonswatch Mission To Earthphase Snoopy Gold (Beaver Moon) SO33N704L",1149
2026-07-16T15:01:57.854Z,gid://shopify/Product/15213058556290,"swatch-x-omega-bioceramic-moonswatch-1965-so33m106-white","Swatch x Omega Bioceramic Moonswatch 1965 SO33M106",1273
2026-07-16T15:01:57.854Z,gid://shopify/Product/15213058982274,"swatch-x-omega-bioceramic-moonswatch-mission-to-mars-so33r100-white","Swatch x Omega Bioceramic Moonswatch Mission to Mars SO33R100",768
2026-07-16T15:01:57.854Z,gid://shopify/Product/15213059309954,"swatch-x-omega-bioceramic-moonswatch-mission-to-neptune-gold-so33n100-blue","Swatch x Omega Bioceramic Moonswatch Mission to Neptune Moonshine Gold SO33N101-108",1073
2026-07-16T15:01:57.855Z,gid://shopify/Product/15213059670402,"swatch-x-omega-bioceramic-moonswatch-mission-to-moonshine-strawberry-so33m102-107-black","Swatch x Omega Bioceramic Moonswatch Mission To Moonshine Gold Strawberry SO33M102-107",1171
2026-07-16T15:01:57.855Z,gid://shopify/Product/15213136740738,"nike-kd-10-anniversary","Nike KD 10 Anniversary",1244
2026-07-16T15:01:57.855Z,gid://shopify/Product/15219317670274,"fear-of-god-essentials-core-collection-sweatpants-black","Fear of God Essentials Core Collection Sweatpants Black",1240
2026-07-16T15:01:57.855Z,gid://shopify/Product/15219317866882,"fear-of-god-essentials-sweatpants-seal","Fear of God Essentials Sweatpants Seal",1139
2026-07-16T15:01:57.855Z,gid://shopify/Product/15219318129026,"fear-of-god-essentials-fleece-essential-sweatpant-marine","Fear of God Essentials Fleece Essential Sweatpant Marine",1338
2026-07-16T15:01:57.855Z,gid://shopify/Product/15219318358402,"fear-of-god-essentials-nba-relaxed-sweatpant-light-heather","Fear of God Essentials NBA Relaxed Sweatpant Light Heather",1371
2026-07-16T15:01:57.856Z,gid://shopify/Product/15219318653314,"fear-of-god-essentials-sweatpant-silver-cloud","Fear of God Essentials Sweatpant Silver Cloud",893
2026-07-16T15:01:57.856Z,gid://shopify/Product/15219318882690,"fear-of-god-essentials-sweatpant-core-heather","Fear of God Essentials Sweatpant Core Heather",873
2026-07-16T15:01:57.856Z,gid://shopify/Product/15219319177602,"fear-of-god-essentials-sweatpant-gold-heather","Fear of God Essentials Sweatpant Gold Heather",856
2026-07-16T15:01:57.857Z,gid://shopify/Product/15219320455554,"fear-of-god-essentials-textured-nylon-field-pant-black","Fear of God Essentials Textured Nylon Field Pant Black",1288
2026-07-16T15:01:57.857Z,gid://shopify/Product/15219384287618,"new-balance-1000-sea-salt-grey","New Balance 1000 Sea Salt Grey",1206
2026-07-16T15:01:57.857Z,gid://shopify/Product/15219384713602,"new-balance-327-white-black","New Balance 327 White Black",1484
2026-07-16T15:01:57.858Z,gid://shopify/Product/15219385205122,"new-balance-2002r-nightwatch-green","New Balance 2002R Nightwatch Green",1186
2026-07-16T15:01:57.859Z,gid://shopify/Product/15219385631106,"air-jordan-4-retro-white-cement-2025-gs","Jordan 4 Retro White Cement (2025) (GS)",1420
2026-07-16T15:01:57.859Z,gid://shopify/Product/15219385893250,"asics-gel-1130-black-pure-silver-gs","ASICS Gel-1130 Black Pure Silver (GS)",1757
2026-07-16T15:01:57.859Z,gid://shopify/Product/15219386089858,"nike-aja-wilson-aone-1-draft-pick-womens","Nike A'ja Wilson A'One #1 Draft Pick (Women's)",1350
2026-07-16T15:01:57.859Z,gid://shopify/Product/15219386286466,"nike-air-trainer-huarache-cool-blue-black","Nike Air Trainer Huarache Cool Blue Black",1757
2026-07-16T15:01:57.859Z,gid://shopify/Product/15219386548610,"nike-air-zoom-gt-cut-black-chrome","Nike Air Zoom GT Cut Black Chrome",1752
2026-07-16T15:01:57.859Z,gid://shopify/Product/15219386777986,"adidas-x-oasis-tour-jacquard-jersey-black","adidas x Oasis Tour Jacquard Jersey Black",1617
2026-07-16T15:01:57.860Z,gid://shopify/Product/15222055305602,"nike-air-foamposite-one-triple-white","Nike Air Foamposite One Triple White",1834
2026-07-16T15:01:57.860Z,gid://shopify/Product/15222055502210,"nike-air-max-95-sb-cactus-flower","Nike Air Max 95 SB Cactus Flower",1658
2026-07-16T15:01:57.860Z,gid://shopify/Product/15222055698818,"nike-zoom-vomero-5-metallic-silver","Nike Zoom Vomero 5 Metallic Silver",1258
2026-07-16T15:01:57.860Z,gid://shopify/Product/15222055993730,"nike-zoom-field-jaxx-travis-scott-leche-blue","Nike Zoom Field Jaxx Travis Scott Leche Blue",1372
2026-07-16T15:01:57.860Z,gid://shopify/Product/15222056190338,"asics-gel-1130-cream-kale","ASICS Gel-1130 Cream Kale",1531
2026-07-16T15:01:57.860Z,gid://shopify/Product/15222056386946,"nike-air-max-plus-white-wild-grape","Nike Air Max Plus White Wild Grape",1302
2026-07-16T15:01:57.860Z,gid://shopify/Product/15222056616322,"stussy-x-nike-skullcap-black","Stussy x Nike Skullcap Black",1129
2026-07-16T15:03:43.709Z,gid://shopify/Product/15222056944002,"stussy-x-nike-fleece-zip-hoodie-fw25-grey-heather-fw25","Stussy x Nike Fleece Zip Hoodie (FW25) Grey Heather (FW25)",1127
2026-07-16T15:03:43.713Z,gid://shopify/Product/15222057140610,"pokemon-scarlet-violet-surging-sparks-elite-trainer-box-4x-lot","Pokémon Scarlet & Violet Surging Sparks Elite Trainer Box 4x Lot",1214
2026-07-16T15:03:43.713Z,gid://shopify/Product/15222057369986,"nike-air-force-1-low-protro-kobe-bryant-persian-violet","Nike Air Force 1 Low Protro Kobe Bryant x FC Barcelona Persian Violet",1522
2026-07-16T15:03:43.713Z,gid://shopify/Product/15222502916482,"nike-air-force-1-low-gore-tex-vibram-black","Nike Air Force 1 Low Gore-Tex Vibram Black",1265
2026-07-16T15:03:43.713Z,gid://shopify/Product/15222503145858,"nike-air-force-1-low-07-lv8-wolf-grey-vast-grey-white","Nike Air Force 1 Low '07 LV8 Wolf Grey Vast Grey White",1682
2026-07-16T15:03:43.713Z,gid://shopify/Product/15222503408002,"asics-gel-nimbus-101-white-pure-silver","ASICS Gel-Nimbus 10.1 White Pure Silver",1391
2026-07-16T15:03:43.713Z,gid://shopify/Product/15222503670146,"asics-gel-cumulus-16-toga-grey-black-pure-silver","ASICS Gel-Cumulus 16 TOGA Grey Black Pure Silver",1199
2026-07-16T15:03:43.713Z,gid://shopify/Product/15222503965058,"nike-sb-dunk-low-los-angeles-dodgers","Nike SB Dunk Low Los Angeles Dodgers",1074
2026-07-16T15:03:43.713Z,gid://shopify/Product/15222504194434,"canon-powershot-g7-x-mark-iii-camera-3638c011-silver","Canon PowerShot G7 X Mark III Camera 3638C001 Silver (US Model)",1220
2026-07-16T15:03:43.713Z,gid://shopify/Product/15222504849794,"stussy-brushed-out-stock-skullcap-black","Stussy Brushed Out Stock Skullcap Black",913
2026-07-16T15:03:43.713Z,gid://shopify/Product/15222505046402,"supreme-arc-thermal-lined-zip-up-hooded-sweatshirt-snow-camo","Supreme Arc Thermal Lined Zip Up Hooded Sweatshirt Snow Camo",1084
2026-07-16T15:03:43.713Z,gid://shopify/Product/15222505243010,"asics-gel-cumulus-16-cecilie-bahnsen-floral-pack-black","ASICS Gel-Cumulus 16 Cecilie Bahnsen Floral Pack Black",1612
2026-07-16T15:03:43.713Z,gid://shopify/Product/15222505439618,"stanley-dia-de-muertos-quencher-h20-flowstate-30oz-tumbler-midnight-catrina","Stanley Dia de Muertos Quencher H2.0 FlowState 30oz Tumbler Midnight Catrina",991
2026-07-16T15:03:43.713Z,gid://shopify/Product/15222505668994,"nike-reactx-rejuven8-slide-black","Nike ReactX Rejuven8 Slide Black",1481
2026-07-16T15:03:43.713Z,gid://shopify/Product/15222505865602,"nike-air-force-1-low-sp-tiffany-and-co","Nike Air Force 1 Low Tiffany & Co. 1837",1128
2026-07-16T15:03:43.714Z,gid://shopify/Product/15222506062210,"adidas-ultra-boost-10-dna-grey","adidas Ultra Boost 1.0 DNA Grey",1165
2026-07-16T15:03:43.714Z,gid://shopify/Product/15222506258818,"nike-air-max-90-speed-red","Nike Air Max 90 Speed Red",1175
2026-07-16T15:03:43.714Z,gid://shopify/Product/15223795351938,"new-balance-740-white-silver-metallic-navy","New Balance 740 White Silver Metallic Navy",1478
2026-07-16T15:03:43.714Z,gid://shopify/Product/15223795581314,"supreme-satin-applique-sweatpant-fw25-heather-grey","Supreme Satin Appliqué Sweatpant (FW25) Heather Grey",1310
2026-07-16T15:03:43.714Z,gid://shopify/Product/15223795810690,"casio-analog-mtp1302d-2a2v-tiffany-blue","Casio Analog MTP1302D-2A2V",985
2026-07-16T15:03:43.714Z,gid://shopify/Product/15223796007298,"nike-kobe-bryant-baseball-s-s-top-white-blue","Nike Kobe Bryant Baseball S/S Top White/Blue",1300
2026-07-16T15:03:43.714Z,gid://shopify/Product/15223796236674,"nike-air-max-90-gore-tex-photon-dust","Nike Air Max 90 Gore-Tex Photon Dust",1195
2026-07-16T15:03:43.714Z,gid://shopify/Product/15223796466050,"new-balance-9060-angora-sea-salt","New Balance 9060 Angora Sea Salt",1381
2026-07-16T15:03:43.714Z,gid://shopify/Product/15223796662658,"nike-air-force-1-low-07-soft-pearl-brown-croc","Nike Air Force 1 Low '07 Soft Pearl Brown Croc",1231
2026-07-16T15:03:43.714Z,gid://shopify/Product/15223797776770,"asics-gel-kayano-20-fresh-ice-baltic-jewel","ASICS Gel-Kayano 20 Fresh Ice Baltic Jewel",1233
2026-07-16T15:03:43.714Z,gid://shopify/Product/15223798727042,"supreme-arc-thermal-lined-zip-up-hooded-sweatshirt-ash-grey","Supreme Arc Thermal Lined Zip Up Hooded Sweatshirt Ash Grey",1152
2026-07-16T15:03:43.714Z,gid://shopify/Product/15223798923650,"asics-gel-1130-white-restful-teal","ASICS Gel-1130 White Restful Teal",1716
2026-07-16T15:03:43.714Z,gid://shopify/Product/15223799251330,"nike-p-6000-black-white-metallic-silver","Nike P-6000 Black White Metallic Silver",1718
2026-07-16T15:03:43.714Z,gid://shopify/Product/15223799447938,"nike-x-stussy-fleece-sweatpants-grey-ss23","Nike x Stussy Fleece Sweatpants Grey",1052
2026-07-16T15:03:43.714Z,gid://shopify/Product/15223799677314,"nike-air-max-plus-premium-footlocker-50th-anniversary","Nike Air Max Plus Premium Footlocker 50th Anniversary",1385
2026-07-16T15:03:43.715Z,gid://shopify/Product/15223799873922,"nike-air-max-90-white-college-grey-vast-grey-university-red","Nike Air Max 90 White College Grey Vast Grey University Red",1385
2026-07-16T15:03:43.715Z,gid://shopify/Product/15224601805186,"adidas-nmd-s1-core-black-blue-orange","adidas NMD S1 Core Black Blue Orange",1315
2026-07-16T15:03:43.715Z,gid://shopify/Product/15224602034562,"pop-mart-labubu-the-monsters-big-into-energy-series-vinyl-plush-pendant-sealed-case-6-blind-box","Pop Mart Labubu The Monsters Big into Energy Series Vinyl Plush Pendant Sealed Case (6 Blind Boxes)",1532
2026-07-16T15:03:43.715Z,gid://shopify/Product/15224602231170,"gymshark-onyx-50-seamless-t-shirt-black-onyx-grey-i","Gymshark Onyx 5.0 Seamless T-shirt Black/Onyx Grey",1226
2026-07-16T15:03:43.715Z,gid://shopify/Product/15224602460546,"nike-nocta-glide-drake-black-iron-grey","Nike NOCTA Glide Drake Black Iron Grey",1231
2026-07-16T15:03:43.715Z,gid://shopify/Product/15224602919298,"miniso-top-toy-disney-stitch-eating-something-before-sleep-plush-keychain-sealed-case-6-blind-box","Miniso Top Toy Disney Stitch Eating Something Before Sleep Plush Keychain Sealed Case (6 Blind Box)",1365
2026-07-16T15:03:43.715Z,gid://shopify/Product/15224603115906,"new-balance-860v2-kith-espresso","New Balance 860v2 Kith Espresso",1201
2026-07-16T15:03:43.715Z,gid://shopify/Product/15224603345282,"pop-mart-the-monsters-big-into-energy-series-phone-charm-sealed-case-6-blind-box","Pop Mart Labubu The Monsters Big into Energy Series Phone Charm Sealed Case (6 Blind Box)",1416
2026-07-16T15:03:43.715Z,gid://shopify/Product/15224603574658,"nike-hoops-elite-backpack-32l-light-wild-mango-black-light-orewood-brown","Nike Hoops Elite Backpack (32L) Light Wild Mango/Black/Light Orewood Brown",1254
2026-07-16T15:05:33.802Z,gid://shopify/Product/15224603869570,"nike-sportswear-tech-fleece-windrunner-hoodie-black-dark-grey-heather-black","Nike Sportswear Tech Fleece Windrunner Hoodie Black/Dark Grey Heather/Black",1242
2026-07-16T15:05:33.805Z,gid://shopify/Product/15224604098946,"nike-dunk-low-retro-se-pale-ivory-baroque-brown","Nike Dunk Low Retro SE Pale Ivory Baroque Brown",1263
2026-07-16T15:05:33.805Z,gid://shopify/Product/15224604328322,"nike-v5-rnr-white-vast-grey-college-grey-black","Nike V5 RNR White Vast Grey College Grey Black",1288
2026-07-16T15:05:33.805Z,gid://shopify/Product/15224604524930,"nike-blazer-low-77-vintage-white-black","Nike Blazer Low 77 Vintage White Black",1105
2026-07-16T15:05:33.805Z,gid://shopify/Product/15224604721538,"supreme-the-exorcist-mother-l-s-tee-black","Supreme The Exorcist Mother L/S Tee Black",857
2026-07-16T15:05:33.805Z,gid://shopify/Product/15224604983682,"pokemon-mega-evolution-base-set-enhanced-booster-box-36-boosters","Pokémon Mega Evolution - Base Set Enhanced Booster Box (36 Boosters)",1126
2026-07-16T15:05:33.806Z,gid://shopify/Product/15224605213058,"nike-sb-dunk-low-pro-bart-simpson","Nike SB Dunk Low Pro Bart Simpson",1049
2026-07-16T15:05:33.806Z,gid://shopify/Product/15225461834114,"sprayground-snoopy-shark-rich-backpack-multicolor","Sprayground Snoopy Shark Rich Backpack Multicolor",1019
2026-07-16T15:05:33.806Z,gid://shopify/Product/15225462063490,"salomon-xt-6-white-vanilla-ice-plum","Salomon XT-6 White Vanilla Ice Plum",1157
2026-07-16T15:05:33.807Z,gid://shopify/Product/15225462456706,"nike-vomero-premium-blue-tint-womens","Nike Vomero Premium Blue Tint (Women's)",1206
2026-07-16T15:05:33.807Z,gid://shopify/Product/15225462817154,"supreme-new-era-box-logo-beanie-fw24-black","Supreme New Era Box Logo Beanie (FW24) Black",900
2026-07-16T15:05:33.807Z,gid://shopify/Product/15225463079298,"air-jordan-1-retro-low-ns-triple-white","Jordan 1 Retro Low NS Triple White (2016)",1138
2026-07-16T15:05:33.807Z,gid://shopify/Product/15225463308674,"purple-brand-black-oil-spill-jean-black","Purple Brand Black Oil Spill Jean Black",1039
2026-07-16T15:05:33.807Z,gid://shopify/Product/15225463669122,"air-jordan-1-low-grey-white","Jordan 1 Low Grey White",1085
2026-07-16T15:05:33.807Z,gid://shopify/Product/15225463865730,"nike-air-vapormax-2021-fk-black-anthracite","Nike Air VaporMax 2021 FK Black Anthracite",1128
2026-07-16T15:05:33.807Z,gid://shopify/Product/15225464127874,"crocs-classic-mega-crush-clog-black","Crocs Classic Mega Crush Clog Black",1203
2026-07-16T15:05:33.807Z,gid://shopify/Product/15225464390018,"jordan-monogram-duffle-bag-black","Jordan Monogram Duffle Bag Black",1332
2026-07-16T15:05:33.807Z,gid://shopify/Product/15225464652162,"nike-sb-dunk-low-the-powerpuff-girls-blossom-ps","Nike SB Dunk Low The Powerpuff Girls Blossom (PS)",1376
2026-07-16T15:05:33.808Z,gid://shopify/Product/15225464881538,"new-balance-9060-bisque-frosted-glass","New Balance 9060 Bisque Frosted Glass",1194
2026-07-16T15:05:33.808Z,gid://shopify/Product/15225465340290,"pop-mart-why-so-serious-series-labubu-juggling-clown-vinyl-plush-pendant","Pop Mart WHY SO SERIOUS Series Labubu Juggling Clown Vinyl Plush Pendant",1238
2026-07-16T15:05:33.808Z,gid://shopify/Product/15225465667970,"salomon-xt-6-coffee-french-roast","Salomon XT-6 Coffee French Roast",1202
2026-07-16T15:05:33.808Z,gid://shopify/Product/15227718959490,"pop-mart-labubu-the-monsters-wacky-mart-series-earphone-case","Pop Mart Labubu The Monsters Wacky Mart Series Earphone Case",1362
2026-07-16T15:05:33.808Z,gid://shopify/Product/15227719352706,"crocs-classic-clog-south-park-towelie","Crocs Classic Clog South Park Towelie",1180
2026-07-16T15:05:33.808Z,gid://shopify/Product/15227719876994,"nike-sb-dunk-low-light-carbon-monarch","Nike SB Dunk Low Light Carbon Monarch",1353
2026-07-16T15:05:33.808Z,gid://shopify/Product/15227720434050,"supreme-sequin-football-jersey-brown","Supreme Sequin Football Jersey Brown",989
2026-07-16T15:05:33.808Z,gid://shopify/Product/15227720892802,"asics-gel-cumulus-16-toga-brown-blue-pure-silver","ASICS Gel-Cumulus 16 TOGA Brown Blue Pure Silver",1134
2026-07-16T15:05:33.809Z,gid://shopify/Product/15227721482626,"crocs-classic-clog-lightning-mcqueen-td","Crocs Classic Clog Lightning McQueen (TD)",1127
2026-07-16T15:05:33.810Z,gid://shopify/Product/15227721810306,"sprayground-x-peanuts-snoopy-sunday-chilling-dlxv-backpack-black-grey","Sprayground x Peanuts Snoopy Sunday Chilling (DLXV) Backpack Black/Grey",1183
2026-07-16T15:05:33.810Z,gid://shopify/Product/15227722170754,"nike-air-force-1-low-07-jewel-black-cool-grey","Nike Air Force 1 Low '07 Jewel Black Cool Grey",1222
2026-07-16T15:05:33.811Z,gid://shopify/Product/15227722563970,"arcteryx-beta-jacket-ss24-black","Arc'teryx Beta Jacket (SS24) Black",1237
2026-07-16T15:05:33.811Z,gid://shopify/Product/15227722858882,"adidas-x-oasis-tour-3-stripes-longsleeve-tee-clear-sky-night-indigo","adidas x Oasis Tour 3-Stripes Longsleeve Tee Clear Sky/Night Indigo",969
2026-07-16T15:05:33.812Z,gid://shopify/Product/15227723350402,"new-balance-530-sl-miu-miu-cinnamon-womens","New Balance 530 SL Miu Miu Cinnamon (Women's)",1344
2026-07-16T15:05:33.812Z,gid://shopify/Product/15227723841922,"nike-air-more-uptempo-96-cool-grey-midnight-navy","Nike Air More Uptempo Cool Grey Midnight Navy",991
2026-07-16T15:05:33.812Z,gid://shopify/Product/15227724267906,"chrome-hearts-scroll-logo-l-s-picket-t-shirt-black","Chrome Hearts Scroll Logo L/S Pocket T-shirt Black",1025
2026-07-16T15:05:33.812Z,gid://shopify/Product/15227724792194,"nike-dunk-low-ceramic-2020","Nike Dunk Low Ceramic",1079
2026-07-16T15:05:33.812Z,gid://shopify/Product/15227725152642,"supreme-box-logo-hooded-sweatshirt-fw24-multicolor","Supreme Box Logo Hooded Sweatshirt (FW24) Multicolor",1120
2026-07-16T15:05:33.812Z,gid://shopify/Product/15227723841922,"nike-air-more-uptempo-96-cool-grey-midnight-navy","Nike Air More Uptempo Cool Grey Midnight Navy",991
2026-07-16T15:05:33.812Z,gid://shopify/Product/15229813784962,"crocs-classic-clog-naruto-shippuden-kakashi","Crocs Classic Clog Naruto Shippuden Kakashi",1215
2026-07-16T15:05:33.813Z,gid://shopify/Product/15229814047106,"nike-lebron-21-conchiolin","Nike LeBron 21 Conchiolin",1414
2026-07-16T15:05:33.813Z,gid://shopify/Product/15229814309250,"nike-air-max-90-premium-bio-beige-safety-orange-camo","Nike Air Max 90 Premium Bio Beige Safety Orange Camo",1312
2026-07-16T15:05:33.813Z,gid://shopify/Product/15229814636930,"air-jordan-3-retro-varsity-royal-cement","Jordan 3 Retro Varsity Royal Cement",1161
2026-07-16T15:06:58.812Z,gid://shopify/Product/15229814899074,"nike-air-force-1-low-canyon-rust-snakeskin","Nike Air Force 1 Low Canyon Rust Snakeskin",978
2026-07-16T15:06:58.818Z,gid://shopify/Product/15229815193986,"new-balance-992-miusa-dark-camo","New Balance 992 MiUSA Dark Camo",903
2026-07-16T15:06:58.818Z,gid://shopify/Product/15229816897922,"nike-dunk-low-lemon-wash","Nike Dunk Low Community Garden",986
2026-07-16T15:06:58.818Z,gid://shopify/Product/15229818012034,"dolce-gabbana-portofino-classic-black-white","Dolce & Gabbana Portofino Classic Black White",1052
2026-07-16T15:06:58.818Z,gid://shopify/Product/15229819421058,"jordan-x-travis-scott-full-zip-hoodie-palomino","Jordan x Travis Scott Pullover Hoodie Palomino",648
2026-07-16T15:06:58.818Z,gid://shopify/Product/15229820535170,"sprayground-shark-central-backpack-black-white","Sprayground Shark Central Backpack Black/White",826
2026-07-16T15:06:58.818Z,gid://shopify/Product/15229822206338,"supreme-bones-football-jersey-red","Supreme Bones Football Jersey Red",835
2026-07-16T15:06:58.818Z,gid://shopify/Product/15229824074114,"nike-sportswear-tech-fleece-og-slim-fit-joggers-dark-grey-heather-black","Nike Sportswear Tech Fleece OG Slim Fit Joggers Dark Grey Heather/Black",871
2026-07-16T15:06:58.818Z,gid://shopify/Product/15229826466178,"nike-shox-r4-bright-citron","Nike Shox R4 Bright Citron",1017
2026-07-16T15:06:58.818Z,gid://shopify/Product/15230946345346,"pokemon-tcg-scarlet-violet-high-class-pack-shiny-treasure-ex-booster-box-japanese-4x-lot","Pokémon TCG Scarlet & Violet High Class Pack Shiny Treasure ex Booster Box (Japanese) 4x Lot",919
2026-07-16T15:06:58.818Z,gid://shopify/Product/15230946738562,"nike-dunk-low-ltd-wizard","Nike Dunk Low LTD Wizard",1019
2026-07-16T15:06:58.819Z,gid://shopify/Product/15230947000706,"nike-sb-dunk-low-supreme-94-ink","Nike SB Dunk Low Supreme 94 Ink",1012
2026-07-16T15:06:58.819Z,gid://shopify/Product/15230947197314,"nike-zoom-vomero-5-sanddrift-womens","Nike Zoom Vomero 5 Sanddrift (Women's)",1071
2026-07-16T15:06:58.819Z,gid://shopify/Product/15230947459458,"air-jordan-1-high-og-varsity-red-womens","Jordan 1 High OG Ruby (Women's)",1141
2026-07-16T15:06:58.819Z,gid://shopify/Product/15230947656066,"nike-dunk-low-lace-soft-pearl-womens","Nike Dunk Low Lace Soft Pearl (Women's)",1102
2026-07-16T15:06:58.819Z,gid://shopify/Product/15230947918210,"nike-sb-dunk-low-pro-iso-orange-label-grey-gum","Nike SB Dunk Low Pro ISO Orange Label Wolf Grey Gum",958
2026-07-16T15:06:58.819Z,gid://shopify/Product/15230948508034,"nike-dunk-low-setsubun-2022","Nike Dunk Low Setsubun (2022)",942
2026-07-16T15:06:58.819Z,gid://shopify/Product/15230948704642,"nike-dunk-low-premium-vast-grey","Nike Dunk Low Premium Vast Grey",897
2026-07-16T15:06:58.819Z,gid://shopify/Product/15230948901250,"air-jordan-1-retro-low-og-swarovski-stealth-womens","Jordan 1 Retro Low OG Swarovski Stealth (Women's)",1379
2026-07-16T15:06:58.819Z,gid://shopify/Product/15230949097858,"nike-air-max-1-deep-royal-blue","Nike Air Max 1 Deep Royal Blue",1142
2026-07-16T15:06:58.819Z,gid://shopify/Product/15231560974722,"new-balance-9060-sweetgrass-deep-ocean","New Balance 9060 Sweetgrass Deep Ocean",1050
2026-07-16T15:06:58.819Z,gid://shopify/Product/15231561269634,"nike-kd-18-soft-pearl","Nike KD 18 Soft Pearl",1036
2026-07-16T15:06:58.819Z,gid://shopify/Product/15231561499010,"air-jordan-14-retro-doernbecher-2019","Jordan 14 Retro Doernbecher (2019)",1074
2026-07-16T15:06:58.819Z,gid://shopify/Product/15231561826690,"nike-sb-dunk-low-deep-royal-blue","Nike SB Dunk Low Deep Royal Blue",1373
2026-07-16T15:06:58.819Z,gid://shopify/Product/15231562023298,"nike-sb-dunk-low-saturn-gold","Nike SB Dunk Low Saturn Gold",1232
2026-07-16T15:06:58.819Z,gid://shopify/Product/15231562219906,"nike-sb-dunk-low-atmos-elephant","Nike SB Dunk Low atmos Elephant",975
2026-07-16T15:06:58.819Z,gid://shopify/Product/15231562416514,"nike-air-force-1-low-lx-lucky-charms-white-w","Nike Air Force 1 Low LX White Pendant (Women's)",915
2026-07-16T15:06:58.819Z,gid://shopify/Product/15231562711426,"nike-dunk-low-retro-pearl-white-pale-ivory-light-british-tan-sail","Nike Dunk Low Retro Pearl White Pale Ivory Light British Tan Sail",1109
2026-07-16T15:06:58.819Z,gid://shopify/Product/15231562908034,"nike-air-max-1-sc-light-bone-violet-dust","Nike Air Max 1 SC Light Bone Violet Dust",1141
2026-07-16T15:06:58.819Z,gid://shopify/Product/15231563104642,"supreme-mf-doom-beanie-black","Supreme MF DOOM Beanie Black",1142
2026-07-16T15:06:58.819Z,gid://shopify/Product/15231563301250,"dr-martens-1460-smooth-leather-lace-up-boot-black","Dr. Martens 1460 Smooth Leather Lace Up Boot Black",1429
2026-07-16T15:06:58.819Z,gid://shopify/Product/15231563530626,"adidas-xlg-runner-deluxe-black-gold-metallic-red","adidas XLG Runner Deluxe Black Gold Metallic Red",1159
2026-07-16T15:06:58.819Z,gid://shopify/Product/15231563792770,"nike-free-metcon-5-violet-dust-womens","Nike Free Metcon 5 Violet Dust (Women's)",996
2026-07-16T15:06:58.819Z,gid://shopify/Product/15233112932738,"nike-sabrina-2-the-bridge-womens","Nike Sabrina 2 The Bridge (Women's)",823
2026-07-16T15:06:58.819Z,gid://shopify/Product/15233113129346,"air-jordan-1-low-element-gore-tex-medium-olive","Jordan 1 Low Element Gore-Tex Medium Olive",1251
2026-07-16T15:06:58.820Z,gid://shopify/Product/15233113358722,"pop-mart-labubu-magic-of-pumpkin-mokoko-vinyl-plush-pendant-pop-land-exclusive","Pop Mart Labubu Magic of Pumpkin Mokoko Vinyl Plush Pendant (Pop Land Exclusive)",1016
2026-07-16T15:06:58.820Z,gid://shopify/Product/15233113686402,"supreme-new-era-reaper-s-logo-59fifty-fitted-hat-black","Supreme New Era Reaper S Logo 59Fifty Fitted Hat Black",987
2026-07-16T15:06:58.820Z,gid://shopify/Product/15233113915778,"pokemon-mega-evolution-mega-lucario-mega-gardevoir-elite-trainer-box-2x-lot","Pokémon Mega Evolution Mega Lucario & Mega Gardevoir Elite Trainer Box 2x Lot",1090
2026-07-16T15:06:58.820Z,gid://shopify/Product/15233114210690,"stussy-born-x-raised-8-ball-tee-white","Stussy Born X Raised 8 Ball Tee White",857
2026-07-16T15:06:58.820Z,gid://shopify/Product/15233114440066,"fear-of-god-essentials-s-s-tee-ink","Fear of God Essentials Heavy Jersey S/S Tee Ink",725
2026-07-16T15:08:51.059Z,gid://shopify/Product/15233114702210,"nike-metcon-8-black-white","Nike Metcon 8 Black White",1291
2026-07-16T15:08:51.065Z,gid://shopify/Product/15233114964354,"gucci-rython-beige-ebony-w","Gucci Rhyton Beige Ebony (Women's)",968
2026-07-16T15:08:51.065Z,gid://shopify/Product/15233115226498,"air-jordan-11-retro-black-barely-volt-td","Jordan 11 Retro Black Barely Volt (TD)",997
2026-07-16T15:08:51.065Z,gid://shopify/Product/15233115455874,"fear-of-god-essentials-nylon-fleece-hoodie-jet-black-jet-black","Fear of God Essentials Nylon Fleece Hoodie Jet Black/Jet Black",1100
2026-07-16T15:08:51.065Z,gid://shopify/Product/15233115652482,"nike-dunk-low-emb-nba-75th-anniversary-chicago-gs","Nike Dunk Low EMB NBA 75th Anniversary Chicago (GS)",893
2026-07-16T15:08:51.065Z,gid://shopify/Product/15233115881858,"pokemon-scarlet-violet-surging-sparks-elite-trainer-box","Pokémon Scarlet & Violet Surging Sparks Elite Trainer Box",992
2026-07-16T15:08:51.065Z,gid://shopify/Product/15233116275074,"fear-of-god-essentials-heavy-jersey-crewneck-tee-seal","Fear of God Essentials Heavy Jersey Crewneck Tee Seal",1031
2026-07-16T15:08:51.065Z,gid://shopify/Product/15233116635522,"drsquatch-sydneys-bathwater-bliss-limited-edition-natural-soap","Dr.Squatch Sydney's Bathwater Bliss Limited Edition Natural Soap",935
2026-07-16T15:08:51.065Z,gid://shopify/Product/15233117028738,"pop-mart-labubu-the-monsters-mokoko-jumping-into-summer-series-pop-land-exclusive-vinyl-plush-pendant","Pop Mart Labubu The Monsters Mokoko Jumping into Summer Series (Pop Land Exclusive) Vinyl Plush Pendant",1007
2026-07-16T15:08:51.065Z,gid://shopify/Product/15233117487490,"nike-x-nocta-nrg-tech-fleece-crewneck-sweatshirt-palest-purple-daybreak","Nike x NOCTA NRG Tech Fleece Crewneck Sweatshirt Palest Purple/Daybreak",917
2026-07-16T15:08:51.065Z,gid://shopify/Product/15233985675650,"palm-angels-embroidered-gothic-intarsia-logo-strap-back-cap-black-white-ss22","Palm Angels Embroidered Gothic Intarsia Logo Strap-Back Cap Black/White (SS22)",988
2026-07-16T15:08:51.065Z,gid://shopify/Product/15233986429314,"pokemon-tcg-sword-shield-chilling-reign-pokemon-center-exclusive-elite-trainer-box-ice-rider-calyrex-shadow-rider-calyrex-2x-bundle","Pokémon TCG Sword & Shield Chilling Reign (Pokémon Center Exclusive) Elite Trainer Box Ice Rider Calyrex/Shadow Rider Calyrex 2x Bundle",1072
2026-07-16T15:08:51.066Z,gid://shopify/Product/15233987248514,"jordan-11-retro-low-reverse-concord","Jordan 11 Retro Low Tuxedo",1055
2026-07-16T15:08:51.066Z,gid://shopify/Product/15233987871106,"pokemon-mega-evolution-base-set-booster-bundle-2x-lot","Pokémon Mega Evolution - Base Set Booster Bundle 2x Lot",799
2026-07-16T15:08:51.066Z,gid://shopify/Product/15233989804418,"supreme-undercoverpublic-enemy-white-house-tee-white","Supreme UNDERCOVER/Public Enemy White House Tee White",778
2026-07-16T15:08:51.066Z,gid://shopify/Product/15233991082370,"nike-air-max-sunder-sp-kids-of-immigrants-sunrise","Nike Air Max Sunder SP Kids of Immigrants Sunrise",992
2026-07-16T15:08:51.066Z,gid://shopify/Product/15233991541122,"nike-kyrie-8-white-black","Nike Kyrie 8 White Black",1093
2026-07-16T15:08:51.066Z,gid://shopify/Product/15233992065410,"new-balance-1906u-bricks-and-wood-echoes-of-a-butterfly","New Balance 1906U Bricks & Wood Echoes of a Butterfly",979
2026-07-16T15:08:51.066Z,gid://shopify/Product/15233992655234,"pokemon-tcg-25th-anniversary-celebrations-elite-trainer-box","Pokémon TCG 25th Anniversary Celebrations Elite Trainer Box",1155
2026-07-16T15:08:51.066Z,gid://shopify/Product/15233993113986,"air-jordan-8-retro-playoffs-2023-gs","Jordan 8 Retro Playoffs (2023) (GS)",1090
2026-07-16T15:08:51.066Z,gid://shopify/Product/15233993605506,"fear-of-god-essentials-tee-dark-oatmeal","Fear of God Essentials S/S Tee Dark Heather Oatmeal",1209
2026-07-16T15:08:51.066Z,gid://shopify/Product/15233994064258,"nike-zoom-mercurial-vapor-16-elite-se-fg-cosmic-speed-chapter-2-pack","Nike Zoom Mercurial Vapor 16 Elite SE FG Cosmic Speed Chapter 2 Pack",1189
2026-07-16T15:08:51.066Z,gid://shopify/Product/15233994523010,"nike-kobe-6-protro-italian-camo-2024-gs","Nike Kobe 6 Protro Italian Camo (2024) (GS)",1207
2026-07-16T15:08:51.066Z,gid://shopify/Product/15233995211138,"converse-chuck-taylor-all-star-70-hi-comme-des-garcons-play-egret-red-midsole","Converse Chuck Taylor All Star 70 Hi Comme des Garcons PLAY Egret Red Midsole",948
2026-07-16T15:08:51.066Z,gid://shopify/Product/15233996095874,"arcteryx-bird-head-toque-beanie-eden-black","Arc'teryx Bird Head Toque Beanie Eden/Black",1095
2026-07-16T15:08:51.066Z,gid://shopify/Product/15233996751234,"nike-mercurial-vapor-15-elite-ag-pro-pink-foam","Nike Mercurial Vapor 15 Elite AG-Pro Pink Foam",1010
2026-07-16T15:08:51.066Z,gid://shopify/Product/15233997898114,"nike-air-max-1-86-og-golf-eastside-golf-everyones-game-be-authentic","Nike Air Max 1 '86 OG Golf Eastside Golf Everyone’s Game. Be Authentic.",1089
2026-07-16T15:08:51.066Z,gid://shopify/Product/15238633259394,"nike-air-zoom-gt-hustle-3-olympic-safari","Nike Air Zoom GT Hustle 3 Electric Pack Olympic Safari",1015
2026-07-16T15:08:51.066Z,gid://shopify/Product/15238634275202,"fear-of-god-essentials-crewneck-sweatshirt-ss24-jet-black","Fear of God Essentials Crewneck Sweatshirt (SS24) Jet Black",985
2026-07-16T15:08:51.066Z,gid://shopify/Product/15238635749762,"pokemon-tcg-sword-shield-crown-zenith-elite-trainer-box","Pokémon TCG Sword & Shield Crown Zenith Elite Trainer Box",1127
2026-07-16T15:08:51.066Z,gid://shopify/Product/15238636896642,"nike-x-nocta-nrg-tech-fleece-hoodie-pants-set-palest-purple-daybreak","Nike x NOCTA NRG Tech Fleece Hoodie & Pants Set Palest Purple/Daybreak",1250
2026-07-16T15:08:51.066Z,gid://shopify/Product/15238638240130,"pop-mart-hacipupu-stitch-1-8-figure","Pop Mart HACIPUPU Stitch 1/8 Figure",1005
2026-07-16T15:08:51.066Z,gid://shopify/Product/15238639550850,"air-jordan-3-retro-midnight-navy-ps","Jordan 3 Retro Midnight Navy (PS)",1404
2026-07-16T15:08:51.066Z,gid://shopify/Product/15238640501122,"on-running-cloud-4-black-eclipse","On Running Cloud X 4 Black Eclipse",872
2026-07-16T15:08:51.066Z,gid://shopify/Product/15238642041218,"pokemon-tcg-25th-anniversary-celebrations-pokemon-center-exclusive-elite-trainer-box-4x-lot","Pokémon TCG 25th Anniversary Celebrations Pokémon Center Exclusive Elite Trainer Box 4x Lot",403
2026-07-16T15:08:51.066Z,gid://shopify/Product/15238643188098,"pop-mart-labubu-the-monsters-mokoko-fall-into-sweaters-series-vinyl-plush-pendant","Pop Mart Labubu The Monsters Mokoko Fall into Sweaters Series Vinyl Plush Pendant",1026
2026-07-16T15:08:51.066Z,gid://shopify/Product/15238644531586,"supreme-fox-racing-dmx-jersey-white","Supreme Fox Racing DMX Jersey White",1001
2026-07-16T15:08:51.066Z,gid://shopify/Product/15238645285250,"nike-air-max-tl-25-metallic-silver","Nike Air Max TL 2.5 Metallic Silver",1070
2026-07-16T15:08:51.066Z,gid://shopify/Product/15238647513474,"air-jordan-1-low-se-flax","Jordan 1 Low SE Flax",1186
2026-07-16T15:08:51.066Z,gid://shopify/Product/15238648430978,"nike-ld-waffle-sf-sacai-fragment-grey","Nike LD Waffle SF sacai Fragment Grey",898
2026-07-16T15:11:09.920Z,gid://shopify/Product/15240943927682,"nike-air-force-1-low-retro-lettering","Nike Air Force 1 Low Retro Lettering",1107
2026-07-16T15:11:09.925Z,gid://shopify/Product/15240944746882,"air-jordan-1-low-light-smoke-grey-off-noir","Jordan 1 Low Light Smoke Grey Off Noir",1076
2026-07-16T15:11:09.925Z,gid://shopify/Product/15240945271170,"air-jordan-12-retro-black-university-gold","Jordan 12 Retro Black University Gold",966
2026-07-16T15:11:09.925Z,gid://shopify/Product/15240945631618,"new-balance-abzorb-2000-black-grey","New Balance Abzorb 2000 Black Grey",1131
2026-07-16T15:11:09.926Z,gid://shopify/Product/15240945959298,"stussy-x-nike-reversible-varsity-jacket-medium-olive-bright-mandarin","Stussy x Nike Reversible Varsity Jacket Medium Olive/Bright Mandarin",1204
2026-07-16T15:11:09.926Z,gid://shopify/Product/15240946450818,"air-jordan-3-retro-georgetown-2021","Jordan 3 Retro Georgetown (2021)",1111
2026-07-16T15:11:09.926Z,gid://shopify/Product/15240946811266,"maison-margiela-replica-black-gum","Maison Margiela Replica German Army Trainer (GATs) Black Gum",1301
2026-07-16T15:11:09.926Z,gid://shopify/Product/15240947401090,"air-jordan-spizike-low-white-neutral-grey-anthracite-midnight-navy","Jordan Spizike Low White Neutral Grey Anthracite Midnight Navy",1091
2026-07-16T15:11:09.926Z,gid://shopify/Product/15240947728770,"air-jordan-10-retro-og-steel","Jordan 10 Retro OG Steel (2025)",1343
2026-07-16T15:11:09.926Z,gid://shopify/Product/15240948056450,"air-jordan-spizike-low-se-bordeaux","Jordan Spizike Low SE Bordeaux",1130
2026-07-16T15:11:09.926Z,gid://shopify/Product/15240948449666,"air-jordan-13-retro-university-blue","Jordan 13 Retro Black University Blue",1182
2026-07-16T15:11:09.926Z,gid://shopify/Product/15240948810114,"hoka-one-one-bondi-9-triple-black","Hoka One One Bondi 9 Triple Black",1140
2026-07-16T15:11:09.926Z,gid://shopify/Product/15241902686594,"air-jordan-3-retro-midnight-navy","Jordan 3 Retro Midnight Navy",1262
2026-07-16T15:11:09.926Z,gid://shopify/Product/15241903112578,"supreme-number-nine-mickey-raglan-l-s-top-pink","Supreme Number (N)ine Mickey Raglan L/S Top Pink",996
2026-07-16T15:11:09.926Z,gid://shopify/Product/15241903440258,"nike-book-1-moss-point","Nike Book 1 Moss Point",1117
2026-07-16T15:11:09.926Z,gid://shopify/Product/15241903800706,"mschf-x-reebok-pump-omni-zone-ix","MSCHF x Reebok Pump Omni Zone IX Unbleached",870
2026-07-16T15:11:09.926Z,gid://shopify/Product/15241904128386,"nike-tech-fleece-joggers-black","Nike Sportswear Tech Fleece Joggers Black",945
2026-07-16T15:11:09.926Z,gid://shopify/Product/15241904685442,"nike-ja-1-white-black","Nike Ja 1 Scratch 2.0",1232
2026-07-16T15:11:09.926Z,gid://shopify/Product/15241905275266,"air-jordan-1-low-tokyo-bio-hack","Jordan 1 Low Tokyo Bio Hack",1248
2026-07-16T15:11:09.926Z,gid://shopify/Product/15241906160002,"jacquemus-x-nike-le-swoosh-hoodie-brown","Jacquemus x Nike Le Swoosh Hoodie Brown",1220
2026-07-16T15:11:09.926Z,gid://shopify/Product/15241906749826,"air-jordan-1-mid-se-blue-chill","Jordan 1 Mid SE Blue Chill",1117
2026-07-16T15:11:09.926Z,gid://shopify/Product/15241907208578,"asics-gel-1130-larimar-blue-pure-silver-gs","ASICS Gel-1130 Larimar Blue Pure Silver (GS)",1179
2026-07-16T15:11:09.926Z,gid://shopify/Product/15241907601794,"nike-air-max-95-og-levis-obsidian","Nike Air Max 95 OG Levis Obsidian",1431
2026-07-16T15:11:09.926Z,gid://shopify/Product/15243818959234,"nike-lebron-22-monopoly","Nike LeBron 22 Monopoly (Translucent Outsole)",1112
2026-07-16T15:11:09.926Z,gid://shopify/Product/15243819155842,"nike-air-force-1-low-nike-inc","Nike Air Force 1 Low Nike Inc Pop Art",1151
2026-07-16T15:11:09.926Z,gid://shopify/Product/15243819581826,"bape-abc-milo-all-friends-large-backpack-ss25-green","BAPE ABC Milo All Friends Large Backpack (SS25) Green",996
2026-07-16T15:11:09.927Z,gid://shopify/Product/15243820269954,"nike-shox-r4-usa-2025","Nike Shox R4 USA (2025)",1154
2026-07-16T15:11:09.927Z,gid://shopify/Product/15243820532098,"nike-air-max-1-sh-skunk","Nike Air Max 1 SH Treeline",1014
2026-07-16T15:11:09.927Z,gid://shopify/Product/15243820794242,"nike-air-max-180-university-blue-hyper-pink","Nike Air Max 180 University Blue Hyper Pink",1239
2026-07-16T15:11:09.927Z,gid://shopify/Product/15243821285762,"burberry-forres-diamond-quilted-jacket-taupe-brown","Burberry Forres Diamond Quilted Jacket Taupe Brown",1089
2026-07-16T15:11:09.927Z,gid://shopify/Product/15243821941122,"stanley-dia-de-muertos-quencher-h20-flowstate-20oz-tumbler-midnight-catrina","Stanley Dia de Muertos Quencher H2.0 FlowState 20oz Tumbler Midnight Catrina",1191
2026-07-16T15:11:09.927Z,gid://shopify/Product/15243822563714,"stanley-dia-de-muertos-quencher-h20-flowstate-20oz-tumbler-sunrise-catrina","Stanley Dia de Muertos Quencher H2.0 FlowState 20oz Tumbler Sunrise Catrina",1028
2026-07-16T15:11:09.927Z,gid://shopify/Product/15243823841666,"stanley-mesa-rose-collection-protour-flip-straw-quencher-40oz-tumbler-polished-rose-gold","Stanley Mesa Rose Collection Protour Flip Straw Quencher 40oz Tumbler Polished Rose Gold",1197
2026-07-16T15:11:09.927Z,gid://shopify/Product/15245572669826,"nike-air-max-goadome-black-gs","Nike Air Max Goadome Black (GS)",1260
2026-07-16T15:11:09.927Z,gid://shopify/Product/15245573128578,"nike-air-max-goadome-se-shadow-brown-tartan","Nike Air Max Goadome SE Shadow Brown Tartan",1419
2026-07-16T15:11:09.927Z,gid://shopify/Product/15245574766978,"reebok-question-mid-black-toe","Reebok Question Mid Black Toe",1000
2026-07-16T15:11:09.927Z,gid://shopify/Product/15245575422338,"supreme-dickies-quilted-lined-zip-up-hooded-sweatshirt-fw25-red","Supreme Dickies Quilted Lined Zip Up Hooded Sweatshirt (FW25) Red",985
2026-07-16T15:11:09.927Z,gid://shopify/Product/15245576536450,"reebok-question-mid-georgetown-2020","Reebok Question Mid Georgetown (2020)",822
2026-07-16T15:11:09.927Z,gid://shopify/Product/15245577060738,"stanley-mesa-rose-collection-protour-flip-straw-quencher-30oz-tumbler-polished-rose-gold","Stanley Mesa Rose Collection Protour Flip Straw Quencher 30oz Tumbler Polished Rose Gold",1060
2026-07-16T15:11:09.927Z,gid://shopify/Product/15245578076546,"reebok-question-mid-candyland","Reebok Question Mid Candy Land",1071
2026-07-16T15:13:06.151Z,gid://shopify/Product/15245579682178,"air-jordan-11-cmft-low-quai-54-2021","Jordan 11 CMFT Low Quai 54 (2021)",1310
2026-07-16T15:13:06.157Z,gid://shopify/Product/15245620347266,"reebok-question-mid-iverson-classic","Reebok Question Mid Iverson Classic",1029
2026-07-16T15:13:06.158Z,gid://shopify/Product/15247420031362,"converse-chuck-taylor-all-star-70s-hi-golf-le-fleur-ttc-quilted-velvet","Converse Chuck Taylor All Star 70 Hi Golf le Fleur TTC Quilted Velvet",718
2026-07-16T15:13:06.158Z,gid://shopify/Product/15247422488962,"funko-pop-star-wars-qui-gon-jinn-tatooine-amazon-exclusive-bobble-head-figure-422","Funko Pop! Star Wars Qui-Gon Jinn (Tatooine) Amazon Exclusive Bobble-Head Figure #422",877
2026-07-16T15:13:06.158Z,gid://shopify/Product/15247423013250,"new-balance-740v2-white-silver-reflection","New Balance 740v2 White Silver Reflection",1110
2026-07-16T15:13:06.158Z,gid://shopify/Product/15247423570306,"nike-shox-tl-hyper-royal","Nike Shox TL Hyper Royal",1173
2026-07-16T15:13:06.158Z,gid://shopify/Product/15247424160130,"nike-p-6000-silt-red-burgundy-crush-womens","Nike P-6000 Silt Red Burgundy Crush (Women's)",1058
2026-07-16T15:13:06.158Z,gid://shopify/Product/15247424618882,"ugg-butte-boot-black","UGG Butte Boot Black",986
2026-07-16T15:13:06.158Z,gid://shopify/Product/15247425143170,"supreme-umbro-gradient-track-pant-navy","Supreme Umbro Gradient Track Pant Navy",823
2026-07-16T15:13:06.158Z,gid://shopify/Product/15247425470850,"ugg-classic-short-ii-boot-chestnut-w","UGG Classic Short II Boot Chestnut (Women's)",847
2026-07-16T15:13:06.158Z,gid://shopify/Product/15247425765762,"nike-air-max-1-87-denim-aura-womens","Nike Air Max 1 '87 Denim Aura (Women's)",1566
2026-07-16T15:13:06.158Z,gid://shopify/Product/15247426060674,"nike-air-force-1-low-undefeated-dunk-vs-af1-croc-blue-yellow","Nike Air Force 1 Low SP Undefeated 5 On It Blue Yellow Croc",1055
2026-07-16T15:13:06.158Z,gid://shopify/Product/15247426421122,"nike-air-max-1-platinum-violet-womens","Nike Air Max 1 Platinum Violet (Women's)",1379
2026-07-16T15:13:06.158Z,gid://shopify/Product/15247950217602,"ugg-classic-mini-platform-boot-chestnut-womens","UGG Classic Mini Platform Boot Chestnut (Women's) %",864
2026-07-16T15:13:06.158Z,gid://shopify/Product/15249570562434,"nike-ld-waffle-sacai-undercover-university-red","Nike LD Waffle sacai Undercover Midnight Spruce University Red",830
2026-07-16T15:13:06.158Z,gid://shopify/Product/15249570955650,"nike-air-max-uptempo-95-lakers","Nike Air Max Uptempo 95 Lakers",1252
2026-07-16T15:13:06.158Z,gid://shopify/Product/15249571447170,"nike-x-nocta-womens-chalet-polar-pant-dark-blue","Nike x NOCTA Women's Chalet Polar Pant Dark Blue",1198
2026-07-16T15:13:06.159Z,gid://shopify/Product/15249571807618,"new-balance-990v6-miusa-teddy-santis-white-black-plum","New Balance 990v6 MiUSA Teddy Santis White Black Plum",1416
2026-07-16T15:13:06.159Z,gid://shopify/Product/15249572397442,"bearbrick-x-grateful-dead-dancing-bear-100-400-set","Bearbrick x Grateful Dead (Dancing Bear) 100% & 400% Set",880
2026-07-16T15:13:06.159Z,gid://shopify/Product/15249572921730,"nike-air-max-90-se-pale-ivory-snakeskin-swoosh-w","Nike Air Max 90 SE Pale Ivory Snakeskin Swoosh (Women's)",1599
2026-07-16T15:13:06.159Z,gid://shopify/Product/15249573314946,"nike-zoom-gt-cut-2-hyper-pink-womens","Nike Zoom GT Cut 2 Hyper Pink (Women's)",1487
2026-07-16T15:13:06.159Z,gid://shopify/Product/15249573708162,"nike-adapt-bb-mag","Nike Adapt BB Mag (US Charger)",1025
2026-07-16T15:13:06.159Z,gid://shopify/Product/15249574035842,"jordan-x-undefeated-bomber-jacket-cargo-khaki-orange","Jordan x Undefeated Bomber Jacket Cargo Khaki/Orange",1197
2026-07-16T15:13:06.159Z,gid://shopify/Product/15249574560130,"nike-dunk-low-athletic-department-light-smoke-grey-university-blue","Nike Dunk Low Athletic Department University Blue",1456
2026-07-16T15:13:06.159Z,gid://shopify/Product/15249574789506,"adidas-tokyo-black-white-womens","adidas Tokyo Black White (Women's)",1206
2026-07-16T15:13:06.159Z,gid://shopify/Product/15249575215490,"nike-air-force-1-low-07-fireberry-womens","Nike Air Force 1 Low '07 Fireberry (Women's)",1444
2026-07-16T15:13:06.159Z,gid://shopify/Product/15250727371138,"nike-air-force-1-low-undefeated-multi-patent","Nike Air Force 1 Low SP Undefeated Multi-Patent Total Orange",1213
2026-07-16T15:13:06.159Z,gid://shopify/Product/15250727698818,"adidas-ultra-boost-10-cloud-white-core-black","adidas Ultra Boost 1.0 Cloud White Core Black",1215
2026-07-16T15:13:06.159Z,gid://shopify/Product/15250728124802,"nike-dunk-low-se-just-do-it-sail-team-red-w","Nike Dunk Low SE Sisterhood Sail Team Red (Women's)",1268
2026-07-16T15:13:06.159Z,gid://shopify/Product/15250728485250,"nike-dunk-low-cool-grey-football-grey-womens","Nike Dunk Low Cool Grey Football Grey (Women's)",1566
2026-07-16T15:13:06.160Z,gid://shopify/Product/15250729271682,"air-jordan-5-retro-low-knicks-gs","Jordan 5 Retro Low Knicks (GS)",1209
2026-07-16T15:13:06.160Z,gid://shopify/Product/15250731499906,"rimowa-x-tiffany-co-jewelry-personal-tiffany-blue","Rimowa x Tiffany & Co. Jewelry Personal Tiffany Blue",1473
2026-07-16T15:13:06.160Z,gid://shopify/Product/15250732286338,"gucci-gg-marmont-camera-shoulder-quilted-mini-hibiscus-red","Gucci GG Marmont Camera Bag Matelasse Mini Hibiscus Red",421
2026-07-16T15:13:06.160Z,gid://shopify/Product/15250733957506,"gucci-marmont-small-matelasse-calfskin-leather-dark-beige","Gucci GG Marmont Camera Bag Matelasse Small Dusty Pink",418
2026-07-16T15:13:06.160Z,gid://shopify/Product/15250736185730,"dior-x-rimowa-amenity-kit-aluminium-blue","Dior x RIMOWA Personal Clutch On Strap Aluminium Blue",528
2026-07-16T15:13:06.160Z,gid://shopify/Product/15250737496450,"nike-pg-6-what-the","Nike PG 6 What The",1006
2026-07-16T15:13:06.160Z,gid://shopify/Product/15250738151810,"stussy-x-nike-stone-washed-fleece-zip-hoodie-black","Stussy x Nike Stone Washed Fleece Zip Hoodie Black",1061
2026-07-16T15:13:06.160Z,gid://shopify/Product/15250738708866,"nike-p-6000-black-muslin-sail-womens","Nike P-6000 Black Muslin Sail (Women's)",1170
2026-07-16T15:13:06.160Z,gid://shopify/Product/15250739265922,"air-jordan-10-retro-shadow-2025","Jordan 10 Retro Shadow (2025)",1277
2026-07-16T15:13:06.160Z,gid://shopify/Product/15252503626114,"kate-spade-rowe-leather-top-zip-satchel-bag-small-black","Kate Spade Rowe Leather Top Zip Satchel Bag Small Black",446
2026-07-16T15:15:48.242Z,gid://shopify/Product/15252504740226,"kate-spade-rowe-leather-top-zip-satchel-bag-small-warm-beige","Kate Spade Rowe Leather Top Zip Satchel Bag Small Warm Beige",722
2026-07-16T15:15:48.246Z,gid://shopify/Product/15252506771842,"chanel-classic-double-flap-quilted-medium-black-caviar-goldtone","Chanel Classic Double Flap Quilted Caviar Gold-tone Medium Black",913
2026-07-16T15:15:48.246Z,gid://shopify/Product/15252507099522,"travis-scott-x-cactus-plant-flea-market-free-thugger-hoodie-brown","Travis Scott x Cactus Plant Flea Market ""Free Thugger"" Hoodie Brown",880
2026-07-16T15:15:48.247Z,gid://shopify/Product/15252507591042,"pop-mart-skullpanda-you-found-me-series-ghostie-plush-doll-pendant","Pop Mart SKULLPANDA You Found Me! Series Ghostie Plush Doll Pendant",813
2026-07-16T15:15:48.247Z,gid://shopify/Product/15252508148098,"aime-leon-dore-x-porsche-nylon-logo-hat-yellow","Aime Leon Dore x Porsche Nylon Logo Hat Yellow",719
2026-07-16T15:15:48.247Z,gid://shopify/Product/15252508443010,"travis-scott-wrestling-is-real-t-shirt-black","Travis Scott Wrestling Is Real T-shirt Black",887
2026-07-16T15:15:48.247Z,gid://shopify/Product/15252508967298,"nike-dunk-low-retro-from-nike-to-you-fir-green","Nike Dunk Low Retro From Nike To You Fir Green",964
2026-07-16T15:15:48.247Z,gid://shopify/Product/15252509196674,"travis-scott-cactus-jack-for-fragment-logo-l-s-t-shirt-washed-black","Travis Scott Cactus Jack For Fragment Logo L/S T-shirt Washed Black",914
2026-07-16T15:15:48.247Z,gid://shopify/Product/15252509622658,"pop-mart-mega-space-molly-squid-game-young-hee-100-400-set","Pop Mart Mega Space Molly Squid Game Young-Hee 100% & 400% Set",835
2026-07-16T15:15:48.247Z,gid://shopify/Product/15252510015874,"travis-scott-topia-a2-hooded-sweatshirt-brown","Travis Scott Utopia A2 Hooded Sweatshirt Brown",795
2026-07-16T15:15:48.247Z,gid://shopify/Product/15252510638466,"new-balance-9060-lunar-new-year-grey","New Balance 9060 Lunar New Year Timberwolf Grey",986
2026-07-16T15:15:48.247Z,gid://shopify/Product/15252511195522,"nike-tech-fleece-full-zip-hoodie-yellow-strike-black","Nike Sportswear Tech Fleece Full-Zip Hoodie Yellow Strike/Black",749
2026-07-16T15:15:48.247Z,gid://shopify/Product/15252511457666,"nike-x-travis-scott-fleece-pants-brown","Jordan x Travis Scott Fleece Pants Brown",812
2026-07-16T15:15:48.247Z,gid://shopify/Product/15252511752578,"sp5der-legacy-hoodie-yellow","Sp5der Legacy Hoodie Yellow",733
2026-07-16T15:15:48.248Z,gid://shopify/Product/15252512080258,"nike-zoom-gt-cut-2-leap-high","Nike Zoom GT Cut 2 Lunar New Year Leap High",1061
2026-07-16T15:15:48.248Z,gid://shopify/Product/15252512473474,"kith-x-new-york-yankees-plush-fleece-cropped-braxton-hoodie-nocturnal","Kith x New York Yankees Plush Fleece Cropped Braxton Hoodie Nocturnal",865
2026-07-16T15:15:48.248Z,gid://shopify/Product/15254981935490,"eric-emanuel-ee-basic-short-new-york-sunshine","Eric Emanuel EE Basic Short New York Sunshine",760
2026-07-16T15:15:48.248Z,gid://shopify/Product/15254983573890,"air-jordan-1-mid-alternate-swooshes-red-yellow-w","Jordan 1 Mid Alternate Swooshes Red Yellow (Women's)",1099
2026-07-16T15:15:48.248Z,gid://shopify/Product/15254984982914,"nikecraft-mars-yard-shoe-2pt0-tom-sachs-space-camp","NikeCraft Mars Yard Shoe 2.0 Tom Sachs Space Camp",1083
2026-07-16T15:15:48.248Z,gid://shopify/Product/15254986654082,"nike-air-zoom-pegasus-36-trail-gyakusou-yellow","Nike Air Zoom Pegasus 36 Trail Gyakusou Yellow",1112
2026-07-16T15:15:48.248Z,gid://shopify/Product/15254991241602,"air-jordan-18-retro-yellow-ochre","Jordan 18 Retro Yellow Ochre",920
2026-07-16T15:15:48.248Z,gid://shopify/Product/15254992880002,"rolling-stone-x-bored-ape-yatch-club-limited-edition-zine-magazine","Rolling Stone x Bored Ape Yacht Club Limited Edition Zine Magazine (Edition of 2500)",933
2026-07-16T15:15:48.248Z,gid://shopify/Product/15254995698050,"supreme-hanes-bones-thermal-crew-fw25-1-pack-yellow","Supreme Hanes Bones Thermal Crew FW25 (1 Pack) Yellow",753
2026-07-16T15:15:48.248Z,gid://shopify/Product/15254997074306,"travis-scott-astroworld-wish-you-were-here-hoodie-black","Travis Scott Astroworld Logo Hoodie Black",724
2026-07-16T15:15:48.248Z,gid://shopify/Product/15254997401986,"nike-dunk-low-retro-from-nike-to-you-midnight-navy","Nike Dunk Low Retro From Nike To You Midnight Navy",1314
2026-07-16T15:15:48.248Z,gid://shopify/Product/15254997729666,"nintendo-switch-2-console-and-pokemon-legends-z-a-bundle","Nintendo Switch 2 Console and Pokemon Legends: Z-A Bundle",799
2026-07-16T15:15:48.248Z,gid://shopify/Product/15254997926274,"nike-air-zoom-gt-cut-3-turbo-lx-black-label","Nike Air Zoom GT Cut 3 Turbo LX Black Label",582
2026-07-16T15:15:48.249Z,gid://shopify/Product/15254998221186,"nike-sportswear-tech-fleece-windrunner-full-zip-hoodie-birch-heather","Nike Sportswear Tech Fleece Windrunner Full-Zip Hoodie Birch Heather",1028
2026-07-16T15:15:48.249Z,gid://shopify/Product/15254998614402,"sprayground-pink-camocheck-backpack-multicolor","Sprayground Pink Camocheck Backpack Multicolor",794
2026-07-16T15:15:48.249Z,gid://shopify/Product/15254998942082,"nike-invincible-run-3-white-bright-crimson","Nike ZoomX Invincible Run 3 White Bright Crimson",1201
2026-07-16T15:15:48.249Z,gid://shopify/Product/15256954339714,"nike-air-zoom-gt-jump-vivid-sky","Nike Air Zoom GT Jump Vivid Sky",1159
2026-07-16T15:15:48.249Z,gid://shopify/Product/15256954864002,"louis-vuitton-lv-skate-sneaker-black-black-white","Louis Vuitton LV Skate Sneaker Black White",889
2026-07-16T15:15:48.249Z,gid://shopify/Product/15256955715970,"sprayground-rick-and-morty-galactic-getaway-backpack-multicolor","Sprayground Rick And Morty Galactic Getaway Backpack Multicolor",783
2026-07-16T15:15:48.249Z,gid://shopify/Product/15256956010882,"sprayground-drip-check-shark-backpack-black","Sprayground Drip Check Shark Backpack Black",1087
2026-07-16T15:15:48.249Z,gid://shopify/Product/15256956240258,"air-jordan-zion-3-pinksicle","Jordan Zion 3 Pink Lotus",1006
2026-07-16T15:15:48.249Z,gid://shopify/Product/15256956535170,"supreme-spyder-zip-up-hooded-sweatshirt-black","Supreme Spyder Zip Up Hooded Sweatshirt Black",963
2026-07-16T15:15:48.249Z,gid://shopify/Product/15256956862850,"supreme-logo-zippo-red","Supreme Logo Zippo Red",633
2026-07-16T15:15:48.249Z,gid://shopify/Product/15256957190530,"nike-air-zoom-courtposite-supreme-black","Nike Air Zoom Courtposite Supreme Black",1070
2026-07-16T15:15:48.250Z,gid://shopify/Product/15256957616514,"nike-air-zoom-spiridon-cage-2-varsity-red","Nike Air Zoom Spiridon Cage 2 Track Red",1123
2026-07-16T15:15:48.250Z,gid://shopify/Product/15256958009730,"supreme-leather-zip-card-holder-black","Supreme Leather Zip Card Holder Black",820
2026-07-16T15:17:40.984Z,gid://shopify/Product/15256958402946,"nike-invincible-run-3-black-white-w","Nike ZoomX Invincible Run 3 Black White (Women's)",1159
2026-07-16T15:17:40.988Z,gid://shopify/Product/15256958730626,"nike-gt-cut-2-team-game-royal","Nike Air Zoom GT Cut 2 TB Game Royal",1000
2026-07-16T15:17:40.988Z,gid://shopify/Product/15256959385986,"supreme-big-logo-zip-up-hooded-sweatshirt-woodland-camo","Supreme Big Logo Zip Up Hooded Sweatshirt Woodland Camo",972
2026-07-16T15:17:40.988Z,gid://shopify/Product/15256959910274,"nike-zoom-vomero-5-sail-particle-pink-womens","Nike Zoom Vomero 5 Sail Particle Pink (Women's)",1017
2026-07-16T15:17:40.988Z,gid://shopify/Product/15256960434562,"air-jordan-1-low-multi-color-sashiko-womens","Jordan 1 Low Multi-Color Sashiko (Women's)",1188
2026-07-16T15:17:40.988Z,gid://shopify/Product/15257602032002,"nike-air-max-bw-og-sport-red","Nike Air Max BW OG Sport Red",967
2026-07-16T15:17:40.988Z,gid://shopify/Product/15257602261378,"nike-air-max-97-bw-metallic-gold-university-red-black","Nike Air Max 97 BW Metallic Gold University Red Black",1124
2026-07-16T15:17:40.988Z,gid://shopify/Product/15257602752898,"burberry-hove-check-embroidery-logo-zip-hoodie-navy","Burberry Hove Check Embroidery Logo Zip Hoodie Navy",954
2026-07-16T15:17:40.988Z,gid://shopify/Product/15257603244418,"pokemon-tcg-sword-shield-crown-zenith-pikachu-vmax-special-collection-box","Pokémon TCG Sword & Shield Crown Zenith Pikachu VMAX Special Collection Box",952
2026-07-16T15:17:40.988Z,gid://shopify/Product/15257603801474,"sprayground-shark-central-backpack-black-pink","Sprayground Shark Central Backpack Black/Pink",792
2026-07-16T15:17:40.988Z,gid://shopify/Product/15257604260226,"nike-shox-nz-triple-black","Nike Shox NZ Triple Black",979
2026-07-16T15:17:40.989Z,gid://shopify/Product/15257604522370,"adidas-superstar-vintage-bape-blue-white","adidas Superstar Vintage Bape Blue White",1059
2026-07-16T15:17:40.989Z,gid://shopify/Product/15257605013890,"adidas-top-ten-hi-white-navy-red","adidas Top Ten Hi White Navy Red",1134
2026-07-16T15:17:40.989Z,gid://shopify/Product/15257605734786,"adidas-x-bape-football-slim-shorts-black","adidas x BAPE Football Slim Shorts Black",921
2026-07-16T15:17:40.989Z,gid://shopify/Product/15257606816130,"adidas-forum-84-low-adv-white-gum","adidas Forum 84 Low ADV Chalk White Gum",892
2026-07-16T15:17:40.989Z,gid://shopify/Product/15257607340418,"adidas-nmd-g1-the-simpsons-homer-simpson","adidas NMD G1 The Simpsons Homer Simpson",1299
2026-07-16T15:17:40.989Z,gid://shopify/Product/15257608094082,"adidas-ozweego-cloud-white","adidas Ozweego Cloud White",986
2026-07-16T15:17:40.989Z,gid://shopify/Product/15257608946050,"adidas-x-bape-football-graphic-slim-jersey-t-shirt-green","adidas x BAPE Football Graphic Slim Jersey T-shirt Green",1085
2026-07-16T15:17:40.989Z,gid://shopify/Product/15257609535874,"asics-gel-kayano-121-silver-green","ASICS Gel-Kayano 12.1 Silver Green",1004
2026-07-16T15:17:40.989Z,gid://shopify/Product/15258052755842,"asics-gel-1130-black-pure-silver-ps","ASICS Gel-1130 Black Pure Silver (PS)",1274
2026-07-16T15:17:40.989Z,gid://shopify/Product/15258053149058,"asics-gel-1130-black-ice-blue","ASICS Gel-1130 Black Ice Blue",1005
2026-07-16T15:17:40.989Z,gid://shopify/Product/15258054066562,"asics-gt-2160-white-blue-violet","ASICS GT-2160 White Blue Violet",1365
2026-07-16T15:17:40.989Z,gid://shopify/Product/15259300200834,"asics-gel-lyte-iii-saint-alfred-olive-birch","ASICS Gel-Lyte III Saint Alfred Olive Birch",1232
2026-07-16T15:17:40.989Z,gid://shopify/Product/15259300757890,"asics-gel-1130-smoke-grey-pure-silver-red","ASICS Gel-1130 Smoke Grey Pure Silver Red",931
2026-07-16T15:17:40.989Z,gid://shopify/Product/15260222751106,"nike-air-diamond-turf-2-red-gold-2026","Nike Air Diamond Turf 2 Red Gold (2026)",1072
2026-07-16T15:17:40.989Z,gid://shopify/Product/15260523987330,"asics-gel-lyte-v-bait-misfits","ASICS Gel-Lyte V BAIT Misfits",954
2026-07-16T15:17:40.989Z,gid://shopify/Product/15260526805378,"air-jordan-3-retro-pure-money-2025-ps","Jordan 3 Retro Pure Money (2025) (PS)",1070
2026-07-16T15:17:40.989Z,gid://shopify/Product/15261300425090,"ugg-lowmel-chestnut-womens-1","UGG Lowmel Chestnut (Women's) %",996
2026-07-16T15:17:40.989Z,gid://shopify/Product/15262134206850,"air-jordan-14-retro-last-shot-2018","Jordan 14 Retro Last Shot (2018)",923
2026-07-16T15:17:40.989Z,gid://shopify/Product/15262136140162,"asics-gel-kayano-14-unaffected-infinite-wonders-pack-black","ASICS Gel-Kayano 14 Unaffected Infinite Wonders Pack Black Silver",1224
2026-07-16T15:17:40.989Z,gid://shopify/Product/15263450202498,"air-jordan-7-retro-chambray-2023","Jordan 7 Retro Chambray (2023)",1048
2026-07-16T15:17:40.989Z,gid://shopify/Product/15263450431874,"air-jordan-spizike-low-black-classic-green-white-varsity-red","Jordan Spizike Low Black Classic Green White Varsity Red",1136
2026-07-16T15:17:40.989Z,gid://shopify/Product/15263450661250,"air-jordan-13-retro-og-chicago-2017","Jordan 13 Retro OG Chicago (2017)",867
2026-07-16T15:17:40.989Z,gid://shopify/Product/15263450890626,"jordan-7-retro-hare-2015","Jordan 7 Retro Hare (2015)",993
2026-07-16T15:17:40.989Z,gid://shopify/Product/15276574048642,"kd-5-christmas","Nike KD 5 Christmas",978
2026-07-16T15:17:40.989Z,gid://shopify/Product/15282648351106,"off-white-quote-for-cards-card-holder-2-slot-black","OFF-WHITE Quote ""FOR CARDS"" Card Holder (2 Slot) Black",951
2026-07-16T15:17:40.990Z,gid://shopify/Product/15282650743170,"stanley-the-quencher-protour-flip-straw-40oz-tumbler-espresso-gold","Stanley The Quencher ProTour Flip Straw 40oz Tumbler Espresso Gold",1008
2026-07-16T15:17:40.990Z,gid://shopify/Product/15282660442498,"nike-hoops-elite-backpack-32l-black-pink","Nike Hoops Elite Backpack (32L) Black/Pink",1038
2026-07-16T15:17:40.990Z,gid://shopify/Product/15289387123074,"nike-ja-3-swarovski","Nike Ja 3 Swarovski Warning Label",1146
2026-07-16T15:17:40.990Z,gid://shopify/Product/15304175845762,"adidas-samba-jane-maroon-cream-white-womens","adidas Samba Jane Maroon Cream White (Women's)",797
2026-07-16T15:19:37.153Z,gid://shopify/Product/15307194106242,"air-jordan-1-retro-high-virgil-abloh-archive-alaska","Jordan 1 Retro High Virgil Abloh Archive Alaska",1115
2026-07-16T15:19:37.159Z,gid://shopify/Product/15308218794370,"travis-scott-back-bling-t-shirt-washed-black","Travis Scott Back Bling T-Shirt Washed Black",896
2026-07-16T15:19:37.159Z,gid://shopify/Product/15308434571650,"nike-mind-001-slide-geode-teal-light-menta","Nike Mind 001 Slide Geode Teal Light Menta",1157
2026-07-16T15:19:37.159Z,gid://shopify/Product/15308434801026,"nike-mind-001-slide-white-speed-red","Nike Mind 001 Slide White Speed Red",1116
2026-07-16T15:19:37.159Z,gid://shopify/Product/15318326018434,"nike-kobe-11-elite-low-protro-fade-to-black","Nike Kobe 11 Elite Low Protro Fade to Black",1102
2026-07-16T15:19:37.159Z,gid://shopify/Product/15321791037826,"vans-lx-old-skool-36-pearlized-pack-black-navy","Vans LX Old Skool 36 Pearlized Pack Black Navy",896
2026-07-16T15:19:37.159Z,gid://shopify/Product/15322120749442,"new-balance-327-white-moonbeam-gum-w","New Balance 327 White Moonbeam Gum (Women's)",754
2026-07-16T15:19:37.159Z,gid://shopify/Product/15324670099842,"ugg-zora-ballet-flat-sand-womens","UGG Zora Ballet Flat Sand (Women's)",772
2026-07-16T15:19:37.159Z,gid://shopify/Product/15326332256642,"nike-mind-001-slide-team-red-university-red","Nike Mind 001 Slide Team Red University Red",1196
2026-07-16T15:19:37.160Z,gid://shopify/Product/15329322566018,"nike-lebron-15-zip-kith-black","Nike LeBron 15 Performance KITH Suit of Armor",1171
2026-07-16T15:19:37.160Z,gid://shopify/Product/15333097243010,"nike-air-force-1-low-le-triple-white-ps-1","Nike Air Force 1 Low LE Triple White (PS) %",1025
2026-07-16T15:19:37.160Z,gid://shopify/Product/15333102223746,"adidas-taekwondo-mei-song-for-the-mute-cream-white-womens-1","adidas Taekwondo Mei Song for the Mute Cream White (Women's) %",992
2026-07-16T15:19:37.160Z,gid://shopify/Product/15333110448514,"jordan-1-retro-high-og-atmosphere-womens-1","Jordan 1 Retro High OG Atmosphere (Women's) %",674
2026-07-16T15:19:37.160Z,gid://shopify/Product/15333115396482,"new-balance-550-white-pink-sea-salt-gs","New Balance 550 White Pink Sea Salt (GS) %",862
2026-07-16T15:19:37.160Z,gid://shopify/Product/15333185716610,"asics-gel-kayano-14-dried-leaf-green-pure-silver-1","ASICS Gel-Kayano 14 Dried Leaf Green Pure Silver %",970
2026-07-16T15:19:37.160Z,gid://shopify/Product/15333189353858,"air-jordan-5-retro-wolf-grey-2026","Jordan 5 Retro Wolf Grey (2026)",1341
2026-07-16T15:19:37.160Z,gid://shopify/Product/15340288835970,"air-jordan-1-retro-low-og-sp-travis-scott-sail-tropical-pink","Jordan 1 Retro Low OG SP Travis Scott Sail Tropical Pink",1615
2026-07-16T15:19:37.160Z,gid://shopify/Product/15340411617666,"fear-of-god-essentials-jersey-crewneck-t-shirt-black","Fear of God Essentials Jersey Crewneck T-Shirt Black",1276
2026-07-16T15:19:37.160Z,gid://shopify/Product/15340416008578,"bape-abc-camo-college-tee-white-blue-ss21","BAPE ABC Camo College Tee (SS21) White/Blue",1028
2026-07-16T15:19:37.160Z,gid://shopify/Product/15342417674626,"nike-moon-shoe-sp-jacquemus-fauna-brown-womens","Nike Moon Shoe SP Jacquemus Fauna Brown (Women's)",1106
2026-07-16T15:19:37.160Z,gid://shopify/Product/15342418002306,"jacquemus-le-grand-bambino-crossbody-strap-handbag-white","Jacquemus Le Grand Bambino Crossbody Strap Handbag White",515
2026-07-16T15:19:37.160Z,gid://shopify/Product/15342418329986,"jacquemus-x-nike-le-sac-swoosh-small-dark-pink","Jacquemus x Nike Le Sac Swoosh Small Dark Pink",1275
2026-07-16T15:19:37.160Z,gid://shopify/Product/15342418592130,"jacquemus-le-chiquito-noeud-bag-light-pink","Jacquemus Le Chiquito Noeud Bag Light Pink",470
2026-07-16T15:19:37.160Z,gid://shopify/Product/15344310485378,"nike-ja-3-jurassic-park-green-spark","Nike Ja 3 Jurassic Park Explorer",1074
2026-07-16T15:19:37.160Z,gid://shopify/Product/15344737747330,"ami-paris-ami-de-coeur-embroidered-polo-shirt-white-red","Ami Paris Ami De Coeur Embroidered Polo Shirt White/Red",1007
2026-07-16T15:19:37.161Z,gid://shopify/Product/15344786047362,"sp5der-5star-mohawk-balaclava-brown","Sp5der 5Star Mohawk Balaclava Brown",1129
2026-07-16T15:19:37.161Z,gid://shopify/Product/15344786309506,"travis-scott-cactus-jack-x-sp5der-days-before-rodeo-trucker-hat-black","Travis Scott Cactus Jack x Sp5der Days Before Rodeo Trucker Hat Brown",1288
2026-07-16T15:19:37.161Z,gid://shopify/Product/15344786571650,"sp5der-og-web-sweatpant-black","Sp5der OG Web Sweatpant Black",1096
2026-07-16T15:19:37.161Z,gid://shopify/Product/15344786768258,"sp5der-atlanta-hoodie-black","Sp5der Atlanta Hoodie Black",1165
2026-07-16T15:19:37.161Z,gid://shopify/Product/15344786964866,"sp5der-the-spot-tee-black","Sp5der The Spot Tee Black",812
2026-07-16T15:19:37.161Z,gid://shopify/Product/15344787227010,"sp5der-punk-v2-rhinestone-hoodie-bright-green","Sp5der Punk V2 Rhinestone Hoodie Bright Green",1007
2026-07-16T15:19:37.161Z,gid://shopify/Product/15344787489154,"sp5der-beluga-angel-number-hoodie-black","Sp5der Beluga Angel Number Hoodie Black",1110
2026-07-16T15:19:37.161Z,gid://shopify/Product/15344787685762,"sp5der-og-web-tee-white","Sp5der OG Web Tee White",527
2026-07-16T15:19:37.161Z,gid://shopify/Product/15344787882370,"sp5der-og-web-v2-hoodie-dusty-blue","Sp5der OG Web V2 Hoodie Dusty Blue",1270
2026-07-16T15:19:37.161Z,gid://shopify/Product/15344788078978,"sp5der-og-studded-sweatshort-red","Sp5der OG Studded Sweatshort Red",1124
2026-07-16T15:19:37.161Z,gid://shopify/Product/15344788373890,"sp5der-og-web-v2-trucker-black","Sp5der OG Web V2 Trucker Black",1165
2026-07-16T15:19:37.161Z,gid://shopify/Product/15344788636034,"sp5der-i-heart-sp5-hoodie-black","Sp5der I Heart SP5 Hoodie Black",1028
2026-07-16T15:19:37.161Z,gid://shopify/Product/15344788865410,"sp5der-beluga-hoodie-light-brown","Sp5der Beluga Hoodie Sand",527
2026-07-16T15:19:37.161Z,gid://shopify/Product/15344789193090,"sp5der-punk-v2-hoodie-slate-grey","Sp5der Punk V2 Hoodie Slate Grey",1276
2026-07-16T15:19:37.161Z,gid://shopify/Product/15344789651842,"sp5der-rhinestone-punk-v2-hoodie-blue","Sp5der Rhinestone Punk V2 Hoodie Blue",1082
2026-07-16T15:23:26.304Z,gid://shopify/Product/15344789913986,"sp5der-web-hoodie-slime-green","Sp5der Rhinestone Web Hoodie Slime Green",1283
2026-07-16T15:23:26.308Z,gid://shopify/Product/15344790372738,"sp5der-legacy-sweatpant-yellow","Sp5der Legacy Sweatpant Yellow",1074
2026-07-16T15:23:26.308Z,gid://shopify/Product/15344791159170,"chrome-hearts-ch-hollywood-trucker-hat-black-white","Chrome Hearts CH Hollywood Trucker Hat Black/White",757
2026-07-16T15:23:26.308Z,gid://shopify/Product/15344791388546,"chrome-hearts-fuck-hollywood-trucker-hat-black-white","Chrome Hearts FUCK Hollywood Trucker Hat Black/White",1163
2026-07-16T15:23:26.308Z,gid://shopify/Product/15344791585154,"chrome-hearts-3-pack-chomper-socks-multicolor","Chrome Hearts 3-Pack Chomper Socks Multicolor",1181
2026-07-16T15:23:26.308Z,gid://shopify/Product/15344791880066,"chrome-hearts-t-bar-rib-tank-white-pink","Chrome Hearts T Bar Rib Tank White/Pink",1072
2026-07-16T15:23:26.308Z,gid://shopify/Product/15344792109442,"chrome-hearts-logo-beanie-black","Chrome Hearts Logo Beanie Black",1222
2026-07-16T15:23:26.308Z,gid://shopify/Product/15344792371586,"chrome-hearts-red-hoodie-red-white","Chrome Hearts Red Hoodie Red/White",1111
2026-07-16T15:23:26.308Z,gid://shopify/Product/15344792633730,"chrome-hearts-boxer-brief-shorts-pink","Chrome Hearts Boxer Brief Shorts Pink",950
2026-07-16T15:23:26.308Z,gid://shopify/Product/15344792928642,"chrome-hearts-trucker-hat-red-white-blue","Chrome Hearts Trucker Hat Red/White/Blue",1119
2026-07-16T15:23:26.309Z,gid://shopify/Product/15344793223554,"chrome-hearts-hairy-cross-rib-tank-black","Chrome Hearts Hairy Cross Rib Tank Black",1200
2026-07-16T15:23:26.309Z,gid://shopify/Product/15344793518466,"chrome-hearts-ch-paris-trucker-hat-black","Chrome Hearts CH Paris Trucker Hat Black",973
2026-07-16T15:23:26.309Z,gid://shopify/Product/15344793747842,"chrome-hearts-ch-baseball-cap-blue-orange","Chrome Hearts CH Baseball Cap Blue/Orange",979
2026-07-16T15:23:26.309Z,gid://shopify/Product/15344794009986,"chrome-hearts-vertical-logo-zip-up-hoodie-black-army-green","Chrome Hearts Vertical Logo Zip Up Hoodie Black/Army Green",1104
2026-07-16T15:23:26.309Z,gid://shopify/Product/15344794206594,"chrome-hearts-la-exclusive-baseball-wool-cap-royal-blue","Chrome Hearts LA Exclusive Baseball Wool Cap Royal Blue",1178
2026-07-16T15:23:26.309Z,gid://shopify/Product/15344794534274,"chrome-hearts-neck-letters-logo-t-shirt-white","Chrome Hearts Neck Letters Logo T-shirt White",991
2026-07-16T15:23:26.309Z,gid://shopify/Product/15344794763650,"chrome-hearts-x-matty-boy-sex-records-link-trucker-cap-black","Chrome Hearts x Matty Boy Sex Records Link Trucker Cap Black",954
2026-07-16T15:23:26.309Z,gid://shopify/Product/15344795156866,"chrome-hearts-1988-hoodie-black","Chrome Hearts 1988 Hoodie Black",1025
2026-07-16T15:23:26.309Z,gid://shopify/Product/15344795451778,"chrome-hearts-chomper-hollywood-trucker-hat-black-black","Chrome Hearts Chomper Hollywood Trucker Hat Black/Black",1318
2026-07-16T15:23:26.309Z,gid://shopify/Product/15344795713922,"chrome-hearts-red-logo-hoodie-pink","Chrome Hearts Red Logo Hoodie Pink",1039
2026-07-16T15:23:26.309Z,gid://shopify/Product/15344796565890,"aime-leon-dore-x-porsche-nylon-track-jacket-black","Aime Leon Dore x Porsche Nylon Track Jacket Black",1252
2026-07-16T15:23:26.309Z,gid://shopify/Product/15348442333570,"nike-sb-dunk-high-sweet-tooth","Nike SB Dunk High Sweet Tooth Candy Corn",1387
2026-07-16T15:23:26.310Z,gid://shopify/Product/15348446495106,"nike-dunk-low-viotech","Nike Dunk Low White Viotech",1419
2026-07-16T15:23:26.310Z,gid://shopify/Product/15348455702914,"golden-goose-super-star-white-light-pink-w","Golden Goose Super-Star White Light Pink (Women's)",1489
2026-07-16T15:23:26.310Z,gid://shopify/Product/15348483195266,"air-jordan-4-retro-og-sp-undefeated-2025","Jordan 4 Retro OG SP Undefeated (2025)",1447
2026-07-16T15:23:26.310Z,gid://shopify/Product/15348486472066,"asics-gel-1130-cream-pure-silver-w","ASICS Gel-1130 Cream Pure Silver (Women's)",1412
2026-07-16T15:23:26.310Z,gid://shopify/Product/15348578910594,"adidas-x-someone-somewhere-mexico-lifestyle-jersey-black-carbon","adidas x Someone Somewhere Mexico Lifestyle Jersey Black/Carbon",2863
2026-07-16T15:23:26.310Z,gid://shopify/Product/15349694005634,"adidas-argentina-26-home-authentic-jersey-white-icey-blue-light-blue","adidas Argentina 26 Home Authentic Jersey",1018
2026-07-16T15:23:26.310Z,gid://shopify/Product/15349694267778,"adidas-germany-26-away-jersey-collegiate-navy","adidas Germany 26 Away Jersey Collegiate Navy",1007
2026-07-16T15:23:26.310Z,gid://shopify/Product/15349694595458,"adidas-colombia-26-away-jersey-team-navy-blue-mystery-petrol","adidas Colombia 26 Away Jersey Team Navy Blue/Mystery Petrol",1021
2026-07-16T15:23:26.310Z,gid://shopify/Product/15349694792066,"nike-brazil-1998-reissue-ronaldo-soccer-replica-jersey-varsity-maize","Nike Brazil 1998 Reissue Ronaldo Soccer Replica Jersey Varsity Maize",1355
2026-07-16T15:23:26.310Z,gid://shopify/Product/15349695119746,"adidas-italy-26-away-jersey-aeroblue","adidas Italy 26 Away Jersey Aeroblue",1000
2026-07-16T15:23:26.311Z,gid://shopify/Product/15349695349122,"nike-usa-authentic-goalkeeper-jersey-black-bright-crimson","Nike USA Authentic Goalkeeper Jersey Black/Bright Crimson",1389
2026-07-16T15:23:26.311Z,gid://shopify/Product/15352503304578,"nike-cryoshot-tiempo-94-nocta","Nike Cryoshot Tiempo 94 NOCTA",2266
2026-07-16T15:23:26.311Z,gid://shopify/Product/15356000534914,"bape-color-camo-by-bathing-ape-tee-fw24-black-red","BAPE Color Camo By Bathing Ape Tee (FW24) Black/Red",1276
2026-07-16T15:23:26.311Z,gid://shopify/Product/15356478226818,"stussy-fuzzy-dice-tee-black","Stussy Fuzzy Dice Tee Black",978
2026-07-16T15:23:26.311Z,gid://shopify/Product/15356529672578,"aime-leon-dore-aime-cup-soccer-jersey-olive","Aime Leon Dore Aime Cup Soccer Jersey Olive",1789
2026-07-16T15:23:26.311Z,gid://shopify/Product/15356530131330,"aime-leon-dore-x-porsche-356-cardigan-navy","Aime Leon Dore x Porsche 356 Cardigan Navy",1197
2026-07-16T15:23:26.311Z,gid://shopify/Product/15367501939074,"air-jordan-7-retro-miro-2026","Jordan 7 Retro Miro (2026)",1576
2026-07-16T15:25:56.687Z,gid://shopify/Product/15036009349506,"nike-air-max-1-86-og-golf-white-black-gum","Nike Air Max 1 '86 OG Golf White Black Gum",1239
2026-07-16T15:25:56.689Z,gid://shopify/Product/15059028115842,"air-jordan-1-retro-high-og-true-blue-td","Jordan 1 Retro High OG True Blue (TD)",1302
2026-07-16T15:25:56.689Z,gid://shopify/Product/15059028345218,"air-jordan-10-retro-tinker","Jordan 10 Retro Tinker",842
2026-07-16T15:25:56.689Z,gid://shopify/Product/15106703491458,"air-jordan-1-mid-se-craft-inside-out-white-grey-gs","Jordan 1 Mid SE Craft Inside Out White Grey (GS)",1371
2026-07-16T15:25:56.689Z,gid://shopify/Product/15188349714818,"jordan-1-retro-high-silver-toe-womens-1","Jordan 1 Retro High Silver Toe (Women's) %",1257
2026-07-16T15:25:56.689Z,gid://shopify/Product/15224602657154,"gymshark-onyx-50-seamless-long-sleeve-t-shirt-black-onyx-grey","Gymshark Onyx 5.0 Seamless Long Sleeve T-shirt Black/Onyx Grey",1074
