timestamp,product_id,handle,title,chars
2026-07-16T14:11:00.256Z,gid://shopify/Product/14901120139650,"air-jordan-4-retro-oxidized-green","Jordan 4 Retro Oxidized Green",1341
2026-07-16T14:11:00.258Z,gid://shopify/Product/14902247391618,"nike-air-max-1-anniversary-green-2020","Nike Air Max 1 Anniversary Green",1034
2026-07-16T14:11:00.258Z,gid://shopify/Product/14929952145794,"nike-air-max-plus-desert-sunset","Nike Air Max Plus Desert Sunset",1568
2026-07-16T14:11:00.258Z,gid://shopify/Product/14929954046338,"nike-air-max-180-apron-records","Nike Air Max 180 Apron Records",1403
2026-07-16T14:11:00.259Z,gid://shopify/Product/14929955029378,"denim-tears-cotton-wreath-hoodie-black-monochrome","Denim Tears Cotton Wreath Hoodie Black Monochrome",1227
2026-07-16T14:11:00.259Z,gid://shopify/Product/14929955914114,"nike-x-takashi-murakami-x-mlb-world-tour-tokyo-series-2025-dodgers-ohtani-jersey-white","Nike x Takashi Murakami x MLB World Tour Tokyo Series 2025 Dodgers Ohtani Jersey White",1200
2026-07-16T14:11:00.259Z,gid://shopify/Product/14936261591426,"puma-speedcat-ballet-silver-womens","Puma Speedcat Ballet Silver (Women's)",1517
2026-07-16T14:11:00.259Z,gid://shopify/Product/14936266113410,"nike-air-max-plus-golf-triple-white","Nike Air Max Plus Golf Triple White",1215
2026-07-16T14:11:00.260Z,gid://shopify/Product/14936268210562,"nike-sb-dunk-low-trocadero-gardens","Nike SB Dunk Low Trocadéro Gardens",1451
2026-07-16T14:11:00.260Z,gid://shopify/Product/14936269914498,"nike-sb-dunk-low-what-the-paul","Nike SB Dunk Low What The Paul",672
2026-07-16T14:11:00.260Z,gid://shopify/Product/14936270537090,"nike-sb-dunk-low-polaroid","Nike SB Dunk Low Polaroid",1026
2026-07-16T14:11:00.260Z,gid://shopify/Product/14936270832002,"nike-sb-dunk-low-travis-scott","Nike SB Dunk Low Travis Scott",1351
2026-07-16T14:11:00.260Z,gid://shopify/Product/14936271683970,"nike-sb-dunk-low-navy-gum","Nike SB Dunk Low Navy Gum",1358
2026-07-16T14:11:00.260Z,gid://shopify/Product/14936272470402,"nike-sb-dunk-low-safari","Nike SB Dunk Low Safari",876
2026-07-16T14:11:00.260Z,gid://shopify/Product/14936273617282,"nike-sb-dunk-low-medicom-toy-2020","Nike SB Dunk Low Medicom Toy (2020)",1374
2026-07-16T14:11:00.260Z,gid://shopify/Product/14936274108802,"nike-sb-dunk-high-pro-premium-san-francisco-giants","Nike SB Dunk High Pro Premium San Francisco Giants",982
2026-07-16T14:11:00.261Z,gid://shopify/Product/14936274764162,"nike-sb-dunk-low-raygun-tie-dye-black","Nike SB Dunk Low Raygun Tie-Dye Black",764
2026-07-16T14:11:00.261Z,gid://shopify/Product/14936275124610,"nike-sb-dunk-high-pro-kcdc","Nike SB Dunk High Pro KCDC",1210
2026-07-16T14:11:00.261Z,gid://shopify/Product/14936275943810,"nike-sb-dunk-low-frame-skate-habibi","Nike SB Dunk Low Frame Skate Habibi",984
2026-07-16T14:11:00.261Z,gid://shopify/Product/14936276402562,"nike-sb-dunk-low-night-of-mischief-halloween","Nike SB Dunk Low Night of Mischief Halloween",1227
2026-07-16T14:11:00.261Z,gid://shopify/Product/14936277254530,"nike-sb-dunk-high-pro-ishod-wair-x-magnus-walker","Nike SB Dunk High Pro Ishod Wair x Magnus Walker",828
2026-07-16T14:11:00.261Z,gid://shopify/Product/14936277483906,"nike-sb-dunk-low-quartersnacks-zebra","Nike SB Dunk Low OG QS Quartersnacks Zebra",1161
2026-07-16T14:11:00.261Z,gid://shopify/Product/14936278073730,"nike-sb-dunk-high-baroque-brown-vegan-leather","Nike SB Dunk High Baroque Brown Vegan Leather",1339
2026-07-16T14:11:00.261Z,gid://shopify/Product/14936278991234,"nike-dunk-sb-high-gundam-black-thunder-blue","Nike SB Dunk High RX-0 Unicorn Gundam 02 Banshee",1036
2026-07-16T14:11:00.261Z,gid://shopify/Product/14936279449986,"nike-sb-dunk-low-gnarhunters","Nike SB Dunk Low Gnarhunters",920
2026-07-16T14:11:00.261Z,gid://shopify/Product/14936280236418,"nike-sb-dunk-low-truck-it","Nike SB Dunk Low Truck It",794
2026-07-16T14:11:00.261Z,gid://shopify/Product/14936280662402,"nike-sb-dunk-low-the-powerpuff-girls-bubbles-td","Nike SB Dunk Low The Powerpuff Girls Bubbles (TD)",1421
2026-07-16T14:11:00.261Z,gid://shopify/Product/14936281416066,"nike-sb-dunk-high-fpar","Nike SB Dunk High FPAR",1160
2026-07-16T14:11:00.261Z,gid://shopify/Product/14936282104194,"nike-sb-dunk-low-pro-iso-orange-label-unbleached-pack-lilac","Nike SB Dunk Low Pro ISO Orange Label Unbleached Pack Lilac",872
2026-07-16T14:11:00.261Z,gid://shopify/Product/14936282726786,"nike-sb-dunk-mid-griffey","Nike SB Dunk Mid Griffey",855
2026-07-16T14:11:00.262Z,gid://shopify/Product/14936283316610,"nike-sb-dunk-low-decon-n7-black-sail","Nike SB Dunk Low Decon N7 Black Sail",1472
2026-07-16T14:11:00.262Z,gid://shopify/Product/14936283906434,"nike-sb-dunk-mid-white-widow","Nike SB Dunk Mid White Widow",945
2026-07-16T14:11:00.262Z,gid://shopify/Product/14936284463490,"nike-sb-dunk-high-resn-2009","Nike SB Dunk High RESN (2009)",1214
2026-07-16T14:11:00.262Z,gid://shopify/Product/14936285217154,"nike-sb-dunk-high-camo","Nike SB Dunk High Camo",976
2026-07-16T14:11:00.262Z,gid://shopify/Product/14936285577602,"nike-sb-dunk-high-humidity","Nike SB Dunk High Humidity",784
2026-07-16T14:11:00.262Z,gid://shopify/Product/14936286298498,"nike-sb-dunk-low-pink-box","Nike SB Dunk Low Pink Box",1437
2026-07-16T14:11:00.262Z,gid://shopify/Product/14936287084930,"nike-sb-dunk-high-cork","Nike SB Dunk High Cork",1333
2026-07-16T14:11:00.262Z,gid://shopify/Product/14936287838594,"nike-sb-dunk-high-mf-doom","Nike SB Dunk High MF Doom",1302
2026-07-16T14:11:00.262Z,gid://shopify/Product/14936288330114,"nike-sb-dunk-low-grateful-dead-bears-orange","Nike SB Dunk Low Grateful Dead Bears Orange",1457
2026-07-16T14:11:00.262Z,gid://shopify/Product/14936289018242,"nike-sb-dunk-low-skate-camo","Nike SB Dunk Low Skate Camo",1069
2026-07-16T14:12:58.244Z,gid://shopify/Product/14936290165122,"nike-sb-dunk-low-diamond-supply-co","Nike SB Dunk Low Diamond Supply Co.",1034
2026-07-16T14:12:58.245Z,gid://shopify/Product/14936291246466,"nike-sb-dunk-mid-lewis-marnell","Nike SB Dunk Mid Lewis Marnell",1200
2026-07-16T14:12:58.245Z,gid://shopify/Product/14936292131202,"nike-sb-dunk-low-rukus-crawfish","Nike SB Dunk Low Rukus Crawfish",955
2026-07-16T14:12:58.245Z,gid://shopify/Product/14936293179778,"nike-sb-dunk-high-momofuku","Nike SB Dunk High Momofuku",1207
2026-07-16T14:12:58.245Z,gid://shopify/Product/14936294130050,"nike-sb-dunk-low-hawaii","Nike SB Dunk Low Hawaii",1147
2026-07-16T14:12:58.245Z,gid://shopify/Product/14936296292738,"nike-sb-dunk-low-concepts-red-lobster","Nike SB Dunk Low Concepts Red Lobster",1034
2026-07-16T14:12:58.245Z,gid://shopify/Product/14936301535618,"nike-sb-dunk-low-supreme-black-cement-2002","Nike SB Dunk Low Supreme Black Cement (2002)",1252
2026-07-16T14:12:58.245Z,gid://shopify/Product/14936304353666,"nike-dunk-low-retro-cosmic-clay","Nike Dunk Low Retro Cosmic Clay",1109
2026-07-16T14:12:58.245Z,gid://shopify/Product/14936304877954,"nike-dunk-low-lx-glitter-swoosh-white-light-smoke-grey-womens","Nike Dunk Low LX Glitter Swoosh White Light Smoke Grey (Women's)",1175
2026-07-16T14:12:58.245Z,gid://shopify/Product/14936305467778,"nike-dunk-low-dusty-cactus","Nike Dunk Low Dusty Cactus",1329
2026-07-16T14:12:58.245Z,gid://shopify/Product/14936305762690,"nike-dunk-low-racer-blue-photon-dust","Nike Dunk Low Racer Blue Photon Dust",1252
2026-07-16T14:12:58.245Z,gid://shopify/Product/14936306483586,"nike-sb-ps8-electric-pack-olympic-safari","Nike SB PS8 Electric Pack Olympic Safari",1285
2026-07-16T14:12:58.245Z,gid://shopify/Product/14936307040642,"nike-dunk-low-snakeskin-washed-teal-bleached-coral","Nike Dunk Low Snakeskin Washed Teal Bleached Coral",1172
2026-07-16T14:12:58.245Z,gid://shopify/Product/14936307499394,"nike-dunk-low-siempre-familia","Nike Dunk Low Siempre Familia",977
2026-07-16T14:12:58.245Z,gid://shopify/Product/14936308351362,"nike-dunk-low-off-white-lot-23","Nike Dunk Low Off-White Lot 23",1170
2026-07-16T14:12:58.245Z,gid://shopify/Product/14936309006722,"nike-dunk-low-vast-grey-varsity-red","Nike Dunk Low Vast Grey Varsity Red",1245
2026-07-16T14:12:58.245Z,gid://shopify/Product/14936312250754,"nike-dunk-low-houston-comets-four-peat-womens","Nike Dunk Low Houston Comets Four-Peat (Women's)",1204
2026-07-16T14:12:58.245Z,gid://shopify/Product/14936313069954,"nike-dunk-low-nba-paris","Nike Dunk Low NBA Paris",1307
2026-07-16T14:12:58.245Z,gid://shopify/Product/14936315756930,"nike-dunk-low-unc-gs","Nike Dunk Low UNC (GS)",1159
2026-07-16T14:12:58.246Z,gid://shopify/Product/14936316182914,"nike-dunk-low-retro-qs-flash-white-argon-blue-flash","Nike Dunk Low Retro QS Argon (2022)",1007
2026-07-16T14:12:58.246Z,gid://shopify/Product/14936316871042,"nike-dunk-low-qs-cojp-reverse-curry-2024","Nike Dunk Low QS CO.JP Reverse Curry (2024)",1440
2026-07-16T14:12:58.246Z,gid://shopify/Product/14936317821314,"nike-dunk-low-arizona-state","Nike Dunk Low Arizona State",1137
2026-07-16T14:12:58.246Z,gid://shopify/Product/14936319426946,"nike-dunk-low-emb-nba-75th-anniversary","Nike Dunk Low EMB NBA 75th Anniversary Chicago",899
2026-07-16T14:12:58.246Z,gid://shopify/Product/14936319852930,"nike-dunk-low-brazil-2020","Nike Dunk Low Brazil (2020/2024)",1014
2026-07-16T14:12:58.246Z,gid://shopify/Product/14936320803202,"nike-dunk-low-se-winter-storm","Nike Dunk Low SE Winter Storm",1426
2026-07-16T14:12:58.246Z,gid://shopify/Product/14936321753474,"nike-dunk-low-valentines-day-2024-womens","Nike Dunk Low Valentine's Day (2024) (Women's)",1418
2026-07-16T14:12:58.246Z,gid://shopify/Product/14936322343298,"nike-dunk-low-next-nature-light-smoke-grey-womens","Nike Dunk Low Next Nature Light Smoke Grey (Women's)",1224
2026-07-16T14:12:58.246Z,gid://shopify/Product/14945504559490,"adidas-yeezy-boost-700-mnvn-orange","adidas Yeezy Boost 700 MNVN Orange",809
2026-07-16T14:12:58.246Z,gid://shopify/Product/14963345588610,"nike-zoom-fly-mercurial-off-white-total-orange","Nike Zoom Fly Mercurial Off-White Total Orange",1114
2026-07-16T14:12:58.246Z,gid://shopify/Product/14963346014594,"nike-dunk-low-off-white-lot-21","Nike Dunk Low Off-White Lot 21",1095
2026-07-16T14:12:58.246Z,gid://shopify/Product/14963346702722,"off-white-x-nike-002-woven-shorts-black","OFF-WHITE x Nike 002 Woven Shorts Black",1004
2026-07-16T14:12:58.246Z,gid://shopify/Product/14963347292546,"off-white-x-nike-shorts-white-grid","OFF-WHITE x Nike Shorts White Grid",868
2026-07-16T14:12:58.246Z,gid://shopify/Product/14963521454466,"asics-gel-nyc-cream-rose-water","ASICS Gel-NYC Cream Rose Water",1238
2026-07-16T14:12:58.246Z,gid://shopify/Product/14963522470274,"asics-gel-kayano-14-birch-pure-silver","ASICS Gel-Kayano 14 Birch Pure Silver",1181
2026-07-16T14:12:58.246Z,gid://shopify/Product/14963523256706,"asics-gel-nyc-glacier-grey-gravel","ASICS Gel-NYC Glacier Grey Gravel",1436
2026-07-16T14:12:58.246Z,gid://shopify/Product/14963523584386,"asics-gel-1130-white-clay-canyon-gs","ASICS Gel-1130 White Clay Canyon (GS)",1475
2026-07-16T14:12:58.246Z,gid://shopify/Product/14963524239746,"asics-gt-2160-jjjjound-white","ASICS GT-2160 JJJJound White",1376
2026-07-16T14:12:58.246Z,gid://shopify/Product/14963524764034,"asics-gt-2160-bleach-ichigo-kurosaki","ASICS GT-2160 BLEACH Ichigo Kurosaki",1488
2026-07-16T14:12:58.246Z,gid://shopify/Product/14963525091714,"asics-gel-k1011-gallery-dept-mental-energy-khaki","ASICS Gel-K1011 Gallery Dept. Mental Energy Khaki",1381
2026-07-16T14:12:58.246Z,gid://shopify/Product/14963525517698,"asics-gt-2160-white-shamrock-green","ASICS GT-2160 White Shamrock Green",1497
2026-07-16T14:14:54.225Z,gid://shopify/Product/14963526304130,"asics-gel-nyc-cold-moss-fjord-grey","ASICS Gel-NYC Cold Moss Fjord Grey",1322
2026-07-16T14:14:54.227Z,gid://shopify/Product/14963526762882,"asics-gel-kayano-12-1-kith-cream-sage","ASICS Gel-Kayano 12.1 Kith Cream Sage",965
2026-07-16T14:14:54.227Z,gid://shopify/Product/14963527385474,"asics-gt-2160-indigo-fog-pure-silver","ASICS GT-2160 Indigo Fog Pure Silver",1085
2026-07-16T14:14:54.228Z,gid://shopify/Product/14963527745922,"asics-gel-lyte-iii-remastered-kith-seoul","ASICS Gel-Lyte III Remastered Kith Seoul",1377
2026-07-16T14:14:54.228Z,gid://shopify/Product/14963528139138,"asics-gel-2160-oatmeal-simply-taupe","ASICS Gel-2160 Oatmeal Simply Taupe",1083
2026-07-16T14:14:54.228Z,gid://shopify/Product/14963529843074,"asics-gel-kayano-14-white-piquant-orange","ASICS Gel-Kayano 14 White Piquant Orange",1398
2026-07-16T14:14:54.228Z,gid://shopify/Product/14963530465666,"asics-gt-2160-kith-marvel-villains-spider-man-venom-pack-sealed-box-comic-included","ASICS GT-2160 Kith Marvel Villains Spider-Man/Venom Battle Spectra Pack Sealed Box (Comic Included)",1198
2026-07-16T14:14:54.228Z,gid://shopify/Product/14963530989954,"asics-gel-1130-oyster-grey","ASICS Gel-1130 Oyster Grey",1536
2026-07-16T14:14:54.228Z,gid://shopify/Product/14963531448706,"asics-gel-1130-vanilla-white-sage","ASICS Gel-1130 Vanilla White Sage",1444
2026-07-16T14:14:54.228Z,gid://shopify/Product/14963531907458,"asics-gt-2160-earls-collection-ngawari","ASICS GT-2160 Earls Collection Ngāwari",1405
2026-07-16T14:14:54.228Z,gid://shopify/Product/14963533578626,"asics-gt-2160-above-the-clouds","ASICS GT-2160 Above The Clouds",1411
2026-07-16T14:14:54.228Z,gid://shopify/Product/14963548258690,"asics-gel-1130-faded-ash-rock-womens","ASICS Gel-1130 Faded Ash Rock (Women's)",1303
2026-07-16T14:14:54.228Z,gid://shopify/Product/14963551895938,"asics-gt-2160-kith-marvel-villains-green-goblin-sealed-box-comic-included","ASICS GT-2160 Kith Marvel Villains Green Goblin Sealed Box (Comic Included)",1381
2026-07-16T14:14:54.228Z,gid://shopify/Product/14963554288002,"asics-gel-kayano-14-concepts","ASICS Gel-Kayano 14 Concepts Out of Office",1545
2026-07-16T14:14:54.228Z,gid://shopify/Product/14963556385154,"asics-gel-kayano-14-white-moonrock-w","ASICS Gel-Kayano 14 White Moonrock (Women's)",1259
2026-07-16T14:14:54.228Z,gid://shopify/Product/14963558351234,"asics-gel-1130-silver-pack-blue-fade-womens","ASICS Gel-1130 Silver Pack Blue Fade (Women's)",1248
2026-07-16T14:14:54.228Z,gid://shopify/Product/14963560219010,"asics-gel-nyc-cream-oatmeal","ASICS Gel-NYC Cream Oatmeal",1255
2026-07-16T14:14:54.228Z,gid://shopify/Product/14963561103746,"asics-gel-kayano-14-white-pure-gold","ASICS Gel-Kayano 14 White Pure Gold",1182
2026-07-16T14:14:54.228Z,gid://shopify/Product/14963561922946,"asics-gt-2160-dime-arctic-wolf","ASICS GT-2160 DIME Arctic Wolf",1298
2026-07-16T14:14:54.228Z,gid://shopify/Product/14963562578306,"asics-gel-1130-mk-ii-hal-studio-forest","ASICS Gel-1130 MK-II HAL Studio Forest",1188
2026-07-16T14:14:54.228Z,gid://shopify/Product/14963563528578,"onitsuka-tiger-mexico-66-cream-mineral-brown","Onitsuka Tiger Mexico 66 Cream Mineral Brown",1212
2026-07-16T14:14:54.229Z,gid://shopify/Product/14963565789570,"asics-gel-lokros-heaven-by-marc-jacobs-kiko-kostadinov-graphite-grey","ASICS Gel-Lokros Heaven by Marc Jacobs Kiko Kostadinov Graphite Grey (Women's)",1321
2026-07-16T14:14:54.229Z,gid://shopify/Product/14964031521154,"adidas-trae-young-3-arctic-night-acid-orange","adidas Trae Young 3 Arctic Night Acid Orange",1338
2026-07-16T14:14:54.229Z,gid://shopify/Product/14964032897410,"adidas-ultra-boost-20-chinese-new-year-black-2020","adidas Ultra Boost 20 Chinese New Year Black (2020)",1056
2026-07-16T14:14:54.229Z,gid://shopify/Product/14964034306434,"adidas-vento-xlg-deluxe-black","adidas Vento XLG Deluxe Black",841
2026-07-16T14:14:54.229Z,gid://shopify/Product/14965069414786,"adidas-x-gucci-gazelle-beige-gg-monogram","adidas x Gucci Gazelle Beige GG Monogram",1213
2026-07-16T14:14:54.229Z,gid://shopify/Product/14965077115266,"adidas-xlg-runner-deluxe-white-black","adidas XLG Runner Deluxe White Black",1303
2026-07-16T14:14:54.229Z,gid://shopify/Product/14965079867778,"adidas-yeezy-350-cleat-turtledove","adidas Yeezy 350 Cleat Turtledove",985
2026-07-16T14:14:54.229Z,gid://shopify/Product/14966233104770,"adidas-yeezy-450-dark-slate-kids","adidas Yeezy 450 Dark Slate (Kids)",999
2026-07-16T14:14:54.229Z,gid://shopify/Product/14966233366914,"adidas-yeezy-450-resin","adidas Yeezy 450 Resin",740
2026-07-16T14:14:54.229Z,gid://shopify/Product/14966233661826,"adidas-yeezy-500-bone-white-2023","adidas Yeezy 500 Bone White (2023)",1147
2026-07-16T14:14:54.229Z,gid://shopify/Product/14966233923970,"adidas-yeezy-500-high-tactical-boot-sand","adidas Yeezy 500 High Tactical Boot Sand",1324
2026-07-16T14:14:54.229Z,gid://shopify/Product/14966234218882,"adidas-yeezy-500-high-tactile-orange","adidas Yeezy 500 High Tactile Orange",856
2026-07-16T14:14:54.229Z,gid://shopify/Product/14966234743170,"adidas-yeezy-950-pirate-black-2023","adidas Yeezy 950 Pirate Black (2023)",1236
2026-07-16T14:14:54.229Z,gid://shopify/Product/14966235201922,"adidas-yeezy-boost-350-turtledove","adidas Yeezy Boost 350 Turtledove (2015)",786
2026-07-16T14:14:54.229Z,gid://shopify/Product/14967182000514,"adidas-yeezy-boost-350-v2-ash-pearl-2021","adidas Yeezy Boost 350 V2 Ash Pearl",1008
2026-07-16T14:14:54.229Z,gid://shopify/Product/14967182426498,"adidas-yeezy-boost-350-v2-butter","adidas Yeezy Boost 350 V2 Butter",781
2026-07-16T14:14:54.229Z,gid://shopify/Product/14967182688642,"adidas-yeezy-boost-350-v2-citrin","adidas Yeezy Boost 350 V2 Citrin (Non-Reflective)",782
2026-07-16T14:14:54.229Z,gid://shopify/Product/14967183049090,"adidas-yeezy-boost-350-v2-core-black-red-infants","adidas Yeezy Boost 350 V2 Core Black Red (Infants)",1269
2026-07-16T14:14:54.229Z,gid://shopify/Product/14967183507842,"adidas-yeezy-boost-350-v2-earth","adidas Yeezy Boost 350 V2 Earth",933
2026-07-16T14:16:27.264Z,gid://shopify/Product/14967183769986,"adidas-yeezy-boost-350-v2-israfil","adidas Yeezy Boost 350 V2 Israfil",636
2026-07-16T14:16:27.265Z,gid://shopify/Product/14967684333954,"adidas-yeezy-boost-350-v2-sand-taupe","adidas Yeezy Boost 350 V2 Sand Taupe",805
2026-07-16T14:16:27.265Z,gid://shopify/Product/14967684563330,"adidas-yeezy-boost-350-v2-sulfur","adidas Yeezy Boost 350 V2 Sulfur",737
2026-07-16T14:16:27.265Z,gid://shopify/Product/14967684792706,"adidas-yeezy-boost-350-v2-yeshaya","adidas Yeezy Boost 350 V2 Yeshaya (Non-Reflective)",685
2026-07-16T14:16:27.265Z,gid://shopify/Product/14967685054850,"adidas-yeezy-boost-380-alien","adidas Yeezy Boost 380 Alien",726
2026-07-16T14:16:27.265Z,gid://shopify/Product/14967685284226,"adidas-yeezy-boost-350-v2-zebra-infants","adidas Yeezy Boost 350 V2 Zebra (Infants)",757
2026-07-16T14:16:27.265Z,gid://shopify/Product/14967685513602,"adidas-yeezy-boost-380-mist","adidas Yeezy Boost 380 Mist",725
2026-07-16T14:16:27.265Z,gid://shopify/Product/14967686201730,"adidas-yeezy-boost-700-v2-inertia","adidas Yeezy Boost 700 V2 Inertia",769
2026-07-16T14:16:27.265Z,gid://shopify/Product/14967793680770,"adidas-yeezy-bsktbl-knit-slate-azure","adidas Yeezy BSKTBL Knit Slate Azure",800
2026-07-16T14:16:27.265Z,gid://shopify/Product/14967793877378,"adidas-yeezy-desert-boot-oil-infants","adidas Yeezy Desert Boot Oil (Infants)",915
2026-07-16T14:16:27.265Z,gid://shopify/Product/14967795548546,"adidas-yeezy-desert-boot-rock-infants","adidas Yeezy Desert Boot Rock (Infants)",833
2026-07-16T14:16:27.265Z,gid://shopify/Product/14967795777922,"adidas-yeezy-foam-rnnr-mx-sand-grey","adidas Yeezy Foam RNNR MX Sand Grey",790
2026-07-16T14:16:27.265Z,gid://shopify/Product/14967796007298,"adidas-yeezy-foam-rnnr-stone-sage-kids","adidas Yeezy Foam RNNR Stone Sage (Kids)",803
2026-07-16T14:16:27.266Z,gid://shopify/Product/14967796236674,"adidas-yeezy-foam-rnnr-vermillion","adidas Yeezy Foam RNNR Vermillion",677
2026-07-16T14:16:27.266Z,gid://shopify/Product/14967796531586,"adidas-yeezy-foam-rnr-mx-cinder-infants","adidas Yeezy Foam RNR MX Cinder (Infants)",777
2026-07-16T14:16:27.266Z,gid://shopify/Product/14967796826498,"adidas-yeezy-foam-rnr-stone-taupe","adidas Yeezy Foam RNR Stone Taupe",967
2026-07-16T14:16:27.266Z,gid://shopify/Product/14967797055874,"adidas-yeezy-powerphase-calabasas-core-black","adidas Yeezy Powerphase Calabasas Core Black",647
2026-07-16T14:16:27.266Z,gid://shopify/Product/14968123556226,"adidas-yeezy-qntm-basketball","adidas YZY QNTM BSKTBL (Performance Basketball Model)",719
2026-07-16T14:16:27.266Z,gid://shopify/Product/14968123752834,"adidas-yeezy-powerphase-clear-brown","adidas Yeezy Powerphase Clear Brown",890
2026-07-16T14:16:27.266Z,gid://shopify/Product/14968124014978,"adidas-yeezy-qntm-sea-teal","adidas Yeezy QNTM Sea Teal",818
2026-07-16T14:16:27.266Z,gid://shopify/Product/14968124309890,"adidas-yeezy-slide-bone-2022-kids","adidas Yeezy Slide Bone (2022) (Kids)",768
2026-07-16T14:16:27.266Z,gid://shopify/Product/14968124572034,"adidas-yeezy-slide-enflame-orange","adidas Yeezy Slide Enflame Orange",756
2026-07-16T14:16:27.266Z,gid://shopify/Product/14968124866946,"adidas-yeezy-slide-onyx-kids","adidas Yeezy Slide Onyx (Kids)",810
2026-07-16T14:16:27.266Z,gid://shopify/Product/14968125194626,"adidas-yeezy-qntm-barium","adidas Yeezy QNTM Barium",747
2026-07-16T14:16:27.266Z,gid://shopify/Product/14969514721666,"air-air-jordan-1-low-se-pink-velvet-w","Air Jordan 1 Low SE Pink Velvet (Women's)",903
2026-07-16T14:16:27.266Z,gid://shopify/Product/14969518621058,"air-air-jordan-1-low-vintage-grey-gs","Air Jordan 1 Low Vintage Grey (GS)",967
2026-07-16T14:16:27.266Z,gid://shopify/Product/14969522127234,"air-air-jordan-1-zoom-cmft-somos-familia","Jordan 1 High Zoom Air CMFT Somos Familia",1013
2026-07-16T14:16:27.266Z,gid://shopify/Product/14969525141890,"air-jordan-1-crib-bootie-lost-and-found-i","Jordan 1 Crib Bootie Chicago Lost and Found (I)",1305
2026-07-16T14:16:27.266Z,gid://shopify/Product/14969530646914,"air-jordan-1-elevate-low-neutral-grey-w","Jordan 1 Elevate Low Neutral Grey (Women's)",1046
2026-07-16T14:16:27.266Z,gid://shopify/Product/14969533038978,"air-jordan-1-elevate-high-summit-white-varsity-red","Jordan 1 Elevate High Summit White Varsity Red (Women's)",1055
2026-07-16T14:16:27.266Z,gid://shopify/Product/14973840851330,"air-jordan-1-high-element-gore-tex-light-bone","Jordan 1 Retro High Element Gore-Tex Light Bone",858
2026-07-16T14:16:27.266Z,gid://shopify/Product/14973841572226,"air-jordan-1-high-golf-black-white","Jordan 1 Retro High Golf Black White",1016
2026-07-16T14:16:27.266Z,gid://shopify/Product/14973842096514,"air-jordan-1-high-og-black-white-ps","Jordan 1 Retro High OG Black White (PS)",1188
2026-07-16T14:16:27.266Z,gid://shopify/Product/14973842424194,"air-jordan-1-high-og-first-in-flight-womens","Jordan 1 High OG First in Flight (Women's)",1177
2026-07-16T14:16:27.266Z,gid://shopify/Product/14973842620802,"air-jordan-1-high-og-spider-man-across-the-spider-verse-ps","Jordan 1 Retro High OG Spider-Man Across the Spider-Verse (PS)",1160
2026-07-16T14:16:27.266Z,gid://shopify/Product/14973842948482,"air-jordan-1-high-switch-peach","Jordan 1 High Switch Peach",882
2026-07-16T14:16:27.266Z,gid://shopify/Product/15032883151234,"yeezy-gap-coated-cotton-anorak-black","Yeezy Gap Coated Cotton Anorak Black",982
2026-07-16T14:16:27.266Z,gid://shopify/Product/15032884855170,"yeezy-gap-dove-padded-heavy-fleece-tee-black","Yeezy Gap Dove Padded Heavy Fleece Tee Black",845
2026-07-16T14:16:27.266Z,gid://shopify/Product/15032886034818,"ugg-tazz-love-25-slipper-tropical-pink-womens","UGG Tazz Love '25 Slipper Tropical Pink (Women's)",988
2026-07-16T14:16:27.266Z,gid://shopify/Product/15032887345538,"yeezy-gap-fleece-jogging-pant-dark-blue","Yeezy Gap Fleece Jogging Pant Dark Blue",1097
2026-07-16T14:18:12.600Z,gid://shopify/Product/15032888000898,"virgil-abloh-x-ikea-markerad-bedding-gray","Virgil Abloh x IKEA MARKERAD US Duvet Cover and 2 Pillowcases (Full/Queen) Gray",744
2026-07-16T14:18:12.602Z,gid://shopify/Product/15034269368706,"air-jordan-1-mid-black-fire-red-ps","Jordan 1 Mid Black Fire Red (PS)",1172
2026-07-16T14:18:12.602Z,gid://shopify/Product/15034272743810,"air-jordan-1-low-shadow-brown-womens","Jordan 1 Low Shadow Brown (Women's)",1175
2026-07-16T14:18:12.602Z,gid://shopify/Product/15035890663810,"air-jordan-1-mid-composition-notebook-gs","Jordan 1 Mid Composition Notebook (GS)",862
2026-07-16T14:18:12.602Z,gid://shopify/Product/15035910586754,"air-jordan-1-high-zoom-air-cmft-emerald-green-w","Jordan 1 High Zoom Air CMFT Emerald Green (Women's)",1168
2026-07-16T14:18:12.603Z,gid://shopify/Product/15036010135938,"new-balance-998-miusa-grey-day-2023","New Balance 998 MiUSA Grey Day (2023)",972
2026-07-16T14:18:12.603Z,gid://shopify/Product/15036012724610,"stanley-x-target-flowstate-quencher-40oz-tumbler-aquamarine","Stanley x Target Flowstate Quencher 40oz Tumbler Aquamarine",1141
2026-07-16T14:18:12.603Z,gid://shopify/Product/15036013609346,"off-white-x-nike-90s-cap-black-blue","OFF-WHITE x Nike 90s Cap Black Blue",1085
2026-07-16T14:18:12.603Z,gid://shopify/Product/15036016984450,"nike-dunk-low-off-white-lot-36","Nike Dunk Low Off-White Lot 36",987
2026-07-16T14:18:12.603Z,gid://shopify/Product/15036018622850,"yeezy-slide-bone-infants","adidas Yeezy Slide Bone (Infants)",880
2026-07-16T14:18:12.603Z,gid://shopify/Product/15036024586626,"supreme-quilted-plaid-shirt-purple","Supreme Quilted Plaid Shirt Grey",1029
2026-07-16T14:18:12.603Z,gid://shopify/Product/15036026028418,"new-balance-550-aime-leon-dore-olive","New Balance 550 Aime Leon Dore Olive",944
2026-07-16T14:18:12.603Z,gid://shopify/Product/15036050047362,"adidas-samba-og-cloud-white-core-black-gum-ps","adidas Samba OG Cloud White Core Black Gum (PS)",1025
2026-07-16T14:18:12.603Z,gid://shopify/Product/15036051849602,"adidas-samba-og-white-coral-pink-gs","adidas Samba OG White Coral Pink (GS)",977
2026-07-16T14:18:12.603Z,gid://shopify/Product/15038143725954,"adidas-samba-og-white-better-scarlet","adidas Samba OG White Better Scarlet",1081
2026-07-16T14:18:12.603Z,gid://shopify/Product/15038145102210,"adidas-gazelle-beige-dark-blue-collegiate-burgundy","adidas Gazelle Beige Dark Blue Collegiate Burgundy",1170
2026-07-16T14:18:12.603Z,gid://shopify/Product/15038146838914,"adidas-don-issue-1-iron-spider","adidas D.O.N. Issue #1 Iron Spider",1410
2026-07-16T14:18:12.604Z,gid://shopify/Product/15038643569026,"adidas-samba-og-sporty-and-rich-beige-blue","adidas Samba OG Sporty & Rich Cream Blue",1188
2026-07-16T14:18:12.604Z,gid://shopify/Product/15038645862786,"adidas-deerupt-dragon-ball-z-son-gohan","adidas Deerupt Dragon Ball Z Son Gohan",727
2026-07-16T14:18:12.604Z,gid://shopify/Product/15039069290882,"adidas-samba-vegan-white-gum","adidas Samba Vegan White Gum",800
2026-07-16T14:18:12.604Z,gid://shopify/Product/15039069749634,"adidas-gazelle-off-white-cloud-white-w","adidas Gazelle Off White Cloud White (Women's)",1096
2026-07-16T14:18:12.604Z,gid://shopify/Product/15039070503298,"adidas-ab-gazelle-indoor-blondey-mccoy-chalk-white-noble-green","adidas A.B. Gazelle Indoor Blondey McCoy Chalk White Noble Green",1248
2026-07-16T14:18:12.604Z,gid://shopify/Product/15039071191426,"adidas-gazelle-indoor-liberty-london-floral-embroidery-stripes-womens","adidas Gazelle Indoor Liberty London Floral Embroidery Stripes (Women's)",1319
2026-07-16T14:18:12.604Z,gid://shopify/Product/15042133361026,"adidas-performance-4d-run-1-footwear-white","adidas Performance 4D Run 1.0 Footwear White",919
2026-07-16T14:18:12.604Z,gid://shopify/Product/15042135064962,"adidas-samba-lt-cloud-white-core-black-womens","adidas Samba LT Cloud White Core Black Gum (Women's)",1141
2026-07-16T14:18:12.604Z,gid://shopify/Product/15042933850498,"adidas-speedfactory-am4-am4cm-captain-marvel","adidas Speedfactory AM4 AM4CM Captain Marvel",1214
2026-07-16T14:18:12.604Z,gid://shopify/Product/15042935456130,"adidas-samba-og-cloud-white-collegiate-green","adidas Samba OG Cloud White Collegiate Green",1223
2026-07-16T14:18:12.604Z,gid://shopify/Product/15042936471938,"adidas-handball-spezial-wonder-taupe-womens","adidas Handball Spezial Wonder Taupe (Women's)",1185
2026-07-16T14:18:12.604Z,gid://shopify/Product/15042943418754,"adidas-samba-og-kith-classics-program-white","adidas Samba OG Kith Classics White Green",1194
2026-07-16T14:18:12.605Z,gid://shopify/Product/15046131188098,"adidas-samba-og-white-wonder-clay-gum-womens","adidas Samba OG White Wonder Clay Gum (Women's)",1241
2026-07-16T14:18:12.605Z,gid://shopify/Product/15046132105602,"adidas-samba-og-sporty-rich-usa","adidas Samba OG Sporty & Rich USA",1343
2026-07-16T14:18:12.605Z,gid://shopify/Product/15046133023106,"adidas-gazelle-indoor-light-blue-floral-womens","adidas Gazelle Indoor Light Blue Floral (Women's)",1247
2026-07-16T14:18:12.605Z,gid://shopify/Product/15046134595970,"adidas-copa-ace-16-purecontrol-ultra-boost-kith-golden-goal","adidas COPA ACE 16+ Purecontrol Ultra Boost Kith Golden Goal",1188
2026-07-16T14:18:12.605Z,gid://shopify/Product/15046138003842,"adidas-gazelle-85-better-scarlet","adidas Gazelle 85 Better Scarlet",1258
2026-07-16T14:18:12.605Z,gid://shopify/Product/15046961299842,"adidas-prophere-dragon-ball-z-cell","adidas Prophere Dragon Ball Z Cell",773
2026-07-16T14:18:12.605Z,gid://shopify/Product/15046962086274,"adidas-samba-og-sporty-and-rich-white-black","adidas Samba OG Sporty & Rich White Black",1172
2026-07-16T14:18:12.605Z,gid://shopify/Product/15046962479490,"adidas-ae-1-low-nicks-gift","adidas AE 1 Low Nick's Gift",1270
2026-07-16T14:18:12.605Z,gid://shopify/Product/15046964248962,"adidas-samba-og-crystal-white-preloved-red","adidas Samba OG Crystal White Preloved Red",1262
2026-07-16T14:18:12.605Z,gid://shopify/Product/15046965002626,"adidas-samba-millennium-white-black-gum","adidas Samba Millennium White Black Gum",989
2026-07-16T14:18:12.605Z,gid://shopify/Product/15047831880066,"adidas-sambae-putty-mauve-gum-womens","adidas Sambae Putty Mauve Gum (Women's)",1331
2026-07-16T14:19:51.729Z,gid://shopify/Product/15048077083010,"adidas-clarks-8th-street-samba-by-ronnie-fieg-savannah","adidas Clarks 8th Street Samba by Ronnie Fieg Savannah",1091
2026-07-16T14:19:51.730Z,gid://shopify/Product/15048191738242,"adidas-handball-spezial-black-icy-pink-womens","adidas Handball Spezial Black Icy Pink (Women's)",1221
2026-07-16T14:19:51.730Z,gid://shopify/Product/15048192328066,"adidas-samba-og-off-white-violet-tone-womens","adidas Samba OG Off White Violet Tone (Women's)",1313
2026-07-16T14:19:51.730Z,gid://shopify/Product/15056660169090,"air-jordan-1-retro-low-golf-shattered-backboard","Jordan 1 Retro Low Golf Shattered Backboard",1039
2026-07-16T14:19:51.731Z,gid://shopify/Product/15056660431234,"air-jordan-1-mid-se-night-stadium","Jordan 1 Mid SE Night Stadium",1133
2026-07-16T14:19:51.731Z,gid://shopify/Product/15056660726146,"air-jordan-1-mid-split-black-white","Jordan 1 Mid Split Black White (Women's)",1062
2026-07-16T14:19:51.731Z,gid://shopify/Product/15056661086594,"air-jordan-1-retro-high-gatorade-blue-lagoon","Jordan 1 Retro High Gatorade Blue Lagoon",964
2026-07-16T14:19:51.731Z,gid://shopify/Product/15056661283202,"air-jordan-12-retro-chris-paul-class-of-2003","Jordan 12 Retro Chris Paul Class Of 2003",833
2026-07-16T14:19:51.731Z,gid://shopify/Product/15056661545346,"air-jordan-1-retro-low-og-sp-travis-scott-black-phantom","Jordan 1 Retro Low OG SP Travis Scott Black Phantom",1086
2026-07-16T14:19:51.731Z,gid://shopify/Product/15056661774722,"air-jordan-1-retro-high-og-satin-shadow-womens","Jordan 1 Retro High OG Satin Shadow (Women's)",1193
2026-07-16T14:19:51.731Z,gid://shopify/Product/15056662036866,"air-jordan-1-retro-high-og-heritage","Jordan 1 Retro High OG Heritage",828
2026-07-16T14:19:51.731Z,gid://shopify/Product/15056662331778,"air-jordan-1-mid-linen","Jordan 1 Mid Linen",796
2026-07-16T14:19:51.731Z,gid://shopify/Product/15056662528386,"air-jordan-1-retro-high-comme-des-garcons-black","Jordan 1 Retro High Comme des Garcons Black",1100
2026-07-16T14:19:51.731Z,gid://shopify/Product/15056663085442,"air-jordan-1-mid-lakers-top-3","Jordan 1 Mid Lakers Top 3",1000
2026-07-16T14:19:51.731Z,gid://shopify/Product/15059025625474,"jordan-11-retro-cool-grey-2022","Jordan 11 Retro Cool Grey (2021)",590
2026-07-16T14:19:51.731Z,gid://shopify/Product/15059025822082,"air-jordan-1-retro-high-og-metallic-gold-womens","Jordan 1 Retro High OG Metallic Gold (Women's)",1351
2026-07-16T14:19:51.731Z,gid://shopify/Product/15059026051458,"air-jordan-1-retro-high-pine-green-black","Jordan 1 Retro High Pine Green Black",1047
2026-07-16T14:19:51.731Z,gid://shopify/Product/15059026280834,"air-jordan-1-mid-white-black-royal-gs","Jordan 1 Mid White Black Racer Blue (GS)",888
2026-07-16T14:19:51.731Z,gid://shopify/Product/15059026510210,"air-jordan-1-mid-gym-red-black-white","Jordan 1 Mid Gym Red Black White",892
2026-07-16T14:19:51.731Z,gid://shopify/Product/15059026805122,"air-jordan-1-mid-purple-aqua-gs","Jordan 1 Mid Purple Aqua (GS)",957
2026-07-16T14:19:51.731Z,gid://shopify/Product/15059027198338,"air-jordan-1-retro-high-og-starfish-ps","Jordan 1 Retro High OG Starfish (PS)",1252
2026-07-16T14:19:51.731Z,gid://shopify/Product/15059027394946,"air-jordan-1-retro-low-og-sp-travis-scott-velvet-brown-td","Jordan 1 Retro Low OG SP Travis Scott Velvet Brown (TD)",1352
2026-07-16T14:19:51.731Z,gid://shopify/Product/15059027657090,"air-jordan-12-retro-a-ma-maniere-black-w","Jordan 12 Retro SP A Ma Maniére Black (Women's)",1036
2026-07-16T14:19:51.731Z,gid://shopify/Product/15059027952002,"air-jordan-1-mid-split-beach-cherrywood-red-w","Jordan 1 Mid SE Split Beach Cherrywood Red (Women's)",1255
2026-07-16T14:19:51.732Z,gid://shopify/Product/15059028181378,"air-jordan-1-retro-low-og-gorge-green-varsity-red-womens","Jordan 1 Retro Low OG Gorge Green Varsity Red (Women's)",1235
2026-07-16T14:19:51.732Z,gid://shopify/Product/15059028377986,"jordan-1-retro-high-og-green-glow-1","Jordan 1 Retro High OG Green Glow",956
2026-07-16T14:19:51.732Z,gid://shopify/Product/15069045096834,"nike-mercurial-vapor-16-elite-fg-black-deep-jungle","Nike Mercurial Vapor 16 Elite FG Black Deep Jungle",1151
2026-07-16T14:19:51.732Z,gid://shopify/Product/15070239326594,"nike-sabrina-2-iron-grey-sail-womens","Nike Sabrina 2 Iron Grey Sail (Women's)",1222
2026-07-16T14:19:51.732Z,gid://shopify/Product/15072393494914,"air-jordan-4-retro-cave-stone","Jordan 4 Retro Cave Stone",1654
2026-07-16T14:19:51.732Z,gid://shopify/Product/15072482328962,"air-jordan-1-mid-aqua-blue-tint-w","Jordan 1 Mid Aqua Blue Tint (Women's)",1183
2026-07-16T14:19:51.732Z,gid://shopify/Product/15072485867906,"air-jordan-1-low-se-armory-navy","Jordan 1 Low SE Armory Navy",1451
2026-07-16T14:19:51.732Z,gid://shopify/Product/15072796082562,"air-jordan-1-retro-high-phantom-gym-red-gs","Jordan 1 Retro High Phantom Gym Red (GS)",1159
2026-07-16T14:19:51.732Z,gid://shopify/Product/15072796344706,"air-jordan-1-mid-white-gold-black-gs","Jordan 1 Mid White Gold Black (GS)",1117
2026-07-16T14:19:51.732Z,gid://shopify/Product/15072796606850,"jordan-1-mid-tropical-twist-igloo","Jordan 1 Mid Tropical Twist Igloo",840
2026-07-16T14:19:51.732Z,gid://shopify/Product/15072796868994,"air-jordan-1-zoom-cmft-citrus","Jordan 1 High Zoom Air CMFT Citrus",1260
2026-07-16T14:19:51.732Z,gid://shopify/Product/15072797589890,"jordan-11-retro-low-diffused-blue-1","Jordan 11 Retro Low Diffused Blue",1385
2026-07-16T14:19:51.732Z,gid://shopify/Product/15072797852034,"air-jordan-1-retro-low-golf-usa","Jordan 1 Retro Low Golf USA",1536
2026-07-16T14:19:51.732Z,gid://shopify/Product/15072798179714,"air-jordan-1-retro-high-og-washed-pink-ps","Jordan 1 Retro High OG Washed Pink (PS)",1325
2026-07-16T14:19:51.732Z,gid://shopify/Product/15072798441858,"air-jordan-1-retro-high-satin-snake-chicago-td","Jordan 1 Retro High Satin Snake Chicago (TD)",1182
2026-07-16T14:19:51.732Z,gid://shopify/Product/15072798769538,"air-jordan-1-retro-low-golf-pine-green","Jordan 1 Retro Low Golf Pine Green",1354
2026-07-16T14:21:34.084Z,gid://shopify/Product/15072799064450,"air-jordan-11-retro-dmp-defining-moments-2023-gs","Jordan 11 Retro DMP Gratitude (2023) (GS)",1131
2026-07-16T14:21:34.086Z,gid://shopify/Product/15072799293826,"air-jordan-1-mid-se-sesame-w","Jordan 1 Mid SE Sesame (Women's)",1078
2026-07-16T14:21:34.086Z,gid://shopify/Product/15072799588738,"air-jordan-11-mid-td-cleat-legend-blue","Jordan 11 Mid TD Cleat Legend Blue",986
2026-07-16T14:21:34.087Z,gid://shopify/Product/15072799916418,"air-jordan-1-retro-high-og-reverse-laney-ps","Jordan 1 Retro High OG Reverse Laney (PS)",1154
2026-07-16T14:21:34.087Z,gid://shopify/Product/15072800145794,"air-jordan-1-retro-high-element-gore-tex-black-olive","Jordan 1 Retro High Element Gore-Tex Black Olive",1319
2026-07-16T14:21:34.087Z,gid://shopify/Product/15072800342402,"air-jordan-1-mid-legend-light-brown","Jordan 1 Mid Legend Light Brown",1209
2026-07-16T14:21:34.087Z,gid://shopify/Product/15072800539010,"air-jordan-1-retro-high-zoom-court-purple","Jordan 1 Retro High Zoom Court Purple",934
2026-07-16T14:21:34.087Z,gid://shopify/Product/15072800735618,"air-jordan-1-retro-high-og-a-ma-maniere","Jordan 1 Retro High OG A Ma Maniére",916
2026-07-16T14:21:34.087Z,gid://shopify/Product/15072800997762,"air-jordan-1-mid-valentines-day-2023-gs","Jordan 1 Mid Valentine's Day (2023) (GS)",1155
2026-07-16T14:21:34.087Z,gid://shopify/Product/15072801325442,"air-jordan-1-retro-high-zip-bordeaux-w","Jordan 1 Retro High Zip Bordeaux (Women's)",1074
2026-07-16T14:21:34.087Z,gid://shopify/Product/15072801587586,"air-jordan-11-retro-midnight-navy-w","Jordan 11 Retro Midnight Navy (Women's)",1088
2026-07-16T14:21:34.088Z,gid://shopify/Product/15072801849730,"air-jordan-1-retro-high-og-denim-td","Jordan 1 Retro High OG Denim (TD)",1131
2026-07-16T14:21:34.088Z,gid://shopify/Product/15072802079106,"air-jordan-1-retro-high-og-hand-crafted","Jordan 1 Retro High OG Hand Crafted",790
2026-07-16T14:21:34.088Z,gid://shopify/Product/15072802275714,"air-jordan-1-mid-se-corduroy-sail","Jordan 1 Mid SE Corduroy Sail",1138
2026-07-16T14:21:34.088Z,gid://shopify/Product/15072802570626,"air-jordan-1-mid-green-toe-gs","Jordan 1 Mid Green Toe (GS)",770
2026-07-16T14:21:34.088Z,gid://shopify/Product/15072802963842,"air-jordan-11-cmft-low-university-blue","Jordan 11 CMFT Low University Blue",1294
2026-07-16T14:21:34.089Z,gid://shopify/Product/15072803520898,"air-jordan-1-mid-heat-reactive","Jordan 1 Mid Heat Reactive",1131
2026-07-16T14:21:34.089Z,gid://shopify/Product/15072804700546,"air-jordan-12-retro-flu-game-2025-td","Jordan 12 Retro Flu Game (2025) (TD)",1277
2026-07-16T14:21:34.089Z,gid://shopify/Product/15072805028226,"air-jordan-11-retro-white-metallic-silver-w","Jordan 11 Retro White Metallic Silver (Women's)",964
2026-07-16T14:21:34.089Z,gid://shopify/Product/15072805716354,"air-jordan-1-mid-laser-blue","Jordan 1 Mid Laser Blue",1026
2026-07-16T14:21:34.089Z,gid://shopify/Product/15072805945730,"air-jordan-1-mid-light-smoke-grey-anthracite","Jordan 1 Mid Light Smoke Grey Anthracite",1032
2026-07-16T14:21:34.089Z,gid://shopify/Product/15072806502786,"air-jordan-1-retro-high-og-bordeaux-gs","Jordan 1 Retro High OG Bordeaux (GS)",1006
2026-07-16T14:21:34.089Z,gid://shopify/Product/15072806830466,"air-jordan-1-retro-high-light-smoke-grey-gs","Jordan 1 Retro High Light Smoke Grey (GS)",977
2026-07-16T14:21:34.089Z,gid://shopify/Product/15072807059842,"air-jordan-1-retro-high-og-washed-pink-td","Jordan 1 Retro High OG Washed Pink (TD)",1255
2026-07-16T14:21:34.089Z,gid://shopify/Product/15072807289218,"air-jordan-12-retro-flu-game-2025-ps","Jordan 12 Retro Flu Game (2025) (PS)",1182
2026-07-16T14:21:34.089Z,gid://shopify/Product/15072807518594,"air-jordan-12-retro-low-golf-taxi","Jordan 12 Retro Low Golf Taxi",758
2026-07-16T14:21:34.090Z,gid://shopify/Product/15072807715202,"jordan-1-retro-high-og-royal-reimagined-1","Jordan 1 Retro High OG Royal Reimagined",1063
2026-07-16T14:21:34.090Z,gid://shopify/Product/15072807944578,"air-jordan-1-retro-high-og-patent-bred-td","Jordan 1 Retro High OG Patent Bred (TD)",1062
2026-07-16T14:21:34.090Z,gid://shopify/Product/15072808173954,"air-jordan-1-retro-high-satin-shattered-backboard-w","Jordan 1 Retro High OG Satin Shattered Backboard (Women's)",1001
2026-07-16T14:21:34.090Z,gid://shopify/Product/15072808370562,"air-jordan-1-mid-td-cleat-shadow-20","Jordan 1 Mid TD Cleat Shadow 2.0",1099
2026-07-16T14:21:34.090Z,gid://shopify/Product/15072808632706,"air-jordan-1-retro-high-golf-patent-gold-toe","Jordan 1 Retro High Golf Patent Gold Toe",989
2026-07-16T14:21:34.090Z,gid://shopify/Product/15072808829314,"air-jordan-1-mid-se-desert-sail-womens","Jordan 1 Mid SE Desert Sail (Women's)",1305
2026-07-16T14:21:34.090Z,gid://shopify/Product/15072809189762,"air-jordan-1-retro-high-og-black-metallic-gold-gs","Jordan 1 Retro High OG Black Metallic Gold (GS)",1098
2026-07-16T14:21:34.090Z,gid://shopify/Product/15072809419138,"air-jordan-1-mid-elephant-print-gs","Jordan 1 Mid SE Elephant Print (GS)",1021
2026-07-16T14:21:34.090Z,gid://shopify/Product/15072809615746,"air-jordan-1-retro-high-tie-dye-ps","Jordan 1 Retro High Tie Dye (PS)",988
2026-07-16T14:21:34.090Z,gid://shopify/Product/15072809845122,"air-jordan-1-retro-low-og-black-cement-womens","Jordan 1 Retro Low OG Black Cement (Women's)",1233
2026-07-16T14:21:34.090Z,gid://shopify/Product/15072810041730,"air-jordan-11-retro-low-bred-2025","Jordan 11 Retro Low Bred (2025)",1165
2026-07-16T14:21:34.090Z,gid://shopify/Product/15072810369410,"air-jordan-11-retro-win-like-96","Jordan 11 Retro Win Like 96",759
2026-07-16T14:21:34.090Z,gid://shopify/Product/15072810598786,"air-jordan-1-mid-white-black-cyber-pink","Jordan 1 Mid White Black Cyber Pink",1033
2026-07-16T14:21:34.090Z,gid://shopify/Product/15072810893698,"air-jordan-1-mid-se-coconut-milk-particle-grey-gs","Jordan 1 Mid SE Coconut Milk Particle Grey (GS)",1054
2026-07-16T14:23:10.059Z,gid://shopify/Product/15072811123074,"air-jordan-1-retro-high-zip-black-sail-w","Jordan 1 Retro High Zip Black Sail (Women's)",856
2026-07-16T14:23:10.061Z,gid://shopify/Product/15072811483522,"air-jordan-1-retro-high-og-patent-bred-gs","Jordan 1 Retro High OG Patent Bred (GS)",858
2026-07-16T14:23:10.061Z,gid://shopify/Product/15072811712898,"air-jordan-1-mid-se-black-sky-j-mauve","Jordan 1 Mid SE Black Sky J Mauve",962
2026-07-16T14:23:10.061Z,gid://shopify/Product/15072811942274,"air-jordan-1-mid-fearless-come-fly-with-me","Jordan 1 Mid Fearless Come Fly With Me",948
2026-07-16T14:23:10.061Z,gid://shopify/Product/15072812204418,"jordan-1-retro-high-black-crimson-tint","Jordan 1 Retro High Black Crimson Tint",868
2026-07-16T14:23:10.061Z,gid://shopify/Product/15072812532098,"jordan-12-retro-blueberry-1","Jordan 12 Retro Blueberry",1106
2026-07-16T14:23:10.061Z,gid://shopify/Product/15072812827010,"air-jordan-11-retro-low-pure-violet-td","Jordan 11 Retro Low Pure Violet (TD)",909
2026-07-16T14:23:10.061Z,gid://shopify/Product/15072813089154,"air-jordan-11-retro-low-legend-pink-td","Jordan 11 Retro Low Legend Pink (TD)",1015
2026-07-16T14:23:10.061Z,gid://shopify/Product/15072813416834,"air-jordan-1-retro-high-zoom-white-racer-blue","Jordan 1 Retro High Zoom White Racer Blue",836
2026-07-16T14:23:10.061Z,gid://shopify/Product/15072813842818,"air-jordan-1-retro-high-og-sp-utility-neutral-olive-light-steel-grey","Jordan 1 Retro High OG SP Utility Neutral Olive Light Steel Grey",1059
2026-07-16T14:23:10.061Z,gid://shopify/Product/15072814399874,"jordan-1-retro-high-city-of-flight","Jordan 1 Retro High City of Flight",855
2026-07-16T14:23:10.061Z,gid://shopify/Product/15072814825858,"air-jordan-1-mid-se-craft-obsidian-french-blue-ashen-slate-white","Jordan 1 Mid SE Craft Obsidian French Blue Ashen Slate White",1099
2026-07-16T14:23:10.061Z,gid://shopify/Product/15072815055234,"air-jordan-1-mid-white-pollen-black","Jordan 1 Mid White Pollen Black",899
2026-07-16T14:23:10.061Z,gid://shopify/Product/15072815317378,"air-jordan-1-retro-low-og-sp-travis-scott-reverse-mocha-td","Jordan 1 Retro Low OG SP Travis Scott Reverse Mocha (TD)",962
2026-07-16T14:23:10.061Z,gid://shopify/Product/15072815513986,"air-jordan-1-retro-high-black-mushroom-w","Jordan 1 Retro High Black Mushroom (Women's)",906
2026-07-16T14:23:10.061Z,gid://shopify/Product/15072815776130,"air-jordan-1-retro-high-dark-mocha-gs","Jordan 1 Retro High Dark Mocha (GS)",858
2026-07-16T14:23:10.061Z,gid://shopify/Product/15072816005506,"air-jordan-1-mid-ss-skyline-gs","Jordan 1 Mid SS Skyline (GS)",1128
2026-07-16T14:23:10.061Z,gid://shopify/Product/15072816300418,"air-jordan-1-retro-high-lucky-green-td","Jordan 1 Retro High Lucky Green (TD)",1028
2026-07-16T14:23:10.061Z,gid://shopify/Product/15072816529794,"air-jordan-1-retro-low-og-sp-travis-scott-reverse-mocha-ps","Jordan 1 Retro Low OG SP Travis Scott Reverse Mocha (PS)",1027
2026-07-16T14:23:10.061Z,gid://shopify/Product/15072816759170,"jordan-1-mid-se-craft-inside-out-white-grey","Jordan 1 Mid SE Craft Inside Out White Grey",1009
2026-07-16T14:23:10.061Z,gid://shopify/Product/15072816955778,"air-jordan-1-retro-high-og-praline-ps","Jordan 1 Retro High OG Praline (PS)",1137
2026-07-16T14:23:10.062Z,gid://shopify/Product/15072817185154,"air-jordan-1-mid-shadow-red-ps","Jordan 1 Mid Shadow Red (PS)",1127
2026-07-16T14:23:10.062Z,gid://shopify/Product/15072817447298,"air-jordan-1-retro-low-og-mocha","Jordan 1 Retro Low OG Mocha",1170
2026-07-16T14:23:10.062Z,gid://shopify/Product/15072817676674,"air-jordan-1-retro-high-og-heritage-td","Jordan 1 Retro High OG Heritage (TD)",927
2026-07-16T14:23:10.062Z,gid://shopify/Product/15072817938818,"air-jordan-1-mid-se-light-iron-ore-w","Jordan 1 Mid SE Light Iron Ore (Women's)",919
2026-07-16T14:23:10.062Z,gid://shopify/Product/15072818135426,"air-jordan-1-mid-white-black","Jordan 1 Mid White Black",1007
2026-07-16T14:23:10.062Z,gid://shopify/Product/15072818332034,"air-jordan-1-retro-high-unc-chicago-leather-w","Jordan 1 Retro High NC to Chi (Women's)",886
2026-07-16T14:23:10.062Z,gid://shopify/Product/15072818561410,"air-jordan-1-retro-high-og-white-cement","Jordan 1 Retro High OG White Cement",916
2026-07-16T14:23:10.062Z,gid://shopify/Product/15072818921858,"jordan-1-retro-high-og-satin-bred-womens-1","Jordan 1 Retro High OG Satin Bred (Women's)",880
2026-07-16T14:23:10.062Z,gid://shopify/Product/15072819184002,"air-jordan-1-mid-strawberries-and-cream-womens","Jordan 1 Mid Strawberries and Cream (Women's)",1024
2026-07-16T14:23:10.062Z,gid://shopify/Product/15072819478914,"air-jordan-1-mid-gym-red-black-white-2024","Jordan 1 Mid Gym Red Black White (2024)",829
2026-07-16T14:23:10.062Z,gid://shopify/Product/15072819708290,"air-jordan-1-mid-milan","Jordan 1 Mid Milan",873
2026-07-16T14:23:10.062Z,gid://shopify/Product/15072819970434,"air-jordan-1-mid-metallic-gold-black-white","Jordan 1 Mid Metallic Gold Black White",827
2026-07-16T14:23:10.062Z,gid://shopify/Product/15072820199810,"air-jordan-1-mid-purple-mocha","Jordan 1 Mid Purple Mocha",1093
2026-07-16T14:23:10.062Z,gid://shopify/Product/15072820461954,"air-jordan-1-mid-se-craft-dark-smoke-red","Jordan 1 Mid SE Craft Dark Smoke Red",1125
2026-07-16T14:23:10.062Z,gid://shopify/Product/15072820724098,"air-jordan-1-mid-pink-quartz-gs","Jordan 1 Mid Pink Quartz (GS)",868
2026-07-16T14:23:10.062Z,gid://shopify/Product/15072820953474,"air-jordan-1-retro-high-stage-haze-gs","Jordan 1 Retro High OG Bleached Coral (GS)",1014
2026-07-16T14:23:10.062Z,gid://shopify/Product/15072821215618,"air-jordan-1-retro-high-og-visionaire","Jordan 1 Retro High OG Visionaire",873
2026-07-16T14:23:10.062Z,gid://shopify/Product/15072821412226,"air-jordan-1-retro-low-golf-midnight-navy","Jordan 1 Retro Low Golf Midnight Navy",1127
2026-07-16T14:23:10.062Z,gid://shopify/Product/15074845458818,"nike-air-force-1-low-supreme-box-logo-black","Nike Air Force 1 Low Supreme Black",931
2026-07-16T14:24:48.267Z,gid://shopify/Product/15074845753730,"new-balance-9060-black-cement","New Balance 9060 Black Cement",1007
2026-07-16T14:24:48.269Z,gid://shopify/Product/15074846114178,"denim-tears-the-cotton-wreath-sweatshirt-black","Denim Tears The Cotton Wreath Sweatshirt Black",1078
2026-07-16T14:24:48.269Z,gid://shopify/Product/15074846409090,"nike-sportswear-tech-fleece-full-zip-hoodie-joggers-set-black-black","Nike Sportswear Tech Fleece Full-Zip Hoodie & Joggers Set Black/Black",1166
2026-07-16T14:24:48.269Z,gid://shopify/Product/15074846638466,"nike-jordan-jalen-hurts-love-hurts-hoodie-black","Nike Jordan Jalen Hurts Love Hurts Hoodie Black",1053
2026-07-16T14:24:48.269Z,gid://shopify/Product/15074846933378,"nike-air-force-1-low-drake-certified-lover-boy","Nike Air Force 1 Low Drake NOCTA Certified Lover Boy",987
2026-07-16T14:24:48.269Z,gid://shopify/Product/15074847490434,"new-balance-9060-triple-black-leather","New Balance 9060 Triple Black Leather",1136
2026-07-16T14:24:48.269Z,gid://shopify/Product/15074847785346,"alexander-mcqueen-oversized-white-black","Alexander McQueen Oversized White Black",995
2026-07-16T14:24:48.269Z,gid://shopify/Product/15074848080258,"new-balance-1906a-olive-juice-sea-salt","New Balance 1906A Olive Juice Sea Salt",1228
2026-07-16T14:24:48.269Z,gid://shopify/Product/15074848375170,"new-balance-9060-triple-black-patent","New Balance 9060 Triple Black Patent",1296
2026-07-16T14:24:48.269Z,gid://shopify/Product/15075729834370,"travis-scott-cactus-jack-x-sp5der-days-before-rodeo-iii-tee-white","Travis Scott Cactus Jack x Sp5der Days Before Rodeo III Tee White",1022
2026-07-16T14:24:48.269Z,gid://shopify/Product/15075730096514,"new-balance-9060-quartz-grey-team-cream-sea-salt","New Balance 9060 Quartz Grey",1021
2026-07-16T14:24:48.269Z,gid://shopify/Product/15075730391426,"air-jordan-5-retro-raging-bulls-red-2021","Jordan 5 Retro Raging Bull Red (2021)",1218
2026-07-16T14:24:48.269Z,gid://shopify/Product/15075730653570,"supreme-mouse-tee-ss25-black","Supreme Mouse Tee (SS25) Black",1352
2026-07-16T14:24:48.269Z,gid://shopify/Product/15075730882946,"nike-air-more-uptempo-low-black-gum","Nike Air More Uptempo Low Black Gum",1298
2026-07-16T14:24:48.269Z,gid://shopify/Product/15075731210626,"new-balance-1906a-silver-metalic-castlerock","New Balance 1906A Tech Explosion",1390
2026-07-16T14:24:48.269Z,gid://shopify/Product/15075731505538,"juice-wrld-x-vlone-999-t-shirt-black","Juice Wrld x Vlone 999 T-Shirt Black",727
2026-07-16T14:24:48.269Z,gid://shopify/Product/15075731734914,"supreme-bandana-jacquard-denim-hooded-work-jacket-blue","Supreme Bandana Jacquard Denim Hooded Work Jacket Blue",1008
2026-07-16T14:24:48.269Z,gid://shopify/Product/15075732029826,"air-jordan-4-retro-white-oreo-2021","Jordan 4 Retro White Oreo (2021)",780
2026-07-16T14:24:48.269Z,gid://shopify/Product/15075732881794,"nike-air-max-dn8-black-green-strike","Nike Air Max Dn8 Black Green Strike",1343
2026-07-16T14:24:48.269Z,gid://shopify/Product/15075733143938,"air-jordan-4-retro-net-black-womens","Jordan 4 Retro Net Black (Women's)",1302
2026-07-16T14:24:48.269Z,gid://shopify/Product/15075733602690,"air-jordan-4-retro-midnight-navy-gs","Jordan 4 Retro Midnight Navy (GS)",1099
2026-07-16T14:24:48.269Z,gid://shopify/Product/15076085268866,"nike-air-flight-lite-ii-mid-black-white-varsity-red","Nike Air Flight Lite II Mid Black White Varsity Red",1188
2026-07-16T14:24:48.269Z,gid://shopify/Product/15076085956994,"nike-air-max-1-86-og-big-bubble-royal-womens","Nike Air Max 1 '86 OG Big Bubble Royal (Women's)",1091
2026-07-16T14:24:48.269Z,gid://shopify/Product/15076086251906,"nike-air-max-scorpion-fk-triple-black","Nike Air Max Scorpion FK Triple Black",1335
2026-07-16T14:24:48.269Z,gid://shopify/Product/15076086546818,"nike-killshot-2-leather-baroque-brown-light-british-tan-sesame-cacao-wow","Nike Killshot 2 Leather Baroque Brown Light British Tan Sesame Cacao Wow",1298
2026-07-16T14:24:48.269Z,gid://shopify/Product/15076087071106,"nike-kobe-mamba-mentality-los-angeles-lakers-city-edition-swingman-jersey-black","Nike Kobe Mamba Mentality Los Angeles Lakers City Edition Swingman Jersey (FW23) Black",1198
2026-07-16T14:24:48.269Z,gid://shopify/Product/15076087529858,"air-jordan-1-retro-high-sail-cinnabar-womens","Jordan 1 Retro High Rare Air Sail Cinnabar (Women's)",1290
2026-07-16T14:24:48.269Z,gid://shopify/Product/15076087890306,"nike-sb-dunk-low-hyper-royal-malachite","Nike SB Dunk Low Hyper Royal Malachite",1267
2026-07-16T14:24:48.269Z,gid://shopify/Product/15076088316290,"adidas-samba-xlg-denim","adidas Samba XLG Denim",1369
2026-07-16T14:24:48.269Z,gid://shopify/Product/15076089004418,"nike-dunk-low-retro-se-cojp-university-red-obsidian","Nike Dunk Low Retro SE CO.JP University Red Obsidian",1478
2026-07-16T14:24:48.270Z,gid://shopify/Product/15076089364866,"nike-dunk-low-vintage-green","Nike Dunk Low Vintage Green",1233
2026-07-16T14:24:48.270Z,gid://shopify/Product/15077687394690,"denim-tears-the-cotton-wreath-shorts-black","Denim Tears The Cotton Wreath Shorts Black",1157
2026-07-16T14:24:48.270Z,gid://shopify/Product/15077867848066,"pop-mart-labubu-the-monsters-tasty-macarons-lychee-berry-vinyl-plush-pendant","Pop Mart Labubu The Monsters Exciting Macaron Lychee Berry Vinyl Plush Pendant",1143
2026-07-16T14:24:48.270Z,gid://shopify/Product/15077871944066,"canon-powershot-g7-x-mark-iii-3637c001-black","Canon PowerShot G7 X Mark III 3637C001 Black (US Plug)",1184
2026-07-16T14:24:48.270Z,gid://shopify/Product/15077880037762,"supreme-backpack-ss25-black","Supreme Logo Backpack (SS25) Black",1295
2026-07-16T14:24:48.270Z,gid://shopify/Product/15078817956226,"pop-mart-labubu-time-to-chill-vinyl-plush-doll","Pop Mart LABUBU Time to Chill Vinyl Plush Doll",1187
2026-07-16T14:24:48.270Z,gid://shopify/Product/15079001588098,"nike-dunk-low-se-jade-horizon","Nike Dunk Low SE Jade Horizon",1415
2026-07-16T14:24:48.270Z,gid://shopify/Product/15081441558914,"air-jordan-spizike-low-black-cat","Jordan Spizike Low Black Cat",1318
2026-07-16T14:24:48.270Z,gid://shopify/Product/15081491267970,"puma-lamelo-ball-mb04-love","Puma LaMelo Ball MB.04 Love",1178
2026-07-16T14:24:48.270Z,gid://shopify/Product/15081787818370,"nike-zoom-vomero-5-malachite-alabaster","Nike Zoom Vomero 5 Malachite Alabaster",1369
2026-07-16T14:26:58.306Z,gid://shopify/Product/15081790800258,"nike-zoom-vomero-5-sequoia-womens","Nike Zoom Vomero 5 Sequoia (Women's)",1037
2026-07-16T14:26:58.308Z,gid://shopify/Product/15086654849410,"adidas-harden-vol-8-pioneer","adidas Harden Vol. 8 Pioneer",995
2026-07-16T14:26:58.308Z,gid://shopify/Product/15086700757378,"nike-zoom-vomero-5-cave-stone","Nike Zoom Vomero 5 Cave Stone",1060
2026-07-16T14:26:58.308Z,gid://shopify/Product/15089002217858,"adidas-adifom-q-tan-black","adidas adiFOM Q Wonder White Core Black",1216
2026-07-16T14:26:58.308Z,gid://shopify/Product/15089237918082,"adidas-fear-of-god-athletics-los-angeles-pale-yellow","adidas Fear of God Athletics Los Angeles Pale Yellow",1001
2026-07-16T14:26:58.308Z,gid://shopify/Product/15089408311682,"adidas-gazelle-faded-archive","adidas Gazelle Faded Archive",1200
2026-07-16T14:26:58.308Z,gid://shopify/Product/15091375767938,"adidas-gazelle-shadow-navy-gum","adidas Gazelle Shadow Navy Gum",1147
2026-07-16T14:26:58.308Z,gid://shopify/Product/15092689142146,"adidas-harden-vol-9-cyber-metallic","adidas Harden Vol. 9 Cyber Metallic",1080
2026-07-16T14:26:58.308Z,gid://shopify/Product/15092691534210,"adidas-samba-adv-blue-bird","adidas Samba ADV Blue Bird",1098
2026-07-16T14:26:58.308Z,gid://shopify/Product/15094182969730,"adidas-samba-deco-spzl-brown","adidas Samba Deco SPZL Brown",1162
2026-07-16T14:26:58.308Z,gid://shopify/Product/15094209446274,"adidas-samba-og-chalky-brown-gum","adidas Samba OG Chalky Brown Gum",1078
2026-07-16T14:26:58.308Z,gid://shopify/Product/15094228779394,"adidas-samba-og-grey-bliss-orange","adidas Samba OG Grey Bliss Orange",1100
2026-07-16T14:26:58.308Z,gid://shopify/Product/15094242804098,"adidas-samba-og-toy-story-woody-td","adidas Samba OG Toy Story Woody (TD)",1086
2026-07-16T14:26:58.308Z,gid://shopify/Product/15094256206210,"adidas-samba-wales-bonner-white-green","adidas Samba Wales Bonner Cream Green",911
2026-07-16T14:26:58.308Z,gid://shopify/Product/15097507611010,"new-balance-204l-timberwolf","New Balance 204L Timberwolf",1110
2026-07-16T14:26:58.308Z,gid://shopify/Product/15097571148162,"adidas-superstar-star-wars-darth-vader","adidas Superstar Star Wars Darth Vader",1031
2026-07-16T14:26:58.308Z,gid://shopify/Product/15105231847810,"ugg-classic-mini-ii-boot-chestnut-w","UGG Classic Mini II Boot Chestnut (Women's)",948
2026-07-16T14:26:58.308Z,gid://shopify/Product/15105232896386,"ugg-tasman-slipper-sea-foam-womens","UGG Tasman Slipper Sea Foam (Women's)",1028
2026-07-16T14:26:58.308Z,gid://shopify/Product/15105233781122,"ugg-neumel-boot-chestnut","UGG Neumel Boot Chestnut",830
2026-07-16T14:26:58.308Z,gid://shopify/Product/15105234796930,"ugg-tazz-slipper-sand-kids","UGG Tazz Slipper Sand (Kids)",1065
2026-07-16T14:26:58.308Z,gid://shopify/Product/15105235485058,"ugg-classic-ultra-mini-boot-burnt-cedar-w","UGG Classic Ultra Mini Boot Burnt Cedar (Women's)",945
2026-07-16T14:26:58.308Z,gid://shopify/Product/15105236042114,"ugg-tasman-slipper-mustard-seed-womens","UGG Tasman Slipper Mustard Seed (Women's)",1041
2026-07-16T14:26:58.308Z,gid://shopify/Product/15105236500866,"ugg-tasman-ii-slipper-rock-rose-kids","UGG Tasman II Slipper Rock Rose (Kids)",965
2026-07-16T14:26:58.308Z,gid://shopify/Product/15105237418370,"ugg-tasman-slipper-caribou-womens","UGG Tasman Slipper Caribou (Women's)",1158
2026-07-16T14:26:58.308Z,gid://shopify/Product/15105238499714,"ugg-tazzette-slipper-chestnut-w","UGG Tazzette Slipper Chestnut (Women's)",866
2026-07-16T14:26:58.308Z,gid://shopify/Product/15105241973122,"adidas-samba-decon-black-white-gum","adidas Samba Decon Black White Gum",1199
2026-07-16T14:26:58.308Z,gid://shopify/Product/15105243709826,"adidas-samba-jjjjound-white","adidas Samba OG JJJJound White",1170
2026-07-16T14:26:58.308Z,gid://shopify/Product/15105246265730,"adidas-samba-og-black-carbon-cordura","adidas Samba OG Black Carbon Cordura",1122
2026-07-16T14:26:58.308Z,gid://shopify/Product/15105248723330,"adidas-samba-og-core-black-grey-cordura","adidas Samba OG Core Black Grey Cordura",1106
2026-07-16T14:26:58.308Z,gid://shopify/Product/15105261273474,"adidas-samba-og-rose-tone-womens","adidas Samba OG Rose Tone (Women's)",1160
2026-07-16T14:26:58.308Z,gid://shopify/Product/15105280737666,"adidas-samba-og-wonder-white-black-pony-womens","adidas Samba OG Wonder White Black Pony (Women's)",1197
2026-07-16T14:26:58.308Z,gid://shopify/Product/15105294565762,"adidas-samba-wales-bonner-studded-pack-black","adidas Samba Wales Bonner Studded Pack Black",1140
2026-07-16T14:26:58.309Z,gid://shopify/Product/15105298399618,"adidas-sambarose-black-white-gum-w","adidas Sambarose Black White Gum (Women's)",1003
2026-07-16T14:26:58.309Z,gid://shopify/Product/15105299677570,"adidas-sl-72-og-leopard-print-collegiate-green","adidas SL 72 OG Leopard Print Collegiate Green (Women's)",1266
2026-07-16T14:26:58.309Z,gid://shopify/Product/15105735393666,"adidas-yeezy-350-v2-cmpct-slate-bone","adidas Yeezy 350 V2 CMPCT Slate Bone",1026
2026-07-16T14:26:58.309Z,gid://shopify/Product/15105761739138,"adidas-yeezy-boost-350-v2-cloud-white","adidas Yeezy Boost 350 V2 Cloud White (Non-Reflective)",915
2026-07-16T14:26:58.309Z,gid://shopify/Product/15105770094978,"adidas-yeezy-boost-350-v2-mono-mist","adidas Yeezy Boost 350 V2 Mono Mist",911
2026-07-16T14:26:58.309Z,gid://shopify/Product/15105788051842,"adidas-yeezy-boost-380-onyx-reflective","adidas Yeezy Boost 380 Onyx Reflective",927
2026-07-16T14:26:58.309Z,gid://shopify/Product/15105807843714,"adidas-yeezy-boost-700-mnvn-phosphor","adidas Yeezy Boost 700 MNVN Phosphor",987
2026-07-16T14:26:58.309Z,gid://shopify/Product/15106019328386,"air-jordan-1-high-zoom-air-cmft-2-black-fire-red-cement","Jordan 1 High Zoom Air CMFT 2 Black Fire Red Cement",1287
2026-07-16T14:28:25.227Z,gid://shopify/Product/15106027225474,"air-jordan-1-high-zoom-air-cmft-2-muslin-vivid-orange","Jordan 1 High Zoom Air CMFT 2 Muslin Vivid Orange",986
2026-07-16T14:28:25.228Z,gid://shopify/Product/15106034368898,"air-jordan-1-high-zoom-air-cmft-black-monarch","Jordan 1 High Zoom Air CMFT Black Monarch",990
2026-07-16T14:28:25.228Z,gid://shopify/Product/15106038759810,"air-jordan-1-high-zoom-air-cmft-grey-fog-w","Jordan 1 High Zoom Air CMFT Grey Fog (Women's)",947
2026-07-16T14:28:25.228Z,gid://shopify/Product/15106042364290,"air-jordan-1-high-zoom-air-cmft-pink-glaze-w","Jordan 1 High Zoom Air CMFT Pink Glaze Cactus Flower (Women's)",964
2026-07-16T14:28:25.228Z,gid://shopify/Product/15106046394754,"air-jordan-1-high-zoom-cmft-aleali-may-w","Jordan 1 High Zoom Air CMFT Aleali May Califia (Women's)",877
2026-07-16T14:28:25.228Z,gid://shopify/Product/15106051211650,"air-jordan-1-high-zoom-cmft-team-red-w","Jordan 1 High Zoom Air CMFT Team Red (Women's)",975
2026-07-16T14:28:25.228Z,gid://shopify/Product/15106059927938,"air-jordan-1-low-archaeo-brown-womens","Jordan 1 Low Archaeo Brown (Women's)",901
2026-07-16T14:28:25.228Z,gid://shopify/Product/15106065465730,"air-jordan-1-low-black-summit-white","Jordan 1 Low Black Summit White",863
2026-07-16T14:28:25.228Z,gid://shopify/Product/15106071265666,"air-jordan-1-low-bordeaux-womens","Jordan 1 Low Bordeaux (Women's)",893
2026-07-16T14:28:25.228Z,gid://shopify/Product/15106074902914,"air-jordan-1-low-coconut-milk-neutral-grey-womens","Jordan 1 Low Coconut Milk Neutral Grey (Women's)",916
2026-07-16T14:28:25.228Z,gid://shopify/Product/15106076017026,"air-jordan-1-low-desert-w","Jordan 1 Low Desert (Women's)",911
2026-07-16T14:28:25.228Z,gid://shopify/Product/15106078835074,"air-jordan-1-low-green-glow","Jordan 1 Low Green Glow",950
2026-07-16T14:28:25.228Z,gid://shopify/Product/15106080899458,"air-jordan-1-low-jade-smoke-womens","Jordan 1 Low Jade Smoke (Women's)",1030
2026-07-16T14:28:25.228Z,gid://shopify/Product/15106082931074,"air-jordan-1-low-marina-blue-w","Jordan 1 Low Marina Blue (Women's)",807
2026-07-16T14:28:25.228Z,gid://shopify/Product/15106084995458,"air-jordan-1-low-mocha-gs","Jordan 1 Low Mocha (GS)",938
2026-07-16T14:28:25.228Z,gid://shopify/Product/15106086502786,"air-jordan-1-low-og-bleached-coral-gs","Jordan 1 Low OG Bleached Coral (GS)",868
2026-07-16T14:28:25.228Z,gid://shopify/Product/15106089910658,"air-jordan-1-low-og-starfish-gs","Jordan 1 Low OG Starfish (GS)",885
2026-07-16T14:28:25.228Z,gid://shopify/Product/15106092401026,"air-jordan-1-low-phantom-denim-womens","Jordan 1 Low Phantom Denim (Women's)",1152
2026-07-16T14:28:25.228Z,gid://shopify/Product/15106093908354,"air-jordan-1-low-purple-venom-gs","Jordan 1 Low Purple Venom (GS)",969
2026-07-16T14:28:25.228Z,gid://shopify/Product/15106094727554,"air-jordan-1-low-se-barely-green-w","Jordan 1 Low SE Barely Green (Women's)",978
2026-07-16T14:28:25.228Z,gid://shopify/Product/15106095841666,"air-jordan-1-low-se-chlorophyll","Jordan 1 Low SE Chlorophyll",1133
2026-07-16T14:28:25.229Z,gid://shopify/Product/15106097971586,"air-jordan-1-low-se-glacier-blue-summit-white","Jordan 1 Low SE Glacier Blue Summit White",927
2026-07-16T14:28:25.229Z,gid://shopify/Product/15106098889090,"air-jordan-1-low-se-light-steel-grey-w","Jordan 1 Low SE Light Steel Grey (Women's)",998
2026-07-16T14:28:25.229Z,gid://shopify/Product/15106101150082,"air-jordan-1-low-se-seafoam","Jordan 1 Low SE Seafoam",1033
2026-07-16T14:28:25.229Z,gid://shopify/Product/15106104000898,"air-jordan-1-low-se-violet-shock-white-black","Jordan 1 Low SE Violet Shock White Black",976
2026-07-16T14:28:25.229Z,gid://shopify/Product/15106114847106,"air-jordan-1-low-stealth-french-blue-w","Jordan 1 Low Stealth French Blue (Women's)",952
2026-07-16T14:28:25.229Z,gid://shopify/Product/15106115666306,"air-jordan-1-low-tie-dye","Jordan 1 Low Tie-Dye",882
2026-07-16T14:28:25.229Z,gid://shopify/Product/15106116059522,"air-jordan-1-low-true-blue-gs","Jordan 1 Low True Blue (GS)",995
2026-07-16T14:28:25.229Z,gid://shopify/Product/15106116583810,"air-jordan-1-low-white-black-dark-powder-blue-w","Jordan 1 Retro Low OG Black Dark Powder Blue (Women's)",913
2026-07-16T14:28:25.229Z,gid://shopify/Product/15106117042562,"air-jordan-1-low-white-university-red-black","Jordan 1 Low White University Red Black",892
2026-07-16T14:28:25.229Z,gid://shopify/Product/15106117435778,"air-jordan-1-mid-altitude-green-w","Jordan 1 Mid Altitude Green (Women's)",1024
2026-07-16T14:28:25.229Z,gid://shopify/Product/15106117861762,"air-jordan-1-mid-beige-white-red","Jordan 1 Mid Light Curry Cardinal",877
2026-07-16T14:28:25.229Z,gid://shopify/Product/15106118746498,"air-jordan-1-mid-black-metallic-gold","Jordan 1 Mid Black Metallic Gold",922
2026-07-16T14:28:25.229Z,gid://shopify/Product/15106119598466,"air-jordan-1-mid-black-siren-red-w","Jordan 1 Mid Black Siren Red (Women's)",874
2026-07-16T14:28:25.229Z,gid://shopify/Product/15106120188290,"air-jordan-1-mid-blueberry","Jordan 1 Mid Blueberry",960
2026-07-16T14:28:25.229Z,gid://shopify/Product/15106667217282,"air-jordan-1-mid-carbon-fiber","Jordan 1 Mid Carbon Fiber All-Star (2021)",987
2026-07-16T14:28:25.229Z,gid://shopify/Product/15106668036482,"air-jordan-1-mid-chutney-taxi-w","Jordan 1 Mid Chutney Taxi (Women's)",1028
2026-07-16T14:28:25.229Z,gid://shopify/Product/15106669052290,"air-jordan-1-mid-dark-teal","Jordan 1 Mid Armory Navy",852
2026-07-16T14:28:25.229Z,gid://shopify/Product/15106670231938,"air-jordan-1-mid-dutch-green-w","Jordan 1 Mid Dutch Green (Women's)",846
2026-07-16T14:28:25.229Z,gid://shopify/Product/15106676097410,"air-jordan-1-mid-inside-out-black","Jordan 1 Mid Craft Inside Out Black",992
2026-07-16T14:30:15.492Z,gid://shopify/Product/15106678194562,"air-jordan-1-mid-legend-light-brown-womens","Jordan 1 Mid Legend Light Brown (Women's)",1261
2026-07-16T14:30:15.494Z,gid://shopify/Product/15106683437442,"air-jordan-1-mid-se-orange-wear-away","Jordan 1 Mid SE Orange Wear Away",1272
2026-07-16T14:30:15.494Z,gid://shopify/Product/15106698609026,"air-jordan-1-mid-royal-2019","Jordan 1 Mid Royal (2020)",845
2026-07-16T14:30:15.494Z,gid://shopify/Product/15106704081282,"air-jordan-1-mid-se-dune-red","Jordan 1 Mid SE Dune Red",1232
2026-07-16T14:30:15.494Z,gid://shopify/Product/15106707882370,"air-jordan-1-mid-se-usa","Jordan 1 Mid SE USA",880
2026-07-16T14:30:15.494Z,gid://shopify/Product/15106712732034,"air-jordan-1-mid-td-cleat-black-white","Jordan 1 Mid TD Cleat Black White",1233
2026-07-16T14:30:15.494Z,gid://shopify/Product/15106734588290,"air-jordan-1-mid-white-pink-green-soar-gs","Jordan 1 Mid White Pink Green Soar (GS)",1273
2026-07-16T14:30:15.494Z,gid://shopify/Product/15106740715906,"air-jordan-1-retro-high-black-metallic-gold-2020","Jordan 1 Retro High Black Metallic Gold (2020)",1067
2026-07-16T14:30:15.494Z,gid://shopify/Product/15106743730562,"air-jordan-1-retro-high-comme-des-garcons-white","Jordan 1 Retro High Comme des Garcons White",1228
2026-07-16T14:30:15.494Z,gid://shopify/Product/15106747433346,"air-jordan-1-retro-high-flyknit-royal","Jordan 1 Retro High Flyknit Royal",978
2026-07-16T14:30:15.494Z,gid://shopify/Product/15106752414082,"air-jordan-1-retro-high-off-white-chicago","Jordan 1 Retro High Off-White Chicago",1285
2026-07-16T14:30:15.494Z,gid://shopify/Product/15106756837762,"air-jordan-1-retro-high-og-denim","Jordan 1 Retro High OG Denim",1246
2026-07-16T14:30:15.495Z,gid://shopify/Product/15106763227522,"air-jordan-1-retro-high-og-royal-reimagined-gs","Jordan 1 Retro High OG Royal Reimagined (GS)",1303
2026-07-16T14:30:15.495Z,gid://shopify/Product/15106773057922,"air-jordan-1-retro-high-og-unc-toe-td","Jordan 1 Retro High OG UNC Toe (TD)",1210
2026-07-16T14:30:15.495Z,gid://shopify/Product/15106780922242,"air-jordan-1-retro-high-shadow-2018-gs","Jordan 1 Retro High Shadow (2018) (GS)",1082
2026-07-16T14:30:15.495Z,gid://shopify/Product/15106796421506,"air-jordan-1-retro-high-yellow-ochre","Jordan 1 Retro High Yellow Ochre",1089
2026-07-16T14:30:15.495Z,gid://shopify/Product/15106898395522,"air-jordan-1-retro-low-golf-unc","Jordan 1 Retro Low Golf UNC",845
2026-07-16T14:30:15.495Z,gid://shopify/Product/15106904916354,"air-jordan-1-retro-low-og-sp-travis-scott-olive-td","Jordan 1 Retro Low OG SP Travis Scott Olive (TD)",1170
2026-07-16T14:30:15.495Z,gid://shopify/Product/15106909503874,"air-jordan-1-zoom-cmft-psychic-blue-w","Jordan 1 High Zoom Air CMFT Psychic Blue (Women's)",1460
2026-07-16T14:30:15.495Z,gid://shopify/Product/15106912944514,"air-jordan-10-retro-white-barely-volt-ember-glow-gs","Jordan 10 Retro White Barely Volt Ember Glow (GS)",1278
2026-07-16T14:30:15.495Z,gid://shopify/Product/15106918449538,"air-jordan-11-retro-cool-grey-2021-ps","Jordan 11 Retro Cool Grey (2021) (PS)",1015
2026-07-16T14:30:15.495Z,gid://shopify/Product/15106921628034,"air-jordan-11-retro-low-barons","Jordan 11 Retro Low Barons",1001
2026-07-16T14:30:15.495Z,gid://shopify/Product/15106924872066,"air-jordan-11-retro-low-golf-white-metallic-gold","Jordan 11 Retro Low Golf White Metallic Gold",1139
2026-07-16T14:30:15.495Z,gid://shopify/Product/15106933948802,"air-jordan-11-retro-mcs-cleat-dmp-gratitude","Jordan 11 Retro MCS Cleat DMP Gratitude",1359
2026-07-16T14:30:15.495Z,gid://shopify/Product/15106938864002,"air-jordan-12-low-se-superbowl-lv","Jordan 12 Low SE Super Bowl LV",1291
2026-07-16T14:30:15.495Z,gid://shopify/Product/15106943549826,"air-jordan-12-retro-playoffs-2022-td","Jordan 12 Retro Playoffs (2022) (TD)",860
2026-07-16T14:30:15.495Z,gid://shopify/Product/15106945220994,"air-jordan-13-retro-black-flint","Jordan 13 Retro Black Flint",897
2026-07-16T14:30:15.495Z,gid://shopify/Product/15106946597250,"air-jordan-13-retro-dune-red","Jordan 13 Retro Dune Red",1348
2026-07-16T14:30:15.495Z,gid://shopify/Product/15106947580290,"air-jordan-13-retro-low-chutney","Jordan 13 Retro Low Chutney",1040
2026-07-16T14:30:15.495Z,gid://shopify/Product/15106948366722,"air-jordan-13-retro-wheat-2023","Jordan 13 Retro Wheat (2023)",1005
2026-07-16T14:30:15.495Z,gid://shopify/Product/15106949480834,"air-jordan-14-retro-low-clot-terra-blush","Jordan 14 Retro Low CLOT Terra Blush",1143
2026-07-16T14:30:15.495Z,gid://shopify/Product/15106950824322,"air-jordan-2-retro-a-ma-maniere","Jordan 2 Retro A Ma Maniére Airness",1108
2026-07-16T14:30:15.495Z,gid://shopify/Product/15106952888706,"air-jordan-2-retro-low-craft-atmosphere","Jordan 2 Retro Low Craft Atmosphere",1167
2026-07-16T14:30:15.495Z,gid://shopify/Product/15106954199426,"air-jordan-2-retro-low-unc","Jordan 2 Retro Low UNC",975
2026-07-16T14:30:15.495Z,gid://shopify/Product/15106960130434,"air-jordan-3-retro-black-cat-2025-ps","Jordan 3 Retro Black Cat (2025) (PS)",1149
2026-07-16T14:30:15.495Z,gid://shopify/Product/15106962522498,"air-jordan-3-retro-cement-grey-gs","Jordan 3 Retro Cement Grey (GS)",1395
2026-07-16T14:30:15.495Z,gid://shopify/Product/15106970812802,"air-jordan-3-retro-fire-red-2022-gs","Jordan 3 Retro Fire Red (2022) (GS)",1079
2026-07-16T14:30:15.495Z,gid://shopify/Product/15106973630850,"air-jordan-3-retro-midnight-navy-gs","Jordan 3 Retro Midnight Navy (GS)",1387
2026-07-16T14:30:15.495Z,gid://shopify/Product/15106974974338,"air-jordan-3-retro-quai54-gs-2018","Jordan 3 Retro Quai 54 (2018) (GS)",1358
2026-07-16T14:30:15.495Z,gid://shopify/Product/15106979889538,"air-jordan-3-retro-white-cement-reimagined-gs","Jordan 3 Retro White Cement Reimagined (GS)",1205
2026-07-16T14:32:06.341Z,gid://shopify/Product/15106988867970,"air-jordan-4-motorsports","Jordan 4 Retro Motorsports (2017)",860
2026-07-16T14:32:06.343Z,gid://shopify/Product/15106991030658,"air-jordan-4-retro-black-cat-2020-td","Jordan 4 Retro Black Cat (2020) (TD)",922
2026-07-16T14:32:06.343Z,gid://shopify/Product/15106993422722,"air-jordan-4-retro-bred-2019-td","Jordan 4 Retro Bred (2019) (TD)",1003
2026-07-16T14:32:06.343Z,gid://shopify/Product/15106996568450,"air-jordan-4-retro-cool-grey-2019","Jordan 4 Retro Cool Grey (2019)",1051
2026-07-16T14:32:06.344Z,gid://shopify/Product/15106999452034,"air-jordan-4-retro-fiba-2019-gs","Jordan 4 Retro FIBA (2019) (GS)",1082
2026-07-16T14:32:06.344Z,gid://shopify/Product/15107004334466,"air-jordan-4-retro-golf-metallic-green","Jordan 4 Retro Golf Metallic Green",1009
2026-07-16T14:32:06.344Z,gid://shopify/Product/15107006005634,"air-jordan-4-retro-hyper-violet-ps","Jordan 4 Retro Hyper Violet (PS)",939
2026-07-16T14:32:06.344Z,gid://shopify/Product/15107008266626,"air-jordan-4-retro-laser-black-gum-gs","Jordan 4 Retro Laser Black Gum (GS)",990
2026-07-16T14:32:06.344Z,gid://shopify/Product/15107009872258,"air-jordan-4-retro-levis-denim-blank","Jordan 4 Retro Levi's Denim (Blank Tag)",873
2026-07-16T14:32:06.344Z,gid://shopify/Product/15107011477890,"air-jordan-4-retro-lightning-2021-ps","Jordan 4 Retro Lightning (2021) (PS)",963
2026-07-16T14:32:06.344Z,gid://shopify/Product/15107013575042,"air-jordan-4-retro-metallic-orange","Jordan 4 Retro Metallic Orange",961
2026-07-16T14:32:06.344Z,gid://shopify/Product/15107017671042,"air-jordan-4-retro-military-blue-2024-td","Jordan 4 Retro Military Blue (2024) (TD)",1126
2026-07-16T14:32:06.344Z,gid://shopify/Product/15107020652930,"air-jordan-4-retro-net-womens","Jordan 4 Retro Net White (Women's)",962
2026-07-16T14:32:06.344Z,gid://shopify/Product/15107024880002,"air-jordan-4-retro-platinum-gold-gs","Jordan 4 Retro Platinum Gold (GS)",1165
2026-07-16T14:32:06.344Z,gid://shopify/Product/15107028353410,"air-jordan-4-retro-rare-air-gs","Jordan 4 Retro Rare Air (GS)",1246
2026-07-16T14:32:06.344Z,gid://shopify/Product/15107032613250,"air-jordan-4-retro-royalty","Jordan 4 Retro Royalty",926
2026-07-16T14:32:06.344Z,gid://shopify/Product/15107050471810,"air-jordan-4-retro-se-diy-gs","Jordan 4 Retro SE DIY (GS)",962
2026-07-16T14:32:06.344Z,gid://shopify/Product/15107052503426,"air-jordan-4-retro-seafoam-sail-td","Jordan 4 Retro Seafoam Sail (TD)",902
2026-07-16T14:32:06.344Z,gid://shopify/Product/15107054076290,"air-jordan-4-retro-tattoo-singles-day-2018","Jordan 4 Retro Tattoo (2018)",738
2026-07-16T14:32:06.345Z,gid://shopify/Product/15107055878530,"air-jordan-4-retro-thunder-2023-td","Jordan 4 Retro Thunder (2023) (TD)",959
2026-07-16T14:32:06.345Z,gid://shopify/Product/15107058008450,"air-jordan-4-retro-union-off-noir","Jordan 4 Retro Union Off Noir",872
2026-07-16T14:32:06.345Z,gid://shopify/Product/15107060498818,"air-jordan-4-retro-what-the-ps","Jordan 4 Retro What The (PS)",1073
2026-07-16T14:32:06.345Z,gid://shopify/Product/15107061055874,"air-jordan-4-retro-white-black-bright-crimson","Jordan 4 Retro Flight Nostalgia",694
2026-07-16T14:32:06.345Z,gid://shopify/Product/15107062530434,"air-jordan-4-retro-white-oreo-2021-gs","Jordan 4 Retro White Oreo (2021) (GS)",876
2026-07-16T14:32:06.345Z,gid://shopify/Product/15107063546242,"air-jordan-4-retro-winter-gs","Jordan 4 Retro Winterized Loyal Blue (GS)",1103
2026-07-16T14:32:06.345Z,gid://shopify/Product/15107064988034,"air-jordan-4-rm-bred","Jordan 4 RM Bred",880
2026-07-16T14:32:06.345Z,gid://shopify/Product/15107066724738,"air-jordan-4-rm-pine-green","Jordan 4 RM Pine Green",1190
2026-07-16T14:32:06.345Z,gid://shopify/Product/15107070263682,"air-jordan-5-retro-alternate-bel-air","Jordan 5 Retro Alternate Bel-Air",1020
2026-07-16T14:32:06.345Z,gid://shopify/Product/15107071639938,"air-jordan-5-retro-aqua-gs","Jordan 5 Retro Aqua (GS)",1065
2026-07-16T14:32:06.345Z,gid://shopify/Product/15107073507714,"air-jordan-5-retro-burgundy-2023","Jordan 5 Retro Burgundy (2023)",1120
2026-07-16T14:32:06.345Z,gid://shopify/Product/15107075309954,"air-jordan-5-retro-dj-khaled-we-the-best-crimson-bliss-gs","Jordan 5 Retro DJ Khaled We The Best Crimson Bliss (GS)",1377
2026-07-16T14:32:06.345Z,gid://shopify/Product/15107076718978,"air-jordan-5-retro-el-grito-sail","Jordan 5 Retro El Grito Sail",1216
2026-07-16T14:32:06.346Z,gid://shopify/Product/15107078521218,"air-jordan-5-retro-fire-red-silver-tongue-2020-td","Jordan 5 Retro Fire Red Silver Tongue (2020) (TD)",1091
2026-07-16T14:32:06.346Z,gid://shopify/Product/15107081470338,"air-jordan-5-retro-grape-fresh-prince","Jordan 5 Retro Grape Fresh Prince",794
2026-07-16T14:32:06.346Z,gid://shopify/Product/15107082879362,"air-jordan-5-retro-international-flight","Jordan 5 Retro International Flight",990
2026-07-16T14:32:06.346Z,gid://shopify/Product/15107083567490,"air-jordan-5-retro-light-aqua-gs","Jordan 5 Retro Light Aqua (GS)",967
2026-07-16T14:32:06.346Z,gid://shopify/Product/15107085205890,"air-jordan-5-retro-low-dongdan-2023","Jordan 5 Retro Low Dongdan",1084
2026-07-16T14:32:06.346Z,gid://shopify/Product/15107086123394,"air-jordan-5-retro-low-golf-tie-dye","Jordan 5 Retro Low Golf Tie Dye",1038
2026-07-16T14:32:06.346Z,gid://shopify/Product/15107087958402,"air-jordan-5-retro-moonlight-2021","Jordan 5 Retro Moonlight (2021)",848
2026-07-16T14:33:48.768Z,gid://shopify/Product/15107088744834,"air-jordan-5-retro-off-white-black-td","Jordan 5 Retro Off-White Muslin (TD)",1261
2026-07-16T14:33:48.768Z,gid://shopify/Product/15107089891714,"air-jordan-5-retro-p51-camo","Jordan 5 Retro P51 Camo",1083
2026-07-16T14:33:48.768Z,gid://shopify/Product/15107090940290,"air-jordan-5-retro-racer-blue-ps","Jordan 5 Retro Racer Blue (PS)",1067
2026-07-16T14:33:48.768Z,gid://shopify/Product/15107091693954,"air-jordan-5-retro-red-suede-gs","Jordan 5 Retro Red Suede (GS)",1077
2026-07-16T14:33:48.769Z,gid://shopify/Product/15107093332354,"air-jordan-5-retro-se-craft-light-orewood-brown-gs","Jordan 5 Retro SE Craft Light Orewood Brown (GS)",1338
2026-07-16T14:33:48.769Z,gid://shopify/Product/15107094544770,"air-jordan-5-retro-stealth-2017","Jordan 5 Retro Pure Platinum",1187
2026-07-16T14:33:48.769Z,gid://shopify/Product/15107095363970,"air-jordan-5-retro-trophy-room-ice-blue","Jordan 5 Retro Trophy Room Ice Blue",1034
2026-07-16T14:33:48.769Z,gid://shopify/Product/15107097493890,"air-jordan-5-retro-white-stealth-2021","Jordan 5 Retro White Stealth (2021)",1105
2026-07-16T14:33:48.769Z,gid://shopify/Product/15107098018178,"air-jordan-5-retro-wnba-pinksicle-safety-orange-gs","Jordan 5 Retro WNBA Pinksicle Safety Orange (GS)",951
2026-07-16T14:33:48.769Z,gid://shopify/Product/15107100770690,"air-jordan-6-retro-alternate-hare","Jordan 6 Retro Alternate Hare",958
2026-07-16T14:33:48.769Z,gid://shopify/Product/15107102048642,"air-jordan-6-retro-black-infrared-2019-gs","Jordan 6 Retro Black Infrared (2019) (GS)",987
2026-07-16T14:33:48.769Z,gid://shopify/Product/15107102867842,"air-jordan-6-retro-bordeaux-ps","Jordan 6 Retro Bordeaux (PS)",1217
2026-07-16T14:33:48.769Z,gid://shopify/Product/15107103687042,"air-jordan-6-retro-chinese-new-year-2018-gs","Jordan 6 Retro Chinese New Year (2018) (GS)",1428
2026-07-16T14:33:48.769Z,gid://shopify/Product/15107104145794,"air-jordan-6-retro-cool-grey-gs-2023","Jordan 6 Retro Cool Grey (GS)",1413
2026-07-16T14:33:48.769Z,gid://shopify/Product/15107105718658,"air-jordan-6-retro-doernbecher-2018","Jordan 6 Retro Doernbecher 15th Anniversary",919
2026-07-16T14:33:48.769Z,gid://shopify/Product/15107106931074,"air-jordan-6-retro-fierce-pink-gs","Jordan 6 Retro Low Fierce Pink (GS)",1300
2026-07-16T14:33:48.769Z,gid://shopify/Product/15107110666626,"air-jordan-6-retro-low-golf-white-khaki","Jordan 6 Retro Low Golf White Khaki",849
2026-07-16T14:33:48.769Z,gid://shopify/Product/15107112141186,"air-jordan-6-retro-midnight-navy-2022-ps","Jordan 6 Retro Midnight Navy (2022) (PS)",1215
2026-07-16T14:33:48.769Z,gid://shopify/Product/15107114631554,"air-jordan-6-retro-pinnacle-metallic-gold","Jordan 6 Retro Pinnacle Metallic Gold",1371
2026-07-16T14:33:48.769Z,gid://shopify/Product/15107115680130,"air-jordan-6-retro-quai54-sail-brown-2020-gs","Jordan 6 Retro Quai 54 (2020) (GS)",1327
2026-07-16T14:33:48.770Z,gid://shopify/Product/15107117023618,"air-jordan-6-retro-sd-triple-black-w","Jordan 6 Retro SD Triple Black (Women's)",881
2026-07-16T14:33:48.770Z,gid://shopify/Product/15107118629250,"air-jordan-6-retro-travis-scott","Jordan 6 Retro Travis Scott",1224
2026-07-16T14:33:48.770Z,gid://shopify/Product/15107119710594,"air-jordan-6-retro-travis-scott-td","Jordan 6 Retro Travis Scott (TD)",1018
2026-07-16T14:33:48.770Z,gid://shopify/Product/15107120791938,"air-jordan-6-retro-unc-white-ps","Jordan 6 Retro UNC White (PS)",907
2026-07-16T14:33:48.770Z,gid://shopify/Product/15107123708290,"air-jordan-6-retro-yellow-ochre","Jordan 6 Retro Yellow Ochre",1458
2026-07-16T14:33:48.770Z,gid://shopify/Product/15107217326466,"air-jordan-6-rings-south-beach","Jordan 6 Rings South Beach",1003
2026-07-16T14:33:48.770Z,gid://shopify/Product/15107221029250,"air-jordan-6-rings-white-tropical-twist-black","Jordan 6 Rings White Tropical Twist Black",1130
2026-07-16T14:33:48.770Z,gid://shopify/Product/15107223028098,"air-jordan-7-retro-quai-54-2022","Jordan 7 Retro Quai 54 (2022)",931
2026-07-16T14:33:48.770Z,gid://shopify/Product/15107224043906,"air-jordan-9-retro-boot-black-gum","Jordan 9 Retro Boot NRG Black Light Gum",910
2026-07-16T14:33:48.770Z,gid://shopify/Product/15107225256322,"air-jordan-9-retro-low-golf-white-black-true-red","Jordan 9 Retro Low Golf White Black True Red",1192
2026-07-16T14:33:48.770Z,gid://shopify/Product/15107226993026,"air-jordan-adg-4-golf-white-pure-platinum","Jordan ADG 4 Golf White Pure Platinum",1264
2026-07-16T14:33:48.770Z,gid://shopify/Product/15107230859650,"air-jordan-delta-mid-union-off-noir","Jordan Delta Mid Union Off Noir",1098
2026-07-16T14:33:48.770Z,gid://shopify/Product/15107234562434,"air-jordan-hydro-5-retro-white-fire-red","Jordan Hydro 5 Retro White Fire Red",1136
2026-07-16T14:33:48.770Z,gid://shopify/Product/15107236823426,"air-jordan-jumpman-jack-tr-travis-scott-sail-ps","Jordan Jumpman Jack TR Travis Scott Sail (PS)",1375
2026-07-16T14:33:48.770Z,gid://shopify/Product/15107239281026,"air-jordan-legacy-312-low-chicago-red","Jordan Legacy 312 Low Chicago Red",998
2026-07-16T14:33:48.770Z,gid://shopify/Product/15107241640322,"air-jordan-lift-off-white-gym-red","Jordan Lift Off White Gym Red",807
2026-07-16T14:33:48.770Z,gid://shopify/Product/15107244654978,"air-jordan-ma2-concord","Jordan MA2 Concord",1108
2026-07-16T14:33:48.770Z,gid://shopify/Product/15107251077506,"air-jordan-nu-retro-1-low-varsity-red-black","Jordan Nu Retro 1 Low Varsity Red Black",1142
2026-07-16T14:35:38.151Z,gid://shopify/Product/15107256648066,"air-jordan-spizike-low-cave-stone-anthracite","Jordan Spizike Low Cave Stone Anthracite",1066
2026-07-16T14:35:38.154Z,gid://shopify/Product/15107257827714,"air-jordan-spizike-low-pine-green","Jordan Spizike Low Pine Green",999
2026-07-16T14:35:38.154Z,gid://shopify/Product/15107260645762,"air-jordan-why-not-04-facetasm","Jordan Why Not Zer0.4 Facetasm",1207
2026-07-16T14:35:38.154Z,gid://shopify/Product/15107274310018,"air-jordan-6-rings-3m-2020","Jordan 6 Rings 3M (2020)",1349
2026-07-16T14:35:38.154Z,gid://shopify/Product/15107276177794,"air-jordan-6-rings-black-pink-foam-gs","Jordan 6 Rings Black Pink Foam (GS)",1310
2026-07-16T14:35:38.154Z,gid://shopify/Product/15107544940930,"air-jordan-4-retro-pure-money-2017-gs","Jordan 4 Retro Pure Money (2017) (GS)",1170
2026-07-16T14:35:38.154Z,gid://shopify/Product/15108218290562,"air-jordan-xxxiv-bayou-boys","Jordan XXXIV Bayou Boys",791
2026-07-16T14:35:38.154Z,gid://shopify/Product/15108220256642,"air-jordan-xxxiv-jayson-tatum-welcome-to-the-zoom","Jordan XXXIV Jayson Tatum Welcome To The Zoo",1170
2026-07-16T14:35:38.154Z,gid://shopify/Product/15108222353794,"air-jordan-xxxiv-se-chicago","Jordan XXXIV SE Chicago",1498
2026-07-16T14:35:38.155Z,gid://shopify/Product/15108223828354,"air-jordan-xxxv-black-white","Jordan XXXV Black White",1184
2026-07-16T14:35:38.155Z,gid://shopify/Product/15108225696130,"air-jordan-xxxv-fear","Jordan XXXV Smoke Grey Fear",820
2026-07-16T14:35:38.155Z,gid://shopify/Product/15108228448642,"air-jordan-xxxv-low-reflexology","Jordan XXXV Low Reflexology",1135
2026-07-16T14:35:38.155Z,gid://shopify/Product/15108230939010,"air-jordan-zion-1-naruto-sage-of-the-six-paths","Jordan Zion 1 Naruto Sage of the Six Paths",966
2026-07-16T14:35:38.155Z,gid://shopify/Product/15108243030402,"balenciaga-x-adidas-stan-smith-black","Balenciaga x adidas Stan Smith Black",904
2026-07-16T14:35:38.155Z,gid://shopify/Product/15108245750146,"bape-color-camo-shark-full-zip-hoodie-ss23-black","BAPE Color Camo Shark Full Zip Hoodie Black",502
2026-07-16T14:35:38.155Z,gid://shopify/Product/15108253221250,"bearbrick-michael-jordan-1985-rookie-jersey-100-400-set-gold-chrome","Bearbrick Michael Jordan 1985 Rookie Jersey 100% & 400% Set Gold Chrome",845
2026-07-16T14:35:38.155Z,gid://shopify/Product/15108255646082,"bearbrick-michael-jordan-1998-last-shot-1000","Bearbrick Michael Jordan 1998 Last Shot 1000%",1021
2026-07-16T14:35:38.155Z,gid://shopify/Product/15108268130690,"cactus-plant-flea-market-cpfm-air-sun-mx-pant-dark-cinder","Cactus Plant Flea Market CPFM x Nike Air Sun MX Pant Dark Cinder",1204
2026-07-16T14:35:38.155Z,gid://shopify/Product/15108276978050,"converse-chuck-taylor-all-star-70s-hi-comme-des-garcons-play-blue","Converse Chuck Taylor All Star 70 Hi Comme des Garcons PLAY Blue Quartz",1038
2026-07-16T14:35:38.155Z,gid://shopify/Product/15108288512386,"crocs-echo-clog-black","Crocs Echo Clog Black",1086
2026-07-16T14:35:38.156Z,gid://shopify/Product/15108290773378,"crocs-pollex-clog-by-salehe-bembury-yolk","Crocs Pollex Clog by Salehe Bembury Yoke",1166
2026-07-16T14:35:38.156Z,gid://shopify/Product/15108294377858,"dior-x-jordan-wings-card-holder-4-card-slot-navy","Dior x Jordan Wings Card Holder (4 Card Slot) Navy",870
2026-07-16T14:35:38.156Z,gid://shopify/Product/15108316037506,"funko-pop-baskeball-bulls-michael-jordan-red-jersery-nba-sticker-figure-54","Funko Pop! Basketball Bulls Michael Jordan Red Jersery NBA Sticker Figure #54",662
2026-07-16T14:35:38.157Z,gid://shopify/Product/15108317217154,"funko-pop-basketball-michael-jordan-unc-home-jersey-walmart-exclusive-figure-73","Funko Pop! Basketball Michael Jordan UNC Home Jersey Walmart Exclusive Figure #73",829
2026-07-16T14:35:38.158Z,gid://shopify/Product/15108318593410,"giannis-immortality-4-humility","Nike Giannis Immortality 4 Humility",1342
2026-07-16T14:35:38.158Z,gid://shopify/Product/15108324950402,"gucci-marmont-camera-bag-matelasse-mini-black","Gucci GG Marmont Camera Bag Matelasse Mini Black",1206
2026-07-16T14:35:38.158Z,gid://shopify/Product/15108331405698,"jordan-1-og-laney","Jordan 1 Retro High OG Laney",1003
2026-07-16T14:35:38.158Z,gid://shopify/Product/15108340351362,"jordan-10-retro-bulls-over-broadway","Jordan 10 Retro Bulls Over Broadway",867
2026-07-16T14:35:38.158Z,gid://shopify/Product/15108344316290,"jordan-10-retro-double-nickel-gs","Jordan 10 Retro Double Nickel (GS)",1196
2026-07-16T14:35:38.158Z,gid://shopify/Product/15108346675586,"jordan-10-retro-old-royal","Jordan 10 Retro Old Royal",1061
2026-07-16T14:35:38.158Z,gid://shopify/Product/15108348969346,"jordan-10-retro-steel-2013","Jordan 10 Retro Steel (2013)",1045
2026-07-16T14:35:38.158Z,gid://shopify/Product/15108351197570,"jordan-11-retro-gamma-blue","Jordan 11 Retro Gamma Blue",1158
2026-07-16T14:35:38.158Z,gid://shopify/Product/15108352573826,"jordan-11-retro-low-concord","Jordan 11 Retro Low Concord",1063
2026-07-16T14:35:38.159Z,gid://shopify/Product/15108354441602,"jordan-11-retro-playoffs-2012","Jordan 11 Retro Playoffs (2012)",1074
2026-07-16T14:35:38.159Z,gid://shopify/Product/15108355719554,"jordan-13-retro-low-quai-54","Jordan 13 Retro Low Quai 54",1375
2026-07-16T14:35:38.159Z,gid://shopify/Product/15108358308226,"jordan-4-retro-11lab4-black","Jordan 4 Retro 11Lab4 Black",924
2026-07-16T14:35:38.159Z,gid://shopify/Product/15108360274306,"jordan-4-retro-columbia-2015","Jordan 4 Retro Columbia (2015)",804
2026-07-16T14:35:38.159Z,gid://shopify/Product/15108361912706,"jordan-4-retro-fear-pack","Jordan 4 Retro Fear Pack (2013)",1183
2026-07-16T14:35:38.159Z,gid://shopify/Product/15108363977090,"jordan-4-retro-military-blue-2006","Jordan 4 Retro Military Blue (2006)",1258
2026-07-16T14:35:38.159Z,gid://shopify/Product/15108366467458,"jordan-4-retro-snakeskin","Jordan 4 Retro Snakeskin",1165
2026-07-16T15:27:11.413Z,gid://shopify/Product/15107002106242,"air-jordan-4-retro-flyknit-royal","Jordan 4 Retro Flyknit Royal",1008
2026-07-16T15:27:11.417Z,gid://shopify/Product/15107108012418,"air-jordan-6-retro-gold-hoops-w","Jordan 6 Retro Gold Hoops (Women's)",910
2026-07-16T15:27:11.417Z,gid://shopify/Product/15107109224834,"air-jordan-6-retro-low-dongdan","Jordan 6 Retro Low Dongdan",1152
2026-07-16T15:27:11.417Z,gid://shopify/Product/15108367942018,"jordan-4-retro-white-cement-2012","Jordan 4 Retro White Cement (2012)",1006
2026-07-16T15:27:11.417Z,gid://shopify/Product/15108369482114,"jordan-5-retro-3lab5-infrared","Jordan 5 Retro 3Lab5 Infrared",1257
2026-07-16T15:27:11.417Z,gid://shopify/Product/15108370727298,"jordan-5-retro-black-metallic-2016-gs","Jordan 5 Retro Black Metallic (2016) (GS)",1183
2026-07-16T15:27:11.417Z,gid://shopify/Product/15108372496770,"jordan-5-retro-fire-red-2013","Jordan 5 Retro Fire Red (2013)",958
2026-07-16T15:27:11.417Z,gid://shopify/Product/15108374561154,"jordan-5-retro-laney-2013","Jordan 5 Retro Laney (2013)",1038
2026-07-16T15:27:11.417Z,gid://shopify/Product/15108375904642,"jordan-5-retro-low-neymar","Jordan 5 Retro Low Neymar",1256
2026-07-16T15:27:11.417Z,gid://shopify/Product/15108378624386,"jordan-5-retro-stealth","Jordan 5 Retro Stealth",1489
2026-07-16T15:27:11.417Z,gid://shopify/Product/15108381278594,"jordan-6-retro-brazil-world-cup","Jordan 6 Retro Brazil World Cup",1261
2026-07-16T15:27:11.417Z,gid://shopify/Product/15108385014146,"jordan-6-retro-golden-moments-gmp","Jordan 6 Retro Golden Moments Pack (6)",1184
2026-07-16T15:27:11.417Z,gid://shopify/Product/15108388290946,"jordan-6-retro-infrared-white-2014","Jordan 6 Retro Infrared White (2014)",1068
2026-07-16T15:27:11.417Z,gid://shopify/Product/15108391567746,"jordan-6-retro-maroon-2015-gs","Jordan 6 Retro Maroon (2015) (GS)",1184
2026-07-16T15:27:11.417Z,gid://shopify/Product/15108395106690,"jordan-7-retro-nothing-but-net","Jordan 7 Retro Nothing But Net",1364
2026-07-16T15:27:11.417Z,gid://shopify/Product/15109139825026,"jordan-monogram-dopp-kit-59l-pink-glaze","Jordan Monogram Dopp Kit (5.9L) Pink Glaze",387
2026-07-16T15:27:11.417Z,gid://shopify/Product/15109143855490,"jordan-x-a-ma-maniere-t-shirt-blue","Jordan x A Ma Maniére T-shirt Blue",1049
2026-07-16T15:27:11.417Z,gid://shopify/Product/15109147197826,"jordan-x-travis-scott-t-shirt-brown","Jordan x Travis Scott T-shirt Brown",1226
2026-07-16T15:27:11.417Z,gid://shopify/Product/15109153784194,"kaws-x-uniqlo-longsleeve-sweatshirt-off-white","KAWS x Uniqlo Longsleeve Sweatshirt (US Sizing) Off White",1177
2026-07-16T15:27:11.417Z,gid://shopify/Product/15109154865538,"kaws-x-warhol-ut-graphic-476351-471321-t-shirt-set-white-black","KAWS x Uniqlo Warhol UT Graphic 476351/471321 T-shirt Set White/Black",706
2026-07-16T15:27:11.417Z,gid://shopify/Product/15109159223682,"kith-quinn-tee-cavan","Kith Quinn Tee Cavan",1132
2026-07-16T15:27:11.417Z,gid://shopify/Product/15109161517442,"kith-taylormade-qi10-105-loft-regular-driver-black","Kith TaylorMade Qi10 10.5 Loft Regular Driver Black",988
2026-07-16T15:27:11.418Z,gid://shopify/Product/15109168890242,"kobe-10-all-star","Nike Kobe 10 All-Star",1060
2026-07-16T15:27:11.418Z,gid://shopify/Product/15109172953474,"kobe-10-elite-htm-oreo","Nike Kobe 10 Elite HTM Oreo",1086
2026-07-16T15:27:11.418Z,gid://shopify/Product/15109179834754,"lebron-x-christmas","Nike LeBron X Christmas",1266
2026-07-16T15:27:11.418Z,gid://shopify/Product/15109184127362,"lebron-x-re-entry","Nike LeBron X Re-Entry",972
2026-07-16T15:27:11.418Z,gid://shopify/Product/15109188387202,"lego-creator-winter-village-station-set-10259","LEGO Creator Winter Village Station Set 10259",950
2026-07-16T15:27:11.418Z,gid://shopify/Product/15109189435778,"lego-harry-potter-hogwarts-express-collectors-edition-set-76405","LEGO Harry Potter Hogwarts Express Collectors Edition Set 76405",1274
2026-07-16T15:27:11.418Z,gid://shopify/Product/15109190418818,"lego-ideas-seinfeld-set-21328","LEGO Ideas Seinfeld Set 21328",636
2026-07-16T15:27:11.418Z,gid://shopify/Product/15109191238018,"lego-razor-crest-set-75292","LEGO Star Wars Razor Crest Set 75292",725
2026-07-16T15:27:11.418Z,gid://shopify/Product/15109191893378,"lego-star-wars-the-bad-batch-attack-shuttle-set-75314","LEGO Star Wars The Bad Batch Attack Shuttle Set 75314",835
2026-07-16T15:27:11.418Z,gid://shopify/Product/15109192745346,"li-ning-way-of-wade-all-city-12-encore-avocado","Li-Ning Way of Wade All City 12 Encore Avocado",1115
2026-07-16T15:27:11.418Z,gid://shopify/Product/15109193531778,"louis-vuitton-toiletry-pouch-monogram-26-canvas-brown-gold-tone","Louis Vuitton Toiletry Pouch 26 Monogram Brown",782
2026-07-16T15:27:11.418Z,gid://shopify/Product/15109194383746,"maison-mihara-yasuhiro-hank-og-sole-canvas-low-purple","Maison Mihara Yasuhiro Hank OG Sole Canvas Low Purple",1465
2026-07-16T15:27:11.418Z,gid://shopify/Product/15109194842498,"maison-mihara-yasuhiro-peterson-og-sole-canvas-low-red","Maison Mihara Yasuhiro Peterson OG Sole Canvas Low Red",1277
2026-07-16T15:27:11.418Z,gid://shopify/Product/15109195956610,"michael-kors-jet-set-east-west-crossbody-bag-large-vanilla-pink","Michael Kors Jet Set East West Crossbody Bag Large Vanilla/Pink",463
2026-07-16T15:27:11.418Z,gid://shopify/Product/15109196349826,"mihara-yasuhiro-blakey-og-sole-canvas-low-white","Maison Mihara Yasuhiro Blakey OG Sole Canvas Low White Black",1514
2026-07-16T15:27:11.418Z,gid://shopify/Product/15109197758850,"new-balance-1000-black-cat","New Balance 1000 Black Cat",1189
2026-07-16T15:27:11.418Z,gid://shopify/Product/15109198512514,"new-balance-1000-metallic-blue","New Balance 1000 Metallic Blue",1352
2026-07-16T15:27:11.418Z,gid://shopify/Product/15109200052610,"new-balance-1906a-black","New Balance 1906A Black",1239
2026-07-16T15:28:00.127Z,gid://shopify/Product/15109200707970,"new-balance-1906a-slate-grey-drift-red","New Balance 1906A Slate Grey Drift Red",1321
2026-07-16T15:28:00.132Z,gid://shopify/Product/15109201428866,"new-balance-1906d-protection-pack-turtledove","New Balance 1906D Protection Pack Turtledove",1059
2026-07-16T15:28:00.133Z,gid://shopify/Product/15109202248066,"new-balance-1906l-silver-metallic-cream","New Balance 1906L Silver Metallic Cream",1187
2026-07-16T15:28:00.133Z,gid://shopify/Product/15109202837890,"new-balance-1906r-black-patent","New Balance 1906R Black Patent",1170
2026-07-16T15:28:00.134Z,gid://shopify/Product/15109203296642,"new-balance-1906r-driftwood-dark-mushroom","New Balance 1906R Driftwood Dark Mushroom",1299
2026-07-16T15:28:00.134Z,gid://shopify/Product/15109203788162,"new-balance-1906r-metalic-silver-blue","New Balance 1906R Metallic Silver Blue",1312
2026-07-16T15:28:00.134Z,gid://shopify/Product/15109204869506,"new-balance-1906r-silver-metallic-sea-salt","New Balance 1906R Silver Metallic Sea Salt",1328
2026-07-16T15:28:00.134Z,gid://shopify/Product/15109205492098,"new-balance-1906u-lunar-new-year","New Balance 1906U Lunar New Year",1099
2026-07-16T15:28:00.134Z,gid://shopify/Product/15109206344066,"new-balance-2002r-cordura-phantom-black","New Balance 2002R Cordura Phantom Black",1209
2026-07-16T15:28:00.134Z,gid://shopify/Product/15109206933890,"new-balance-2002r-jjjjound-storm-blue","New Balance 2002R JJJJound Storm Blue",1432
2026-07-16T15:30:51.289Z,gid://shopify/Product/15109253857666,"new-balance-9060-rose-pink-gs","New Balance 9060 Rose Pink (Wide) (GS)",1431
2026-07-16T15:30:51.296Z,gid://shopify/Product/15109255528834,"new-balance-9060-slate-grey-arid-stone","New Balance 9060 Slate Grey Arid Stone",1271
2026-07-16T15:30:51.296Z,gid://shopify/Product/15109256839554,"new-balance-9060-turtledove-black-silver-metallic","New Balance 9060 Turtledove Black Silver Metallic",1333
2026-07-16T15:30:51.296Z,gid://shopify/Product/15109257527682,"new-balance-990v1-miusa-grey-blue","New Balance 990v1 MiUSA Grey Blue",1328
2026-07-16T15:30:51.296Z,gid://shopify/Product/15109258641794,"new-balance-990v3-jjjjound-brown-black","New Balance 990v3 MiUSA JJJJound Brown Black",1020
2026-07-16T15:30:51.296Z,gid://shopify/Product/15109259100546,"new-balance-990v4-miusa-black-silver","New Balance 990v4 MiUSA Black Silver",1455
2026-07-16T15:30:51.297Z,gid://shopify/Product/15109260050818,"new-balance-990v6-action-bronson-baklava","New Balance 990v6 MiUSA Action Bronson Baklava",985
2026-07-16T15:30:51.297Z,gid://shopify/Product/15109261361538,"new-balance-990v6-miusa-dark-ember-afterglow","New Balance 990v6 MiUSA Dark Ember Afterglow",1276
2026-07-16T15:30:51.297Z,gid://shopify/Product/15109262180738,"new-balance-990v6-miusa-pale-yellow","New Balance 990v6 MiUSA Sulphur Green",1329
2026-07-16T15:30:51.297Z,gid://shopify/Product/15109262705026,"new-balance-990v6-miusa-true-camo","New Balance 990v6 MiUSA True Camo",1229
2026-07-16T15:30:51.297Z,gid://shopify/Product/15109263262082,"new-balance-991-miuk-jjjjound-grey-olive","New Balance 991 MiUK JJJJound Grey Olive",924
2026-07-16T15:30:51.298Z,gid://shopify/Product/15109263655298,"new-balance-992-grey","New Balance 992 Grey",1050
2026-07-16T15:30:51.298Z,gid://shopify/Product/15109264212354,"new-balance-993-joe-freshgoods-performance-art-powder-pink","New Balance 993 Joe Freshgoods Performance Art Powder Pink",1141
2026-07-16T15:30:51.298Z,gid://shopify/Product/15109264638338,"new-balance-996-miusa-grey-silver","New Balance 996 MiUSA Grey Silver",1535
2026-07-16T15:30:51.298Z,gid://shopify/Product/15109265424770,"new-balance-998-miusa-wtaps","New Balance 998 MiUSA WTAPS Visual Uparmored",1262
2026-07-16T15:30:51.298Z,gid://shopify/Product/15109267521922,"new-balance-numeric-480-chocolate-skateboards","New Balance Numeric 480 Chocolate Skateboards",1269
2026-07-16T15:30:51.298Z,gid://shopify/Product/15109268832642,"new-era-x-takashi-murakami-x-mlb-world-tour-tokyo-series-2025-new-era-59fifty-dodgers-fitted-hat-blue","New Era x Takashi Murakami x MLB World Tour Tokyo Series 2025 New Era 59Fifty Dodgers Fitted Hat Blue",1140
2026-07-16T15:30:51.299Z,gid://shopify/Product/15109270405506,"nike-air-fear-of-god-1-string","Nike Air Fear of God 1 String The Question",948
2026-07-16T15:30:51.300Z,gid://shopify/Product/15109272863106,"nike-air-force-1-07-craft-quadruple-white","Nike Air Force 1 Low '07 Craft Quadruple White",1244
2026-07-16T15:30:51.300Z,gid://shopify/Product/15109273452930,"nike-air-force-1-high-patriots","Nike Air Force 1 High QA ""Patriots"" (Women's)",1367
2026-07-16T15:30:51.300Z,gid://shopify/Product/15109273977218,"nike-air-force-1-low-07-retro-color-of-the-month-university-red-white","Nike Air Force 1 Low Retro QS Color of the Month University Red White",1382
2026-07-16T15:30:51.300Z,gid://shopify/Product/15109275353474,"nike-air-force-1-low-07-year-of-the-dragon-2024","Nike Air Force 1 Low '07 Year of the Dragon (2024)",1583
2026-07-16T15:30:51.301Z,gid://shopify/Product/15109276795266,"nike-air-force-1-low-kobe-bryant-lakers-away-numbered-edition-of-8000","Nike Air Force 1 Low Kobe Bryant Lakers Away (Numbered Edition of 8000)",1378
2026-07-16T15:30:51.301Z,gid://shopify/Product/15109279613314,"nike-air-force-1-low-off-white-university-blue","Nike Air Force 1 Low Off-White MCA University Blue",1198
2026-07-16T15:30:51.301Z,gid://shopify/Product/15109280858498,"nike-air-force-1-low-qs-terror-squad-porpoise","Nike Air Force 1 Low QS Terror Squad Loyalty",1405
2026-07-16T15:30:51.301Z,gid://shopify/Product/15109281874306,"nike-air-force-1-low-sp-1017-alyx-9sm-white","Nike Air Force 1 Low SP 1017 ALYX 9SM White",1513
2026-07-16T15:30:51.301Z,gid://shopify/Product/15110482461058,"nike-air-force-1-low-travis-scott-cactus-jack","Nike Air Force 1 Low Travis Scott Cactus Jack",1214
2026-07-16T15:30:51.301Z,gid://shopify/Product/15110487703938,"nike-air-force-1-low-year-of-the-snake","Nike Air Force 1 Low Year of the Snake",1432
2026-07-16T15:30:51.301Z,gid://shopify/Product/15110490390914,"nike-air-force-1-mid-off-white-graffiti-white","Nike Air Force 1 Mid Off-White Graffiti White",1539
2026-07-16T15:30:51.301Z,gid://shopify/Product/15110492062082,"nike-air-force-1-mid-qs-jewel-oil-green","Nike Air Force 1 Mid QS Jewel Oil Green",1418
2026-07-16T15:30:51.301Z,gid://shopify/Product/15110494683522,"nike-air-huarache-white-pure-platinum-2021","Nike Air Huarache White Pure Platinum (2021)",1034
2026-07-16T15:30:51.301Z,gid://shopify/Product/15110497599874,"nike-air-max-1-87-great-indoors-corduroy","Nike Air Max 1 '87 Great Indoors Corduroy (Women's)",1549
2026-07-16T15:30:51.301Z,gid://shopify/Product/15110504120706,"nike-air-max-1-essential-british-tan-light-bone","Nike Air Max 1 Essential British Tan Light Bone",1373
2026-07-16T15:30:51.301Z,gid://shopify/Product/15110505890178,"nike-air-max-1-essential-vamps","Nike Air Max 1 Essential Vamps",1530
2026-07-16T15:30:51.302Z,gid://shopify/Product/15110521323906,"nike-air-max-1-white-black-neutral-grey-womens","Nike Air Max 1 White Black Neutral Grey (Women's)",1467
2026-07-16T15:30:51.302Z,gid://shopify/Product/15110530400642,"nike-air-max-90-midnight-navy-gum","Nike Air Max 90 Midnight Navy Gum",1620
2026-07-16T15:30:51.302Z,gid://shopify/Product/15110532694402,"nike-air-max-90-premium-black-grey-canvas-suede","Nike Air Max 90 Premium Off Noir",1218
2026-07-16T15:30:51.302Z,gid://shopify/Product/15110541672834,"nike-air-max-90-usa-2020","Nike Air Max 90 USA (2020)",1209
2026-07-16T15:30:51.302Z,gid://shopify/Product/15110568247682,"nike-air-max-97-og-atlantic-blue-voltage-yellow","Nike Air Max 97 OG Atlantic Blue Voltage Yellow",1075
2026-07-16T15:30:51.302Z,gid://shopify/Product/15110584467842,"nike-air-max-dn8-black","Nike Air Max Dn8 Black",1723
2026-07-16T15:32:34.436Z,gid://shopify/Product/15110587613570,"nike-air-max-ltd-3-triple-black","Nike Air Max LTD 3 Triple Black",787
2026-07-16T15:32:34.440Z,gid://shopify/Product/15110619136386,"nike-air-max-plus-yellow-pink-gradient","Nike Air Max Plus OG Yellow Pink Gradient",941
2026-07-16T15:32:34.440Z,gid://shopify/Product/15110624674178,"nike-air-more-uptempo-96-qs-thank-you-wilson-gs","Nike Air More Uptempo 96 QS Thank You, Wilson (GS)",890
2026-07-16T15:32:34.440Z,gid://shopify/Product/15110627295618,"nike-air-more-uptempo-slide-og-black-white","Nike Air More Uptempo Slide OG Black White",854
2026-07-16T15:32:34.441Z,gid://shopify/Product/15110628409730,"nike-air-presto-off-white-white-2018","Nike Air Presto Off-White White (2018)",771
2026-07-16T15:32:34.441Z,gid://shopify/Product/15110629360002,"nike-air-rubber-dunk-off-white-unc","Nike Air Rubber Dunk Off-White UNC",859
2026-07-16T15:32:34.441Z,gid://shopify/Product/15110631620994,"nike-air-terra-forma-off-white-white","Nike Air Terra Forma Off-White Summit White Psychic Purple",889
2026-07-16T15:32:34.441Z,gid://shopify/Product/15110633947522,"nike-air-vapormax-plus-university-red-black","Nike Air VaporMax Plus University Red Black",870
2026-07-16T15:32:34.441Z,gid://shopify/Product/15110635782530,"nike-air-zoom-gt-cut-3-jewell-loyd-dusty-cactus-lilac-bloom","Nike Air Zoom GT Cut 3 Jewell Loyd Dusty Cactus Lilac Bloom",863
2026-07-16T15:32:34.441Z,gid://shopify/Product/15110638141826,"nike-air-zoom-gt-hustle-3-hyper-pink","Nike Air Zoom GT Hustle 3 Hyper Pink",868
2026-07-16T15:32:34.441Z,gid://shopify/Product/15110642696578,"nike-air-zoom-pegasus-premium-persian-violet","Nike Air Zoom Pegasus Premium Persian Violet",874
2026-07-16T15:32:34.441Z,gid://shopify/Product/15110645023106,"nike-air-zoom-spiridon-sp-signal-blue","Nike Air Zoom Spiridon SP Signal Blue",971
2026-07-16T15:32:34.441Z,gid://shopify/Product/15110647251330,"nike-air-zoom-victory-hyper-pink-laser-orange","Nike Air Zoom Victory Hyper Pink Laser Orange",947
2026-07-16T15:32:34.441Z,gid://shopify/Product/15110649119106,"nike-blazer-low-off-white-university-red","Nike Blazer Low Off-White University Red",960
2026-07-16T15:32:34.441Z,gid://shopify/Product/15110650200450,"nike-blazer-mid-off-white-grim-reaper","Nike Blazer Mid Off-White Grim Reaper",819
2026-07-16T15:32:34.442Z,gid://shopify/Product/15110653149570,"nike-cortez-sp-clot-clotez-yin-yang","Nike Cortez SP CLOT CLOTEZ Yin Yang",885
2026-07-16T15:32:34.442Z,gid://shopify/Product/15110654624130,"nike-dunk-high-aluminum-w","Nike Dunk High Aluminum (Women's)",826
2026-07-16T15:32:34.442Z,gid://shopify/Product/15110657704322,"nike-dunk-low-blue-paisley-w","Nike Dunk Low Essential Paisley Pack Worn Blue (Women's)",836
2026-07-16T15:32:34.442Z,gid://shopify/Product/15110661407106,"nike-dunk-low-hyper-royal","Nike Dunk Low Hyper Royal",1108
2026-07-16T15:32:34.442Z,gid://shopify/Product/15110663471490,"nike-dunk-low-lx-year-of-the-dragon-2024-womens","Nike Dunk Low LX Year of the Dragon (2024) (Women's)",968
2026-07-16T15:32:34.442Z,gid://shopify/Product/15110666387842,"nike-dunk-low-next-nature-white-mint-w","Nike Dunk Low Next Nature White Mint (Women's)",829
2026-07-16T15:32:34.442Z,gid://shopify/Product/15110668059010,"nike-dunk-low-off-white-lot-16","Nike Dunk Low Off-White Lot 16",954
2026-07-16T15:32:34.442Z,gid://shopify/Product/15110669566338,"nike-dunk-low-off-white-lot-24","Nike Dunk Low Off-White Lot 24",952
2026-07-16T15:32:34.442Z,gid://shopify/Product/15110670385538,"nike-dunk-low-off-white-lot-32","Nike Dunk Low Off-White Lot 32",996
2026-07-16T15:32:34.443Z,gid://shopify/Product/15110671434114,"nike-dunk-low-off-white-lot-46","Nike Dunk Low Off-White Lot 46",1003
2026-07-16T15:32:34.443Z,gid://shopify/Product/15110673203586,"nike-dunk-low-off-white-lot-7","Nike Dunk Low Off-White Lot 7",976
2026-07-16T15:32:34.443Z,gid://shopify/Product/15110674284930,"nike-dunk-low-phantom-light-bone","Nike Dunk Low Phantom Light Bone",1128
2026-07-16T15:32:34.443Z,gid://shopify/Product/15110678249858,"nike-dunk-low-qs-parris-goebel-womens","Nike Dunk Low QS Parris Goebel (Women's)",1112
2026-07-16T15:32:34.443Z,gid://shopify/Product/15110682149250,"nike-dunk-low-retro-se-pop-art-sail-photo-blue","Nike Dunk Low Retro SE Pop Art Sail Photo Blue",1019
2026-07-16T15:32:34.443Z,gid://shopify/Product/15110685950338,"nike-dunk-low-se-jackpot","Nike Dunk Low SE Lottery Pack Grey Fog",954
2026-07-16T15:32:34.443Z,gid://shopify/Product/15110695354754,"nike-dunk-low-vintage-green-w","Nike Dunk Low Vintage Green (Women's)",887
2026-07-16T15:32:34.443Z,gid://shopify/Product/15110699614594,"nike-free-metcon-5-black-white","Nike Free Metcon 5 Black White",1011
2026-07-16T15:32:34.443Z,gid://shopify/Product/15110700990850,"nike-free-rn-2018-black-white","Nike Free RN 2018 Black White",941
2026-07-16T15:32:34.443Z,gid://shopify/Product/15110703546754,"nike-hoops-elite-backpack-32l-iron-grey-black-black","Nike Hoops Elite Backpack (32L) Iron Grey/Black/Black",1110
2026-07-16T15:32:34.443Z,gid://shopify/Product/15110704857474,"nike-invincible-run-3-white-cobalt-bliss","Nike ZoomX Invincible Run 3 White Cobalt Bliss",1124
2026-07-16T15:32:34.443Z,gid://shopify/Product/15110705906050,"nike-ja-2-stargazer","Nike Ja 2 Stargazer",1074
2026-07-16T15:32:34.443Z,gid://shopify/Product/15110708330882,"nike-kd-10-finals","Nike KD 10 Finals",943
2026-07-16T15:32:34.444Z,gid://shopify/Product/15110710886786,"nike-kd-3-aunt-pearl","Nike KD 3 Aunt Pearl",1093
2026-07-16T15:32:34.444Z,gid://shopify/Product/15111463272834,"nike-kobe-5-protro-bruce-lee-alternate","Nike Kobe 5 Protro Bruce Lee Alternate",893
2026-07-16T15:32:34.444Z,gid://shopify/Product/15111463797122,"nike-kobe-5-protro-undefeated-hall-of-fame","Nike Kobe 5 Protro Undefeated Hall of Fame",943
2026-07-16T15:34:17.060Z,gid://shopify/Product/15111466779010,"nike-kobe-8-protro-radiant-emerald","Nike Kobe 8 Protro Radiant Emerald",871
2026-07-16T15:34:17.067Z,gid://shopify/Product/15111467794818,"nike-kwondo-1-g-dragon-peaceminusone-panda","Nike Kwondo 1 G-Dragon Peaceminusone Panda",851
2026-07-16T15:34:17.067Z,gid://shopify/Product/15111468319106,"nike-lebron-20-miami-heat","Nike LeBron 20 Miami Heat",861
2026-07-16T15:34:17.068Z,gid://shopify/Product/15111468679554,"nike-lebron-witness-6-summit-white-metallic-pewter","Nike LeBron Witness 6 Summit White Metallic Pewter",923
2026-07-16T15:34:17.068Z,gid://shopify/Product/15111469334914,"nike-mac-attack-red-crush","Nike Mac Attack QS SP Red Crush",972
2026-07-16T15:34:17.068Z,gid://shopify/Product/15111472841090,"nike-reactx-rejuven8-khaki","Nike ReactX Rejuven8 Khaki",977
2026-07-16T15:34:17.069Z,gid://shopify/Product/15111477002626,"nike-sb-dunk-low-born-x-raised-one-block-at-a-time","Nike SB Dunk Low Born X Raised One Block At A Time",984
2026-07-16T15:34:17.069Z,gid://shopify/Product/15111488340354,"nike-sean-wotherspoon-heritage-86-quickstrike-cap-multicolor","Nike Sean Wotherspoon Heritage '86 Quickstrike Cap Multicolor",808
2026-07-16T15:34:17.069Z,gid://shopify/Product/15111490175362,"nike-sportswear-tech-fleece-joggers-black-black","Nike Sportswear Tech Fleece Joggers Black/Black",991
2026-07-16T15:34:17.069Z,gid://shopify/Product/15111490568578,"nike-sportswear-tech-fleece-windrunner-full-zip-hoodie-joggers-set-obsidian-heather-black","Nike Sportswear Tech Fleece Windrunner Full Zip Hoodie & Joggers Set Obsidian Heather/Black",985
2026-07-16T15:34:17.069Z,gid://shopify/Product/15111491092866,"nike-tech-fleece-full-zip-hoodie-phantom-black","Nike Sportswear Tech Fleece Full-Zip Hoodie Phantom Black",913
2026-07-16T15:34:17.070Z,gid://shopify/Product/15111491584386,"nike-vapor-street-off-white-tour-yellow-w","Nike Vapor Street Off-White Tour Yellow (Women's)",1031
2026-07-16T15:34:17.070Z,gid://shopify/Product/15111492501890,"nike-waffle-racer-off-white-white-w","Nike Waffle Racer Off-White White (Women's)",858
2026-07-16T15:34:17.070Z,gid://shopify/Product/15111493124482,"nike-x-nocta-nrg-fleece-cs-hoodie-black","Nike x NOCTA NRG Fleece CS Hoodie Black",897
2026-07-16T15:34:17.070Z,gid://shopify/Product/15111493484930,"nike-x-off-white-allover-print-jersey-multicolor","Nike x Off-White Allover Print Jersey Kelly Green",991
2026-07-16T15:34:17.070Z,gid://shopify/Product/15111494533506,"nike-x-travis-scott-t-shirt-sail","Jordan x Travis Scott T-Shirt Sail",962
2026-07-16T15:34:17.070Z,gid://shopify/Product/15111495090562,"nike-zoom-fly-off-white-pink","Nike Zoom Fly Off-White Pink",887
2026-07-16T15:34:17.071Z,gid://shopify/Product/15111495549314,"nike-zoom-lebron-4-graffiti-2023","Nike Zoom LeBron 4 Graffiti (2023)",1013
2026-07-16T15:34:17.071Z,gid://shopify/Product/15111495975298,"nike-zoom-terra-kiger-5-off-white-black-w","Nike Zoom Terra Kiger 5 Off-White Black (Women's)",1023
2026-07-16T15:34:17.071Z,gid://shopify/Product/15111496302978,"nike-zoom-vomero-5-barely-grape-photon-dust-summit-white-metallic-silver-womens","Nike Zoom Vomero 5 Barely Grape Photon Dust Summit White Metallic Silver (Women's)",956
2026-07-16T15:34:17.072Z,gid://shopify/Product/15111496696194,"nike-zoom-vomero-5-black-sequoia","Nike Zoom Vomero 5 Black Sequoia",1065
2026-07-16T15:34:17.072Z,gid://shopify/Product/15111497384322,"nike-zoom-vomero-5-cool-grey-wolf-grey","Nike Zoom Vomero 5 Cool Grey Wolf Grey",1267
2026-07-16T15:34:17.072Z,gid://shopify/Product/15111498596738,"nike-zoom-vomero-5-jade-horizon","Nike Zoom Vomero 5 Jade Horizon",1143
2026-07-16T15:34:17.072Z,gid://shopify/Product/15111501185410,"nike-zoom-vomero-5-metallic-silver-university-red","Nike Zoom Vomero 5 Metallic Silver University Red",987
2026-07-16T15:34:17.072Z,gid://shopify/Product/15111502266754,"nike-zoom-vomero-5-pink-foam-team-red-womens","Nike Zoom Vomero 5 Pink Foam Team Red (Women's)",995
2026-07-16T15:34:17.072Z,gid://shopify/Product/15111502889346,"nike-zoom-vomero-5-roam-racer-blue","Nike Zoom Vomero 5 Roam Racer Blue",1039
2026-07-16T15:34:17.072Z,gid://shopify/Product/15113567502722,"nike-zoom-vomero-5-triple-black-gs","Nike Zoom Vomero 5 Triple Black (GS)",1084
2026-07-16T15:34:17.072Z,gid://shopify/Product/15113569436034,"nike-zoom-vomero-5-yankees","Nike Zoom Vomero 5 Yankees",966
2026-07-16T15:34:17.072Z,gid://shopify/Product/15113569927554,"nike-zoomx-vaporfly-3-black-olive-aura-metallic-medium-ash","Nike ZoomX Vaporfly 3 Black Olive Aura Metallic Medium Ash",1190
2026-07-16T15:34:17.072Z,gid://shopify/Product/15113570255234,"nike-zoomx-vaporfly-next-2-ekiden-scream-green","Nike ZoomX Vaporfly Next% 2 Ekiden Scream Green",1409
2026-07-16T15:34:17.073Z,gid://shopify/Product/15113571107202,"off-white-airport-tape-arrows-diag-over-hoodie-black-multicolor","OFF-WHITE Airport Tape Arrows Diag Over Hoodie Black/Multicolor",915
2026-07-16T15:34:17.073Z,gid://shopify/Product/15113572024706,"off-white-classic-industrial-belt-fw21-black","OFF-WHITE Classic Industrial Belt (FW21) Black",697
2026-07-16T15:34:17.073Z,gid://shopify/Product/15113573040514,"off-white-industrial-belt-ss19-yellow-black","OFF-WHITE Industrial Belt Yellow/Black",701
2026-07-16T15:34:17.073Z,gid://shopify/Product/15113574285698,"off-white-off-doormat","OFF-WHITE Off Doormat",773
2026-07-16T15:34:17.073Z,gid://shopify/Product/15113575727490,"off-white-out-of-office-ooo-low-tops-black-white-red","OFF-WHITE Out Of Office OOO Low Tops Black White Red",1238
2026-07-16T15:34:17.073Z,gid://shopify/Product/15113576219010,"off-white-out-of-office-ooo-low-tops-white-black-white","OFF-WHITE Out Of Office OOO Low Tops White Black White",1020
2026-07-16T15:34:17.073Z,gid://shopify/Product/15113578709378,"off-white-virgil-square-frame-sunglasses-black-white-grey-fw21-oeri008y21pla0011007","OFF-WHITE Virgil Square Frame Sunglasses Black White Grey (FW21) (OERI008Y21PLA0011007 / OERI008C99PLA0011007 / OERI008C99PLA0051007 / OERI008C99PLA0041007 )",1314
2026-07-16T15:34:17.073Z,gid://shopify/Product/15113579233666,"off-white-vulc-low-canvas-white-black-fw21","OFF-WHITE Vulc Low Canvas White White Black",808
2026-07-16T15:34:17.073Z,gid://shopify/Product/15113580282242,"off-white-x-jordan-t-shirt-black","OFF-WHITE x Jordan T-shirt Black",693
2026-07-16T15:34:17.073Z,gid://shopify/Product/15113581199746,"off-white-x-nike-005-t-shirts-black","OFF-WHITE x Nike 005 T-Shirts Black",807
2026-07-16T15:36:12.006Z,gid://shopify/Product/15113582739842,"off-white-x-puma-ac-milan-jersey-black","OFF-WHITE x Puma AC Milan Replica Jersey Black",922
2026-07-16T15:36:12.012Z,gid://shopify/Product/15113584214402,"on-running-cloudtilt-pearl-ivory-womens","On Running Cloudtilt Year of the Snake (Women's)",1289
2026-07-16T15:36:12.012Z,gid://shopify/Product/15113594405250,"polo-ralph-lauren-double-knit-zip-up-hoodie-aviator-navy-white","Polo Ralph Lauren Double Knit Zip-Up Hoodie Aviator Navy/White",1034
2026-07-16T15:36:12.012Z,gid://shopify/Product/15113596010882,"pop-mart-labubu-mokoko-close-to-sweet-vinyl-plush-doll-pendant-keychain","Pop Mart Labubu Mokoko Close to Sweet Vinyl Plush Pendant",1015
2026-07-16T15:36:12.012Z,gid://shopify/Product/15113596993922,"pop-mart-labubu-the-monsters-have-a-seat-ququ-vinyl-plush","Pop Mart Labubu The Monsters Have a Seat QUQU Vinyl Plush",526
2026-07-16T15:36:12.012Z,gid://shopify/Product/15113597682050,"pop-mart-labubu-the-monsters-tasty-macarons-chestnut-cocoa-vinyl-plush-pendant","Pop Mart Labubu The Monsters Exciting Macaron Chestnut Cocoa (Secret Version) Vinyl Plush Pendant",1305
2026-07-16T15:36:12.012Z,gid://shopify/Product/15113598468482,"pop-mart-labubu-x-pronounce-wings-of-fortune-vinyl-plush-hanging-card","Pop Mart Labubu x Pronounce Wings of Fortune Vinyl Plush Hanging Card",1192
2026-07-16T15:36:12.012Z,gid://shopify/Product/15113601155458,"puma-avanti-c-rihanna-fenty-black","Puma Avanti VL Rihanna Fenty Black",1002
2026-07-16T15:36:12.012Z,gid://shopify/Product/15113608135042,"puma-future-rider-nes","Puma Future Rider NES",1185
2026-07-16T15:36:12.012Z,gid://shopify/Product/15113610592642,"puma-lamelo-ball-lafrance-amour-moment-gs","Puma LaMelo Ball LaFrancé Amour Moment (GS)",958
2026-07-16T15:36:12.013Z,gid://shopify/Product/15113611608450,"puma-lamelo-ball-mb01-digital-camo","Puma LaMelo Ball MB.01 Digital Camo",1201
2026-07-16T15:36:12.013Z,gid://shopify/Product/15113612820866,"puma-lamelo-ball-mb01-white-blue","Puma LaMelo Ball MB.01 Lo Team Colors White Bluemazing",999
2026-07-16T15:36:12.013Z,gid://shopify/Product/15113613869442,"puma-lamelo-ball-mb02-lunar-new-year-jade","Puma LaMelo Ball MB.02 Lunar New Year Jade",877
2026-07-16T15:36:12.013Z,gid://shopify/Product/15113614623106,"puma-lamelo-ball-mb02-rick-and-morty-adventures","Puma LaMelo Ball MB.02 Rick & Morty Adventures",902
2026-07-16T15:36:12.013Z,gid://shopify/Product/15113615114626,"puma-lamelo-ball-mb03-be-you","Puma LaMelo Ball MB.03 Be You",1091
2026-07-16T15:36:12.013Z,gid://shopify/Product/15113616589186,"puma-lamelo-ball-mb03-kidsuper","Puma LaMelo Ball MB.03 KidSuper",1144
2026-07-16T15:36:12.013Z,gid://shopify/Product/15113618096514,"puma-lamelo-ball-mb03-toxic","Puma LaMelo Ball MB.03 Toxic",1348
2026-07-16T15:36:12.013Z,gid://shopify/Product/15113620062594,"puma-mb01-lamelo-ball-buzz-city","Puma LaMelo Ball MB.01 Buzz City",909
2026-07-16T15:36:12.013Z,gid://shopify/Product/15113620455810,"puma-mb01-lamelo-ball-red-blast","Puma LaMelo Ball MB.01 Not From Here Red Blast",812
2026-07-16T15:36:12.013Z,gid://shopify/Product/15113625731458,"puma-rs-dreamer-j-cole-black","Puma RS-Dreamer J. Cole Black",849
2026-07-16T15:36:12.013Z,gid://shopify/Product/15113626190210,"puma-rs-dreamer-super-mario-galaxy","Puma RS-Dreamer Super Mario Galaxy",1199
2026-07-16T15:36:12.013Z,gid://shopify/Product/15113628025218,"puma-slipstream-low-butter-goods-whisper-white-prism-violet","Puma Slipstream Low Butter Goods Whisper White Prism Violet",1429
2026-07-16T15:36:12.013Z,gid://shopify/Product/15113632285058,"puma-suede-atmos-staple","Puma Suede atmos Staple",1313
2026-07-16T15:36:12.013Z,gid://shopify/Product/15113638609282,"puma-suede-rhuigi-b-boy","Puma Suede Rhuigi B-Boy",1182
2026-07-16T15:36:12.013Z,gid://shopify/Product/15113651356034,"puma-x-pleasures-ac-milan-2023-24-light-version-authentic-jersey-multicolor","Puma x Pleasures AC Milan 2023/24 Light Version Authentic Jersey Multicolor",1105
2026-07-16T15:36:12.013Z,gid://shopify/Product/15113654206850,"reebok-answer-iv-ghostbusters-zuul","Reebok Answer IV Ghostbusters Zuul",1088
2026-07-16T15:36:12.013Z,gid://shopify/Product/15113655452034,"reebok-question-low-blueprint","Reebok Question Low Blueprint",1158
2026-07-16T15:36:12.013Z,gid://shopify/Product/15113656402306,"reebok-question-mid-76ers-bred","Reebok Question Mid 76ers Bred",1033
2026-07-16T15:36:12.014Z,gid://shopify/Product/15113657221506,"reebok-question-mid-halloween-2020","Reebok Question Mid Ankle Reaper (2020)",1428
2026-07-16T15:36:12.014Z,gid://shopify/Product/15113657975170,"reebok-question-mid-pink-toe","Reebok Question Mid Pink Toe",655
2026-07-16T15:36:12.014Z,gid://shopify/Product/15113659220354,"reebok-question-pump-pump-omni-lite","Reebok Question Pump Pump Omni Lite",997
2026-07-16T15:36:12.014Z,gid://shopify/Product/15113660367234,"rigorer-ar2-snowman","Rigorer AR2 Snowman",1068
2026-07-16T15:36:12.014Z,gid://shopify/Product/15113662169474,"salomon-xt-6-vanilla-ice-fired-brick","Salomon XT-6 Vanilla Ice Fired Brick",1014
2026-07-16T15:36:12.014Z,gid://shopify/Product/15113664135554,"sony-playstation-5-ps5-pro-30th-anniversary-limited-edition-bundie-eu-plug","Sony PlayStation 5 PS5 Pro 30th Anniversary Limited Edition BundIe (EU Plug)",1078
2026-07-16T15:36:12.014Z,gid://shopify/Product/15114983309698,"sp5der-og-web-hoodie-heather-grey","Sp5der OG Web Hoodie Heather Grey",1133
2026-07-16T15:36:12.014Z,gid://shopify/Product/15114983997826,"stanley-easter-flowstate-quencher-40oz-tumbler-pastel-pop","Stanley Easter Flowstate Quencher 40oz Tumbler Pastel Pop",1203
2026-07-16T15:36:12.014Z,gid://shopify/Product/15114984751490,"stanley-flowstate-quencher-40oz-protour-tumbler-midnight-glitz","Stanley Flowstate Quencher 40oz Protour Tumbler Midnight Glitz",956
2026-07-16T15:36:12.014Z,gid://shopify/Product/15114985308546,"stanley-flowstate-quencher-40oz-tumbler-camelia","Stanley Flowstate Quencher 40oz Tumbler Camelia",1130
2026-07-16T15:36:12.014Z,gid://shopify/Product/15114986291586,"stanley-flowstate-quencher-40oz-tumbler-summer-sunset-gradient","Stanley x Starbucks Flowstate Quencher 40oz Tumbler Summer Sunset Gradient",1222
2026-07-16T15:36:12.014Z,gid://shopify/Product/15114987471234,"stanley-the-all-day-quencher-40oz-carry-all-rose-quartz","Stanley The All Day Quencher 40oz Carry-All Rose Quartz",1229
2026-07-16T15:38:09.794Z,gid://shopify/Product/15114988257666,"stanley-the-clean-slate-flowstate-quencher-40oz-tumbler-cool-serene-brushstroke","Stanley The Clean Slate Flowstate Quencher 40oz Tumbler Cool Serene Brushstroke",1029
2026-07-16T15:38:09.799Z,gid://shopify/Product/15114988683650,"stanley-the-lunar-new-year-limited-edition-flowstate-quencher-30oz-tumbler-red-dragon","Stanley The Lunar New Year Limited Edition Flowstate Quencher 30oz Tumbler Red Dragon",1131
2026-07-16T15:38:09.799Z,gid://shopify/Product/15114989371778,"stanley-the-valentines-day-flowstate-quencher-40oz-tumbler-berry-truffle","Stanley The Valentines Day Flowstate Quencher 40oz Tumbler Berry Truffle",1083
2026-07-16T15:38:09.800Z,gid://shopify/Product/15114990485890,"stanley-x-barbie-legends-flowstate-quencher-40oz-tumbler-80s-peaches-n-cream","Stanley x Barbie Legends Flowstate Quencher 40oz Tumbler 80s Peaches 'N Cream",1105
2026-07-16T15:38:09.800Z,gid://shopify/Product/15114991403394,"stanley-x-loveshackfancy-flowstate-quencher-20oz-tumbler-bloomingheirloom","Stanley x LoveShackFancy Flowstate Quencher 20oz Tumbler BloomingHeirloom",1027
2026-07-16T15:38:09.800Z,gid://shopify/Product/15114991894914,"stanley-x-loveshackfancy-flowstate-quencher-40oz-tumbler-bloomingheirloom","Stanley x LoveShackFancy Flowstate Quencher 40oz Tumbler BloomingHeirloom",1039
2026-07-16T15:38:09.800Z,gid://shopify/Product/15114992288130,"stanley-x-magnolia-quencher-40oz-tumbler-basic-brown","Stanley x Magnolia Quencher 40oz Tumbler Basic Brown",1109
2026-07-16T15:38:09.801Z,gid://shopify/Product/15114993074562,"stanley-x-starbucks-quencher-40oz-tumbler-pink-2024","Stanley x Starbucks (Target Exclusive) Quencher 40oz Tumbler Winter Pink (2024)",932
2026-07-16T15:38:09.801Z,gid://shopify/Product/15114993500546,"stanley-x-target-exclusive-valentines-day-flowstate-quencher-40oz-tumbler-sweet-hearts","Stanley x Target Exclusive Valentines Day Flowstate Quencher 40oz Tumbler Sweet Hearts",1051
2026-07-16T15:38:09.801Z,gid://shopify/Product/15114994188674,"stussy-x-nike-dri-fit-mesh-jersey-black","Stussy x Nike Dri-FIT Mesh Jersey Black",959
2026-07-16T15:38:09.801Z,gid://shopify/Product/15114994680194,"supreme-box-logo-hooded-sweatshirt-fw24-light-brown","Supreme Box Logo Hooded Sweatshirt (FW24) Stone",1021
2026-07-16T15:38:09.801Z,gid://shopify/Product/15114995433858,"supreme-license-plate-multicolor","Supreme License Plate Multicolor",917
2026-07-16T15:38:09.801Z,gid://shopify/Product/15114996023682,"supreme-nike-track-pant-ss25-black","Supreme Nike Track Pant (SS25) Black",980
2026-07-16T15:38:09.801Z,gid://shopify/Product/15114996547970,"supreme-quiet-carry-knife-red","Supreme Quiet Carry Knife Red",974
2026-07-16T15:38:09.801Z,gid://shopify/Product/15114997694850,"supreme-washed-box-logo-crewneck-red","Supreme Washed Box Logo Crewneck Red",1032
2026-07-16T15:38:09.801Z,gid://shopify/Product/15114998350210,"swatch-x-omega-bioceramic-moonswatch-mission-to-the-moon-so33m100-black","Swatch x Omega Bioceramic Moonswatch Mission to the Moon SO33M100",875
2026-07-16T15:38:09.802Z,gid://shopify/Product/15115002544514,"the-marc-jacobs-the-jacquard-tote-bag-medium-black","Marc Jacobs The Jacquard Tote Bag Medium Black",864
2026-07-16T15:38:09.802Z,gid://shopify/Product/15115003986306,"the-marc-jacobs-the-tote-bag-small-black","Marc Jacobs The Tote Bag Small Black",1018
2026-07-16T15:38:09.802Z,gid://shopify/Product/15115009753474,"travis-scott-astroworld-sticker-pack-multi","Travis Scott Astroworld Sticker Pack Multi",930
2026-07-16T15:38:09.802Z,gid://shopify/Product/15115013947778,"travis-scott-cactus-jack-x-jordan-paisley-shorts-orewood","Travis Scott x Jordan Paisley Shorts Orewood",958
2026-07-16T15:38:09.802Z,gid://shopify/Product/15115017191810,"travis-scott-jordan-cactus-jack-highest-hoodie-gold","Travis Scott Jordan Cactus Jack Highest Hoodie Gold",920
2026-07-16T15:38:09.802Z,gid://shopify/Product/15115035345282,"travis-scott-utopia-tour-skitzo-circus-maximus-tee-white","Travis Scott Utopia Tour Skitzo Circus Maximus Tee White",856
2026-07-16T15:38:09.802Z,gid://shopify/Product/15115036164482,"travis-scott-x-reeses-puffs-cereal-family-size-2x-lot-not-fit-for-human-consumption","Travis Scott x Reese's Puffs Cereal Family Size 2x Lot (Not Fit For Human Consumption)",1103
2026-07-16T15:38:09.802Z,gid://shopify/Product/15115046453634,"yeezy-gosha-black-dogs-joggers-heather-grey","Yeezy Gosha Black Dogs Joggers Heather Grey",1023
2026-07-16T15:38:09.802Z,gid://shopify/Product/15115047207298,"yeezy-slide-desert-sand","adidas Yeezy Slide Desert Sand",509
2026-07-16T15:38:09.802Z,gid://shopify/Product/15115047895426,"yeezy-x-gap-engineered-by-balenciaga-high-neck-sweater-black","Yeezy x Gap Engineered by Balenciaga High Neck Sweater Black",1118
2026-07-16T15:38:09.802Z,gid://shopify/Product/15115048681858,"yeezy-x-gap-hoodie-red","Yeezy Gap Hoodie Red",916
2026-07-16T15:38:09.802Z,gid://shopify/Product/15115050582402,"yeezy-x-gap-zip-up-exclusive-hoodie-black","Yeezy x Gap Zip Up Exclusive Hoodie Poetic Black",1141
2026-07-16T15:38:09.802Z,gid://shopify/Product/15115051762050,"yzy-vultures-pants-black","YZY Vultures Pants Black",970
2026-07-16T15:38:09.803Z,gid://shopify/Product/15118783185282,"nike-air-force-1-low-kobe-bryant-court-purple","Nike Air Force 1 Low Kobe Bryant Court Purple",1249
2026-07-16T15:38:09.803Z,gid://shopify/Product/15118783611266,"nike-air-foamposite-one-cough-drop-2025","Nike Air Foamposite One Cough Drop (2025)",1216
2026-07-16T15:38:09.803Z,gid://shopify/Product/15118784102786,"nike-ja-3-mink-brown","Nike Ja 3 Mink Brown",1108
2026-07-16T15:38:09.803Z,gid://shopify/Product/15118784397698,"air-jordan-11-retro-rare-air","Jordan 11 Retro Rare Air",1377
2026-07-16T15:38:09.803Z,gid://shopify/Product/15118784856450,"ugg-tasman-weather-hybrid-slipper-black","UGG Tasman Weather Hybrid Slipper Black",1042
2026-07-16T15:38:09.803Z,gid://shopify/Product/15118786134402,"ugg-tasman-ii-slipper-dark-indigo-womens","UGG Tasman II Slipper Dark Indigo (Women's)",1121
2026-07-16T15:38:09.803Z,gid://shopify/Product/15118786625922,"ugg-tasman-slipper-deep-ice-womens","UGG Tasman Slipper Deep Ice (Women's)",1080
2026-07-16T15:38:09.803Z,gid://shopify/Product/15118788297090,"ugg-tasman-weather-hybrid-slipper-chestnut-orange","UGG Tasman Weather Hybrid Slipper Chestnut Orange",1108
2026-07-16T15:38:09.803Z,gid://shopify/Product/15118788854146,"ugg-tasman-slipper-goose","UGG Tasman Slipper Goose",1137
2026-07-16T15:38:09.803Z,gid://shopify/Product/15118790099330,"ugg-tazz-slipper-chestnut-kids","UGG Tazz Slipper Chestnut (Kids)",1252
2026-07-16T15:38:09.803Z,gid://shopify/Product/15118791311746,"ugg-tazz-slipper-goose-womens","UGG Tazz Slipper Goose (Women's)",1092
2026-07-16T15:39:56.992Z,gid://shopify/Product/15118792327554,"ugg-lowmel-black","UGG Lowmel Black",1048
2026-07-16T15:39:56.998Z,gid://shopify/Product/15118794064258,"trapstar-decoded-20-hooded-puffer-jacket-black","Trapstar Decoded 2.0 Hooded Puffer Jacket Black",933
2026-07-16T15:39:56.998Z,gid://shopify/Product/15118794523010,"stussy-midweight-puffer-jacket-olive","Stussy Midweight Puffer Jacket Olive",840
2026-07-16T15:39:56.998Z,gid://shopify/Product/15118795080066,"nike-x-nocta-sunset-puffer-jacket-desert-berry","Nike x NOCTA Sunset Puffer Jacket Desert Berry",1110
2026-07-16T15:39:56.998Z,gid://shopify/Product/15118795735426,"adidas-campus-00s-winter-low-earth-strata-womens","adidas Campus 00s Winter Low Earth Strata (Women's)",1258
2026-07-16T15:39:56.998Z,gid://shopify/Product/15118796489090,"saucony-progrid-omni-9-white-black-silver-gold","Saucony ProGrid Omni 9 Silver Gold",1088
2026-07-16T15:39:56.998Z,gid://shopify/Product/15118797537666,"saucony-grid-ride-millennium-black","Saucony Grid Ride Millennium Black",1092
2026-07-16T15:39:56.998Z,gid://shopify/Product/15118798455170,"saucony-progrid-omni-9-jae-tips-to-do-list-tan","Saucony ProGrid Omni 9 Jae Tips To Do List Tan",1101
2026-07-16T15:39:56.999Z,gid://shopify/Product/15121798791554,"ugg-classic-ultra-mini-boot-mustard-seed","UGG Classic Ultra Mini Boot Mustard Seed",979
2026-07-16T15:39:56.999Z,gid://shopify/Product/15122829214082,"pokemon-scarlet-violet-151-blooming-waters-premium-collection-box","Pokémon Scarlet & Violet 151 Blooming Waters Premium Collection Box",985
2026-07-16T15:39:56.999Z,gid://shopify/Product/15122834522498,"pokemon-scarlet-violet-journey-together-pokemon-center-elite-trainer-box","Pokémon Scarlet & Violet Journey Together Pokemon Center Elite Trainer Box",1054
2026-07-16T15:39:56.999Z,gid://shopify/Product/15122834719106,"pokemon-scarlet-violet-prismatic-evolutions-booster-bundle","Pokémon Scarlet & Violet Prismatic Evolutions Booster Bundle",1246
2026-07-16T15:39:56.999Z,gid://shopify/Product/15122839896450,"pokemon-tcg-scarlet-violet-15-6pk-booster-bundle-10x-lot","Pokémon TCG Scarlet & Violet 151 6pk Booster Bundle 10x Lot",1181
2026-07-16T15:39:56.999Z,gid://shopify/Product/15123141656962,"nike-air-zoom-pegasus-premium-run","Nike Air Zoom Pegasus Premium Run",1042
2026-07-16T15:39:56.999Z,gid://shopify/Product/15123143590274,"nike-air-zoom-pegasus-premium-washed-coral","Nike Air Zoom Pegasus Premium Washed Coral",1043
2026-07-16T15:39:56.999Z,gid://shopify/Product/15123145556354,"nike-air-pegasus-wave-black-anthracite","Nike Air Pegasus Wave Black Anthracite",1243
2026-07-16T15:39:56.999Z,gid://shopify/Product/15123177275778,"nike-air-zoom-pegasus-41-eliud-kipchoge","Nike Air Zoom Pegasus 41 Eliud Kipchoge",1412
2026-07-16T15:39:56.999Z,gid://shopify/Product/15123196608898,"nike-air-zoom-pegasus-38-black-white","Nike Air Zoom Pegasus 38 Black White",1430
2026-07-16T15:39:56.999Z,gid://shopify/Product/15123207848322,"nike-air-zoom-pegasus-40-black-anthracite","Nike Air Zoom Pegasus 40 Black Anthracite",1315
2026-07-16T15:39:56.999Z,gid://shopify/Product/15123217973634,"nike-react-pegasus-trail-4-black-dark-grey","Nike React Pegasus Trail 4 Black Dark Grey",1325
2026-07-16T15:39:57.000Z,gid://shopify/Product/15123228983682,"nike-air-pegasus-89-golf-nrg-phoenix-open","Nike Air Pegasus '89 Golf NRG Phoenix Open",1635
2026-07-16T15:39:57.000Z,gid://shopify/Product/15123232850306,"nike-pegasus-turbo-next-nature-white-light-bone","Nike Pegasus Turbo Next Nature White Light Bone",1331
2026-07-16T15:39:57.000Z,gid://shopify/Product/15123243696514,"nike-pegasus-trail-3-gore-tex-rattan-campfire-orange","Nike Pegasus Trail 3 Gore-Tex Rattan Campfire Orange",1395
2026-07-16T15:39:57.000Z,gid://shopify/Product/15123253363074,"nike-zoom-pegasus-turbo-2-doernbecher-2019","Nike Zoom Pegasus Turbo 2 Doernbecher (2019)",1030
2026-07-16T15:39:57.000Z,gid://shopify/Product/15123255689602,"nike-invincible-run-3-black-white","Nike ZoomX Invincible Run 3 Black White",1302
2026-07-16T15:39:57.000Z,gid://shopify/Product/15123259523458,"nike-zoomx-dragonfly-sprint-spikes-white","Nike ZoomX Dragonfly Sprint Spikes White",1296
2026-07-16T15:39:57.000Z,gid://shopify/Product/15123262046594,"nike-victory-2-bright-crimson-hyper-orange-lime-blast-washed-coral","Nike Victory 2 Bright Crimson Hyper Orange Lime Blast Washed Coral",1178
2026-07-16T15:39:57.001Z,gid://shopify/Product/15123265552770,"nike-maxfly-2-bright-crimson-lime-blast-mint-foam-washed-coral","Nike Maxfly 2 Bright Crimson Lime Blast Mint Foam Washed Coral",1128
2026-07-16T15:39:57.001Z,gid://shopify/Product/15123266994562,"nike-air-zoom-maxfly-barely-volt-hyper-orange","Nike Air Zoom Maxfly Barely Volt Hyper Orange",931
2026-07-16T15:39:57.001Z,gid://shopify/Product/15123269747074,"nike-cortez-forrest-gump-2024","Nike Cortez Forrest Gump (2024)",1204
2026-07-16T15:39:57.001Z,gid://shopify/Product/15123271647618,"nike-classic-cortez-stranger-things-sail","Nike Classic Cortez Stranger Things Sail Upside Down Pack",1503
2026-07-16T15:39:57.001Z,gid://shopify/Product/15123273580930,"nike-cortez-white-black-light-photo-blue","Nike Cortez '23 White Black Light Photo Blue",1256
2026-07-16T15:39:57.001Z,gid://shopify/Product/15123279544706,"nike-cortez-union-grain","Nike Cortez SP Union Sesame",1183
2026-07-16T15:39:57.001Z,gid://shopify/Product/15123279905154,"nike-cortez-forrest-gump-2024-womens","Nike Cortez Forrest Gump (2024) (Women's)",1093
2026-07-16T15:39:57.001Z,gid://shopify/Product/15123285148034,"nike-cortez-be-true-2022","Nike Cortez Be True (2022)",1433
2026-07-16T15:39:57.001Z,gid://shopify/Product/15139067789698,"rigorer-ar1-cocoon","Rigorer AR1 Cocoon",1449
2026-07-16T15:39:57.001Z,gid://shopify/Product/15139793863042,"fear-of-god-essentials-3d-silicon-applique-pullover-hoodie-buttercream","Fear of God Essentials Pullover Hoodie Applique Logo Buttercream",871
2026-07-16T15:39:57.001Z,gid://shopify/Product/15139794059650,"fear-of-god-essentials-core-collection-s-s-tee-black","Fear of God Essentials Core Collection S/S Tee Black",1065
2026-07-16T15:39:57.001Z,gid://shopify/Product/15139794485634,"fear-of-god-essentials-fleece-essential-sweatpant-light-heather-gray","Fear of God Essentials Fleece Essential Sweatpant Light Heather Gray",1723
2026-07-16T15:39:57.002Z,gid://shopify/Product/15139794715010,"fear-of-god-essentials-fleece-hoodie-marine","Fear of God Essentials Fleece Hoodie Marine",1452
2026-07-16T15:42:08.942Z,gid://shopify/Product/15139795009922,"fear-of-god-essentials-hoodie-black","Fear of God Essentials Arch Logo Hoodie Jet Black",896
2026-07-16T15:42:08.950Z,gid://shopify/Product/15139795435906,"fear-of-god-essentials-hoodie-silver-cloud","Fear of God Essentials Hoodie Silver Cloud",885
2026-07-16T15:42:08.950Z,gid://shopify/Product/15139795796354,"fear-of-god-essentials-nba-hoodie-ss25-black","Fear of God Essentials NBA Hoodie (SS25) Black",828
2026-07-16T15:42:08.950Z,gid://shopify/Product/15139796091266,"fear-of-god-essentials-pull-over-hoodie-ss21-cream-buttercream","Fear of God Essentials Pull-Over Hoodie (SS21) Cream/Buttercream",805
2026-07-16T15:42:08.950Z,gid://shopify/Product/15139796386178,"fear-of-god-essentials-shorts-ss21-black-stretch-limo","Fear of God Essentials Shorts (SS21) Black/Stretch Limo",893
2026-07-16T15:42:08.951Z,gid://shopify/Product/15139796615554,"fear-of-god-essentials-sweatpant-fw23-jet-black","Fear of God Essentials Sweatpant (FW23) Jet Black",839
2026-07-16T15:42:08.951Z,gid://shopify/Product/15139796943234,"fear-of-god-essentials-sweatshort-ink","Fear of God Essentials Sweatshort Ink",827
2026-07-16T15:42:08.952Z,gid://shopify/Product/15139797172610,"fear-of-god-essentials-tee-gold-heather","Fear of God Essentials Tee Gold Heather",742
2026-07-16T15:42:08.952Z,gid://shopify/Product/15142596149634,"adidas-ae-1-low-iron-sharpens-iron","adidas AE 1 Low Iron Sharpens Iron",856
2026-07-16T15:42:08.952Z,gid://shopify/Product/15142596772226,"adidas-campus-00s-crystal-white-better-scarlet","adidas Campus 00s Crystal White Better Scarlet (Women's)",1140
2026-07-16T15:42:08.958Z,gid://shopify/Product/15142597788034,"adidas-forum-84-low-off-white-brown","adidas Forum 84 Low Off White Brown",952
2026-07-16T15:42:08.959Z,gid://shopify/Product/15142600081794,"adidas-gazelle-bold-clear-sky-womens","adidas Gazelle Bold Clear Sky (Women's)",901
2026-07-16T15:42:08.959Z,gid://shopify/Product/15142600606082,"adidas-gazelle-bold-grey-magic-beige-gum-womens","adidas Gazelle Bold Grey Magic Beige Gum (Women's)",886
2026-07-16T15:42:08.959Z,gid://shopify/Product/15142601392514,"adidas-gazelle-bold-triple-white-womens","adidas Gazelle Bold Triple White (Women's)",1104
2026-07-16T15:42:08.959Z,gid://shopify/Product/15142607290754,"adidas-gazelle-indoor-lucid-blue-pink-womens","adidas Gazelle Indoor Lucid Blue Pink (Women's)",1222
2026-07-16T15:42:08.959Z,gid://shopify/Product/15142608634242,"adidas-gazelle-indoor-shock-purple-womens","adidas Gazelle Indoor Shock Purple (Women's)",893
2026-07-16T15:42:08.960Z,gid://shopify/Product/15142612140418,"adidas-handball-spezial-black-yellow","adidas Handball Spezial Black Yellow",1053
2026-07-16T15:42:08.960Z,gid://shopify/Product/15142617612674,"adidas-handball-spezial-preloved-yellow","adidas Handball Spezial Preloved Yellow",950
2026-07-16T15:42:08.960Z,gid://shopify/Product/15142843056514,"adidas-handball-spezial-white-grey","adidas Handball Spezial White Grey",1071
2026-07-16T15:42:08.960Z,gid://shopify/Product/15142846726530,"adidas-samba-lt-cream-white-warm-sandstone-womens","adidas Samba LT Cream White Warm Sandstone (Women's)",961
2026-07-16T15:42:08.960Z,gid://shopify/Product/15142852034946,"air-jordan-1-elevate-low-se-salt-lake-city-w","Jordan 1 Elevate Low SE Salt Lake City (Women's)",1052
2026-07-16T15:42:08.960Z,gid://shopify/Product/15142852886914,"air-jordan-1-high-zoom-air-cmft-white-daybreak","Jordan 1 High Zoom Air CMFT White Daybreak Tropical Twist",1125
2026-07-16T15:42:08.960Z,gid://shopify/Product/15142853706114,"air-jordan-1-low-diamond-shorts","Jordan 1 Low Diamond Shorts",863
2026-07-16T15:42:08.961Z,gid://shopify/Product/15142854721922,"air-jordan-1-low-light-smoke-grey-gym-red","Jordan 1 Low SE Light Smoke Grey Gym Red",857
2026-07-16T15:42:08.961Z,gid://shopify/Product/15142855344514,"air-jordan-1-low-quai-54-2021","Jordan 1 Low Quai 54 (2021)",915
2026-07-16T15:42:08.961Z,gid://shopify/Product/15142855934338,"air-jordan-1-low-se-barcelona-cyber-teal","Jordan 1 Low SE Barcelona Cyber Teal",943
2026-07-16T15:42:08.961Z,gid://shopify/Product/15142857539970,"air-jordan-1-low-se-football-grey-white-gym-red-midnight-navy-womens","Jordan 1 Low SE Football Grey White Gym Red Midnight Navy (Women's)",1110
2026-07-16T15:42:08.961Z,gid://shopify/Product/15142858490242,"air-jordan-1-low-se-light-graphite-vivid-orange","Jordan 1 Low SE Light Graphite Vivid Orange",1060
2026-07-16T15:42:08.961Z,gid://shopify/Product/15142859309442,"air-jordan-1-low-se-tropical-twist","Jordan 1 Low SE Tropical Twist",872
2026-07-16T15:42:08.961Z,gid://shopify/Product/15142860095874,"air-jordan-1-low-snkrs-day-korea-magpie-2023","Jordan 1 Low SNKRS Day Korea Magpie (2023)",1011
2026-07-16T15:42:08.961Z,gid://shopify/Product/15142861472130,"air-jordan-1-mid-banned-2020","Jordan 1 Mid Banned (2020)",932
2026-07-16T15:42:08.961Z,gid://shopify/Product/15142862127490,"air-jordan-1-mid-bred-text-gs","Jordan 1 Mid Bred Text (GS)",1008
2026-07-16T15:42:08.962Z,gid://shopify/Product/15142863176066,"air-jordan-1-mid-diamond-shorts-td","Jordan 1 Mid Diamond Shorts (TD)",787
2026-07-16T15:42:08.962Z,gid://shopify/Product/15142863995266,"air-jordan-1-mid-madder-root-gs","Jordan 1 Mid Light Madder Root (GS)",1010
2026-07-16T15:42:08.962Z,gid://shopify/Product/15142865174914,"air-jordan-1-mid-shattered-backboard","Jordan 1 Mid Shattered Backboard",995
2026-07-16T15:42:08.962Z,gid://shopify/Product/15142865830274,"air-jordan-1-retro-high-85-georgetown","Jordan 1 Retro High '85 Georgetown",1055
2026-07-16T15:42:08.962Z,gid://shopify/Product/15142866485634,"air-jordan-1-retro-high-neutral-grey-hyper-crimson","Jordan 1 Retro High Neutral Grey Hyper Crimson",904
2026-07-16T15:42:08.962Z,gid://shopify/Product/15142893093250,"lego-star-wars-imperial-shuttle-set-10212","LEGO Star Wars Imperial Shuttle Set 10212",1018
2026-07-16T15:42:08.962Z,gid://shopify/Product/15142928515458,"birkenstock-arizona-birko-flor-black","Birkenstock Arizona Birko-Flor Black",1054
2026-07-16T15:42:08.962Z,gid://shopify/Product/15142932545922,"birkenstock-boston-suede-latte-cream","Birkenstock Boston Suede Latte Cream",976
2026-07-16T15:44:22.747Z,gid://shopify/Product/15142940672386,"timberland-40-below-superboot-brown","Timberland 40 Below Super Boot Hazel Highway",1055
2026-07-16T15:44:22.751Z,gid://shopify/Product/15142941458818,"air-jordan-5-retro-medium-soft-pink-ps","Jordan 5 Retro Medium Soft Pink (PS)",969
2026-07-16T15:44:22.751Z,gid://shopify/Product/15142943129986,"air-jordan-tatum-4-siren-red","Jordan Tatum 4 St. Louis",902
2026-07-16T15:44:22.751Z,gid://shopify/Product/15142944244098,"nike-moon-shoe-sp-jacquemus-university-red","Nike Moon Shoe SP Jacquemus University Red (Women's)",874
2026-07-16T15:44:22.751Z,gid://shopify/Product/15155286933890,"ugg-classic-mini-dipper-puffer-boot-amphora-chestnut-womens","UGG Classic Mini Dipper Puffer Boot Amphora Chestnut (Women's)",1280
2026-07-16T15:44:22.751Z,gid://shopify/Product/15158178120066,"air-jordan-11-retro-low-pink-snakeskin-w","Jordan 11 Retro Low Pink Snakeskin (2019) (Women's)",962
2026-07-16T15:44:22.751Z,gid://shopify/Product/15158259941762,"ugg-tasman-slipper-samba-red","UGG Tasman Slipper Samba Red",1311
2026-07-16T15:44:22.751Z,gid://shopify/Product/15161371394434,"air-jordan-1-low-valentines-day-gs","Jordan 1 Low Valentine’s Day (GS)",988
2026-07-16T15:44:22.751Z,gid://shopify/Product/15161373950338,"jordan-7-retro-tinker-alternate","Jordan 7 Retro Tinker Alternate",966
2026-07-16T15:44:22.751Z,gid://shopify/Product/15161375719810,"jordan-14-retro-thunder","Jordan 14 Retro Thunder",1231
2026-07-16T15:44:22.751Z,gid://shopify/Product/15162631651714,"barbie-signature-lebarbie-lebron-james-doll","Barbie Signature LeBarbie Lebron James Doll",1165
2026-07-16T15:44:22.751Z,gid://shopify/Product/15162663731586,"gundam-x-nike-sb-unicorn-qmsv-rx-0-gundam-destory-mode-mini-action-figure","Bandai Gundam x Nike SB Unicorn QMSV RX-0 (Destroy Mode) Action Figure",820
2026-07-16T15:44:22.751Z,gid://shopify/Product/15162668188034,"casio-50th-anniversary-ring-watch-crw-001-1jr-black","Casio 50th Anniversary Ring Watch CRW-001-1",1068
2026-07-16T15:44:22.751Z,gid://shopify/Product/15162705576322,"air-jordan-1-retro-low-og-ice-blue","Jordan 1 Retro Low OG Ice Blue",1347
2026-07-16T15:44:22.751Z,gid://shopify/Product/15162719601026,"puma-cell-bait-x-marvel-carnage","Puma Cell Bait x Marvel Carnage (Special Box/Cannister)",1340
2026-07-16T15:44:22.751Z,gid://shopify/Product/15162724352386,"air-jordan-flight-court-who-decides-war-bred-womens","Jordan Flight Court Who Decides War Bred (Women's)",1302
2026-07-16T15:44:22.751Z,gid://shopify/Product/15162724680066,"new-balance-abzorb-2000-baby-blue","New Balance Abzorb 2000 Baby Blue",1531
2026-07-16T15:44:22.751Z,gid://shopify/Product/15162725335426,"new-balance-550-white-black-grey","New Balance 550 White Concrete Black",1237
2026-07-16T15:44:22.751Z,gid://shopify/Product/15162725564802,"new-balance-9060-landslide-mushroom","New Balance 9060 Landslide Mushroom",1176
2026-07-16T15:44:22.751Z,gid://shopify/Product/15162726089090,"new-balance-990v6-miusa-dark-camo-incense","New Balance 990v6 MiUSA Dark Camo Incense",1182
2026-07-16T15:44:22.751Z,gid://shopify/Product/15163558101378,"lego-nike-dunk-x-lego-set-set-43008","LEGO Nike Dunk Set 43008",967
2026-07-16T15:44:22.752Z,gid://shopify/Product/15163558297986,"lego-disney-castle-set-43222","LEGO Disney Castle Set 43222",1342
2026-07-16T15:44:22.752Z,gid://shopify/Product/15163558592898,"lego-titanic-set-10294","LEGO Titanic Set 10294",1016
2026-07-16T15:44:22.752Z,gid://shopify/Product/15163558855042,"lego-star-wars-boba-fett-helmet-set-75277","LEGO Star Wars Boba Fett Helmet Set 75277",836
2026-07-16T15:44:22.752Z,gid://shopify/Product/15163559084418,"lego-star-wars-tie-fighter-pilot-helmet-set-75274","LEGO Star Wars TIE Fighter Pilot Helmet Set 75274",775
2026-07-16T15:44:22.752Z,gid://shopify/Product/15163559313794,"lego-ideas-nasa-apollo-saturn-v-set-92176","LEGO Ideas NASA Apollo Saturn V Set 92176",751
2026-07-16T15:44:22.752Z,gid://shopify/Product/15163559543170,"lego-volkswagen-t1-camper-set-10220","LEGO Volkswagen T1 Camper Set 10220 (1334 Piece)",776
2026-07-16T15:44:22.752Z,gid://shopify/Product/15163559739778,"lego-icons-pac-man-arcade-set-10323","LEGO Icons PAC-MAN Arcade Set 10323",1330
2026-07-16T15:44:22.752Z,gid://shopify/Product/15163559936386,"lego-icons-nasa-artemis-space-launch-system-set-10341","LEGO Icons NASA Artemis Space Launch System Set 10341",1271
2026-07-16T15:44:22.752Z,gid://shopify/Product/15163560198530,"lego-ideas-steamboat-willie-set-21317","LEGO Ideas Steamboat Willie Set 21317",782
2026-07-16T15:44:22.752Z,gid://shopify/Product/15163560493442,"lego-dc-comics-super-herores-jokerland-set-76035","LEGO DC Comics Super Heroes Jokerland Set 76035",853
2026-07-16T15:44:22.752Z,gid://shopify/Product/15163560755586,"lego-nike-slam-dunk-set-43010","LEGO Nike Slam Dunk Set 43010",1066
2026-07-16T15:44:22.752Z,gid://shopify/Product/15163561214338,"lego-mos-eisley-cantina-set-75290","LEGO Star Wars Mos Eisley Cantina Set 75290",804
2026-07-16T15:44:22.752Z,gid://shopify/Product/15163561410946,"lego-harry-potter-gringotts-wizarding-bank-collectors-edition-set-76417","LEGO Harry Potter Gringotts Wizarding Bank Collectors' Edition Set 76417",1215
2026-07-16T15:44:22.752Z,gid://shopify/Product/15163561673090,"lego-atari-2600-set-10306","LEGO Atari 2600 Set 10306",814
2026-07-16T15:44:22.752Z,gid://shopify/Product/15163561902466,"lego-harry-potter-hogwarts-castle-and-grounds-set-76419","LEGO Harry Potter Hogwarts Castle and Grounds Set 76419",1116
2026-07-16T15:44:22.752Z,gid://shopify/Product/15163562164610,"lego-friends-central-perk-set-21319","LEGO Ideas FRIENDS Central Perk Set 21319",694
2026-07-16T15:44:22.752Z,gid://shopify/Product/15163562426754,"lego-ford-mustang-gt-set-10265","LEGO Creator Ford Mustang GT Set 10265",898
2026-07-16T15:44:22.752Z,gid://shopify/Product/15162719601026,"puma-cell-bait-x-marvel-carnage","Puma Cell Bait x Marvel Carnage (Special Box/Cannister)",88
2026-07-16T15:44:22.752Z,gid://shopify/Product/15162725335426,"new-balance-550-white-black-grey","New Balance 550 White Concrete Black",161
2026-07-16T15:44:22.752Z,gid://shopify/Product/15162725564802,"new-balance-9060-landslide-mushroom","New Balance 9060 Landslide Mushroom",151
2026-07-16T15:44:22.752Z,gid://shopify/Product/15162726089090,"new-balance-990v6-miusa-dark-camo-incense","New Balance 990v6 MiUSA Dark Camo Incense",161
2026-07-16T15:44:22.752Z,gid://shopify/Product/15163562721666,"lego-marvel-x-men-the-x-mansion-set-76294","LEGO Marvel X-Men: The X-Mansion Set 76294",1030
2026-07-16T15:46:18.541Z,gid://shopify/Product/15163563016578,"lego-imperial-star-destroyer-ultimate-collector-series-set-75252","LEGO Star Wars Imperial Star Destroyer Ultimate Collector Series Set 75252",722
2026-07-16T15:46:18.545Z,gid://shopify/Product/15163563245954,"lego-indiana-jones-raiders-of-the-lost-ark-temple-of-the-golden-idol-set-77015","LEGO Indiana Jones Raiders of the Lost Ark Temple of the Golden Idol Set 77015",847
2026-07-16T15:46:18.545Z,gid://shopify/Product/15163563508098,"lego-star-wars-ultimate-collector-series-the-razor-crest-set-75331","LEGO Star Wars Ultimate Collector Series The Razor Crest Set 75331",833
2026-07-16T15:46:18.545Z,gid://shopify/Product/15163563704706,"lego-the-spring-festival-auspicious-dragon-set-80112","LEGO The Spring Festival Auspicious Dragon Set 80112",833
2026-07-16T15:46:18.545Z,gid://shopify/Product/15163563901314,"lego-star-wars-ultimate-collector-series-x-wing-starfighter-set-75355","LEGO Star Wars Ultimate Collector Series X-Wing Starfighter Set 75355",957
2026-07-16T15:46:18.546Z,gid://shopify/Product/15163564130690,"lego-architecture-empire-state-building-set-21046","LEGO Architecture Empire State Building Set 21046",738
2026-07-16T15:46:18.546Z,gid://shopify/Product/15163564360066,"lego-icons-natural-history-museum-set-10326","LEGO ICONS Natural History Museum Set 10326",1173
2026-07-16T15:46:18.546Z,gid://shopify/Product/15163564654978,"lego-jurassic-world-jurassic-park-trex-rampage-set-75936","LEGO Jurassic World Jurassic Park: T.rex Rampage Set 75936",733
2026-07-16T15:46:18.546Z,gid://shopify/Product/15163564949890,"lego-marvel-studios-the-infinity-saga-thors-hammer-set-76209","LEGO Marvel Studios The Infinity Saga Thor's Hammer Set 76209",800
2026-07-16T15:46:18.546Z,gid://shopify/Product/15163565212034,"lego-x-moma-vincent-van-gogh-the-starry-night-set-21333-blue","LEGO Ideas MoMA Vincent van Gogh The Starry Night Set 21333",785
2026-07-16T15:46:18.546Z,gid://shopify/Product/15163565408642,"lego-pickup-truck-set-10290","LEGO Pickup Truck Set 10290",759
2026-07-16T15:46:18.546Z,gid://shopify/Product/15163565670786,"lego-at-at-set-75288","LEGO Star Wars AT-AT Set 75288",727
2026-07-16T15:46:18.546Z,gid://shopify/Product/15163565867394,"lego-ninjago-lloyds-golden-ultra-dragon-set-71774","LEGO Ninjago Lloyd's Golden Ultra Dragon Set 71774",705
2026-07-16T15:46:18.546Z,gid://shopify/Product/15163566129538,"lego-technic-powered-up-liebherr-r-9800-excavator-set-42100","LEGO Technic Powered Up Liebherr R 9800 Excavator Set 42100",832
2026-07-16T15:46:18.546Z,gid://shopify/Product/15163566391682,"lego-star-wars-sandcrawler-set-75059","LEGO Star Wars Sandcrawler Set 75059",862
2026-07-16T15:46:18.547Z,gid://shopify/Product/15163566653826,"lego-technic-oracle-red-bull-racing-rb20-f1-car-set-42206","LEGO Technic Oracle Red Bull Racing RB20 F1 Car Set 42206",923
2026-07-16T15:46:18.547Z,gid://shopify/Product/15163566948738,"lego-star-wars-dark-trooper-helmet-set-75343","LEGO Star Wars Dark Trooper Helmet Set 75343",843
2026-07-16T15:46:18.547Z,gid://shopify/Product/15163567243650,"lego-star-wars-a-wing-starfighter-set-75275","LEGO Star Wars Ultimate Collector Series A-Wing Starfighter Set 75275",729
2026-07-16T15:46:18.547Z,gid://shopify/Product/15163567702402,"lego-star-wars-501st-leegion-clone-troopers-set-75280","LEGO Star Wars 501st Legion Clone Troopers Set 75280",799
2026-07-16T15:46:18.547Z,gid://shopify/Product/15163568324994,"lego-monkie-kid-the-heavenly-realms-set-80039","LEGO Monkie Kid The Heavenly Realms Set 80039",959
2026-07-16T15:46:18.547Z,gid://shopify/Product/15163568783746,"lego-speed-champions-1974-porsche-911-turbo-3-set-75895","LEGO Speed Champions 1974 Porsche 911 Turbo 3 Set 75895",704
2026-07-16T15:46:18.547Z,gid://shopify/Product/15163569144194,"lego-marvel-super-heroes-spider-man-web-warriors-ultimate-bridge-battle-set-76057","LEGO Marvel Super Heroes Spider-Man: Web Warriors Ultimate Bridge Battle Set 76057",758
2026-07-16T15:46:18.547Z,gid://shopify/Product/15163569602946,"lego-marvel-super-heroes-iron-man-hall-of-armour-set-76125","LEGO Marvel Super Heroes Iron Man Hall of Armor Set 76125",1620
2026-07-16T15:46:18.547Z,gid://shopify/Product/15163569799554,"lego-technic-mercedes-benz-arocs-3245-set-42043","LEGO Technic Mercedes-Benz Arocs 3245 Set 42043",992
2026-07-16T15:46:18.547Z,gid://shopify/Product/15163570094466,"lego-galaxy-explorer-set-10497","LEGO Galaxy Explorer Set 10497",1068
2026-07-16T15:46:18.547Z,gid://shopify/Product/15163570487682,"lego-ninjago-movie-city-docks-set-70657","LEGO Ninjago Movie City Docks Set 70657",670
2026-07-16T15:46:18.547Z,gid://shopify/Product/15163570717058,"lego-dc-comics-super-heroes-batman-arkham-asylum-breakout-set-10937","LEGO DC Comics Super Heroes Batman: Arkham Asylum Breakout Set 10937",814
2026-07-16T15:46:18.547Z,gid://shopify/Product/15163570979202,"lego-architecture-taj-mahal-set-21056","LEGO Architecture Taj Mahal Set 21056",893
2026-07-16T15:46:18.547Z,gid://shopify/Product/15163571372418,"lego-creator-big-ben-set-10253","LEGO Creator Big Ben Set 10253",975
2026-07-16T15:46:18.547Z,gid://shopify/Product/15163571634562,"lego-ideas-tron-legacy-set-21314","LEGO Ideas TRON Legacy Set 21314",951
2026-07-16T15:46:18.547Z,gid://shopify/Product/15163571863938,"lego-star-wars-imperial-probe-droid-set-75306","LEGO Star Wars Imperial Probe Droid Set 75306",1120
2026-07-16T15:46:18.548Z,gid://shopify/Product/15163572355458,"lego-ideas-caterham-seven-620r-set-21307","LEGO Ideas Caterham Seven 620R Set 21307",935
2026-07-16T15:46:18.548Z,gid://shopify/Product/15163572748674,"lego-batman-batmobile-tumbler-scarecrow-showdown-set-76239-black","LEGO Batman Batmobile Tumbler: Scarecrow Showdown Set 76239 Black",911
2026-07-16T15:46:18.548Z,gid://shopify/Product/15163573174658,"lego-star-wars-assault-on-hoth-set-75098","LEGO Star Wars Assault on Hoth Set 75098",751
2026-07-16T15:46:18.548Z,gid://shopify/Product/15163573404034,"lego-chinese-new-year-temple-fair-set-80105","LEGO Chinese New Year Temple Fair Set 80105",568
2026-07-16T15:46:18.548Z,gid://shopify/Product/15163573764482,"lego-one-piece-the-going-merry-pirate-ship-set-75639","LEGO One Piece The Going Merry Pirate Ship Set 75639",1124
2026-07-16T15:46:18.548Z,gid://shopify/Product/15163574157698,"lego-slave-i-20th-anniversary-edition-set-75243","LEGO Star Wars Slave I 20th Anniversary Edition Set 75243",801
2026-07-16T15:46:18.548Z,gid://shopify/Product/15163574550914,"lego-botanical-collection-orchid-set-10311","LEGO Botanical Collection Orchid Set 10311",651
2026-07-16T15:46:18.548Z,gid://shopify/Product/15163575107970,"lego-the-rolling-stones-set-31206","LEGO The Rolling Stones Set 31206",684
2026-07-16T15:46:18.548Z,gid://shopify/Product/15163575468418,"lego-technic-volvo-l350f-wheel-loader-set-42030","LEGO Technic Volvo L350F Wheel Loader Set 42030",1273
2026-07-16T15:48:15.816Z,gid://shopify/Product/15163575796098,"lego-creator-roses-set-40460","LEGO Creator Roses Set 40460",722
2026-07-16T15:48:15.821Z,gid://shopify/Product/15163576418690,"lego-ideas-viking-village-set-21343","LEGO Ideas Viking Village Set 21343",838
2026-07-16T15:48:15.821Z,gid://shopify/Product/15163577205122,"lego-ninjago-destinys-bounty-set-71705","LEGO Ninjago Destiny's Bounty Set 71705",966
2026-07-16T15:48:15.821Z,gid://shopify/Product/15163577991554,"lego-technic-app-controlled-transformation-vehicle-set-42140","LEGO Technic App-Controlled Transformation Vehicle Set 42140",780
2026-07-16T15:48:15.821Z,gid://shopify/Product/15163579564418,"lego-star-wars-boba-fetts-throne-room-set-75326","LEGO Star Wars Boba Fett's Throne Room Set 75326",751
2026-07-16T15:48:15.821Z,gid://shopify/Product/15163580449154,"lego-star-wars-poes-x-wing-fighter-set-75102","LEGO Star Wars Poe's X-wing Fighter Set 75102",717
2026-07-16T15:48:15.821Z,gid://shopify/Product/15163581497730,"lego-city-cargo-train-set-60052","LEGO City Cargo Train Set 60052",889
2026-07-16T15:48:15.821Z,gid://shopify/Product/15163582153090,"lego-the-lego-movie-2-welcome-to-apocalypseburg-set-70840","LEGO The LEGO Movie 2 Welcome to Apocalypseburg! Set 70840",818
2026-07-16T15:48:15.821Z,gid://shopify/Product/15163583267202,"lego-star-wars-darth-mauls-sith-infiltrator-set-75383","LEGO Star Wars Darth Maul's Sith Infiltrator Set 75383",943
2026-07-16T15:48:15.821Z,gid://shopify/Product/15163584545154,"lego-star-wars-obi-wans-jedi-interceptor-set-75135","LEGO Star Wars Obi-Wan's Jedi Interceptor Set 75135",900
2026-07-16T15:48:15.821Z,gid://shopify/Product/15163586118018,"lego-star-wars-jabbas-sail-barge-set-75020","LEGO Star Wars Jabba's Sail Barge Set 75020",866
2026-07-16T15:48:15.821Z,gid://shopify/Product/15163588706690,"lego-star-wars-ahsoka-tanos-t-6-jedi-shuttle-set-75362","LEGO Star Wars Ahsoka Tano's T-6 Jedi Shuttle Set 75362",931
2026-07-16T15:48:15.821Z,gid://shopify/Product/15163592147330,"lego-the-lego-batman-movie-the-joker-notorious-lowrider-set-70906","LEGO The LEGO Batman Movie The Joker Notorious Lowrider Set 70906",835
2026-07-16T15:48:15.821Z,gid://shopify/Product/15163594211714,"lego-star-wars-naboo-starfighter-set-75092","LEGO Star Wars Naboo Starfighter Set 75092",885
2026-07-16T15:48:15.821Z,gid://shopify/Product/15163595293058,"lego-star-wars-kessel-run-millennium-falcon-set-75212","LEGO Star Wars Kessel Run Millennium Falcon Set 75212",905
2026-07-16T15:48:15.821Z,gid://shopify/Product/15163595915650,"lego-creator-imperial-flagship-set-10210","LEGO Creator Imperial Flagship Set 10210",1020
2026-07-16T15:48:15.822Z,gid://shopify/Product/15163596505474,"lego-creator-sunflowers-set-40524","LEGO Creator Sunflowers Set 40524",741
2026-07-16T15:48:15.822Z,gid://shopify/Product/15163600503170,"lego-creator-3-in-1-fish-tank-set-31122-multi","LEGO Creator 3 In 1 Fish Tank Set 31122 Multi",784
2026-07-16T15:48:15.822Z,gid://shopify/Product/15169088094594,"air-jordan-1-retro-low-og-zion-williamson-voodoo-alternate-gs","Jordan 1 Retro Low OG Zion Williamson Voodoo Alternate (GS)",1201
2026-07-16T15:48:15.822Z,gid://shopify/Product/15169088848258,"nike-shox-z-metallic-silver-womens","Nike Shox Z Metallic Silver (Women's)",1051
2026-07-16T15:48:15.822Z,gid://shopify/Product/15169090093442,"nike-air-max-95-sb-eric-koston-obsidian-speed-yellow","Nike Air Max 95 SB Eric Koston Obsidian Speed Yellow",1175
2026-07-16T15:48:15.822Z,gid://shopify/Product/15169091600770,"asics-gel-nyc-airy-blue-stone-wash","ASICS Gel-NYC Airy Blue Stone Wash",1075
2026-07-16T15:48:15.822Z,gid://shopify/Product/15169093075330,"asics-gel-kayano-14-dolphin-grey-pure-silver","ASICS Gel-Kayano 14 Dolphin Grey Pure Silver",1155
2026-07-16T15:48:15.822Z,gid://shopify/Product/15169093894530,"asics-gel-kayano-14-jjjjound-white-navy","ASICS Gel-Kayano 14 JJJJound White Navy",1182
2026-07-16T15:48:15.822Z,gid://shopify/Product/15170253586818,"air-jordan-11-retro-canvas-football-blue","Jordan 11 Retro H-Town",1267
2026-07-16T15:48:15.822Z,gid://shopify/Product/15170253980034,"air-jordan-11-retro-grand-finale-ps","Jordan 11 Retro Grand Finale (PS)",1158
2026-07-16T15:48:15.822Z,gid://shopify/Product/15170254274946,"nike-air-max-90-los-angeles-rams","Nike Air Max 90 Los Angeles Rams",1217
2026-07-16T15:48:15.822Z,gid://shopify/Product/15170254504322,"nike-dunk-low-stranger-things-phantom","Nike Dunk Low Stranger Things Phantom",1282
2026-07-16T15:48:15.822Z,gid://shopify/Product/15170254930306,"nike-ja-3-turbo-green-gs","Nike Ja 3 Scratch 3.0 (GS)",1124
2026-07-16T15:48:15.822Z,gid://shopify/Product/15170255978882,"air-jordan-1-retro-low-og-sp-fragment-x-travis-scott-sail-military-blue","Jordan 1 Retro Low OG SP Fragment x Travis Scott Sail Military Blue",1300
2026-07-16T15:48:15.822Z,gid://shopify/Product/15170256208258,"nike-dunk-low-gore-tex-triple-black","Nike Dunk Low Gore-Tex Triple Black",1176
2026-07-16T15:48:15.822Z,gid://shopify/Product/15171717562754,"air-jordan-spizike-low-black-gamma-blue","Jordan Spizike Low Black Gamma Blue",1154
2026-07-16T15:48:15.822Z,gid://shopify/Product/15171719463298,"adidas-karintha-wales-bonner-black-white","adidas Karintha Wales Bonner Black White",1164
2026-07-16T15:48:15.822Z,gid://shopify/Product/15171723559298,"new-balance-abzorb-2000-white-grey-blue","New Balance Abzorb 2000 White Grey Blue",1096
2026-07-16T15:48:15.822Z,gid://shopify/Product/15171723985282,"new-balance-1906r-silver-metallic-black-gs","New Balance 1906R Silver Metallic Black (GS)",1021
2026-07-16T15:48:15.822Z,gid://shopify/Product/15171724902786,"new-balance-9060-beef-and-broccoli","New Balance 9060 Beef and Broccoli",1046
2026-07-16T15:48:15.822Z,gid://shopify/Product/15173315494274,"new-balance-993-kith-navy","New Balance 993 Kith Navy (Standard Width)",1151
2026-07-16T15:48:15.822Z,gid://shopify/Product/15173315920258,"new-balance-1906r-kith-black","New Balance 1906R Kith Black",1035
2026-07-16T15:48:15.822Z,gid://shopify/Product/15173316280706,"new-balance-990v4-miusa-joe-freshgoods-outro","New Balance 990v4 MiUSA Joe Freshgoods 1998 Outro",1341
2026-07-16T15:48:15.822Z,gid://shopify/Product/15173316608386,"new-balance-550-aime-leon-dore-taupe-suede","New Balance 550 Aime Leon Dore Taupe Suede",1173
2026-07-16T15:50:05.163Z,gid://shopify/Product/15173316903298,"new-balance-1906a-neon-green-mint-flash","New Balance 1906A Neon Green Mint Flash",961
2026-07-16T15:50:05.179Z,gid://shopify/Product/15173317263746,"new-balance-740v2-mercury-red-castlerock","New Balance 740v2 Mercury Red Castlerock",888
2026-07-16T15:50:05.179Z,gid://shopify/Product/15174845923714,"new-balance-550-aime-leon-dore-brown-suede","New Balance 550 Aime Leon Dore Brown Suede",1005
2026-07-16T15:50:05.179Z,gid://shopify/Product/15174846775682,"new-balance-550-granite","New Balance 550 Granite",976
2026-07-16T15:50:05.179Z,gid://shopify/Product/15174848348546,"new-balance-9060-asos-exclusive-sea-salt-leopard-print","New Balance 9060 ASOS Exclusive Sea Salt Leopard Print",569
2026-07-16T15:50:05.179Z,gid://shopify/Product/15174849986946,"new-balance-550-black-cream-white","New Balance 550 Panda",959
2026-07-16T15:50:05.179Z,gid://shopify/Product/15176953954690,"air-jordan-4-retro-metallic-purple-gs-bcfm","Jordan 4 Retro Metallic Purple (GS) %",382
2026-07-16T15:50:05.179Z,gid://shopify/Product/15176956772738,"air-jordan-1-retro-high-off-white-chicago-bcfm","Jordan 1 Retro High Off-White Chicago %",1013
2026-07-16T15:50:05.180Z,gid://shopify/Product/15176959099266,"air-jordan-1-low-cardinal-red-bcfm","Jordan 1 Low Cardinal Red %",674
2026-07-16T15:50:05.180Z,gid://shopify/Product/15176962539906,"air-jordan-1-mid-se-orange-suede-gs-bcfm","Jordan 1 Mid SE Orange Suede (GS) %",724
2026-07-16T15:50:05.180Z,gid://shopify/Product/15176965128578,"new-balance-m2002-protection-pack-rain-cloud","New Balance 2002R Protection Pack Rain Cloud %",702
2026-07-16T15:50:05.180Z,gid://shopify/Product/15176968044930,"air-jordan-1-mid-true-blue-cement-gs-bcfm","Jordan 1 Mid True Blue Cement (GS) %",582
2026-07-16T15:50:05.180Z,gid://shopify/Product/15176971878786,"adidas-campus-00s-core-black-lucid-blue-bcfm","adidas Campus 00s Core Black Lucid Blue %",727
2026-07-16T15:50:05.180Z,gid://shopify/Product/15176976040322,"nike-dunk-low-retro-canyon-rust-w-bcfm","Nike Dunk Low Retro Canyon Rust (Women's) %",830
2026-07-16T15:50:05.180Z,gid://shopify/Product/15177096954242,"nike-dunk-low-next-nature-tpu-swoosh-gs-bcfm","Nike Dunk Low Next Nature TPU Swoosh (GS) %",906
2026-07-16T15:50:05.180Z,gid://shopify/Product/15177100886402,"asics-gel-nyc-cream-cloud-grey-bcfm","ASICS Gel-NYC Cream Cloud Grey %",912
2026-07-16T15:50:05.180Z,gid://shopify/Product/15177111273858,"ugg-classic-ultra-mini-chestnut-w-bcfm","UGG Classic Ultra Mini Boot Chestnut (Women's) %",689
2026-07-16T15:50:05.180Z,gid://shopify/Product/15180207653250,"the-north-face-1996-retro-nuptse-700-fill-packable-jacket-cone-orange-lapis-blue-ponderosa-green","The North Face 1996 Retro Nuptse 700 Fill Packable Jacket Cone Orange/Lapis Blue/Ponderosa Green",552
2026-07-16T15:50:05.180Z,gid://shopify/Product/15180207849858,"the-north-face-1996-retro-nuptse-700-fill-packable-jacket-peak-purple","The North Face 1996 Retro Nuptse 700 Fill Packable Jacket Peak Purple",507
2026-07-16T15:50:05.180Z,gid://shopify/Product/15180208144770,"aime-leon-dore-x-the-north-face-casentino-nuptse-jacket-blue","Aime Leon Dore x The North Face Casentino Nuptse Jacket Blue",1040
2026-07-16T15:50:05.180Z,gid://shopify/Product/15180208374146,"skims-x-tnf-2000-retro-nuptse-jacket-sienna","SKIMS x TNF 2000 Retro Nuptse Jacket Sienna",1006
2026-07-16T15:50:05.180Z,gid://shopify/Product/15180208603522,"supreme-the-north-face-800-fill-half-zip-hooded-pullover-times-square","Supreme The North Face 800-Fill Half Zip Hooded Pullover Times Square",1187
2026-07-16T15:50:05.180Z,gid://shopify/Product/15180209193346,"nike-big-swoosh-reversible-boa-jacket-asia-sizing-black-white","Nike Big Swoosh Reversible Boa Jacket (Asia Sizing) Black White",939
2026-07-16T15:50:05.181Z,gid://shopify/Product/15180209553794,"supreme-spellout-embroidered-ripstop-track-jacket-black","Supreme Spellout Embroidered Ripstop Track Jacket Black",911
2026-07-16T15:50:05.181Z,gid://shopify/Product/15180210930050,"kaws-x-warhol-coach-476316-jacket-navy","KAWS x Uniqlo Warhol Coach 476316 Jacket Navy",675
2026-07-16T15:50:05.181Z,gid://shopify/Product/15180211159426,"nike-kobe-mamba-mentality-destroyer-jacket-black","Nike Kobe Mamba Mentality Destroyer Jacket Black",1035
2026-07-16T15:50:05.181Z,gid://shopify/Product/15180211749250,"new-balance-9060-garter-snake-pearl-grey","New Balance 9060 Garter Snake Pearl Grey",1053
2026-07-16T15:50:05.181Z,gid://shopify/Product/15180212830594,"new-balance-1000-deep-ocean","New Balance 1000 Deep Ocean",1046
2026-07-16T15:50:05.181Z,gid://shopify/Product/15180213748098,"new-balance-1906r-no-sew-pack-black-cement","New Balance 1906R No Sew Pack Black Cement",984
2026-07-16T15:50:05.181Z,gid://shopify/Product/15184269279618,"new-balance-2002r-protection-pack-mirage-grey","New Balance 2002R Protection Pack Mirage Grey",942
2026-07-16T15:50:05.181Z,gid://shopify/Product/15184269508994,"new-balance-9060-sea-salt-linen-gs","New Balance 9060 Sea Salt Linen (GS)",1271
2026-07-16T15:50:05.181Z,gid://shopify/Product/15184269803906,"new-balance-550-aime-leon-dore-white-leather","New Balance 550 Aime Leon Dore White Leather",853
2026-07-16T15:50:05.181Z,gid://shopify/Product/15184270098818,"new-balance-2002r-shadow-grey-castlerock","New Balance 2002R Shadow Grey",1039
2026-07-16T15:50:05.181Z,gid://shopify/Product/15184270590338,"new-balance-993-miu-black","New Balance 993 MiUSA Black",765
2026-07-16T15:50:05.181Z,gid://shopify/Product/15185556832642,"new-balance-9060-rain-cloud-grey","New Balance 9060 Rain Cloud Grey",1004
2026-07-16T15:50:05.181Z,gid://shopify/Product/15185562370434,"air-jordan-1-mid-dark-teal-gs","Jordan 1 Mid Armory Navy (GS)",995
2026-07-16T15:50:05.181Z,gid://shopify/Product/15185570070914,"nike-kd-10-pure-platinum","Nike KD 10 Still KD",942
2026-07-16T15:50:05.181Z,gid://shopify/Product/15185585734018,"air-jordan-1-mid-beige-red-gs","Jordan 1 Mid Light Curry Cardinal (GS)",1085
2026-07-16T15:50:05.181Z,gid://shopify/Product/15185594220930,"new-balance-2002r-black-dark-grey","New Balance 2002R Black Dark Grey",868
2026-07-16T15:50:05.181Z,gid://shopify/Product/15186266849666,"fear-of-god-essentials-fleece-ii-hoodie-dark-heather","Fear of God Essentials Fleece II Hoodie Dark Heather",907
2026-07-16T15:51:52.820Z,gid://shopify/Product/15188350730626,"jordan-1-retro-high-85-georgetown","Jordan 1 Retro High '85 Georgetown %",773
2026-07-16T15:51:52.823Z,gid://shopify/Product/15191122870658,"nike-x-lego-collection-basketball-yellow","Nike x LEGO Collection Basketball Yellow",826
2026-07-16T15:51:52.824Z,gid://shopify/Product/15191123657090,"adidas-ultra-boost-dna-lego","adidas Ultra Boost DNA LEGO",1035
2026-07-16T15:51:52.824Z,gid://shopify/Product/15191124083074,"adidas-ultra-boost-lego-color-pack-green","adidas Ultra Boost LEGO Color Pack Green",921
2026-07-16T15:51:52.824Z,gid://shopify/Product/15191126933890,"lego-ninjago-lightning-dragon-battle-set-2521","LEGO Ninjago Lightning Dragon Battle Set 2521",760
2026-07-16T15:51:52.824Z,gid://shopify/Product/15191529750914,"air-jordan-1-retro-low-og-sp-travis-scott-olive-w","Jordan 1 Retro Low OG SP Travis Scott Olive (Women's)",948
2026-07-16T15:51:52.824Z,gid://shopify/Product/15191582867842,"2025-magic-the-gathering-edge-of-eternities-collector-booster","2025 Magic: The Gathering Edge of Eternities Collector Booster",796
2026-07-16T15:51:52.824Z,gid://shopify/Product/15191583949186,"2025-pokemon-prismatic-evolutions-mini-tins-8-pack-costco-exclusive-4x-lot","2025 Pokémon Prismatic Evolutions Mini Tins 8-Pack (Costco Exclusive) 4x Lot",695
2026-07-16T15:51:52.824Z,gid://shopify/Product/15191584997762,"2025-pokemon-scarlet-violet-destined-rivals-elite-trainer-box","2025 Pokémon Scarlet & Violet Destined Rivals Elite Trainer Box",730
2026-07-16T15:51:52.824Z,gid://shopify/Product/15191585948034,"2025-pokemon-scarlet-violet-prismatic-evolutions-lucario-ex-tyranitar-ex-premium-collection-sams-club-exclusive-4x-lot","2025 Pokémon Scarlet & Violet Prismatic Evolutions Lucario ex & Tyranitar ex Premium Collection (Sam's Club Exclusive) 4x Lot",992
2026-07-16T15:51:52.824Z,gid://shopify/Product/15191586603394,"2025-pokemon-scarlet-violet-surging-sparks-elite-trainer-box-booster-bundle-costco-2-pack-4x-lot","2025 Pokémon Scarlet & Violet Surging Sparks Elite Trainer Box & Booster Bundle Costco 2-Pack 4x Lot",693
2026-07-16T15:51:52.824Z,gid://shopify/Product/15191587586434,"2025-topps-disney-wonder-hobby-box","2025 Topps Disney Wonder Hobby Box",720
2026-07-16T15:51:52.824Z,gid://shopify/Product/15191591846274,"adidas-adilette-22-slides-black","adidas Adilette 22 Slides Carbon",891
2026-07-16T15:51:52.825Z,gid://shopify/Product/15191594500482,"adidas-adizero-adios-pro-4-off-white-better-scarlet","adidas Adizero Adios Pro 4 Off White Better Scarlet",919
2026-07-16T15:51:52.825Z,gid://shopify/Product/15191613571458,"adidas-adizero-evo-sl-lucid-lemon","adidas Adizero Evo SL Lucid Lemon",838
2026-07-16T15:51:52.825Z,gid://shopify/Product/15191615046018,"adidas-adizero-sl-72-bad-bunny-brown-clear-pink","adidas Adizero SL 72 Bad Bunny Brown Clear Pink",867
2026-07-16T15:51:52.825Z,gid://shopify/Product/15191618060674,"adidas-ae-1-low-champagne-metallic","adidas AE 1 Low Champagne Metallic",1098
2026-07-16T15:51:52.825Z,gid://shopify/Product/15191619109250,"adidas-ae-1-with-love-acid-orange","adidas AE 1 With Love (GS)",1099
2026-07-16T15:51:52.825Z,gid://shopify/Product/15191620059522,"adidas-argentina-2022-23-authentic-messi-home-jersey-white-light-blue","adidas Argentina 2022-23 Authentic Messi Home Jersey White/Light Blue",683
2026-07-16T15:51:52.825Z,gid://shopify/Product/15191621206402,"adidas-campus-00s-bark","adidas Campus 00s Bark",1178
2026-07-16T15:51:52.825Z,gid://shopify/Product/15191623336322,"adidas-campus-00s-purple-burst-womens","adidas Campus 00s Purple Burst (Women's)",988
2026-07-16T15:51:52.825Z,gid://shopify/Product/15191627006338,"adidas-campus-80s-bape-collegiate-navy","adidas Campus 80s Bape Collegiate Navy",1310
2026-07-16T15:51:52.825Z,gid://shopify/Product/15191628710274,"adidas-climacool-4d-laced-off-white-black","adidas Climacool 4D Laced Off White Black",1029
2026-07-16T15:51:52.825Z,gid://shopify/Product/15191629496706,"adidas-country-og-song-for-the-mute-maroon","adidas Country OG Song For The Mute Maroon",1023
2026-07-16T15:51:52.825Z,gid://shopify/Product/15195398275458,"adidas-dame-8-admit-one-cloud-white","adidas Dame 8 Admit One Cloud White",999
2026-07-16T15:51:52.825Z,gid://shopify/Product/15195400176002,"adidas-eqt-support-ultra-pusha-t-brown-paper-bag","adidas EQT Support Ultra Pusha T Brown Paper Bag Bodega Babies",1050
2026-07-16T15:51:52.826Z,gid://shopify/Product/15195400733058,"adidas-f50-elite-laceless-fg-cloud-white-solar-red-lucid-blue","adidas F50 Elite Laceless FG Cloud White Solar Red Lucid Blue",1019
2026-07-16T15:51:52.826Z,gid://shopify/Product/15195401421186,"adidas-fear-of-god-athletics-i-basketball-carbon","adidas Fear of God Athletics I Basketball Carbon",1151
2026-07-16T15:51:52.826Z,gid://shopify/Product/15195402633602,"adidas-forum-buckle-low-bad-bunny-blue-tint","adidas Forum Buckle Low Bad Bunny Blue Tint",977
2026-07-16T15:51:52.826Z,gid://shopify/Product/15195403157890,"adidas-forum-low-the-grinch-cindy-lou-who-womens","adidas Forum Low The Grinch Cindy-Lou Who (Women's)",1083
2026-07-16T15:51:52.826Z,gid://shopify/Product/15195414659458,"adidas-gazelle-indoor-clear-sky-off-white-womens","adidas Gazelle Indoor Clear Sky Off White (Women's)",992
2026-07-16T15:51:52.826Z,gid://shopify/Product/15195475837314,"adidas-handball-spezial-chalky-brown-cow-print-womens","adidas Handball Spezial Chalky Brown Cow Print (Women's)",1146
2026-07-16T15:51:52.826Z,gid://shopify/Product/15195508244866,"adidas-harden-vol-8-white-party","adidas Harden Vol. 8 White Party",1082
2026-07-16T15:51:52.826Z,gid://shopify/Product/15195542094210,"adidas-harden-vol-9-metamorphosis","adidas Harden Vol. 9 Metamorphosis",1227
2026-07-16T15:51:52.826Z,gid://shopify/Product/15198187880834,"adidas-japan-core-black-womens","adidas Japan Core Black",1045
2026-07-16T15:51:52.826Z,gid://shopify/Product/15198189453698,"adidas-manchester-spzl-cp-company-light-blue","adidas Manchester SPZL C.P. Company Light Blue",1084
2026-07-16T15:51:52.826Z,gid://shopify/Product/15198194729346,"adidas-response-cl-crystal-white","adidas Response CL Crystal White",1122
2026-07-16T15:51:52.826Z,gid://shopify/Product/15198200365442,"adidas-samba-bape-white-black-gum","adidas Samba Bape White Black Gum",1106
2026-07-16T15:51:52.826Z,gid://shopify/Product/15198209147266,"adidas-samba-jane-scarlet-white-gum-womens","adidas Samba Jane Scarlet White Gum (Women's)",1217
2026-07-16T15:51:52.826Z,gid://shopify/Product/15198239883650,"adidas-samba-og-black-cream-white-magic-beige","adidas Samba OG Black Cream White Magic Beige",1168
2026-07-16T15:53:36.577Z,gid://shopify/Product/15198342250882,"adidas-samba-og-liberty-london-blue-floral-gs","adidas Samba OG Liberty London Blue Floral (GS)",1052
2026-07-16T15:53:36.579Z,gid://shopify/Product/15198343987586,"adidas-samba-og-white-wonder-mauve-womens","adidas Samba OG White Wonder Mauve (Women's)",1006
2026-07-16T15:53:36.579Z,gid://shopify/Product/15198347821442,"adidas-sl76-wales-bonner-ash-blue","adidas SL76 Wales Bonner Ash Blue",1088
2026-07-16T15:53:36.579Z,gid://shopify/Product/15198348444034,"adidas-stan-smith-forever-primegreen-white","adidas Stan Smith Forever PRIMEGREEN White",1018
2026-07-16T15:53:36.579Z,gid://shopify/Product/15201442398594,"ugg-tasman-slipper-red-wine","UGG Tasman Slipper Red Wine",884
2026-07-16T15:53:36.579Z,gid://shopify/Product/15203319251330,"ugg-neumel-ii-boot-chestnut-gs","UGG Neumel II Boot Chestnut (Kids)",818
2026-07-16T15:53:36.579Z,gid://shopify/Product/15203329671554,"under-armour-curry-flow-12-pisces","Under Armour Curry Flow 12 Pisces",974
2026-07-16T15:53:36.579Z,gid://shopify/Product/15203331277186,"vans-old-skool-black-white","Vans Old Skool Black White",749
2026-07-16T15:53:36.579Z,gid://shopify/Product/15203332653442,"vivienne-westwood-necklace-mini-bas-relief-pendant-silver","Vivienne Westwood Necklace Mini Bas Relief Pendant Silver",888
2026-07-16T15:53:36.579Z,gid://shopify/Product/15203335438722,"yeezy-gap-engineered-by-balenciaga-fleece-yoke-tee-bronze","Yeezy Gap Engineered By Balenciaga Fleece Yoke Tee Bronze",833
2026-07-16T15:53:36.579Z,gid://shopify/Product/15208546369922,"ugg-tazz-slipper-sand-kids-1","UGG Tazz Slipper Sand (Kids) %",911
2026-07-16T15:53:36.580Z,gid://shopify/Product/15210825712002,"adidas-samba-shine-silver-metallic-womens","adidas Samba Shine Silver Metallic (Women's)",961
2026-07-16T15:53:36.580Z,gid://shopify/Product/15213058163074,"swatch-x-omega-bioceramic-moonswatch-mission-to-mercury-so33a100-grey","Swatch x Omega Bioceramic Moonswatch Mission to Mercury SO33A100",764
2026-07-16T15:53:36.580Z,gid://shopify/Product/15213058589058,"swatch-x-omega-bioceramic-moonswatch-mission-on-earth-lava-so33o100-black","Swatch x Omega Bioceramic Moonswatch Mission On Earth Lava SO33O100",784
2026-07-16T15:53:36.580Z,gid://shopify/Product/15213059047810,"swatch-x-omega-bioceramic-moonswatch-mission-on-earth-polar-lights-so33l103-navy","Swatch x Omega Bioceramic Moonswatch Mission On Earth Polar Lights SO33L103",770
2026-07-16T15:53:36.580Z,gid://shopify/Product/15213059375490,"swatch-x-omega-bioceramic-moonswatch-mission-to-moonshine-gold-pink-so33m102-105-black","Swatch x Omega Bioceramic Moonswatch Mission To Moonshine Gold Pink SO33M102-105",710
2026-07-16T15:53:36.580Z,gid://shopify/Product/15213059703170,"swatch-x-omega-bioceramic-moonswatch-mission-to-moon-gold-so33m102-109-black","Swatch x Omega Bioceramic Moonswatch Mission To Moon Gold Barley Grain Pattern SO33M102-109",834
2026-07-16T15:53:36.580Z,gid://shopify/Product/15219317473666,"fear-of-god-essentials-classic-sweatshort-homestead-heather","Fear of God Essentials Classic Sweatshort Homestead Heather",953
2026-07-16T15:53:36.580Z,gid://shopify/Product/15219317703042,"fear-of-god-essentials-fleece-relaxed-sweatpant-marine","Fear of God Essentials Fleece Relaxed Sweatpant Marine",889
2026-07-16T15:53:36.580Z,gid://shopify/Product/15219317899650,"fear-of-god-essentials-fleece-relaxed-sweatpant-military","Fear of God Essentials Fleece Relaxed Sweatpant Military",957
2026-07-16T15:53:36.580Z,gid://shopify/Product/15219318161794,"fear-of-god-essentials-mlb-lounge-sweatpant-black","Fear of God Essentials MLB Lounge Sweatpant Black",836
2026-07-16T15:53:36.580Z,gid://shopify/Product/15219318391170,"fear-of-god-essentials-sweatpant-garden-yellow","Fear of God Essentials Sweatpant Garden Yellow",870
2026-07-16T15:53:36.581Z,gid://shopify/Product/15219318718850,"fear-of-god-essentials-fleece-relaxed-sweatpant-olive","Fear of God Essentials Fleece Relaxed Sweatpant Olive",903
2026-07-16T15:53:36.581Z,gid://shopify/Product/15219318948226,"fear-of-god-essentials-fleece-essential-sweatpant-dark-heather","Fear of God Essentials Fleece Essential Sweatpant Dark Heather",1060
2026-07-16T15:53:36.581Z,gid://shopify/Product/15219319210370,"fear-of-god-essentials-fleece-essential-sweatpant-military","Fear of God Essentials Fleece Essential Sweatpant Military",927
2026-07-16T15:53:36.581Z,gid://shopify/Product/15219320652162,"fear-of-god-essentials-nba-flare-sweatpant-concrete-heather","Fear of God Essentials NBA Flare Sweatpant Concrete Heather",964
2026-07-16T15:53:36.581Z,gid://shopify/Product/15219384385922,"new-balance-9060-grey-yellow-navy","New Balance 9060 Grey Yellow Navy",964
2026-07-16T15:53:36.581Z,gid://shopify/Product/15219384942978,"new-balance-550-sea-salt-true-red","New Balance 550 Sea Salt True Red",1053
2026-07-16T15:53:36.581Z,gid://shopify/Product/15219385270658,"new-balance-2002r-castlerock-black","New Balance 2002R Castlerock Black",1045
2026-07-16T15:53:36.581Z,gid://shopify/Product/15219385696642,"pop-mart-labubu-the-monsters-pin-for-love-series-vinyl-plush-pendant-a-m-sealed-case-14-blind-box","Pop Mart Labubu The Monsters Pin for Love Series Vinyl Plush Pendant (A-M) Unsealed Case (14 Blind Box)",1030
2026-07-16T15:53:36.581Z,gid://shopify/Product/15219385926018,"nike-air-max-95-corteiz-honey-black","Nike Air Max 95 Corteiz Honey Black",1070
2026-07-16T15:53:36.581Z,gid://shopify/Product/15219386122626,"gymshark-onyx-50-seamless-muscle-fit-t-shirt-black-brand-blue","Gymshark Onyx 5.0 Seamless Muscle Fit T-shirt Black/Brand Blue",813
2026-07-16T15:53:36.581Z,gid://shopify/Product/15219386319234,"air-jordan-3-retro-el-vuelo-summit-white","Jordan 3 Retro El Vuelo Summit White",974
2026-07-16T15:53:36.581Z,gid://shopify/Product/15219386581378,"nike-air-max-95-og-big-bubble-black-anthracite","Nike Air Max 95 OG Big Bubble Black Anthracite",977
2026-07-16T15:53:36.582Z,gid://shopify/Product/15219386810754,"nike-air-diamond-turf-must-be-the-money","Nike Air Diamond Turf Must Be the Money",869
2026-07-16T15:53:36.582Z,gid://shopify/Product/15222055338370,"nike-air-force-1-low-un-tiffany","Nike Air Force 1 Low Un-Tiffany",1057
2026-07-16T15:53:36.582Z,gid://shopify/Product/15222055534978,"air-jordan-1-mid-se-cheeseburger","Jordan 1 Mid SE Cheeseburger",1098
2026-07-16T15:53:36.582Z,gid://shopify/Product/15222055731586,"air-jordan-1-low-se-medium-olive-sail","Jordan 1 Low SE Medium Olive Sail",992
2026-07-16T15:53:36.582Z,gid://shopify/Product/15222056026498,"nike-air-force-1-low-kobe-bryant-forever-white","Nike Air Force 1 Low Kobe Bryant Forever White",1108
2026-07-16T15:53:36.582Z,gid://shopify/Product/15222056223106,"nike-air-force-1-low-metalwork-medium-ash-anthracite","Nike Air Force 1 Low Metalwork Medium Ash Anthracite",1060
2026-07-16T15:55:22.911Z,gid://shopify/Product/15222056419714,"nike-air-max-rk61-air-afrique-coconut-milk","Nike Air Max RK61 Air Afrique Coconut Milk",1020
2026-07-16T15:55:22.918Z,gid://shopify/Product/15222056649090,"nike-air-max-95-og-big-bubble-bright-mandarin-2025","Nike Air Max 95 OG Big Bubble Bright Mandarin (2025)",1122
2026-07-16T15:55:22.918Z,gid://shopify/Product/15222056976770,"asics-gel-1130-larimar-blue-silver","ASICS Gel-1130 Larimar Blue Silver",1234
2026-07-16T15:55:22.918Z,gid://shopify/Product/15222057173378,"adidas-predator-elite-foldover-tongue-fg-bape-green-camo","adidas Predator Elite Foldover Tongue FG Bape Green Camo",1094
2026-07-16T15:55:22.918Z,gid://shopify/Product/15222057402754,"nike-air-zoom-gt-cut-3-ashen-slate","Nike Air Zoom GT Cut 3 Ashen Slate",1030
2026-07-16T15:55:22.918Z,gid://shopify/Product/15222502949250,"pop-mart-the-monsters-labubu-10th-anniversary-exhibition-limited-edition-vinyl-plush-pendant","Pop Mart The Monsters Labubu 10th Anniversary Exhibition Limited Edition Vinyl Plush Pendant (Unsealed)",979
2026-07-16T15:55:22.918Z,gid://shopify/Product/15222503211394,"air-jordan-4-retro-rare-air-td","Jordan 4 Retro Rare Air (TD)",1363
2026-07-16T15:55:22.918Z,gid://shopify/Product/15222503440770,"nike-dunk-low-abominable-snowman-gs","Nike Dunk Low Abominable Snowman (GS)",1106
2026-07-16T15:55:22.919Z,gid://shopify/Product/15222503702914,"supreme-umbro-gradient-track-jacket-navy","Supreme Umbro Gradient Track Jacket Navy",1054
2026-07-16T15:55:22.919Z,gid://shopify/Product/15222503997826,"air-jordan-flight-court-who-decides-war-coconut-milk-womens","Jordan Flight Court Who Decides War Coconut Milk (Women's)",1370
2026-07-16T15:55:22.919Z,gid://shopify/Product/15222504227202,"adidas-zx-8000-atmos-g-snk-11-hydra","adidas ZX 8000 atmos G-SNK 11 Hydra",1144
2026-07-16T15:55:22.919Z,gid://shopify/Product/15222504882562,"new-balance-993-miusa-aime-leon-dore-pine-grove","New Balance 993 MiUSA Aimé Leon Dore Pine Grove",1242
2026-07-16T15:55:22.919Z,gid://shopify/Product/15222505079170,"nike-sb-zoom-air-paul-rodriguez-1-og-white-black-2025","Nike SB Zoom Air Paul Rodriguez 1 OG White Black (2025)",1347
2026-07-16T15:55:22.919Z,gid://shopify/Product/15222505275778,"nike-air-tech-challenge-ii-pixel-court-2025","Nike Air Tech Challenge II Pixel Court (2025)",1299
2026-07-16T15:55:22.919Z,gid://shopify/Product/15222505505154,"supreme-floral-soccer-jersey-black","Supreme Floral Soccer Jersey Black",1075
2026-07-16T15:55:22.919Z,gid://shopify/Product/15222505701762,"new-balance-990v6-miusa-action-bronson-ainozama","New Balance 990v6 MiUSA Action Bronson Ainôzama",1138
2026-07-16T15:55:22.919Z,gid://shopify/Product/15222505898370,"nike-air-force-1-low-07-lv8-patent-camo-pink","Nike Air Force 1 Low '07 LV8 Patent Camo Pink",1210
2026-07-16T15:55:22.919Z,gid://shopify/Product/15222506094978,"air-jordan-3-retro-animal-pack","Jordan 3 Retro SE Animal Instinct",1100
2026-07-16T15:55:22.919Z,gid://shopify/Product/15222506291586,"air-jordan-spizike-low-white-metallic-silver-barely-blue-neutral-grey","Jordan Spizike Low White Metallic Silver Barely Blue Neutral Grey",1268
2026-07-16T15:55:22.919Z,gid://shopify/Product/15223795384706,"new-balance-9060-asos-exclusive-beige-brown-leopard-print","New Balance 9060 ASOS Exclusive Beige Brown Leopard Print",1249
2026-07-16T15:55:22.919Z,gid://shopify/Product/15223795614082,"supreme-umbro-gradient-track-pant-black","Supreme Umbro Gradient Track Pant Black",1064
2026-07-16T15:55:22.919Z,gid://shopify/Product/15223795843458,"air-jordan-8-retro-aqua-2025-gs","Jordan 8 Retro Aqua (2025) (GS)",1498
2026-07-16T15:55:22.919Z,gid://shopify/Product/15223796040066,"nike-ja-1-se-all-star-gs","Nike Ja 1 SE All-Star (GS)",1254
2026-07-16T15:55:22.920Z,gid://shopify/Product/15223796302210,"nike-air-force-1-high-white","Nike Air Force 1 High White",869
2026-07-16T15:55:22.920Z,gid://shopify/Product/15223796498818,"nike-air-max-muscle-95-yu-gi-oh-joey-without-promo-card","Nike Air Max Muscle 95 Yu-Gi-Oh! Joey (without Promo Card)",1310
2026-07-16T15:55:22.920Z,gid://shopify/Product/15223796793730,"nike-air-max-90-golf-white-black-university-red","Nike Air Max 90 Golf White Black University Red",1299
2026-07-16T15:55:22.920Z,gid://shopify/Product/15223797842306,"supreme-number-nine-mickey-varsity-jacket-black","Supreme Number (N)ine Mickey Varsity Jacket Black",1087
2026-07-16T15:55:22.920Z,gid://shopify/Product/15223798759810,"nike-air-max-95-og-levis-light-orewood-brown","Nike Air Max 95 OG Levis Light Orewood Brown",1550
2026-07-16T15:55:22.920Z,gid://shopify/Product/15223798956418,"nike-air-force-1-low-07-lv8-phychic-blue-white-patent","Nike Air Force 1 Low '07 LV8 Phychic Blue White Patent",1157
2026-07-16T15:55:22.920Z,gid://shopify/Product/15223799284098,"nike-dunk-low-astronomy-blue","Nike Dunk Low Astronomy Blue",1169
2026-07-16T15:55:22.920Z,gid://shopify/Product/15223799480706,"nike-p-6000-photon-dust-anthracite","Nike P-6000 Photon Dust Anthracite",1534
2026-07-16T15:55:22.920Z,gid://shopify/Product/15223799710082,"adidas-vento-xlg-deluxe-white-sail","adidas Vento XLG Deluxe White Sail",1016
2026-07-16T15:55:22.920Z,gid://shopify/Product/15223799972226,"the-north-face-1996-retro-nuptse-700-fill-packable-jacket-tnf-white","The North Face 1996 Retro Nuptse 700 Fill Packable Jacket TNF White",1105
2026-07-16T15:55:22.920Z,gid://shopify/Product/15224601870722,"supreme-denim-shoulder-bag-realtree-ap-camo","Supreme Denim Shoulder Bag Realtree AP Camo",1091
2026-07-16T15:55:22.920Z,gid://shopify/Product/15224602067330,"converse-shai-001-charm-black","Converse SHAI 001 Charm Black",1106
2026-07-16T15:55:22.920Z,gid://shopify/Product/15224602263938,"nike-vomero-premium-barely-volt","Nike Vomero Premium Barely Volt",1336
2026-07-16T15:55:22.920Z,gid://shopify/Product/15224602493314,"air-jordan-5-retro-fire-red-black-tongue-2025-gs","Jordan 5 Retro Fire Red Black Tongue (2025) (GS)",1292
2026-07-16T15:55:22.921Z,gid://shopify/Product/15224602689922,"gymshark-onyx-50-seamless-l-s-muscle-fit-t-shirt-black-brand-blue","Gymshark Onyx 5.0 Seamless L/S Muscle Fit T-shirt Black/Brand Blue",1108
2026-07-16T15:55:22.921Z,gid://shopify/Product/15224602952066,"canon-powershot-sx740-hs-203-megapixel-digital-camera-2955c001-black","Canon PowerShot SX740 HS 20.3-Megapixel Digital Camera 2955C001 Black",1469
2026-07-16T15:55:22.921Z,gid://shopify/Product/15224603148674,"nike-sb-dunk-low-pro-b-sequoia","Nike SB Dunk Low Pro B Sequoia",1411
2026-07-16T15:57:19.014Z,gid://shopify/Product/15224603378050,"new-balance-9060-black-castlerock","New Balance 9060 Black Castlerock",1090
2026-07-16T15:57:19.017Z,gid://shopify/Product/15224603607426,"gymshark-onyx-50-seamless-long-sleeve-t-shirt-black-light-grey","Gymshark Onyx 5.0 Seamless Long Sleeve T-shirt Black/Light Grey",1018
2026-07-16T15:57:19.017Z,gid://shopify/Product/15224603902338,"air-jordan-tatum-3-blueprint","Jordan Tatum 3 Blueprint",1216
2026-07-16T15:57:19.018Z,gid://shopify/Product/15224604131714,"nike-kobe-9-em-low-protro-tb-white-court-purple","Nike Kobe 9 Elite Low EM Protro White Court Purple",1209
2026-07-16T15:57:19.018Z,gid://shopify/Product/15224604361090,"air-jordan-40-blue-suede","Jordan 40 Blue Suede",1244
2026-07-16T15:57:19.018Z,gid://shopify/Product/15224604557698,"nike-free-rn-flyknit-2018-black-white-ombre","Nike Free RN Flyknit 2018 Black White Ombre",1035
2026-07-16T15:57:19.018Z,gid://shopify/Product/15224604787074,"pop-mart-why-so-serious-series-vinyl-plush-pendant-single-blind-box","Pop Mart WHY SO SERIOUS Series Vinyl Plush Pendant Single Blind Box",1171
2026-07-16T15:57:19.018Z,gid://shopify/Product/15224605049218,"pop-mart-why-so-serious-series-twinkle-twinkle-bubblegum-secret-edition-vinyl-plush-pendant","Pop Mart WHY SO SERIOUS Series Twinkle Twinkle Bubblegum Secret Edition Vinyl Plush Pendant",1109
2026-07-16T15:57:19.018Z,gid://shopify/Product/15225461637506,"new-era-x-takashi-murakami-x-mlb-world-tour-tokyo-series-2025-new-era-9twenty-dodgers-strapback-hat-blue","New Era x Takashi Murakami x MLB World Tour Tokyo Series 2025 New Era 9Twenty Dodgers Strapback Hat Blue",1617
2026-07-16T15:57:19.018Z,gid://shopify/Product/15225461866882,"nike-sabrina-2-black-label-womens","Nike Sabrina 2 Black Label (Women's)",518
2026-07-16T15:57:19.018Z,gid://shopify/Product/15225462096258,"reebok-pump-omni-zone-ii-dee-brown-2021","Reebok Pump Omni Zone II Dee Brown",1025
2026-07-16T15:57:19.018Z,gid://shopify/Product/15225462489474,"air-jordan-1-low-se-patent-varsity-red-black-womens","Jordan 1 Low SE Patent Varsity Red Black",1102
2026-07-16T15:57:19.018Z,gid://shopify/Product/15225462849922,"new-balance-1906a-black-pink","New Balance 1906A Black Pink",1030
2026-07-16T15:57:19.018Z,gid://shopify/Product/15225463112066,"bravest-studios-bear-claw-mule-chief-keef-x-glo-gang-glorange","Bravest Studios Bear Claw Mule Chief Keef x Glo Gang Glorange",1058
2026-07-16T15:57:19.018Z,gid://shopify/Product/15225463374210,"puma-lamelo-ball-mb04-reflections","Puma LaMelo Ball MB.04 Reflections",1116
2026-07-16T15:57:19.018Z,gid://shopify/Product/15225463701890,"supreme-floral-soccer-jersey-white","Supreme Floral Soccer Jersey White",1060
2026-07-16T15:57:19.018Z,gid://shopify/Product/15225463898498,"fear-of-god-essentials-classic-short-sleeve-tee-jet-black","Fear of God Essentials Classic Short Sleeve Tee Jet Black",1307
2026-07-16T15:57:19.018Z,gid://shopify/Product/15225464160642,"nike-air-max-plus-3-leather-black","Nike Air Max Plus 3 Leather Black",1497
2026-07-16T15:57:19.018Z,gid://shopify/Product/15225464422786,"supreme-red-box-logo-100x-lot-sticker","Supreme Red Box Logo 100x Sticker Lot",612
2026-07-16T15:57:19.018Z,gid://shopify/Product/15225464717698,"new-balance-1906r-silver-metallic-deep-ocean","New Balance 1906R Silver Metallic Deep Ocean",1173
2026-07-16T15:57:19.018Z,gid://shopify/Product/15225464914306,"nike-nocta-glide-drake-white-black","Nike NOCTA Glide Drake White Black",1295
2026-07-16T15:57:19.019Z,gid://shopify/Product/15225465373058,"nike-vomero-premium-sail-coconut-milk","Nike Vomero Premium Sail Coconut Milk",1212
2026-07-16T15:57:19.019Z,gid://shopify/Product/15225465700738,"nike-sb-dunk-low-pro-cool-grey","Nike SB Dunk Low Pro Cool Grey",1682
2026-07-16T15:57:19.019Z,gid://shopify/Product/15227718992258,"air-jordan-40-the-classic","Jordan 40 The Classic",1728
2026-07-16T15:57:19.019Z,gid://shopify/Product/15227719385474,"denim-tears-mono-cotton-wreath-hoodie-pink","Denim Tears Mono Cotton Wreath Hoodie Pink",1179
2026-07-16T15:57:19.019Z,gid://shopify/Product/15227719942530,"nike-sb-dunk-low-pro-iso-orange-label-court-purple","Nike SB Dunk Low Pro ISO Orange Label Court Purple",1371
2026-07-16T15:57:19.019Z,gid://shopify/Product/15227720532354,"nike-gt-cut-3-white-bleached-turquoise","Nike GT Cut 3 White Bleached Turquoise",1244
2026-07-16T15:57:19.019Z,gid://shopify/Product/15227720958338,"aime-leon-dore-x-porsche-colorblock-logo-hat-cream","Aime Leon Dore x Porsche Colorblock Logo Hat Cream",1253
2026-07-16T15:57:19.019Z,gid://shopify/Product/15227721515394,"nike-air-flightposite-dusty-cactus","Nike Air Flightposite Dusty Cactus",1701
2026-07-16T15:57:19.020Z,gid://shopify/Product/15227721875842,"travis-scott-x-mcdonalds-crew-t-shirt-red","Travis Scott x McDonald's Crew T-Shirt Red",837
2026-07-16T15:57:19.020Z,gid://shopify/Product/15227722203522,"nike-air-max-90-burgundy-crush-vintage-green","Nike Air Max 90 Burgundy Crush Vintage Green",1728
2026-07-16T15:57:19.020Z,gid://shopify/Product/15227722596738,"nike-x-nocta-womens-chalet-polar-top-dark-blue","Nike x NOCTA Women's Chalet Polar Top Dark Blue",1308
2026-07-16T15:57:19.020Z,gid://shopify/Product/15227722891650,"bearbrick-series-50-sealed-case-100-24-blind-boxes","Bearbrick Series 50 Sealed Case 100% (24 Blind Boxes)",1133
2026-07-16T15:57:19.020Z,gid://shopify/Product/15227723383170,"hoka-one-one-clifton-10-black","Hoka One One Clifton 10 Black",1349
2026-07-16T15:57:19.020Z,gid://shopify/Product/15227723907458,"adidas-samba-lt-cow-print-black-white-womens","adidas Samba LT Cow Print Black White (Women's)",1106
2026-07-16T15:57:19.020Z,gid://shopify/Product/15227724464514,"air-jordan-cmft-era-sail-black-redstone","Jordan CMFT Era Sail Black Redstone",1128
2026-07-16T15:57:19.020Z,gid://shopify/Product/15227724824962,"converse-chuck-taylor-all-star-hi-naruto-kakashi","Converse Chuck Taylor All Star Hi Naruto Kakashi",1086
2026-07-16T15:57:19.021Z,gid://shopify/Product/15227725250946,"air-jordan-3-retro-black-cement-2018","Jordan 3 Retro Black Cement (2018)",1026
2026-07-16T15:57:19.021Z,gid://shopify/Product/15229813817730,"nike-air-zoom-alphafly-next-3-sail-crimson-tint","Nike Air Zoom Alphafly Next% 3 Sail Crimson Tint",1501
2026-07-16T15:57:19.021Z,gid://shopify/Product/15229814112642,"nike-air-zoom-gt-cut-3-punch","Nike Air Zoom GT Cut 3 Punch",1373
2026-07-16T15:59:21.621Z,gid://shopify/Product/15229814342018,"pop-mart-labubu-the-monsters-wacky-mart-series-display-container","Pop Mart Labubu The Monsters Wacky Mart Series Display Container",1140
2026-07-16T15:59:21.627Z,gid://shopify/Product/15229814669698,"casio-g-shock-mtp-1183a-7a-silver","Casio G-Shock MTP-1183A-7A",860
2026-07-16T15:59:21.628Z,gid://shopify/Product/15229814931842,"air-jordan-1-low-sail-college-grey-rattan","Jordan 1 Low Sail College Grey Rattan",1211
2026-07-16T15:59:21.628Z,gid://shopify/Product/15229815226754,"nike-lebron-22-christmas","Nike LeBron 22 Christmas",1105
2026-07-16T15:59:21.628Z,gid://shopify/Product/15229817192834,"nike-zoom-mercurial-superfly-10-elite-fg-mad-energy-pack","Nike Zoom Mercurial Superfly 10 Elite FG Mad Energy Pack",1185
2026-07-16T15:59:21.628Z,gid://shopify/Product/15229818306946,"nike-sportswear-tech-fleece-joggers-light-university-red-heather-black","Nike Sportswear Tech Fleece Joggers Light University Red Heather/Black",1391
2026-07-16T15:59:21.628Z,gid://shopify/Product/15229819552130,"supreme-bones-football-jersey-white","Supreme Bones Football Jersey White",914
2026-07-16T15:59:21.628Z,gid://shopify/Product/15229820797314,"gucci-tennis-1977-canvas-high-top-beige-gg-print","Gucci Tennis 1977 Canvas High Top Beige GG Print",995
2026-07-16T15:59:21.628Z,gid://shopify/Product/15229822337410,"palm-angels-logo-print-track-shorts-black","Palm Angels Logo Print Track Shorts Black",633
2026-07-16T15:59:21.628Z,gid://shopify/Product/15229824434562,"nike-air-zoom-spiridon-cage-2-medium-ash","Nike Air Zoom Spiridon Cage 2 Medium Ash",1196
2026-07-16T15:59:21.629Z,gid://shopify/Product/15229826793858,"sprayground-lights-out-sharks-in-paris-chenille-shark-backpack-multicolor","Sprayground Lights Out Sharks In Paris Chenille Shark Backpack Multicolor",1056
2026-07-16T15:59:21.629Z,gid://shopify/Product/15230946509186,"supreme-faux-fur-zip-up-hooded-sweatshirt-black","Supreme Faux Fur Zip Up Hooded Sweatshirt Black",1018
2026-07-16T15:59:21.629Z,gid://shopify/Product/15230946771330,"nike-moon-shoe-sp-jacquemus-off-noir","Nike Moon Shoe SP Jacquemus Off Noir (Women's)",1197
2026-07-16T15:59:21.629Z,gid://shopify/Product/15230947033474,"nike-sb-dunk-low-limosine-skateboards","Nike SB Dunk Low Limosine Skateboards",1184
2026-07-16T15:59:21.629Z,gid://shopify/Product/15230947230082,"nike-dunk-low-new-york-yankees","Nike Dunk Low New York Yankees",1347
2026-07-16T15:59:21.629Z,gid://shopify/Product/15230947492226,"nike-dunk-sb-low-mummy","Nike SB Dunk Low Mummy",983
2026-07-16T15:59:21.629Z,gid://shopify/Product/15230947688834,"nike-dunk-low-next-nature-pink-rise-sail-womens","Nike Dunk Low Next Nature Pink Rise Sail (Women's)",1293
2026-07-16T15:59:21.629Z,gid://shopify/Product/15230947983746,"nike-dunk-low-next-nature-st-johns-womens","Nike Dunk Low Next Nature St. John's (Women's)",1215
2026-07-16T15:59:21.629Z,gid://shopify/Product/15230948540802,"nike-air-diamond-turf-proto-92-atlanta-falcons","Nike Air Diamond Turf Proto '92 Atlanta Falcons",1487
2026-07-16T15:59:21.629Z,gid://shopify/Product/15230948737410,"nike-sb-dunk-low-mystic-red","Nike SB Dunk Low Mystic Red Rosewood",1479
2026-07-16T15:59:21.630Z,gid://shopify/Product/15230948934018,"supreme-bandana-big-logo-beanie-red","Supreme Bandana Big Logo Beanie Red",1180
2026-07-16T15:59:21.630Z,gid://shopify/Product/15230949130626,"nike-x-peaceminusone-g-dragon-long-sleeve-t-shirt-black","Nike x Peaceminusone G-Dragon Long Sleeve T-shirt Black",1160
2026-07-16T15:59:21.630Z,gid://shopify/Product/15231561105794,"huf-x-spider-man-issue-300-blind-bag-825-skateboard-deck","HUF x Spider-Man Issue 300 Blind Bag 8.25"" Skateboard Deck",1031
2026-07-16T15:59:21.630Z,gid://shopify/Product/15231561335170,"supreme-new-era-box-logo-beanie-fw24-heather-grey","Supreme New Era Box Logo Beanie (FW24) Heather Grey",1117
2026-07-16T15:59:21.630Z,gid://shopify/Product/15231561531778,"nike-zoom-vomero-5-hyper-pink-womens","Nike Zoom Vomero 5 Hyper Pink (Women's)",1185
2026-07-16T15:59:21.630Z,gid://shopify/Product/15231561859458,"nike-dunk-low-vintage-navy-womens","Nike Dunk Low PRM Vintage Navy (Women's)",1294
2026-07-16T15:59:21.630Z,gid://shopify/Product/15231562056066,"nike-dunk-low-michigan","Nike Dunk Low Michigan (2021)",831
2026-07-16T15:59:21.630Z,gid://shopify/Product/15231562252674,"nike-blazer-low-platform-white-black-w","Nike Blazer Low Platform White Black (Women's)",1126
2026-07-16T15:59:21.630Z,gid://shopify/Product/15231562449282,"supreme-stick-tee-white","Supreme Stick Tee White",1018
2026-07-16T15:59:21.630Z,gid://shopify/Product/15231562744194,"nike-ja-1-day-one","Nike Ja 1 Day One",1099
2026-07-16T15:59:21.631Z,gid://shopify/Product/15231562940802,"nike-x-takashi-murakami-x-mlb-world-tour-tokyo-series-2025-dodgers-ohtani-kanji-jersey-white","Nike x Takashi Murakami x MLB World Tour Tokyo Series 2025 Dodgers Ohtani Kanji Jersey White",1368
2026-07-16T15:59:21.631Z,gid://shopify/Product/15231563137410,"nike-zoom-superfly-9-elite-fg-blast-pack-baltic-blue","Nike Zoom Superfly 9 Elite FG Blast Pack Baltic Blue",1314
2026-07-16T15:59:21.631Z,gid://shopify/Product/15231563334018,"new-balance-993-teddy-santis-miusa-shadow-grey-driftwood","New Balance 993 Teddy Santis MiUSA Shadow Grey Driftwood",1410
2026-07-16T15:59:21.631Z,gid://shopify/Product/15231563596162,"air-jordan-3-retro-rust-pink-w","Jordan 3 Retro Rust Pink (Women's)",783
2026-07-16T15:59:21.631Z,gid://shopify/Product/15231563825538,"nike-sabrina-2-tb-white-black-womens","Nike Sabrina 2 TB White Black (Women's)",1286
2026-07-16T15:59:21.631Z,gid://shopify/Product/15233112965506,"nike-blazer-low-77-white-black-w","Nike Blazer Low 77 White Black (Women's)",1044
2026-07-16T15:59:21.631Z,gid://shopify/Product/15233113162114,"nike-kobe-9-em-low-protro-mambacita","Nike Kobe 9 EM Low Protro Mambacita",1446
2026-07-16T15:59:21.631Z,gid://shopify/Product/15233113391490,"nike-kobe-8-wolf-grey-gs","Nike Kobe 8 Wolf Grey (GS)",1315
2026-07-16T15:59:21.631Z,gid://shopify/Product/15233113719170,"air-jordan-11-retro-low-bred-2025-ps","Jordan 11 Retro Low Bred (PS) (2025)",1524
2026-07-16T15:59:21.631Z,gid://shopify/Product/15233113948546,"pokemon-mega-evolution-mega-gardevoir-base-set-elite-trainer-box-set","Pokémon Mega Evolution - Mega Gardevoir - Base Set - Elite Trainer Box Set",1077
2026-07-16T16:01:15.580Z,gid://shopify/Product/15233114243458,"fear-of-god-essentials-sweatshort-seal","Fear of God Essentials Sweatshort Seal",1196
2026-07-16T16:01:15.583Z,gid://shopify/Product/15233114538370,"nike-air-force-3-low-sp-nigo-white-ogin-version","Nike Air Force 3 Low SP Nigo White (OGIN Edition)",1371
2026-07-16T16:01:15.584Z,gid://shopify/Product/15233114734978,"pokemon-tcg-sword-shield-fusion-strike-elite-trainer-box","Pokémon TCG Sword & Shield Fusion Strike Elite Trainer Box",1093
2026-07-16T16:01:15.584Z,gid://shopify/Product/15233114997122,"nike-varsity-elite-backpack-pinksicle-bold-berry-metallic-silver","Nike Varsity Elite Backpack Pinksicle/Bold Berry/Metallic Silver",1166
2026-07-16T16:01:15.584Z,gid://shopify/Product/15233115259266,"supreme-the-exorcist-mother-l-s-tee-white","Supreme The Exorcist Mother L/S Tee White",1072
2026-07-16T16:01:15.584Z,gid://shopify/Product/15233115488642,"nike-reactx-rejuven8-slide-summit-white","Nike ReactX Rejuven8 Slide Summit White",1299
2026-07-16T16:01:15.584Z,gid://shopify/Product/15233115685250,"nike-zoom-superfly-elite-2-hyper-pink","Nike Zoom Superfly Elite 2 Hyper Pink",1082
2026-07-16T16:01:15.584Z,gid://shopify/Product/15233115914626,"adidas-predator-elite-foldover-tongue-fg-pure-victory-pack","adidas Predator Elite Foldover Tongue FG Pure Victory Pack",1133
2026-07-16T16:01:15.584Z,gid://shopify/Product/15233116373378,"fear-of-god-essentials-classic-short-sleeve-tee-homestead-heather","Fear of God Essentials Classic Short Sleeve Tee Homestead Heather",1026
2026-07-16T16:01:15.584Z,gid://shopify/Product/15233116701058,"supreme-supreme-steiff-et-plush","Supreme Steiff ET Plush",956
2026-07-16T16:01:15.584Z,gid://shopify/Product/15233117094274,"jordan-8-retro-chrome-2015","Jordan 8 Retro Chrome (2015)",1061
2026-07-16T16:01:15.584Z,gid://shopify/Product/15233117553026,"nike-foamposite-one-sp-comme-des-garcons-homme-plus-cat-eye","Nike Foamposite One SP Comme des Garcons Homme Plus Cat Eye",1171
2026-07-16T16:01:15.584Z,gid://shopify/Product/15233985741186,"new-era-x-takashi-murakami-x-mlb-world-tour-tokyo-series-2025-new-era-9twenty-cubs-strapback-hat-black","New Era x Takashi Murakami x MLB World Tour Tokyo Series 2025 New Era 9Twenty Cubs Strapback Hat Black",1020
2026-07-16T16:01:15.584Z,gid://shopify/Product/15233986625922,"arcteryx-bird-head-toque-beanie-moonstone-electra","Arc'teryx Bird Head Toque Beanie Moonstone/Electra",927
2026-07-16T16:01:15.584Z,gid://shopify/Product/15233987346818,"pop-mart-teletubbies-say-hello-series-figures-sealed-case-8-blind-boxes","Pop Mart Teletubbies ""Say Hello"" Series Figures Sealed Case (8 Blind Boxes)",1047
2026-07-16T16:01:15.584Z,gid://shopify/Product/15233988034946,"nike-zoom-mercurial-superfly-10-elite-fg-prism-pack","Nike Zoom Mercurial Superfly 10 Elite FG Prism Pack",963
2026-07-16T16:01:15.584Z,gid://shopify/Product/15233990197634,"new-balance-9060-earth-shadow-flat-taupe","New Balance 9060 Earth Shadow Flat Taupe",1115
2026-07-16T16:01:15.584Z,gid://shopify/Product/15233991147906,"pokemon-scarlet-violet-prismatic-evolutions-booster-bundle-2x-lot","Pokémon Scarlet & Violet Prismatic Evolutions Booster Bundle 2x Lot",1069
2026-07-16T16:01:15.584Z,gid://shopify/Product/15233991639426,"fear-of-god-essentials-hoodie-ss24-seal","Fear of God Essentials Hoodie (SS24) Seal",1161
2026-07-16T16:01:15.584Z,gid://shopify/Product/15233992262018,"nike-vomero-18-summit-white-coconut-milk","Nike Vomero 18 Summit White Coconut Milk",1265
2026-07-16T16:01:15.584Z,gid://shopify/Product/15233992720770,"nike-dunk-low-university-red-2021-gs","Nike Dunk Low Championship Red (GS)",1125
2026-07-16T16:01:15.584Z,gid://shopify/Product/15233993277826,"fear-of-god-essentials-crewneck-jet-black","Fear of God Essentials Crewneck Jet Black",826
2026-07-16T16:01:15.584Z,gid://shopify/Product/15233993671042,"nike-air-zoom-alphafly-next-2-luminous-green-crimson-tint","Nike Air Zoom Alphafly Next% 2 Ekiden Pack",1338
2026-07-16T16:01:15.585Z,gid://shopify/Product/15233994129794,"nike-little-posite-one-anthracite-2023-gs","Nike Little Posite One Anthracite (2023) (GS)",1243
2026-07-16T16:01:15.585Z,gid://shopify/Product/15233994621314,"air-jordan-9-retro-boot-nrg-military-brown","Jordan 9 Retro Boot NRG Military Brown",1251
2026-07-16T16:01:15.585Z,gid://shopify/Product/15233995374978,"air-jordan-1-low-noble-green-gs","Jordan 1 Low Green Toe (GS)",984
2026-07-16T16:01:15.585Z,gid://shopify/Product/15233996128642,"li-ning-wade-all-city-11-v2-family-love","Li-Ning Wade All City 11 V2 Family Love",1205
2026-07-16T16:01:15.585Z,gid://shopify/Product/15233996849538,"supreme-new-era-box-logo-beanie-fw21-charcoal","Supreme New Era Box Logo Beanie (FW21) Charcoal",787
2026-07-16T16:01:15.585Z,gid://shopify/Product/15233997963650,"crocs-classic-clog-barbie-electric-pink","Crocs Classic Clog Barbie Electric Pink",1264
2026-07-16T16:01:15.585Z,gid://shopify/Product/15238633521538,"chrome-hearts-miami-exclusive-t-shirt-black","Chrome Hearts Miami Exclusive T-shirt Black",1184
2026-07-16T16:01:15.585Z,gid://shopify/Product/15238634537346,"charizard-holo-2016-pokemon-tcg-xy-evolutions-11-108","Charizard-Holo 2016 Pokemon TCG XY Evolutions #11/108 (PSA or BGS Graded)",793
2026-07-16T16:01:15.585Z,gid://shopify/Product/15238635979138,"nike-dunk-low-two-toned-grey-ps","Nike Dunk Low Two-Toned Grey (PS)",1012
2026-07-16T16:01:15.585Z,gid://shopify/Product/15238637158786,"travis-scott-utopia-echoes-circus-maximus-tee-black","Travis Scott Utopia Echoes Circus Maximus Tee Black",1105
2026-07-16T16:01:15.585Z,gid://shopify/Product/15238638436738,"pokemon-scarlet-violet-surging-sparks-elite-trainer-box-2x-lot","Pokémon Scarlet & Violet Surging Sparks Elite Trainer Box 2x Lot",1074
2026-07-16T16:01:15.585Z,gid://shopify/Product/15238639583618,"nike-dunk-high-1985-enamel-green-denim-w","Nike Dunk High 1985 Enamel Green Denim (Women's)",1255
2026-07-16T16:01:15.585Z,gid://shopify/Product/15238640828802,"new-balance-2002r-lunar-new-year-brown","New Balance 2002R Lunar New Year Rich Earth",1419
2026-07-16T16:01:15.585Z,gid://shopify/Product/15238642303362,"crocs-classic-clog-dreamworks-shrek-kids","Crocs Classic Clog DreamWorks Shrek (Kids)",1400
2026-07-16T16:01:15.585Z,gid://shopify/Product/15238643351938,"pop-mart-mega-royal-molly-velvet-flowers-400","Pop Mart Mega Royal Molly Velvet Flowers 400%",1136
2026-07-16T16:01:15.585Z,gid://shopify/Product/15238644695426,"nike-air-flightposite-metallic-gold-2024","Nike Air Flightposite Metallic Gold (2024)",1378
2026-07-16T16:01:15.585Z,gid://shopify/Product/15238645678466,"nike-zoomx-vaporfly-next-4-white-obsidian-mist","Nike ZoomX Vaporfly Next% 4 White Obsidian Mist",1201
2026-07-16T16:03:30.534Z,gid://shopify/Product/15238647808386,"nike-air-foamposite-pro-pearl-2025","Nike Air Foamposite Pro Pearl (2025)",949
2026-07-16T16:03:30.541Z,gid://shopify/Product/15238648594818,"nike-air-max-tl-25-phantom-total-orange","Nike Air Max TL 2.5 Phantom Total Orange",1311
2026-07-16T16:03:30.541Z,gid://shopify/Product/15240944353666,"nike-free-rn-2018-thunder-blue-gunsmoke","Nike Free RN 2018 Thunder Blue Gunsmoke",1190
2026-07-16T16:03:30.541Z,gid://shopify/Product/15240944845186,"air-jordan-12-retro-melo-gs","Jordan 12 Retro Melo (GS)",1187
2026-07-16T16:03:30.541Z,gid://shopify/Product/15240945369474,"nike-air-max-plus-vapor-green-malachite-black-light-lemon-twist","Nike Air Max Plus Vapor Green Malachite Black Light Lemon Twist",1377
2026-07-16T16:03:30.541Z,gid://shopify/Product/15240945729922,"nike-air-max-95-og-big-bubble-black-green-shock","Nike Air Max 95 OG Big Bubble Black Green Shock",1357
2026-07-16T16:03:30.541Z,gid://shopify/Product/15240945992066,"new-balance-9060-mushroom-arid-stone-gs","New Balance 9060 Mushroom Arid Stone (GS)",1185
2026-07-16T16:03:30.541Z,gid://shopify/Product/15240946516354,"air-jordan-13-retro-wolf-grey","Jordan 13 Retro Wolf Grey",1393
2026-07-16T16:03:30.541Z,gid://shopify/Product/15240946975106,"nike-blazer-mid-77-white-black-gs","Nike Blazer Mid 77 White Black (GS)",1030
2026-07-16T16:03:30.541Z,gid://shopify/Product/15240947433858,"air-jordan-14-retro-black-gym-red","Jordan 14 Retro Gym Red Toro",1055
2026-07-16T16:03:30.541Z,gid://shopify/Product/15240947761538,"air-jordan-12-retro-melo-2025","Jordan 12 Retro Melo (2025)",1144
2026-07-16T16:03:30.541Z,gid://shopify/Product/15240948121986,"air-jordan-1-low-new-beginnings","Jordan 1 Low New Beginnings",1274
2026-07-16T16:03:30.541Z,gid://shopify/Product/15240948482434,"anta-kai-hela-black","Anta Kai Hélà Black",1731
2026-07-16T16:03:30.541Z,gid://shopify/Product/15240948875650,"air-jordan-1-low-rare-air","Jordan 1 Low Rare Air",1196
2026-07-16T16:03:30.542Z,gid://shopify/Product/15241902752130,"air-jordan-3-retro-racer-blue","Jordan 3 Retro Racer Blue",842
2026-07-16T16:03:30.542Z,gid://shopify/Product/15241903145346,"nike-waffle-one-summit-white","Nike Waffle One Summit White",947
2026-07-16T16:03:30.542Z,gid://shopify/Product/15241903473026,"nike-air-max-90-rare-air-pale-ivory-thunder-blue","Nike Air Max 90 Rare Air Pale Ivory Thunder Blue",1461
2026-07-16T16:03:30.542Z,gid://shopify/Product/15241903833474,"nike-acg-izy-khaki","Nike ACG Izy Khaki",1190
2026-07-16T16:03:30.542Z,gid://shopify/Product/15241904193922,"air-jordan-12-retro-stealth","Jordan 12 Retro Stealth",1237
2026-07-16T16:03:30.542Z,gid://shopify/Product/15241904783746,"nike-ja-2-night-vision","Nike Ja 2 Night Vision",1502
2026-07-16T16:03:30.542Z,gid://shopify/Product/15241905373570,"air-jordan-2-3-white-black","Jordan 2/3 White Black",1467
2026-07-16T16:03:30.542Z,gid://shopify/Product/15241906258306,"air-jordan-luka-3-tb-white-grey-fog","Jordan Luka 3 TB White Grey Fog",1027
2026-07-16T16:03:30.542Z,gid://shopify/Product/15241906848130,"nike-kobe-6-protro-wnba","Nike Kobe 6 Protro Total Orange",1760
2026-07-16T16:03:30.542Z,gid://shopify/Product/15241907241346,"nike-air-force-1-low-kith-knicks-away-black","Nike Air Force 1 Low Kith Knicks Away",1060
2026-07-16T16:03:30.542Z,gid://shopify/Product/15241907732866,"nike-air-more-uptempo-low-ambush-limestone","Nike Air More Uptempo Low AMBUSH Vivid Sulfur Limestone",1380
2026-07-16T16:03:30.543Z,gid://shopify/Product/15243818992002,"nike-book-1-ashen-slate","Nike Book 1 Mirage V2 (Translucent Outsole)",1423
2026-07-16T16:03:30.543Z,gid://shopify/Product/15243819221378,"nike-air-max-ltd-3-white","Nike Air Max LTD 3 White",1435
2026-07-16T16:03:30.543Z,gid://shopify/Product/15243819778434,"nike-air-force-1-low-07-feel-free-lets-talk","Nike Air Force 1 Low '07 Feel Free, Let’s Talk",1056
2026-07-16T16:03:30.543Z,gid://shopify/Product/15243820302722,"new-balance-993-miusa-pink-taffy","New Balance 993 MiUSA Pink Taffy",1407
2026-07-16T16:03:30.543Z,gid://shopify/Product/15243820564866,"nike-p-6000-pink-blast-metallic-silver-black","Nike P-6000 Pink Blast Metallic Silver Black",1378
2026-07-16T16:03:30.543Z,gid://shopify/Product/15243820859778,"puma-lamelo-ball-lafrance-airbrush","Puma LaMelo Ball LaFrancé Airbrush",1717
2026-07-16T16:03:30.543Z,gid://shopify/Product/15243821351298,"stanley-x-the-post-malone-flowstate-quencher-40oz-tumbler-with-pouch-belt-post-malone-multicam","Stanley x The Post Malone Flowstate Quencher 40oz Tumbler With Pouch Belt Post Malone MultiCam",1874
2026-07-16T16:03:30.543Z,gid://shopify/Product/15243822104962,"nike-air-max-97-off-white-elemental-rose","Nike Air Max 97 Off-White Elemental Rose Serena Queen",1185
2026-07-16T16:03:30.543Z,gid://shopify/Product/15243822858626,"aime-leon-dore-x-porsche-jacquard-collar-quarter-zip-pullover-green","Aime Leon Dore x Porsche Jacquard Collar Quarter Zip Pullover Green",1288
2026-07-16T16:03:30.543Z,gid://shopify/Product/15243823939970,"kith-long-sleeve-quinn-tee-marl","Kith Long Sleeve Quinn Tee Marl",730
2026-07-16T16:03:30.543Z,gid://shopify/Product/15245572800898,"adidas-ctt-chinese-track-top-31-gender-neutral-jacket-asia-sizing-blue","adidas CTT Chinese Track Top 3.1 Gender Neutral Jacket (Asia Sizing) Blue",1423
2026-07-16T16:03:30.544Z,gid://shopify/Product/15245573620098,"air-jordan-1-low-black-pink-quartz-gs","Jordan 1 Low Black Pink Quartz (GS)",1056
2026-07-16T16:03:30.544Z,gid://shopify/Product/15245574963586,"kith-x-columbia-big-sur-quarter-zip-arrival","Kith x Columbia Big Sur Quarter Zip Arrival",1343
2026-07-16T16:03:30.544Z,gid://shopify/Product/15245575684482,"chanel-card-holder-cc-quilted-diamond-caviar-black","Chanel Classic Card Holder Quilted Caviar Gold-tone Black",575
2026-07-16T16:03:30.544Z,gid://shopify/Product/15245576569218,"reebok-question-mid-double-cross","Reebok Question Mid Double Cross",1280
2026-07-16T16:05:07.484Z,gid://shopify/Product/15245577290114,"stanley-flowstate-quencher-40oz-tumbler-camelia-gradient","Stanley Flowstate Quencher 40oz Tumbler Camelia Gradient",798
2026-07-16T16:05:07.491Z,gid://shopify/Product/15245578240386,"reebok-question-mid-i3-motorsports","Reebok Question Mid I3 Motorsports",915
2026-07-16T16:05:07.491Z,gid://shopify/Product/15245579714946,"reebok-question-mid-eric-emanuel-pink-toe","Reebok Question Mid Eric Emanuel Pink Toe",790
2026-07-16T16:05:07.491Z,gid://shopify/Product/15245620543874,"nike-air-force-1-low-peach-pack-pink-quartz","Nike Air Force 1 Low Peach Pack Pink Quartz",1136
2026-07-16T16:05:07.491Z,gid://shopify/Product/15247420096898,"reebok-answer-5-bethel","Reebok Answer 5 Bethel",782
2026-07-16T16:05:07.491Z,gid://shopify/Product/15247422685570,"nike-ava-rover-black-muslin","Nike Ava Rover Black Muslin",906
2026-07-16T16:05:07.491Z,gid://shopify/Product/15247423078786,"nike-shox-r4-university-red-black-metallic-silver","Nike Shox R4 University Red Black Metallic Silver",1014
2026-07-16T16:05:07.491Z,gid://shopify/Product/15247423635842,"salomon-xt-pathway-2-satin-black-mahogany-rose","Salomon XT-Pathway 2 Satin Black Mahogany Rose",878
2026-07-16T16:05:07.491Z,gid://shopify/Product/15247424258434,"reebok-workout-plus-reebok-pump-omni-zone-ii-reebok-instapump-fury-94-playstation-30th-anniversary-stacking-box","Reebok Workout Plus, Reebok Pump Omni Zone II & Reebok Instapump Fury 94 PlayStation 30th Anniversary Stacking Box",978
2026-07-16T16:05:07.492Z,gid://shopify/Product/15247424717186,"bearbrick-batman-hush-ver-100-400-set","Bearbrick Batman Hush Ver. 100% & 400% Set",746
2026-07-16T16:05:07.492Z,gid://shopify/Product/15247425241474,"nike-sabrina-1-brooklyns-finest-womens","Nike Sabrina 1 Brooklyn's Finest (Women's)",1211
2026-07-16T16:05:07.492Z,gid://shopify/Product/15247425503618,"nike-dunk-low-next-nature-white-black-w","Nike Dunk Low Next Nature Panda (Women's)",1230
2026-07-16T16:05:07.492Z,gid://shopify/Product/15247425896834,"nike-sabrina-2-oregon-womens","Nike Sabrina 2 Oregon (Women's)",1205
2026-07-16T16:05:07.492Z,gid://shopify/Product/15247426191746,"nike-air-force-1-low-sp-ambush-game-royal","Nike Air Force 1 Low SP AMBUSH Game Royal",1016
2026-07-16T16:05:07.492Z,gid://shopify/Product/15247426519426,"crocs-pollex-clog-by-salehe-bembury-x-nina-chanel-abney-art-friends-thumbs-up-good-job","Crocs Pollex Clog by Salehe Bembury x Nina Chanel Abney Art Friends Thumbs Up Good Job",1099
2026-07-16T16:05:07.492Z,gid://shopify/Product/15249570398594,"kaws-x-warhol-ut-graphic-476352-t-shirt-black","KAWS x Uniqlo Warhol UT Graphic 476352 T-shirt Black",544
2026-07-16T16:05:07.492Z,gid://shopify/Product/15249570660738,"nike-air-max-correlate-new-green-bright-mango-w","Nike Air Max Correlate New Green Bright Mango (Women's)",1281
2026-07-16T16:05:07.492Z,gid://shopify/Product/15249571021186,"apple-airpods-pro-2nd-gen-2023-magsafe-case-usb-c-mtjv3am-a","Apple Airpods Pro (2nd Gen/2023) MagSafe Case (USB-C) MTJV3AM/A",1096
2026-07-16T16:05:07.492Z,gid://shopify/Product/15249571512706,"nike-air-max-ltd-3-black-smoke-grey-university-red","Nike Air Max LTD 3 Black Smoke Grey University Red",1140
2026-07-16T16:05:07.492Z,gid://shopify/Product/15249571840386,"supreme-umbro-zip-up-sweater-black","Supreme Umbro Zip Up Sweater Black",790
2026-07-16T16:05:07.492Z,gid://shopify/Product/15249572430210,"adidas-ultra-boost-10-chalk-white-scarlet","adidas Ultra Boost 1.0 Chalk White Scarlet",1142
2026-07-16T16:05:07.492Z,gid://shopify/Product/15249572954498,"the-north-face-womens-nuptse-700-fill-short-jacket-tnf-black","The North Face Womens Nuptse 700 Fill Short Jacket TNF Black",1007
2026-07-16T16:05:07.492Z,gid://shopify/Product/15249573478786,"supreme-collegiate-applique-zip-up-hooded-sweatshirt-woodland-camo","Supreme Collegiate Applique Zip Up Hooded Sweatshirt Woodland Camo",944
2026-07-16T16:05:07.492Z,gid://shopify/Product/15249573740930,"supreme-studded-shadow-plaid-zip-up-shirt-black","Supreme Studded Shadow Plaid Zip Up Shirt Black",822
2026-07-16T16:05:07.493Z,gid://shopify/Product/15249574297986,"supreme-denim-mini-utility-bag-realtree-ap-camo","Supreme Denim Mini Utility Bag Realtree AP Camo",920
2026-07-16T16:05:07.493Z,gid://shopify/Product/15249574592898,"nike-dunk-low-midnight-navy-university-blue","Nike Dunk Low Midnight Navy University Blue",1155
2026-07-16T16:05:07.493Z,gid://shopify/Product/15249574822274,"nike-dunk-low-kansas-city-royals-w","Nike Dunk Low Kansas City Royals (Women's)",1184
2026-07-16T16:05:07.493Z,gid://shopify/Product/15249575248258,"nike-air-max-1-white-university-gold","Nike Air Max 1 White University Gold",1208
2026-07-16T16:05:07.493Z,gid://shopify/Product/15250727403906,"nike-dunk-low-bone-beige-w","Nike Dunk Low Bone Beige (Women's)",949
2026-07-16T16:05:07.493Z,gid://shopify/Product/15250727731586,"kaws-x-warhol-graphic-476119-sweatshirt-black","KAWS x Uniqlo Warhol Graphic 476119 Sweatshirt Black",962
2026-07-16T16:05:07.493Z,gid://shopify/Product/15250728255874,"nike-dunk-low-se-fleece-pack-honeydew-w","Nike Dunk Low SE Fleece Pack Honeydew (Women's)",1033
2026-07-16T16:05:07.493Z,gid://shopify/Product/15250728550786,"air-jordan-5-retro-wings-2025","Jordan 5 Retro Wings (2025) (Women's)",1477
2026-07-16T16:05:07.493Z,gid://shopify/Product/15250730221954,"lego-super-mushroom-surprise-set-30385","LEGO Super Mario Mushroom Surprise Set 30385",644
2026-07-16T16:05:07.493Z,gid://shopify/Product/15250731729282,"gucci-shoulder-gg-marmont-chain-matelasse-small-calfskin-black-brass","Gucci GG Marmont Camera Bag Matelasse Small Black",854
2026-07-16T16:05:07.493Z,gid://shopify/Product/15250732351874,"nike-air-max-plus-year-of-the-snake","Nike Air Max Plus Year of the Snake",1185
2026-07-16T16:05:07.493Z,gid://shopify/Product/15250734055810,"gucci-shoulder-gg-marmont-chain-matelasse-small-calfskin-hibiscus-red-brass-1","Gucci GG Marmont Camera Bag Matelasse Small Hibiscus Red",423
2026-07-16T16:05:07.493Z,gid://shopify/Product/15250737201538,"bearbrick-x-andy-warhol-brillo-2022-100-400-set","Bearbrick x Andy Warhol Brillo (2022) 100% & 400% Set",790
2026-07-16T16:05:07.493Z,gid://shopify/Product/15250737561986,"onitsuka-tiger-tokuten-burnt-green-white-black","Onitsuka Tiger Tokuten Burnt Green White Black",999
2026-07-16T16:05:07.493Z,gid://shopify/Product/15250738217346,"adidas-tokyo-green-pure-sulfur-gold-metallic-womens","adidas Tokyo Green Pure Sulfur Gold Metallic (Women's)",1016
2026-07-16T16:05:07.493Z,gid://shopify/Product/15250738872706,"nike-air-max-phenomena-black-metallic-gold-womens","Nike Air Max Phenomena Black Metallic Gold (Women's)",986
2026-07-16T16:06:51.255Z,gid://shopify/Product/15250739298690,"dior-x-erl-saddle-bag-black","Dior x ERL Saddle Bag Black",626
2026-07-16T16:06:51.259Z,gid://shopify/Product/15252503658882,"gucci-gg-supreme-ophidia-monogram-crossbody-beige-ebony","Gucci GG Supreme Ophidia Monogram Crossbody Beige/Ebony",571
2026-07-16T16:06:51.259Z,gid://shopify/Product/15252504772994,"kate-spade-rowe-leather-top-zip-satchel-bag-small-bright-carnation-pink","Kate Spade Rowe Leather Top Zip Satchel Bag Small Bright Carnation Pink",620
2026-07-16T16:06:51.260Z,gid://shopify/Product/15252506870146,"nike-air-max-95-yardrunners-norfolk-state","Nike Air Max 95 Yardrunners Norfolk State",961
2026-07-16T16:06:51.260Z,gid://shopify/Product/15252507165058,"kith-x-scarface-the-world-is-yours-tee-black","Kith x Scarface The World Is Yours Tee Black",679
2026-07-16T16:06:51.260Z,gid://shopify/Product/15252507689346,"pop-mart-skullpanda-you-found-me-series-cerberus-plush-doll-pendant","Pop Mart SKULLPANDA You Found Me! Series Cerberus Plush Doll Pendant",833
2026-07-16T16:06:51.260Z,gid://shopify/Product/15252508246402,"travis-scott-free-the-rage-ii-tee-black","Travis Scott Free The Rage II Tee Black",812
2026-07-16T16:06:51.260Z,gid://shopify/Product/15252508574082,"nike-kd-4-year-of-the-dragon-20","Nike KD 4 Year of the Dragon 2.0",755
2026-07-16T16:06:51.260Z,gid://shopify/Product/15252509000066,"nike-dunk-low-yellow-heart-w","Nike Dunk Low Valentine's Day Yellow Heart (Women's)",821
2026-07-16T16:06:51.260Z,gid://shopify/Product/15252509229442,"travis-scott-cactus-jack-x-jordan-flight-graphic-hoodie-archaeo-brown","Travis Scott x Jordan Flight Graphic Hoodie Archaeo Brown",964
2026-07-16T16:06:51.260Z,gid://shopify/Product/15252509753730,"denim-tears-x-cpfm-cactus-tears-wreath-hoodie-yellow","Denim Tears x CPFM Cactus Tears Wreath Hoodie Yellow",706
2026-07-16T16:06:51.260Z,gid://shopify/Product/15252510212482,"supreme-ys-by-yohji-yamamoto-star-tee-white","Supreme Y's by Yohji Yamamoto Star Tee White",701
2026-07-16T16:06:51.260Z,gid://shopify/Product/15252510704002,"jordan-x-travis-scott-air-t-shirt-celery","Jordan x Travis Scott Air T-Shirt Celery",901
2026-07-16T16:06:51.260Z,gid://shopify/Product/15252511228290,"travis-scott-astroworld-tour-l-s-tee-black","Travis Scott Astroworld Tour L/S Tee Black",918
2026-07-16T16:06:51.260Z,gid://shopify/Product/15252511490434,"travis-scott-x-wwe-mankind-zip-hoodie-black","Travis Scott x WWE Mankind Zip Hoodie Black",721
2026-07-16T16:06:51.261Z,gid://shopify/Product/15252511785346,"pop-mart-skullpanda-you-found-me-series-sandman-plush-doll-pendant","Pop Mart SKULLPANDA You Found Me! Series Sandman Plush Doll Pendant",729
2026-07-16T16:06:51.261Z,gid://shopify/Product/15252512178562,"kanye-west-jesus-is-king-vinyl-i-t-shirt-blue","Kanye West Jesus Is King Vinyl I T-Shirt Blue",611
2026-07-16T16:06:51.261Z,gid://shopify/Product/15252508246402,"travis-scott-free-the-rage-ii-tee-black","Travis Scott Free The Rage II Tee Black",408
2026-07-16T16:06:51.261Z,gid://shopify/Product/15252509000066,"nike-dunk-low-yellow-heart-w","Nike Dunk Low Valentine's Day Yellow Heart (Women's)",499
2026-07-16T16:06:51.261Z,gid://shopify/Product/15252509753730,"denim-tears-x-cpfm-cactus-tears-wreath-hoodie-yellow","Denim Tears x CPFM Cactus Tears Wreath Hoodie Yellow",406
2026-07-16T16:06:51.261Z,gid://shopify/Product/15252510212482,"supreme-ys-by-yohji-yamamoto-star-tee-white","Supreme Y's by Yohji Yamamoto Star Tee White",374
2026-07-16T16:06:51.261Z,gid://shopify/Product/15252510704002,"jordan-x-travis-scott-air-t-shirt-celery","Jordan x Travis Scott Air T-Shirt Celery",501
2026-07-16T16:06:51.261Z,gid://shopify/Product/15252511228290,"travis-scott-astroworld-tour-l-s-tee-black","Travis Scott Astroworld Tour L/S Tee Black",411
2026-07-16T16:06:51.261Z,gid://shopify/Product/15252511490434,"travis-scott-x-wwe-mankind-zip-hoodie-black","Travis Scott x WWE Mankind Zip Hoodie Black",430
2026-07-16T16:06:51.261Z,gid://shopify/Product/15252511785346,"pop-mart-skullpanda-you-found-me-series-sandman-plush-doll-pendant","Pop Mart SKULLPANDA You Found Me! Series Sandman Plush Doll Pendant",425
2026-07-16T16:06:51.261Z,gid://shopify/Product/15252512178562,"kanye-west-jesus-is-king-vinyl-i-t-shirt-blue","Kanye West Jesus Is King Vinyl I T-Shirt Blue",414
2026-07-16T16:06:51.261Z,gid://shopify/Product/15254980657538,"travis-scott-utopia-cover-3-2xlp-vinyl","Travis Scott Utopia Cover 3 2XLP Vinyl",373
2026-07-16T16:06:51.261Z,gid://shopify/Product/15254982164866,"adidas-yeezy-boost-380-mist-kids","adidas Yeezy Boost 380 Mist (Kids)",377
2026-07-16T16:06:51.261Z,gid://shopify/Product/15254983606658,"balenciaga-x-yeezy-dmx-a-tribute-longsleeve-t-shirt-faded-black","Balenciaga x Yeezy DMX, A Tribute Longsleeve T-Shirt Faded Black",435
2026-07-16T16:06:51.261Z,gid://shopify/Product/15254985146754,"playboi-carti-yvl-cap-white-white-black","Playboi Carti YVL Cap White/White/Black",303
2026-07-16T16:06:51.262Z,gid://shopify/Product/15254986916226,"supreme-cross-box-logo-tee-yellow","Supreme Cross Box Logo Tee Yellow",365
2026-07-16T16:06:51.262Z,gid://shopify/Product/15254991339906,"alo-yoga-accolade-cotton-blend-hoodie-espresso","Alo Yoga Accolade Cotton-Blend Hoodie Espresso",408
2026-07-16T16:06:51.262Z,gid://shopify/Product/15254993011074,"kith-nike-for-new-york-knicks-l-s-tee-white","Kith & Nike for New York Knicks L/S Tee White",428
2026-07-16T16:06:51.262Z,gid://shopify/Product/15254995796354,"supreme-hanes-bones-thermal-pant-fw25-1-pack-yellow","Supreme Hanes Bones Thermal Pant FW25 (1 Pack) Yellow",385
2026-07-16T16:06:51.262Z,gid://shopify/Product/15254997107074,"travis-scott-utopia-circus-maximus-2023-tour-iii-tee-white","Travis Scott Utopia Circus Maximus 2023 Tour III Tee White",427
2026-07-16T16:06:51.262Z,gid://shopify/Product/15254997434754,"travis-scott-utopia-circus-maximus-pink-star-tee-pink","Travis Scott Utopia Circus Maximus Pink Star Tee Pink",373
2026-07-16T16:06:51.262Z,gid://shopify/Product/15254997762434,"nike-sportswear-x-central-cee-tech-fleece-full-zip-hoodie-black-metallic-red-bronze","Nike Sportswear Tech Fleece x Central Cee Syna World Full Zip Hoodie Black/Metallic Red Bronze",478
2026-07-16T16:06:51.262Z,gid://shopify/Product/15254997991810,"nike-sportswear-tech-fleece-windrunner-full-zip-hoodie-joggers-set-medium-olive-black","Nike Sportswear Tech Fleece Windrunner Full Zip Hoodie & Joggers Set Medium Olive/Black",492
2026-07-16T16:06:51.262Z,gid://shopify/Product/15254998286722,"nike-sportswear-tech-fleece-windrunner-full-zip-hoodie-obsidian-heather-black","Nike Sportswear Tech Fleece Windrunner Full-Zip Hoodie Obsidian Heather/Black",458
2026-07-16T16:06:51.262Z,gid://shopify/Product/15254998679938,"nike-invincible-run-3-light-cream","Nike ZoomX Invincible Run 3 Light Cream",427
2026-07-16T16:06:51.263Z,gid://shopify/Product/15254998974850,"bape-color-camo-shark-full-zip-hoodie-fw24-navy","BAPE Color Camo Shark Full Zip Hoodie (FW24) Navy",394
2026-07-16T16:06:51.263Z,gid://shopify/Product/15256954372482,"nike-dunk-low-doernbecher-zoe","Nike Dunk Low Doernbecher Zoe",475
2026-07-16T16:06:51.263Z,gid://shopify/Product/15256954896770,"miniso-disney-zootopia-series-vinyl-plush-sealed-case-6-blind-box","Miniso Disney Zootopia Series Vinyl Plush Sealed Case (6 Blind Box)",347
2026-07-16T16:06:51.263Z,gid://shopify/Product/15256955748738,"sprayground-rugrats-showtime-dlxr-backpack-multicolor","Sprayground Rugrats Showtime DLXR Backpack Multicolor",314
2026-07-16T16:06:51.263Z,gid://shopify/Product/15256956043650,"nike-zoom-mercurial-vapor-1-rgn-se-fg-chrome-lime","Nike Zoom Mercurial Vapor 1 RGN SE FG Chrome Lime",388
2026-07-16T16:06:51.263Z,gid://shopify/Product/15256956338562,"nike-zegamadome-sp-sacai-white","Nike Zegamadome SP sacai White",431
2026-07-16T16:06:51.263Z,gid://shopify/Product/15256956567938,"nike-zoom-fly-5-black-white","Nike Zoom Fly 5 Black White",374
2026-07-16T16:06:51.263Z,gid://shopify/Product/15256956895618,"nike-air-zoom-spiridon-undefeated-thunder-blue","Nike Air Zoom Spiridon Undefeated Thunder Blue",399
2026-07-16T16:06:51.263Z,gid://shopify/Product/15256957223298,"sony-playstation-ps5-dualsense-wireless-controller-marvel-spider-man-2-1000039156","Sony Playstation PS5 DualSense Wireless Controller Marvel Spider-Man 2 1000039156 / CFI-ZCT1GZ2",805
2026-07-16T16:09:36.821Z,gid://shopify/Product/15256957649282,"sprayground-knit-sharks-in-paris-in-cream-dlx-backpack-multicolor","Sprayground Knit Sharks In Paris In Cream DLX Backpack Multicolor",879
2026-07-16T16:09:36.829Z,gid://shopify/Product/15256958075266,"flipper-zero-portable-multitool","Flipper Zero Portable Multitool White",845
2026-07-16T16:09:36.829Z,gid://shopify/Product/15256958435714,"sprayground-triple-decker-heir-to-the-throne-shark-backpack-black-white-grey","Sprayground Triple Decker Heir To The Throne Shark Backpack Black/White/Grey",884
2026-07-16T16:09:36.829Z,gid://shopify/Product/15256958960002,"nike-zoom-gt-cut-2-black-desert-berry","Nike Zoom GT Cut 2 Black Desert Berry",1017
2026-07-16T16:09:36.829Z,gid://shopify/Product/15256959418754,"nike-zoomx-streakfly-hyper-pink-laser-orange","Nike ZoomX StreakFly Hyper Pink Laser Orange",1134
2026-07-16T16:09:36.829Z,gid://shopify/Product/15256959943042,"supreme-patchwork-zip-up-hooded-sweatshirt-ss25-navy","Supreme Patchwork Zip Up Hooded Sweatshirt (SS25) Navy",909
2026-07-16T16:09:36.829Z,gid://shopify/Product/15256960467330,"adidas-zx-10000-simpsons-krusty-burger","adidas ZX 10000 The Simpsons Krusty Burger",919
2026-07-16T16:09:36.829Z,gid://shopify/Product/15257602097538,"nike-air-max-bw-og-cream","Nike Air Max BW OG Cream",1035
2026-07-16T16:09:36.829Z,gid://shopify/Product/15257602425218,"supreme-bb-simon-zip-up-hooded-sweatshirt-heather-grey","Supreme b.b. Simon Zip Up Hooded Sweatshirt Heather Grey",976
2026-07-16T16:09:36.829Z,gid://shopify/Product/15257602851202,"bape-shark-full-zip-hoodie-ss22-black","BAPE Shark Full Zip Hoodie (SS22) Black",1068
2026-07-16T16:09:36.829Z,gid://shopify/Product/15257603375490,"nike-zoom-freak-1-black-white","Nike Zoom Freak 1 Black White",1145
2026-07-16T16:09:36.829Z,gid://shopify/Product/15257603867010,"the-north-face-borealis-backpack-tnf-black-black","The North Face Borealis Backpack TNF Black/Black",899
2026-07-16T16:09:36.830Z,gid://shopify/Product/15257604292994,"nike-metcon-9-black-anthracite","Nike Metcon 9 Black Anthracite",1092
2026-07-16T16:09:36.830Z,gid://shopify/Product/15257604555138,"balenciaga-x-adidas-stan-smith-core-white-green","Balenciaga x adidas Stan Smith Core White Green",1257
2026-07-16T16:09:36.830Z,gid://shopify/Product/15257605046658,"adidas-ozelia-triple-black","adidas Ozelia Triple Black",1123
2026-07-16T16:09:36.830Z,gid://shopify/Product/15257606029698,"adidas-nmd-ts1-gore-tex-triple-black","adidas NMD TS1 Gore-Tex Triple Black",1153
2026-07-16T16:09:36.830Z,gid://shopify/Product/15257606947202,"adidas-x-oasis-tour-3-stripes-t-shirt-cream-white","adidas x Oasis Tour 3-Stripes T-Shirt Cream White",1007
2026-07-16T16:09:36.830Z,gid://shopify/Product/15257607471490,"adidas-x-oasis-tour-3-stripes-t-shirt-clear-sky-night-indigo","adidas x Oasis Tour 3-Stripes T-Shirt Clear Sky/Night Indigo",1024
2026-07-16T16:09:36.830Z,gid://shopify/Product/15257608388994,"adidas-ultra-boost-1pt0-cream-white","adidas Ultra Boost 1.0 Cream Chalk (2018/2022)",1116
2026-07-16T16:09:36.830Z,gid://shopify/Product/15257609044354,"adidas-tiro-21-track-pants-black-white","adidas Tiro 21 Track Pants Black/White",823
2026-07-16T16:09:36.830Z,gid://shopify/Product/15258052166018,"asics-gel-nimbus-101-vandy-the-pink-x-atmos-banana-split-strawberry","ASICS Gel-Nimbus 10.1 Vandy The Pink x atmos Banana Split Strawberry",1498
2026-07-16T16:09:36.830Z,gid://shopify/Product/15258052788610,"asics-gel-cumulus-16-stone-wash-independence-blue","ASICS Gel-Cumulus 16 Stone Wash Independence Blue",1042
2026-07-16T16:09:36.830Z,gid://shopify/Product/15258053542274,"asics-gel-1130-kith-cream-starlight-blue","ASICS Gel-1130 Kith Cream Starlight Blue",1190
2026-07-16T16:09:36.830Z,gid://shopify/Product/15258054656386,"asics-ex89-white-grand-shark","ASICS EX89 White Grand Shark",1331
2026-07-16T16:09:36.830Z,gid://shopify/Product/15259300397442,"air-jordan-legacy-312-low-black-valor-blue","Jordan Legacy 312 Low Black Valor Blue",1373
2026-07-16T16:09:36.830Z,gid://shopify/Product/15259301544322,"asics-japan-pro-black-white","ASICS Japan Pro Black White",982
2026-07-16T16:09:36.830Z,gid://shopify/Product/15260223439234,"air-jordan-4-retro-valentines-day-2026-gs","Jordan 4 Retro Valentine's Day (2026) (GS)",1141
2026-07-16T16:09:36.830Z,gid://shopify/Product/15260524380546,"asics-gel-venture-6-glacier-grey-black","ASICS Gel-Venture 6 Glacier Grey Black",1068
2026-07-16T16:09:36.830Z,gid://shopify/Product/15261284041090,"nike-m2k-tekno-summit-white-womens","Nike M2K Tekno Summit White (Women's) %",623
2026-07-16T16:09:36.830Z,gid://shopify/Product/15261301932418,"new-balance-1906r-black-patent-1","New Balance 1906R Black Patent %",827
2026-07-16T16:09:36.830Z,gid://shopify/Product/15262134272386,"air-jordan-tatum-3-st-louis","Jordan Tatum 3 St. Louis",1016
2026-07-16T16:09:36.830Z,gid://shopify/Product/15262137221506,"asics-gel-lyte-iii-sneaker-politics-courtyard","ASICS Gel-Lyte III Sneaker Politics Always Ready",1065
2026-07-16T16:09:36.830Z,gid://shopify/Product/15263450235266,"air-jordan-4-retro-pizza-ps","Jordan 4 Retro Pizza (PS)",1231
2026-07-16T16:09:36.830Z,gid://shopify/Product/15263450464642,"nike-air-jordan-air-ship-pe-sp-awake-ny-game-royal","Nike Jordan Air Ship PE SP Awake NY Game Royal",1343
2026-07-16T16:09:36.830Z,gid://shopify/Product/15263450694018,"air-jordan-2-retro-maison-chateau-rouge","Jordan 2 Retro SP Maison Chateau Rouge",1087
2026-07-16T16:09:36.830Z,gid://shopify/Product/15263450923394,"nike-dunk-low-light-iron-ore-w","Nike Dunk Low Light Iron Ore (Women's)",978
2026-07-16T16:09:36.830Z,gid://shopify/Product/15277967278466,"jordan-1-mid-apricot-orange-womens","Jordan 1 Mid Apricot Orange (Women's) %",924
2026-07-16T16:09:36.830Z,gid://shopify/Product/15282649104770,"reebok-question-low-bbc-ice-cream-running-dog-yellow-green","Reebok Question Low BBC Ice Cream Running Dog Yellow Green",1079
2026-07-16T16:09:36.830Z,gid://shopify/Product/15282651857282,"nike-dunk-low-retro-gorge-green-midnight-navy-womens","Nike Dunk Low Retro Gorge Green Midnight Navy (Women's)",1247
2026-07-16T16:09:36.830Z,gid://shopify/Product/15282660901250,"adidas-zx-8000-grey-court-green-screaming-pink","adidas ZX 8000 Grey Court Green Screaming Pink",1343
2026-07-16T16:11:44.653Z,gid://shopify/Product/15289387221378,"nike-ja-3-cobalt-bliss","Nike Ja 3 LX All-Star Warning Label",1159
2026-07-16T16:11:44.658Z,gid://shopify/Product/15304175878530,"adidas-samba-jane-gold-metallic-white-womens","adidas Samba Jane Gold Metallic White (Women's)",691
2026-07-16T16:11:44.658Z,gid://shopify/Product/15307212521858,"new-balance-327-black-sea-salt-w","New Balance 327 Black Sea Salt (Women's)",1319
2026-07-16T16:11:44.658Z,gid://shopify/Product/15308219613570,"new-era-new-york-yankees-chase-b-x-mlb-maximal-59fifty-fitted-cap-multi-plaid-pink","New Era New York Yankees Chase B x MLB Maximal 59Fifty Fitted Cap Multi/Plaid/Pink",1103
2026-07-16T16:11:44.658Z,gid://shopify/Product/15308434604418,"nike-mind-001-slide-light-smoke-grey-womens","Nike Mind 001 Slide Light Smoke Grey (Women's)",1209
2026-07-16T16:11:44.658Z,gid://shopify/Product/15308434833794,"nike-mind-001-slide-blackened-blue-game-royal","Nike Mind 001 Slide Blackened Blue Game Royal",1100
2026-07-16T16:11:44.658Z,gid://shopify/Product/15318326903170,"nike-fc-barcelona-2005-06-ronaldinho-10-home-jersey-multicolor","Nike FC Barcelona Re-Issue 2005/06 Ronaldinho #10 Home Jersey Multicolor",1153
2026-07-16T16:11:44.659Z,gid://shopify/Product/15321791201666,"air-jordan-11-retro-low-university-blue","Jordan 11 Retro Low University Blue (2026)",786
2026-07-16T16:11:44.659Z,gid://shopify/Product/15322121011586,"adidas-taekwondo-mei-ballet-liberty-london-black-floral-gum-womens","adidas Taekwondo Mei Ballet Liberty London Black Floral Gum (Women's)",837
2026-07-16T16:11:44.659Z,gid://shopify/Product/15324670329218,"puma-speedcat-ballet-dark-chocolate-womens","Puma Speedcat Ballet Dark Chocolate (Women's)",919
2026-07-16T16:11:44.659Z,gid://shopify/Product/15326332289410,"nike-mind-001-slide-solar-red","Nike Mind 001 Slide Solar Red",1225
2026-07-16T16:11:44.660Z,gid://shopify/Product/15329325416834,"puma-avanti-c-rihanna-fenty-aged-silver-womens","Puma Avanti C Rihanna Fenty Aged Silver (Women's)",1049
2026-07-16T16:11:44.660Z,gid://shopify/Product/15333099405698,"nike-dunk-high-panda-black-white-2021-2025","Nike Dunk High Panda Black White (2021/2024) %",864
2026-07-16T16:11:44.660Z,gid://shopify/Product/15333104681346,"adidas-campus-00s-core-black-lucid-blue","adidas Campus 00s Core Black Lucid Blue",1138
2026-07-16T16:11:44.660Z,gid://shopify/Product/15333110776194,"asics-gel-1130-larimar-blue-pure-silver-gs-1","ASICS Gel-1130 Larimar Blue Pure Silver (GS) %",1044
2026-07-16T16:11:44.660Z,gid://shopify/Product/15333116936578,"nike-victory-2-white-bright-spruce-electric-algae-black-1","Nike Victory 2 White Bright Spruce Electric Algae Black %",979
2026-07-16T16:11:44.660Z,gid://shopify/Product/15333186437506,"jordan-1-low-se-panda-toe-gs","Jordan 1 Low SE Panda Toe (GS) %",914
2026-07-16T16:11:44.660Z,gid://shopify/Product/15333189616002,"nike-dunk-low-retro-camo-olive-1","Nike Dunk Low Retro Camo Olive %",1170
2026-07-16T16:11:44.660Z,gid://shopify/Product/15340299223426,"nike-sb-dunk-low-pro-bluetile-skateboards","Nike SB Dunk Low Pro Bluetile Skateboards",1463
2026-07-16T16:11:44.660Z,gid://shopify/Product/15340413649282,"bape-colors-milo-college-summer-tee-ss25-white","BAPE Colors Milo College Summer Tee (SS25) White",889
2026-07-16T16:11:44.661Z,gid://shopify/Product/15340416106882,"bape-abc-camo-college-tee-white-pink-ss21","BAPE ABC Camo College Tee (SS21) White/Pink",1289
2026-07-16T16:11:44.661Z,gid://shopify/Product/15342417740162,"nike-air-max-1-86-jacquemus-dark-red-womens","Nike Air Max 1 '86 Jacquemus Mystic Red (Women's)",1489
2026-07-16T16:11:44.661Z,gid://shopify/Product/15342418035074,"nike-air-humara-lx-jacquemus-beige-w","Nike Air Humara LX Jacquemus Light Bone Gold (Women's)",989
2026-07-16T16:11:44.661Z,gid://shopify/Product/15342418362754,"jacquemus-le-chiquito-brown","Jacquemus Le Chiquito Brown",460
2026-07-16T16:11:44.661Z,gid://shopify/Product/15342418657666,"jacquemus-le-bambino-top-handle-bag-small-black","Jacquemus Le Bambino Top Handle Bag Small Black",548
2026-07-16T16:11:44.661Z,gid://shopify/Product/15344310550914,"nike-ja-3-jurassic-park-green-spark-ps","Nike Ja 3 Jurassic Park Explorer (PS)",890
2026-07-16T16:11:44.661Z,gid://shopify/Product/15344737812866,"ami-paris-ami-de-coeur-classic-fit-t-shirt-black-red","Ami Paris Ami De Coeur Classic Fit T-Shirt Black/Red",986
2026-07-16T16:11:44.661Z,gid://shopify/Product/15344786080130,"sp5der-og-web-v2-sweatshort-dusty-blue","Sp5der OG Web V2 Sweatshort Dusty Blue",1323
2026-07-16T16:11:44.661Z,gid://shopify/Product/15344786342274,"sp5der-onyx-slide-black","Sp5der Onyx Slide Black",993
2026-07-16T16:11:44.661Z,gid://shopify/Product/15344786604418,"sp5der-phantom-og-web-tee-black","Sp5der Phantom OG Web Tee Black",1168
2026-07-16T16:11:44.661Z,gid://shopify/Product/15344786801026,"sp5der-x-uy-scuti-hoodie-black-red","Sp5der x UY SCUTI Hoodie Black/Red",1130
2026-07-16T16:11:44.661Z,gid://shopify/Product/15344786997634,"sp5der-punk-v2-zip-up-hoodie-black","Sp5der Punk V2 Zip Up Hoodie Black",1632
2026-07-16T16:11:44.661Z,gid://shopify/Product/15344787292546,"sp5der-og-web-studded-zip-hoodie-red","Sp5der OG Web Studded Zip Hoodie Red",1268
2026-07-16T16:11:44.661Z,gid://shopify/Product/15344787521922,"sp5der-og-web-v2-sweatpant-red","Sp5der OG Web V2 Sweatpant Red",1038
2026-07-16T16:11:44.661Z,gid://shopify/Product/15344787718530,"sp5der-og-web-v2-sweatshort-white","Sp5der OG Web V2 Sweatshort White",1022
2026-07-16T16:11:44.662Z,gid://shopify/Product/15344787915138,"sp5der-pnk-v2-sweatpant-black","Sp5der P*NK V2 Sweatpant Black",1223
2026-07-16T16:11:44.662Z,gid://shopify/Product/15344788111746,"sp5der-pnk-v2-hoodie-red","Sp5der P*NK V2 Hoodie Red",1260
2026-07-16T16:11:44.662Z,gid://shopify/Product/15344788472194,"sp5der-og-web-hoodie-pink","Sp5der OG Web Hoodie Pink",1237
2026-07-16T16:11:44.662Z,gid://shopify/Product/15344788668802,"sp5der-punk-v2-rhinestone-sweatpant-bright-green","Sp5der Punk V2 Rhinestone Sweatpant Bright Green",1183
2026-07-16T16:11:44.662Z,gid://shopify/Product/15344788930946,"sp5der-sp5-mint-sweatpants-mint","Sp5der SP5 Mint Sweatpants Mint",567
2026-07-16T16:14:05.999Z,gid://shopify/Product/15344789258626,"sp5der-beluga-hoodie-slate-grey-green","Sp5der Beluga Hoodie Slate Grey/Green",989
2026-07-16T16:14:06.007Z,gid://shopify/Product/15344789684610,"sp5der-beluga-hoodie-tc-blue","Sp5der Beluga Hoodie TC Blue",738
2026-07-16T16:14:06.007Z,gid://shopify/Product/15344790045058,"sp5der-beluga-outline-hoodie-black","Sp5der Beluga Outline Hoodie Black",850
2026-07-16T16:14:06.007Z,gid://shopify/Product/15344790471042,"sp5der-sp5-hoodie-bellini","Sp5der SP5 Hoodie Bellini",729
2026-07-16T16:14:06.007Z,gid://shopify/Product/15344791191938,"chrome-hearts-ch-las-vegas-trucker-hat-black-black","Chrome Hearts CH Las Vegas Trucker Hat Black/Black",1302
2026-07-16T16:14:06.007Z,gid://shopify/Product/15344791421314,"chrome-hearts-baby-blue-rib-tank-blue","Chrome Hearts Baby Blue Rib Tank Blue",827
2026-07-16T16:14:06.008Z,gid://shopify/Product/15344791683458,"chrome-hearts-horse-shoe-logo-pocket-t-shirt-black","Chrome Hearts Horse Shoe Logo Pocket T-Shirt Black",667
2026-07-16T16:14:06.008Z,gid://shopify/Product/15344791912834,"chrome-hearts-los-angeles-exclusive-hoodie-black","Chrome Hearts Los Angeles Exclusive Hoodie Black",1039
2026-07-16T16:14:06.008Z,gid://shopify/Product/15344792142210,"chrome-hearts-nyc-exclusive-t-shirt-black-red","Chrome Hearts NYC Exclusive T-shirt Black/Red",1110
2026-07-16T16:14:06.008Z,gid://shopify/Product/15344792437122,"chrome-hearts-scroll-logo-t-shirt-black","Chrome Hearts Scroll Logo T-Shirt Black",1032
2026-07-16T16:14:06.008Z,gid://shopify/Product/15344792666498,"chrome-hearts-miami-exclusive-l-s-t-shirt-black","Chrome Hearts Miami Exclusive L/S T-shirt Black",1086
2026-07-16T16:14:06.008Z,gid://shopify/Product/15344792961410,"chrome-hearts-cemetery-trucker-hat-camo-black","Chrome Hearts Cemetery Trucker Hat Camo/Black",968
2026-07-16T16:14:06.008Z,gid://shopify/Product/15344793256322,"chrome-hearts-essentials-la-exclusive-baseball-wool-cap-forest-green","Chrome Hearts Essentials LA Exclusive Baseball Wool Cap Forest Green",1242
2026-07-16T16:14:06.008Z,gid://shopify/Product/15344793551234,"chrome-hearts-eyechart-trucker-hat-blue-white-red","Chrome Hearts Eyechart Trucker Hat Blue/White/Red",1027
2026-07-16T16:14:06.008Z,gid://shopify/Product/15344793780610,"chrome-hearts-honolulu-exclusive-ch-trucker-hat-black-black","Chrome Hearts Honolulu Exclusive CH Trucker Hat Black/black",976
2026-07-16T16:14:06.009Z,gid://shopify/Product/15344794042754,"chrome-hearts-pink-horseshoe-floral-sleeve-pullover-hoodie-white","Chrome Hearts Pink Horseshoe Floral Sleeve Pullover Hoodie White",961
2026-07-16T16:14:06.009Z,gid://shopify/Product/15344794239362,"chrome-hearts-matty-boy-sadistic-lipstick-hoodie-red","Chrome Hearts Matty Boy Sadistic Lipstick Hoodie Red",960
2026-07-16T16:14:06.009Z,gid://shopify/Product/15344794567042,"chrome-hearts-stencil-socks-3-pack-black-white-red","Chrome Hearts Stencil Socks (3 pack) Black/White/Red",834
2026-07-16T16:14:06.009Z,gid://shopify/Product/15344794993026,"chrome-hearts-ch-baseball-hat-camo","Chrome Hearts CH Baseball Hat Camo",1083
2026-07-16T16:14:06.009Z,gid://shopify/Product/15344795189634,"chrome-hearts-eyechart-trucker-hat-black-white-red","Chrome Hearts Eyechart Trucker Hat Black/White/Red",1108
2026-07-16T16:14:06.009Z,gid://shopify/Product/15344795484546,"chrome-hearts-logo-leggings-pink","Chrome Hearts Logo Leggings Pink",1253
2026-07-16T16:14:06.009Z,gid://shopify/Product/15344795746690,"chrome-hearts-plus-cross-horseshoe-hoodie-white","Chrome Hearts Plus Cross Horseshoe Hoodie White",975
2026-07-16T16:14:06.009Z,gid://shopify/Product/15344796598658,"aime-leon-dore-x-porsche-fleet-tee-black","Aime Leon Dore x Porsche Fleet Tee Black",863
2026-07-16T16:14:06.009Z,gid://shopify/Product/15348442366338,"nike-dunk-high-clot-metallic-silver","Nike Dunk High CLOT Flux",1034
2026-07-16T16:14:06.009Z,gid://shopify/Product/15348446757250,"nike-dunk-sb-low-pro-acg-terra-red-plum","Nike SB Dunk Low Pro ACG Terra Red Plum",1068
2026-07-16T16:14:06.009Z,gid://shopify/Product/15348456259970,"nike-dunk-low-phantom-metallic-gold-w","Nike Dunk Low Phantom Metallic Gold (Women's)",1192
2026-07-16T16:14:06.009Z,gid://shopify/Product/15348483326338,"air-jordan-1-retro-high-og-shattered-backboard-2025","Jordan 1 Retro High OG Shattered Backboard (2025)",1770
2026-07-16T16:14:06.009Z,gid://shopify/Product/15348487094658,"asics-gel-kayano-14-white-cream-gold","ASICS GEL-Kayano 14 Olympic Medals",1347
2026-07-16T16:14:06.010Z,gid://shopify/Product/15348578943362,"adidas-mexico-24-home-jersey-multicolor","adidas Mexico 24 Home Jersey Multicolor",471
2026-07-16T16:14:06.010Z,gid://shopify/Product/15349694038402,"adidas-bringbacks-remixed-argentina-jersey-clear-blue","adidas Bringbacks Remixed Argentina Jersey",2009
2026-07-16T16:14:06.010Z,gid://shopify/Product/15349694300546,"adidas-germany-26-away-pre-match-jersey-flash-aqua","adidas Germany 26 Away Pre Match Jersey Flash Aqua",1010
2026-07-16T16:14:06.010Z,gid://shopify/Product/15349694628226,"adidas-bringbacks-remixed-japan-jersey-power-blue-white","adidas Bringbacks Remixed Japan Jersey Power Blue/White",2038
2026-07-16T16:14:06.010Z,gid://shopify/Product/15349694824834,"adidas-belgium-26-away-jersey-frozen-blue-black","adidas Belgium 26 Away Jersey Frozen Blue/Black",1018
2026-07-16T16:14:06.010Z,gid://shopify/Product/15349695185282,"adidas-chile-26-away-jersey-bliss","adidas Chile 26 Away Jersey Bliss",1006
2026-07-16T16:14:06.010Z,gid://shopify/Product/15352502550914,"nike-cryoshot-zoom-m9-virgil-abloh-archives","Nike Cryoshot Zoom M9 Virgil Abloh Archives",2228
2026-07-16T16:14:06.010Z,gid://shopify/Product/15352503435650,"nike-cryoshot-tiempo-r10-jacquemus","Nike Cryoshot Tiempo R10 Jacquemus",2272
2026-07-16T16:14:06.010Z,gid://shopify/Product/15356477997442,"fear-of-god-essentials-fleece-hoodie-dark-heather","Fear of God Essentials Fleece Hoodie Dark Heather",1289
2026-07-16T16:14:06.010Z,gid://shopify/Product/15356478259586,"stussy-basic-t-shirt-black","Stussy Basic T-shirt Black",963
2026-07-16T16:14:06.010Z,gid://shopify/Product/15356529738114,"aime-leon-dore-team-hockey-jersey-black","Aime Leon Dore Team Hockey Jersey Black",1271
2026-07-16T16:14:06.010Z,gid://shopify/Product/15356530196866,"aime-leon-dore-x-porsche-full-zip-hoodie-green","Aime Leon Dore x Porsche Full-Zip Hoodie Green",1325
2026-07-16T16:16:07.863Z,gid://shopify/Product/15109207785858,"new-balance-2002r-mule-rain-cloud","New Balance 2002R Mule Rain Cloud",1079
2026-07-16T16:16:07.875Z,gid://shopify/Product/15109208965506,"new-balance-2002r-pink-granite-gs","New Balance 2002R Pink Granite (GS)",1162
2026-07-16T16:16:07.875Z,gid://shopify/Product/15109209293186,"new-balance-2002r-protection-pack-eclipse","New Balance 2002R Protection Pack Eclipse",1180
2026-07-16T16:16:07.875Z,gid://shopify/Product/15109209915778,"new-balance-2002r-protection-pack-sandstone","New Balance 2002R Protection Pack Sandstone",1323
2026-07-16T16:16:07.875Z,gid://shopify/Product/15109210636674,"new-balance-2002r-white-natural-indigo","New Balance 2002R White Natural Indigo",1169
2026-07-16T16:16:07.876Z,gid://shopify/Product/15109210997122,"new-balance-327-black-white-tongue-logo","New Balance 327 Black White Tongue Logo",1314
2026-07-16T16:16:07.876Z,gid://shopify/Product/15109211521410,"new-balance-327-phantom-black","New Balance 327 Phantom Black",1495
2026-07-16T16:16:07.876Z,gid://shopify/Product/15109212176770,"new-balance-327-ws327-kb-w","New Balance 327 Moonbeam Outerspace (Women's)",906
2026-07-16T16:16:07.876Z,gid://shopify/Product/15109214667138,"new-balance-530-classic-black-grey","New Balance 530 Classic Black Grey",1296
2026-07-16T16:16:07.876Z,gid://shopify/Product/15109217190274,"new-balance-530-munsell-white","New Balance 530 Munsell White",932
2026-07-16T16:16:07.876Z,gid://shopify/Product/15109227315586,"new-balance-530-sea-salt-moonbeam","New Balance 530 Sea Salt Moonbeam",1428
2026-07-16T16:16:07.876Z,gid://shopify/Product/15109228888450,"new-balance-530-white-black-details","New Balance 530 White Black Details",1025
2026-07-16T16:16:07.877Z,gid://shopify/Product/15109230920066,"new-balance-530-white-pink-sugar","New Balance 530 White Pink Sugar",1371
2026-07-16T16:16:07.877Z,gid://shopify/Product/15109234033026,"new-balance-550-cream-black","New Balance 550 Cream Black",820
2026-07-16T16:16:07.877Z,gid://shopify/Product/15109235966338,"new-balance-550-sea-salt-pine-green","New Balance 550 Sea Salt Pine Green",1055
2026-07-16T16:16:07.877Z,gid://shopify/Product/15109238129026,"new-balance-550-unc-white-dusk-blue-w","New Balance 550 UNC White Dusk Blue (Women's)",888
2026-07-16T16:16:07.877Z,gid://shopify/Product/15109240521090,"new-balance-550-white-black-rain-cloud-gs","New Balance 550 White Black Rain Cloud (GS)",987
2026-07-16T16:16:07.877Z,gid://shopify/Product/15109242913154,"new-balance-550-white-nori","New Balance 550 White Nori",1452
2026-07-16T16:16:07.877Z,gid://shopify/Product/15109244223874,"new-balance-574-black-off-white-2023","New Balance 574 Black Off White (2023)",1358
2026-07-16T16:16:07.877Z,gid://shopify/Product/15109244682626,"new-balance-574-navy-white-2022","New Balance 574 Navy White",1188
2026-07-16T16:16:07.877Z,gid://shopify/Product/15109245337986,"new-balance-650r-aime-leon-dore-white-navy","New Balance 650R Aime Leon Dore White Navy",1045
2026-07-16T16:16:07.878Z,gid://shopify/Product/15109245763970,"new-balance-740v2-blue-agate-white","New Balance 740v2 Blue Agate White",1011
2026-07-16T16:16:07.878Z,gid://shopify/Product/15109246583170,"new-balance-860v2-aime-leon-dore-green","New Balance 860v2 Aime Leon Dore Green",1182
2026-07-16T16:16:07.878Z,gid://shopify/Product/15109248319874,"new-balance-9060-black-red-gradient","New Balance 9060 Black Red Gradient",1369
2026-07-16T16:16:07.878Z,gid://shopify/Product/15109248844162,"new-balance-9060-bricks-wood","New Balance 9060 Bricks & Wood",929
2026-07-16T16:16:07.878Z,gid://shopify/Product/15109249859970,"new-balance-9060-driftwood-castlerock","New Balance 9060 Driftwood Castlerock",1446
2026-07-16T16:16:07.878Z,gid://shopify/Product/15109250974082,"new-balance-9060-grey","New Balance 9060 Grey",1185
2026-07-16T16:16:07.878Z,gid://shopify/Product/15109251498370,"new-balance-9060-light-grey-white","New Balance 9060 Light Grey White",1254
2026-07-16T16:16:07.878Z,gid://shopify/Product/15109252219266,"new-balance-9060-navy-blue-black-gradient","New Balance 9060 Navy Blue Black Gradient",1360
2026-07-16T16:16:07.878Z,gid://shopify/Product/15109253169538,"new-balance-9060-plum-brown-ice-wine","New Balance 9060 Plum Brown Ice Wine",1344
2026-07-16T16:16:07.878Z,gid://shopify/Product/15162724909442,"asics-gel-kayano-14-white-graphite-grey","ASICS Gel-Kayano 14 White Graphite Grey",1484
