timestamp,product_id,handle,title,chars
2026-07-16T14:10:38.314Z,gid://shopify/Product/14902247260546,"nike-air-max-1-clot-kiss-of-death-2021","Nike Air Max 1 CLOT Kiss of Death (2021)",1038
2026-07-16T14:10:38.318Z,gid://shopify/Product/14929948213634,"air-jordan-11-retro-legend-blue-2024-gs","Jordan 11 Retro Legend Blue (2024) (GS)",1168
2026-07-16T14:10:38.324Z,gid://shopify/Product/14929952244098,"asics-gel-1130-cream-blueberry","ASICS Gel-1130 Cream Blueberry",950
2026-07-16T14:10:38.326Z,gid://shopify/Product/14929954144642,"nike-sportswear-tech-fleece-full-zip-hoodie-joggers-set-dark-heather-grey-black","Nike Sportswear Tech Fleece Full-Zip Hoodie & Joggers Set Dark Heather Grey/Black",1005
2026-07-16T14:10:38.327Z,gid://shopify/Product/14929955225986,"nike-air-tech-challenge-ii-racer-pink","Nike Air Tech Challenge II Racer Pink",820
2026-07-16T14:10:38.327Z,gid://shopify/Product/14931953648002,"nike-air-max-90-recraft-triple-black","Nike Air Max 90 Recraft Triple Black",996
2026-07-16T14:10:38.328Z,gid://shopify/Product/14936261755266,"new-balance-1906l-silver-metallic-black","New Balance 1906L Silver Metallic Black",889
2026-07-16T14:10:38.328Z,gid://shopify/Product/14936266506626,"crocs-classic-clog-monsters-inc-mike-wazowski","Crocs Classic Clog Monsters Inc. Mike Wazowski",763
2026-07-16T14:10:38.328Z,gid://shopify/Product/14936269095298,"nike-sb-dunk-low-pro-university-blue-gum","Nike SB Dunk Low Pro University Blue Gum",965
2026-07-16T14:10:38.328Z,gid://shopify/Product/14936270176642,"nike-sb-dunk-high-qs-run-the-jewels-active-pink","Nike SB Dunk High Run The Jewels",758
2026-07-16T14:10:38.328Z,gid://shopify/Product/14936270602626,"nike-sb-dunk-low-riot-skateshop-special-box","Nike SB Dunk Low Riot Skateshop (Special Box)",1037
2026-07-16T14:10:38.328Z,gid://shopify/Product/14936271061378,"nike-sb-dunk-high-sweet-tooth-candy-corn","Nike SB Dunk High Sweet Tooth Candy Corn",982
2026-07-16T14:10:38.328Z,gid://shopify/Product/14936271913346,"nike-sb-dunk-low-ben-jerrys-chunky-dunky","Nike SB Dunk Low Ben & Jerry's Chunky Dunky",972
2026-07-16T14:10:38.328Z,gid://shopify/Product/14936272830850,"nike-sb-dunk-high-supreme-rammellzee","Nike SB Dunk High Supreme Rammellzee",878
2026-07-16T14:10:38.329Z,gid://shopify/Product/14936273846658,"nike-sb-dunk-low-skate-like-a-girl","Nike SB Dunk Low Skate Like a Girl",949
2026-07-16T14:10:38.329Z,gid://shopify/Product/14936274305410,"nike-sb-dunk-low-green-apple","Nike SB Dunk Low Green Apple",870
2026-07-16T14:10:38.329Z,gid://shopify/Product/14936274960770,"nike-sb-dunk-high-carpet-company","Nike SB Dunk High Carpet Company",1083
2026-07-16T14:10:38.329Z,gid://shopify/Product/14936275288450,"nike-sb-dunk-low-pink-pig","Nike SB Dunk Low Pink Pig",886
2026-07-16T14:10:38.329Z,gid://shopify/Product/14936276140418,"nike-sb-dunk-low-parra","Nike SB Dunk Low Parra",993
2026-07-16T14:10:38.329Z,gid://shopify/Product/14936276631938,"nike-sb-dunk-low-acg-celadon","Nike SB Dunk Low ACG Celadon",814
2026-07-16T14:10:38.329Z,gid://shopify/Product/14936277352834,"nike-sb-dunk-low-wasted-youth","Nike SB Dunk Low Wasted Youth",1017
2026-07-16T14:10:38.329Z,gid://shopify/Product/14936277746050,"nike-sb-dunk-low-concepts-orange-lobster-special-box","Nike SB Dunk Low Concepts Orange Lobster (Special Box)",1009
2026-07-16T14:10:38.329Z,gid://shopify/Product/14936278303106,"nike-sb-dunk-high-color-skates-kebab-and-destroy","Nike SB Dunk High Color Skates Kebab and Destroy",915
2026-07-16T14:10:38.329Z,gid://shopify/Product/14936279187842,"nike-sb-dunk-high-pro-mineral-slate-suede","Nike SB Dunk High Pro Mineral Slate Suede",732
2026-07-16T14:10:38.330Z,gid://shopify/Product/14936279875970,"nike-sb-dunk-high-atlas-lost-at-sea-2020","Nike SB Dunk High Atlas Lost at Sea (2020)",889
2026-07-16T14:10:38.330Z,gid://shopify/Product/14936280367490,"nike-sb-dunk-low-travis-scott-special-box","Nike SB Dunk Low Travis Scott (Special Box)",1193
2026-07-16T14:10:38.330Z,gid://shopify/Product/14936280990082,"nike-sb-dunk-low-black-pigeon","Nike SB Dunk Low Black Pigeon",752
2026-07-16T14:10:38.330Z,gid://shopify/Product/14936281514370,"nike-sb-dunk-low-verdy-visty-td","Nike SB Dunk Low Verdy Visty (TD)",1183
2026-07-16T14:10:38.330Z,gid://shopify/Product/14936282333570,"nike-sb-dunk-low-corduroy-dusty-peach","Nike SB Dunk Low Corduroy Dusty Peach",780
2026-07-16T14:10:38.331Z,gid://shopify/Product/14936283152770,"nike-sb-dunk-high-baroque-brown","Nike SB Dunk High Baroque Brown",857
2026-07-16T14:10:38.331Z,gid://shopify/Product/14936283447682,"nike-sb-dunk-low-wasted-youth-special-box","Nike SB Dunk Low Wasted Youth (Special Box)",1219
2026-07-16T14:10:38.331Z,gid://shopify/Product/14936284201346,"nike-sb-dunk-high-premier-northern-lights","Nike SB Dunk High Premier Northern Lights",981
2026-07-16T14:10:38.331Z,gid://shopify/Product/14936284594562,"nike-sb-dunk-low-pro-st-patricks-day-td-2022","Nike SB Dunk Low Pro St. Patrick's Day (TD) (2022)",827
2026-07-16T14:10:38.331Z,gid://shopify/Product/14936285348226,"nike-sb-dunk-high-concepts-ugly-christmas-sweater-2017","Nike SB Dunk High Concepts Ugly Christmas Sweater (2017)",1128
2026-07-16T14:10:38.331Z,gid://shopify/Product/14936285741442,"nike-sb-dunk-high-orange-label-midnight-navy","Nike SB Dunk High Orange Label Midnight Navy",1149
2026-07-16T14:10:38.331Z,gid://shopify/Product/14936286429570,"nike-sb-dunk-low-beijing-metallic-gold","Nike SB Dunk Low Beijing Metallic Gold",772
2026-07-16T14:10:38.332Z,gid://shopify/Product/14936287281538,"nike-sb-dunk-high-kevin-bradley","Nike SB Dunk High Kevin Bradley",816
2026-07-16T14:10:38.332Z,gid://shopify/Product/14936288133506,"nike-sb-dunk-low-decon-ishod-wair-mismatch","Nike SB Dunk Low Decon Ishod Wair Mismatch",748
2026-07-16T14:10:38.332Z,gid://shopify/Product/14936288559490,"nike-sb-dunk-low-pushead-1","Nike SB Dunk Low Pushead 1",939
2026-07-16T14:10:38.332Z,gid://shopify/Product/14936289247618,"nike-sb-dunk-low-concord","Nike SB Dunk Low Concord",914
2026-07-16T14:12:25.797Z,gid://shopify/Product/14936290460034,"nike-sb-dunk-low-orange-label-white-black-2019","Nike SB Dunk Low Orange Label White Black (2019)",913
2026-07-16T14:12:25.799Z,gid://shopify/Product/14936291443074,"nike-sb-dunk-low-420-intergalactic","Nike SB Dunk Low 420 Intergalactic",838
2026-07-16T14:12:25.799Z,gid://shopify/Product/14936292295042,"nike-sb-dunk-low-sean-cliver-special-box","Nike SB Dunk Low Sean Cliver (Special Box)",1128
2026-07-16T14:12:25.799Z,gid://shopify/Product/14936293474690,"nike-sb-dunk-mid-orange-label-white","Nike SB Dunk Mid Orange Label White",1046
2026-07-16T14:12:25.799Z,gid://shopify/Product/14936294392194,"nike-sb-dunk-low-familia-first-avenue-special-box","Nike SB Dunk Low Familia First Avenue (Special Box)",603
2026-07-16T14:12:25.799Z,gid://shopify/Product/14936299569538,"nike-sb-dunk-high-deconstructed-doc-martens","Nike SB Dunk High Deconstructed Doc Martens",1006
2026-07-16T14:12:25.799Z,gid://shopify/Product/14936303272322,"arcteryx-alpha-sv-year-of-the-snake-gtx-jacket-lny-2025","Arc'teryx Alpha SV Year of the Snake GTX Jacket LNY 2025",1147
2026-07-16T14:12:25.799Z,gid://shopify/Product/14936304583042,"nike-dunk-low-archeo-pink-womens","Nike Dunk Low Archeo Pink (Women's)",727
2026-07-16T14:12:25.799Z,gid://shopify/Product/14936305107330,"nike-dunk-low-twist-jade-ice-womens","Nike Dunk Low Twist Jade Ice (Women's)",1203
2026-07-16T14:12:25.800Z,gid://shopify/Product/14936305533314,"nike-dunk-low-light-british-tan","Nike Dunk Low Retro Light British Tan",1060
2026-07-16T14:12:25.800Z,gid://shopify/Product/14936306024834,"nike-sb-darwin-low-supreme-sail","Nike SB Darwin Low Supreme Sail",1105
2026-07-16T14:12:25.800Z,gid://shopify/Product/14936306614658,"nike-dunk-low-se-85-neptune-green-womens","Nike Dunk Low SE 85 Neptune Green (Women's)",976
2026-07-16T14:12:25.800Z,gid://shopify/Product/14936307335554,"nike-dunk-low-certified-fresh","Nike Dunk Low Certified Fresh",993
2026-07-16T14:12:25.800Z,gid://shopify/Product/14936307630466,"nike-dunk-low-se-gone-fishing-rainbow-trout","Nike Dunk Low SE Gone Fishing Rainbow Trout",1153
2026-07-16T14:12:25.800Z,gid://shopify/Product/14936308711810,"nike-sb-zoom-blazer-low-pro-gt-lucky-green","Nike SB Zoom Blazer Low Pro GT Lucky Green",1089
2026-07-16T14:12:25.800Z,gid://shopify/Product/14936311923074,"nike-dunk-low-retro-nn-toasty-sequoia-gs","Nike Dunk Low Retro NN Toasty Sequoia (GS)",916
2026-07-16T14:12:25.800Z,gid://shopify/Product/14936312545666,"nike-dunk-high-sp-syracuse-2021-gs","Nike Dunk High SP Syracuse (2021) (GS)",1052
2026-07-16T14:12:25.800Z,gid://shopify/Product/14936314478978,"nike-dunk-low-st-johns-2020","Nike Dunk Low SP St. John's",1251
2026-07-16T14:12:25.800Z,gid://shopify/Product/14936315855234,"nike-dunk-low-qs-cojp-reverse-ultraman-2024","Nike Dunk Low QS CO.JP Reverse Ultraman (2024)",1119
2026-07-16T14:12:25.800Z,gid://shopify/Product/14936316445058,"nike-dunk-low-clear-jade","Nike Dunk Low Clear Jade",1346
2026-07-16T14:12:25.800Z,gid://shopify/Product/14936317034882,"nike-dunk-low-prm-team-red-w","Nike Dunk Low PRM Vintage Team Red (Women's)",908
2026-07-16T14:12:25.800Z,gid://shopify/Product/14936317985154,"nike-dunk-low-valentines-day-2023","Nike Dunk Low Retro PRM Valentine's Day (2023)",929
2026-07-16T14:12:25.801Z,gid://shopify/Product/14936319525250,"nike-dunk-low-vintage-coral","Nike Dunk Low Vintage Coral",1360
2026-07-16T14:12:25.801Z,gid://shopify/Product/14936320213378,"nike-dunk-low-se-white-light-pumice","Nike Dunk Low SE White Light Pumice",1251
2026-07-16T14:12:25.801Z,gid://shopify/Product/14936321229186,"nike-dunk-low-next-nature-elemental-pink-womens","Nike Dunk Low Next Nature Elemental Pink (Women's)",1195
2026-07-16T14:12:25.801Z,gid://shopify/Product/14936321950082,"nike-dunk-low-prm-halloween-2021","Nike Dunk Low PRM Halloween (2021)",890
2026-07-16T14:12:25.801Z,gid://shopify/Product/14936322408834,"nike-dunk-low-retro-dragon-red","Nike Dunk Low Retro Dragon Red",1285
2026-07-16T14:12:25.801Z,gid://shopify/Product/14948709728642,"nike-dunk-low-polar-blue","Nike Dunk Low Polar Blue",1317
2026-07-16T14:12:25.801Z,gid://shopify/Product/14963345686914,"nike-air-vapormax-off-white","Nike Air VaporMax Off-White",1036
2026-07-16T14:12:25.801Z,gid://shopify/Product/14963346211202,"off-white-virgil-rectangle-frame-sunglasses-black-white-blue-oeri022s22pla0011045","OFF-WHITE Virgil Rectangle Frame Sunglasses Black/White/Blue (OERI022S22PLA0011045)",1183
2026-07-16T14:12:25.801Z,gid://shopify/Product/14963346866562,"off-white-x-jordan-hoodie-black","OFF-WHITE x Jordan Hoodie Black",872
2026-07-16T14:12:25.801Z,gid://shopify/Product/14963347489154,"off-white-x-jordan-woven-pants-white","OFF-WHITE x Jordan Woven Pants White",814
2026-07-16T14:12:25.801Z,gid://shopify/Product/14963521749378,"asics-gel-kayano-14-arctic-sky-pure-silver","ASICS Gel Kayano 14 Arctic Sky Pure Silver",1196
2026-07-16T14:12:25.801Z,gid://shopify/Product/14963522666882,"asics-gel-kayano-20-white-pure-silver","ASICS Gel-Kayano 20 White Pure Silver",1405
2026-07-16T14:12:25.801Z,gid://shopify/Product/14963523355010,"asics-gel-kayano-14-tiffany","ASICS Gel-Kayano 14 Tiffany",1087
2026-07-16T14:12:25.801Z,gid://shopify/Product/14963523879298,"asics-gt-2160-pure-silver-white","ASICS GT-2160 Pure Silver White",1338
2026-07-16T14:12:25.801Z,gid://shopify/Product/14963524534658,"asics-gel-1130-prussian-blue-gs","ASICS Gel-1130 Prussian Blue (GS)",1325
2026-07-16T14:12:25.801Z,gid://shopify/Product/14963524862338,"asics-gel-kayano-14-cloud-grey-womens","ASICS Gel-Kayano 14 Cloud Grey (Women's)",1274
2026-07-16T14:12:25.801Z,gid://shopify/Product/14963525190018,"asics-gel-1130-cream-birch","ASICS Gel-1130 Cream Birch",1394
2026-07-16T14:12:25.801Z,gid://shopify/Product/14963525648770,"onitsuka-tiger-mexico-66-sd-pure-silver-cream","Onitsuka Tiger Mexico 66 SD Pure Silver Cream",1340
2026-07-16T14:14:16.220Z,gid://shopify/Product/14963526533506,"asics-gel-k1011-gallery-dept-mental-energy-multi-color","ASICS Gel-K1011 Gallery Dept. Mental Energy Multi-Color",1043
2026-07-16T14:14:16.221Z,gid://shopify/Product/14963526828418,"asics-gel-lyte-iii-sean-wotherspoon-x-atmos","ASICS Gel-Lyte III Sean Wotherspoon x atmos",1163
2026-07-16T14:14:16.221Z,gid://shopify/Product/14963527516546,"asics-gel-1130-silver-pack-pink-womens","ASICS Gel-1130 Silver Pack Pink (Women's)",1000
2026-07-16T14:14:16.221Z,gid://shopify/Product/14963527876994,"asics-court-mz-cream-black-gum","ASICS Court MZ Cream Black Gum",1011
2026-07-16T14:14:16.222Z,gid://shopify/Product/14963528335746,"asics-gel-kayano-14-jjjjound-silver-white","ASICS Gel-Kayano 14 JJJJound Silver White",1053
2026-07-16T14:14:16.222Z,gid://shopify/Product/14963530137986,"asics-gel-nyc-indigo","ASICS Gel-NYC Indigo",1063
2026-07-16T14:14:16.222Z,gid://shopify/Product/14963530760578,"asics-gel-1130-piedmont-gray","ASICS Gel-1130 Piedmont Gray",1178
2026-07-16T14:14:16.222Z,gid://shopify/Product/14963531186562,"asics-ub6-s-gt-2160-kiko-kostadinov-mantle-green-grape","ASICS UB6-S GT-2160 Kiko Kostadinov Mantle Green Grape",1111
2026-07-16T14:14:16.222Z,gid://shopify/Product/14963531579778,"asics-gel-1130-cream-ironclad","ASICS Gel-1130 Cream Ironclad",1105
2026-07-16T14:14:16.222Z,gid://shopify/Product/14963532530050,"onitsuka-tiger-mexico-66-black-yellow","Onitsuka Tiger Mexico 66 Black Yellow",1108
2026-07-16T14:14:16.222Z,gid://shopify/Product/14963534168450,"asics-gel-lyte-iii-og-back-streets-of-japan-pack-aqua-angel","ASICS Gel-Lyte III OG Back Streets of Japan Pack Aqua Angel",1064
2026-07-16T14:14:16.222Z,gid://shopify/Product/14963549569410,"asics-gel-1130-pale-oak-mantle-green","ASICS Gel-1130 Pale Oak Mantle Green",1037
2026-07-16T14:14:16.222Z,gid://shopify/Product/14963552420226,"asics-gel-kayano-14-p-andrade-gradation-green","ASICS Gel-Kayano 14 P. Andrade Gradation Green",1134
2026-07-16T14:14:16.222Z,gid://shopify/Product/14963554779522,"asics-gel-kayano-20-bodega-small-wins-add-up","ASICS Gel-Kayano 20 Bodega Small Wins Add Up",1341
2026-07-16T14:14:16.222Z,gid://shopify/Product/14963556942210,"asics-gel-kayano-14-field-trip-recordings-fern-green","ASICS Gel-Kayano 14 Field Trip Recordings Fern Green",1062
2026-07-16T14:14:16.222Z,gid://shopify/Product/14963558908290,"asics-gel-kayano-14-senna-mclaren","ASICS Gel-Kayano 14 Senna McLaren",1095
2026-07-16T14:14:16.222Z,gid://shopify/Product/14963560710530,"asics-gt-2160-white-illusion-blue","ASICS GT-2160 White Illusion Blue",1090
2026-07-16T14:14:16.222Z,gid://shopify/Product/14963561431426,"onitsuka-tiger-mexico-66-sd-cream-birch","Onitsuka Tiger Mexico 66 SD Cream Birch",1072
2026-07-16T14:14:16.222Z,gid://shopify/Product/14963562086786,"asics-gel-1130-folder-exclusive-wild-dove-white","ASICS Gel-1130 Folder Exclusive Wild Dove White",1060
2026-07-16T14:14:16.222Z,gid://shopify/Product/14963563004290,"asics-gel-nyc-birch-pure-silver","ASICS Gel-NYC Cream Kale",1181
2026-07-16T14:14:16.222Z,gid://shopify/Product/14963564020098,"asics-gel-1130-white-mid-grey-lime-green","ASICS Gel-1130 White Mid Grey Lime Green",1153
2026-07-16T14:14:16.222Z,gid://shopify/Product/14964030865794,"adidas-taekwondo-mei-ballet-white-black-womens","adidas Taekwondo Mei Ballet White Black (Women's)",1086
2026-07-16T14:14:16.223Z,gid://shopify/Product/14964032176514,"adidas-ultra-boost-10-cloud-white-core-black-iron-metallic","adidas Ultra Boost 1.0 Cloud White Core Black Iron Metallic",1169
2026-07-16T14:14:16.223Z,gid://shopify/Product/14964033651074,"adidas-ultra-boost-eddie-huang-chinese-new-year-2019","adidas Ultra Boost Eddie Huang Chinese New Year (2019)",1167
2026-07-16T14:14:16.223Z,gid://shopify/Product/14965068038530,"adidas-x-gucci-gazelle-blue","adidas x Gucci Gazelle Blue",998
2026-07-16T14:14:16.224Z,gid://shopify/Product/14965072560514,"adidas-x-gucci-gazelle-red","adidas x Gucci Gazelle Red",1047
2026-07-16T14:14:16.224Z,gid://shopify/Product/14965079277954,"adidas-y-3-japan-home-authentic-jersey-blue","adidas Y-3 Japan Home Authentic Jersey Blue",1053
2026-07-16T14:14:16.224Z,gid://shopify/Product/14965079933314,"adidas-yeezy-350-v2-cmpct-slate-carbon","adidas Yeezy 350 V2 CMPCT Slate Carbon",906
2026-07-16T14:14:16.224Z,gid://shopify/Product/14966233203074,"adidas-yeezy-450-stone-marine","adidas Yeezy 450 Stone Marine",1159
2026-07-16T14:14:16.224Z,gid://shopify/Product/14966233432450,"adidas-yeezy-500-ash-grey","adidas Yeezy 500 Ash Grey",866
2026-07-16T14:14:16.224Z,gid://shopify/Product/14966233760130,"adidas-yeezy-500-high-frosted-blue","adidas Yeezy 500 High Frosted Blue",954
2026-07-16T14:14:16.224Z,gid://shopify/Product/14966234055042,"adidas-yeezy-500-high-tyrian","adidas Yeezy 500 High Tyrian",1002
2026-07-16T14:14:16.224Z,gid://shopify/Product/14966234415490,"adidas-yeezy-500-stone-taupe","adidas Yeezy 500 Stone Taupe",1128
2026-07-16T14:14:16.224Z,gid://shopify/Product/14966234972546,"adidas-yeezy-boost-350-oxford-tan","adidas Yeezy Boost 350 Oxford Tan",893
2026-07-16T14:14:16.224Z,gid://shopify/Product/14967181803906,"adidas-yeezy-boost-350-v2-ash-stone","adidas Yeezy Boost 350 V2 Ash Stone",895
2026-07-16T14:14:16.224Z,gid://shopify/Product/14967182164354,"adidas-yeezy-boost-350-v2-beluga-reflective-kids","adidas Yeezy Boost 350 V2 Beluga Reflective (Kids)",983
2026-07-16T14:14:16.224Z,gid://shopify/Product/14967182524802,"adidas-yeezy-boost-350-v2-cinder","adidas Yeezy Boost 350 V2 Cinder",931
2026-07-16T14:14:16.224Z,gid://shopify/Product/14967182819714,"adidas-yeezy-boost-350-v2-cloud-white-reflective","adidas Yeezy Boost 350 V2 Cloud White (Reflective)",928
2026-07-16T14:14:16.224Z,gid://shopify/Product/14967183212930,"adidas-yeezy-boost-350-v2-cream-white-i","adidas Yeezy Boost 350 V2 Cream White (Infants)",902
2026-07-16T14:14:16.224Z,gid://shopify/Product/14967183606146,"adidas-yeezy-boost-350-v2-flax","adidas Yeezy Boost 350 V2 Flax",944
2026-07-16T14:14:16.224Z,gid://shopify/Product/14963528335746,"asics-gel-kayano-14-jjjjound-silver-white","ASICS Gel-Kayano 14 JJJJound Silver White",1053
2026-07-16T14:14:16.224Z,gid://shopify/Product/14963558908290,"asics-gel-kayano-14-senna-mclaren","ASICS Gel-Kayano 14 Senna McLaren",1095
2026-07-16T14:15:59.476Z,gid://shopify/Product/14967183868290,"adidas-yeezy-boost-350-v2-linen","adidas Yeezy Boost 350 V2 Linen",820
2026-07-16T14:15:59.477Z,gid://shopify/Product/14967684399490,"adidas-yeezy-boost-350-v2-onyx-infants","adidas Yeezy Boost 350 V2 Onyx (Infants)",1018
2026-07-16T14:15:59.477Z,gid://shopify/Product/14967684628866,"adidas-yeezy-boost-350-v2-tail-light","adidas Yeezy Boost 350 V2 Tail Light",890
2026-07-16T14:15:59.477Z,gid://shopify/Product/14967684858242,"adidas-yeezy-boost-350-v2-yeezreel-reflective","adidas Yeezy Boost 350 V2 Yeezreel (Reflective)",862
2026-07-16T14:15:59.477Z,gid://shopify/Product/14967685120386,"adidas-yeezy-boost-380-blue-oat-reflective","adidas Yeezy Boost 380 Blue Oat Reflective",1048
2026-07-16T14:15:59.477Z,gid://shopify/Product/14967685382530,"adidas-yeezy-boost-380-covellite","adidas Yeezy Boost 380 Covellite",749
2026-07-16T14:15:59.477Z,gid://shopify/Product/14967685611906,"adidas-yeezy-boost-380-pepper-reflective","adidas Yeezy Boost 380 Pepper Reflective",907
2026-07-16T14:15:59.477Z,gid://shopify/Product/14967792861570,"adidas-yeezy-boost-700-v2-static-kids","adidas Yeezy Boost 700 V2 Static (Kids)",1255
2026-07-16T14:15:59.477Z,gid://shopify/Product/14967793746306,"adidas-yeezy-desert-boot-oil","adidas Yeezy Desert Boot Oil",719
2026-07-16T14:15:59.477Z,gid://shopify/Product/14967793942914,"adidas-yeezy-desert-boot-taupe-blue","adidas Yeezy Desert Boot Taupe Blue",910
2026-07-16T14:15:59.477Z,gid://shopify/Product/14967795614082,"adidas-yeezy-foam-rnnr-mist-kids","adidas Yeezy Foam RNNR Mist (Kids)",1000
2026-07-16T14:15:59.477Z,gid://shopify/Product/14967795876226,"adidas-yeezy-foam-rnnr-sand","adidas Yeezy Foam RNNR Sand",706
2026-07-16T14:15:59.477Z,gid://shopify/Product/14967796105602,"adidas-yeezy-foam-rnnr-sulfur-infants","adidas Yeezy Foam RNNR Sulfur (Infants)",1106
2026-07-16T14:15:59.477Z,gid://shopify/Product/14967796400514,"adidas-yeezy-foam-rnr-desert-sand","adidas Yeezy Foam RNR Desert Sand",728
2026-07-16T14:15:59.477Z,gid://shopify/Product/14967796597122,"adidas-yeezy-foam-rnr-mx-cinder-kids","adidas Yeezy Foam RNR MX Cinder (Kids)",1088
2026-07-16T14:15:59.477Z,gid://shopify/Product/14967796892034,"adidas-yeezy-foam-rnr-sand-kids","adidas Yeezy Foam RNR Sand (Kids)",1053
2026-07-16T14:15:59.477Z,gid://shopify/Product/14967797121410,"adidas-yeezy-knit-rnr-fade-indigo","adidas Yeezy Knit RNR Fade Indigo",1087
2026-07-16T14:15:59.477Z,gid://shopify/Product/14968123621762,"adidas-yeezy-powerphase-simple-brown","adidas Yeezy Powerphase Simple Brown",1045
2026-07-16T14:15:59.477Z,gid://shopify/Product/14968123851138,"adidas-yeezy-qntm-mono-carbon","adidas Yeezy QNTM Mono Carbon",822
2026-07-16T14:15:59.477Z,gid://shopify/Product/14968124146050,"adidas-yeezy-slide-dark-onyx-infants","adidas Yeezy Slide Dark Onyx (Infants)",1182
2026-07-16T14:15:59.477Z,gid://shopify/Product/14968124375426,"adidas-yeezy-slide-glow-green","adidas Yeezy Slide Glow Green",721
2026-07-16T14:15:59.477Z,gid://shopify/Product/14968124637570,"adidas-yeezy-slide-ochre-infants","adidas Yeezy Slide Ochre (Infants)",900
2026-07-16T14:15:59.477Z,gid://shopify/Product/14968124932482,"adidas-yeezy-slide-slate-grey-kids","adidas Yeezy Slide Slate Grey (Kids)",884
2026-07-16T14:15:59.477Z,gid://shopify/Product/14968125391234,"adidas-zx-500-dragon-ball-z-son-goku","adidas ZX 500 Dragon Ball Z Son Goku",710
2026-07-16T14:15:59.478Z,gid://shopify/Product/14969515704706,"air-air-jordan-1-low-vintage-grey","Air Jordan 1 Low Vintage Stealth Grey",987
2026-07-16T14:15:59.478Z,gid://shopify/Product/14969520587138,"air-air-jordan-1-mid-taxi","Jordan 1 Mid Taxi",1212
2026-07-16T14:15:59.478Z,gid://shopify/Product/14969522848130,"air-air-jordan-mid-triple-white-2022-w","Air Jordan Mid Triple White (2022) (Women's)",1146
2026-07-16T14:15:59.478Z,gid://shopify/Product/14969527370114,"air-jordan-1-elevate-high-sp-union-la-bephies-beauty-supply-the-summer-of-96-womens","Jordan 1 Elevate High SP Union LA Bephies Beauty Supply Summer of ‘96 (Women's)",1306
2026-07-16T14:15:59.478Z,gid://shopify/Product/14969531367810,"air-jordan-1-elevate-high-black-atmosphere-womens","Jordan 1 Elevate High Black Atmosphere (Women's)",1254
2026-07-16T14:15:59.478Z,gid://shopify/Product/14969533563266,"air-jordan-1-flyease-black-particle-grey-gym-red","Jordan 1 High FlyEase Black Particle Grey Gym Red",1313
2026-07-16T14:15:59.478Z,gid://shopify/Product/14973841080706,"air-jordan-1-high-flyease-black-bright-violet","Jordan 1 High FlyEase Black Bright Violet",1457
2026-07-16T14:15:59.478Z,gid://shopify/Product/14973841670530,"air-jordan-1-high-mm-coconut-milk","Jordan 1 High MM Coconut Milk (Women's)",1741
2026-07-16T14:15:59.478Z,gid://shopify/Product/14973842260354,"air-jordan-1-high-og-denim-w","Jordan 1 Retro High OG Denim (Women's)",1002
2026-07-16T14:15:59.478Z,gid://shopify/Product/14973842489730,"air-jordan-1-high-og-prototype","Jordan 1 Retro High OG Prototype",971
2026-07-16T14:15:59.478Z,gid://shopify/Product/14973842719106,"air-jordan-1-high-og-sp-fragment-design-x-travis-scott","Jordan 1 Retro High OG SP Fragment x Travis Scott",979
2026-07-16T14:15:59.478Z,gid://shopify/Product/15016445149570,"pop-mart-labubu-the-monsters-big-into-energy-vinyl-plush-sealed-case-6-blind-boxes","Pop Mart Labubu The Monsters Big Into Energy  Vinyl Plush Sealed Case (6 Blind Boxes)",441
2026-07-16T14:15:59.478Z,gid://shopify/Product/15032883642754,"yeezy-calabasas-socks-3-pack-core-glacier-sand","Yeezy Calabasas Socks (3 Pack) Core/Glacier/Sand",780
2026-07-16T14:15:59.478Z,gid://shopify/Product/15032885346690,"yeezy-gap-engineered-by-balenciaga-dove-hoodie-black","Yeezy Gap Engineered by Balenciaga Dove Hoodie Washed Black",840
2026-07-16T14:15:59.478Z,gid://shopify/Product/15032886919554,"yeezy-gap-crossbody-bag-black","Yeezy Gap Crossbody Bag Black",1015
2026-07-16T14:15:59.478Z,gid://shopify/Product/15032887738754,"yeezy-bouclette-socks-3-pack-color-one","Yeezy Bouclette Socks (3 Pack) Color One",783
2026-07-16T14:17:53.633Z,gid://shopify/Product/15032888492418,"ugg-tasman-slipper-dusted-cocoa","UGG Tasman Slipper Dusted Cocoa",1110
2026-07-16T14:17:53.634Z,gid://shopify/Product/15034270876034,"adidas-yeezy-boost-350-v2-mono-clay","adidas Yeezy Boost 350 V2 Mono Clay",907
2026-07-16T14:17:53.634Z,gid://shopify/Product/15034274840962,"air-jordan-1-low-se-flight-club","Jordan 1 Low SE Flight Club",1297
2026-07-16T14:17:53.634Z,gid://shopify/Product/15035909898626,"air-jordan-1-low-black-active-fuchsia","Jordan 1 Low Black Active Fuchsia",938
2026-07-16T14:17:53.634Z,gid://shopify/Product/15035911897474,"adidas-yeezy-boost-700-mnvn-phosphor-infant","adidas Yeezy Boost 700 MNVN Phosphor (Infants)",1130
2026-07-16T14:17:53.634Z,gid://shopify/Product/15036011676034,"adidas-forum-84-off-white-team-dark-green","adidas Forum 84 Off White Team Dark Green",980
2026-07-16T14:17:53.634Z,gid://shopify/Product/15036012986754,"yeezy-gap-padded-anorak-black","Yeezy Gap Padded Anorak Black",992
2026-07-16T14:17:53.634Z,gid://shopify/Product/15036013871490,"air-jordan-5-retro-low-indigo-haze-w","Jordan 5 Retro Low Indigo Haze (Women's)",1182
2026-07-16T14:17:53.634Z,gid://shopify/Product/15036017181058,"adidas-handball-spezial-shadow-brown-alumina","adidas Handball Spezial Shadow Brown Alumina",1292
2026-07-16T14:17:53.634Z,gid://shopify/Product/15036019278210,"nike-tech-fleece-full-zip-hoodie-grey","Nike Sportswear Tech Fleece Full-Zip Hoodie Heather Grey/Black",1053
2026-07-16T14:17:53.634Z,gid://shopify/Product/15036025307522,"adidas-samba-lt-aurora-ink-cream-white-womens","adidas Samba LT Aurora Ink Cream White (Women's)",1118
2026-07-16T14:17:53.634Z,gid://shopify/Product/15036047688066,"adidas-samba-messi-black-gold-metallic","adidas Samba Messi Black Gold Metallic",1108
2026-07-16T14:17:53.634Z,gid://shopify/Product/15036050309506,"timberland-6-premium-boot-veneda-carter-silver","Timberland 6"" Premium Boot Veneda Carter Silver",1152
2026-07-16T14:17:53.634Z,gid://shopify/Product/15036052701570,"air-jordan-1-retro-low-og-mocha-td","Jordan 1 Retro Low OG Mocha (TD)",1304
2026-07-16T14:17:53.634Z,gid://shopify/Product/15038144119170,"adidas-gazelle-crepe-clot-by-edison-chen-crew-white","adidas Gazelle Crepe CLOT By Edison Chen Crew White",1217
2026-07-16T14:17:53.634Z,gid://shopify/Product/15038146019714,"adidas-samba-light-purple-floral-womens","adidas Samba Light Purple Floral (Women's)",1261
2026-07-16T14:17:53.634Z,gid://shopify/Product/15038147461506,"adidas-superstar-white-black-2019","adidas Superstar White Black",1032
2026-07-16T14:17:53.634Z,gid://shopify/Product/15038644781442,"adidas-sl-72-knit-wales-bonner-brown","adidas SL 72 Knit Wales Bonner Brown",1199
2026-07-16T14:17:53.634Z,gid://shopify/Product/15038646124930,"adidas-samba-og-preloved-ruby-cream-white","adidas Samba OG Preloved Ruby Cream White",1280
2026-07-16T14:17:53.634Z,gid://shopify/Product/15039069421954,"adidas-gazelle-indoor-purple-core-white-gum","adidas Gazelle Indoor Purple Core White",1000
2026-07-16T14:17:53.634Z,gid://shopify/Product/15039070044546,"adidas-sl-72-knit-wales-bonner-green","adidas SL 72 Knit Wales Bonner Green",1546
2026-07-16T14:17:53.635Z,gid://shopify/Product/15039070962050,"adidas-gazelle-earth-strata-wonder-white-off-white-womens","adidas Gazelle Earth Strata Wonder White Off White (Women's)",1353
2026-07-16T14:17:53.635Z,gid://shopify/Product/15039071289730,"adidas-harden-vol-7-royal-blue","adidas Harden Vol. 7 Royal Blue Off White",1348
2026-07-16T14:17:53.635Z,gid://shopify/Product/15042133983618,"adidas-don-issue-2-glow-mint","adidas D.O.N. Issue #2 Glow Mint",1151
2026-07-16T14:17:53.635Z,gid://shopify/Product/15042135327106,"adidas-handball-spezial-light-blue-cloud-white-ps","adidas Handball Spezial Light Blue Cloud White (PS)",1028
2026-07-16T14:17:53.635Z,gid://shopify/Product/15042934243714,"adidas-samba-og-notitle-cow-print","adidas Samba OG notitle Cow Print",1310
2026-07-16T14:17:53.635Z,gid://shopify/Product/15042935783810,"adidas-samba-og-black-rasta","adidas Samba OG Black Rasta",1081
2026-07-16T14:17:53.635Z,gid://shopify/Product/15042942632322,"adidas-superstar-82-white-dark-green","adidas Superstar 82 White Dark Green",1212
2026-07-16T14:17:53.635Z,gid://shopify/Product/15042943746434,"adidas-samba-jonah-hill-burgundy","adidas Samba Jonah Hill Burgundy",1207
2026-07-16T14:17:53.635Z,gid://shopify/Product/15046131450242,"adidas-campus-00s-black-white-gum-gs","adidas Campus 00s Black White Gum (Kids)",1279
2026-07-16T14:17:53.635Z,gid://shopify/Product/15046132302210,"adidas-ab-gazelle-indoor-blondey-mccoy-mineral-blue","adidas A.B. Gazelle Indoor Blondey McCoy Mineral Blue",1275
2026-07-16T14:17:53.635Z,gid://shopify/Product/15046134169986,"adidas-gazelle-indoor-liberty-london-floral-embroidery-womens","adidas Gazelle Indoor Liberty London Floral Embroidery (Women's)",1308
2026-07-16T14:17:53.635Z,gid://shopify/Product/15046137676162,"adidas-handball-spezial-night-indigo-yellow","adidas Handball Spezial Night Indigo Yellow",1285
2026-07-16T14:17:53.635Z,gid://shopify/Product/15046961070466,"adidas-manchester-89-spzl-dark-blue","adidas Manchester 89 SPZL Dark Blue",1247
2026-07-16T14:17:53.635Z,gid://shopify/Product/15046961365378,"adidas-samba-vegan-black-gum","adidas Samba Vegan Black Gum",1115
2026-07-16T14:17:53.635Z,gid://shopify/Product/15046962217346,"adidas-samba-og-liberty-london-floral-embroidery-ps","adidas Samba OG Liberty London Floral Embroidery (PS)",1239
2026-07-16T14:17:53.635Z,gid://shopify/Product/15046963626370,"adidas-predator-elite-foldover-tongue-fg-moments","adidas Predator Elite Foldover Tongue FG Moments",1249
2026-07-16T14:17:53.635Z,gid://shopify/Product/15046964445570,"adidas-sambarose-valentine-w","adidas Sambarose Valentine (Women's)",1288
2026-07-16T14:17:53.635Z,gid://shopify/Product/15046969393538,"adidas-forum-buckle-low-white","adidas Forum Buckle Low Bad Bunny Last Forum",1106
2026-07-16T14:17:53.635Z,gid://shopify/Product/15047979041154,"adidas-samba-adv-black-gum","adidas Samba ADV Black Gum",1280
2026-07-16T14:19:32.054Z,gid://shopify/Product/15048081703298,"adidas-samba-og-cloud-white-core-black-womens","adidas Samba OG Cloud White Core Black (Women's)",1233
2026-07-16T14:19:32.056Z,gid://shopify/Product/15048191902082,"adidas-handball-spezial-cloud-white-arctic-night","adidas Handball Spezial Cloud White Arctic Night",954
2026-07-16T14:19:32.056Z,gid://shopify/Product/15048192721282,"adidas-adizero-sl-72-bad-bunny-maroon","adidas Adizero SL 72 Bad Bunny Maroon",1277
2026-07-16T14:19:32.057Z,gid://shopify/Product/15056660300162,"air-jordan-11-retro-jubilee-w","Jordan 11 Retro Jubilee (Women's)",1115
2026-07-16T14:19:32.057Z,gid://shopify/Product/15056660562306,"air-jordan-1-retro-high-black-white-w","Jordan 1 Retro High Twist (Women's)",869
2026-07-16T14:19:32.057Z,gid://shopify/Product/15056660857218,"air-jordan-1-mid-multi-color-2022-w","Jordan 1 Mid SE Multi Color (2022) (Women's)",1259
2026-07-16T14:19:32.057Z,gid://shopify/Product/15056661152130,"air-jordan-1-mid-sanddrift-w","Jordan 1 Mid SE Sanddrift (Women's)",1153
2026-07-16T14:19:32.057Z,gid://shopify/Product/15056661381506,"air-jordan-11-retro-low-diffused-blue-td","Jordan 11 Retro Low Diffused Blue (TD)",1212
2026-07-16T14:19:32.057Z,gid://shopify/Product/15056661610882,"air-jordan-11-retro-animal-instinct-w","Jordan 11 Retro Animal Instinct (Women's)",801
2026-07-16T14:19:32.057Z,gid://shopify/Product/15056661840258,"air-jordan-1-zoom-cmft-black-light-smoke-grey","Jordan 1 Zoom CMFT Black Light Smoke Grey",1183
2026-07-16T14:19:32.057Z,gid://shopify/Product/15056662167938,"air-jordan-1-retro-high-co-japan-midnight-navy-td","Jordan 1 Retro High CO.JP Midnight Navy (TD)",1162
2026-07-16T14:19:32.057Z,gid://shopify/Product/15056662397314,"air-jordan-1-retro-high-og-true-blue-gs","Jordan 1 Retro High OG True Blue (GS)",1143
2026-07-16T14:19:32.057Z,gid://shopify/Product/15056662856066,"air-jordan-1-retro-low-travis-scott","Jordan 1 Retro Low OG SP Travis Scott Mocha",1274
2026-07-16T14:19:32.057Z,gid://shopify/Product/15056663150978,"air-jordan-1-retro-high-light-smoke-grey","Jordan 1 Retro High Light Smoke Grey",1020
2026-07-16T14:19:32.057Z,gid://shopify/Product/15059025691010,"air-jordan-10-retro-woodland-camo","Jordan 10 Retro Woodland Camo",1042
2026-07-16T14:19:32.057Z,gid://shopify/Product/15059025887618,"air-jordan-1-retro-high-gold-top-3","Jordan 1 Retro High Gold Top 3",1082
2026-07-16T14:19:32.057Z,gid://shopify/Product/15059026149762,"air-jordan-1-mid-se-black-dark-beetroot-w","Jordan 1 Mid SE Black Dark Beetroot (Women's)",926
2026-07-16T14:19:32.057Z,gid://shopify/Product/15059026346370,"air-jordan-1-retro-high-wheat","Jordan 1 Retro High Wheat",1130
2026-07-16T14:19:32.057Z,gid://shopify/Product/15059026641282,"air-jordan-1-mid-white-black-chile-red-gs","Jordan 1 Mid White Black Chile Red (GS)",1087
2026-07-16T14:19:32.057Z,gid://shopify/Product/15059026903426,"jordan-1-mid-syracuse-womens","Jordan 1 Mid Syracuse (Women's)",1150
2026-07-16T14:19:32.057Z,gid://shopify/Product/15059027263874,"air-jordan-1-retro-high-rookie-of-the-year","Jordan 1 Retro High Rookie of the Year",899
2026-07-16T14:19:32.057Z,gid://shopify/Product/15059027493250,"air-jordan-1-retro-high-yin-yang-white-gs","Jordan 1 Retro High Yin Yang White (GS)",1221
2026-07-16T14:19:32.057Z,gid://shopify/Product/15059027722626,"air-jordan-1-mid-se-multi-color-w","Jordan 1 Mid SE Multi-Color (Women's)",1125
2026-07-16T14:19:32.057Z,gid://shopify/Product/15059028017538,"air-jordan-1-retro-high-og-atmosphere-w","Jordan 1 Retro High OG Atmosphere (Women's)",919
2026-07-16T14:19:32.057Z,gid://shopify/Product/15059028246914,"air-jordan-1-retro-high-og-dark-marina-blue-gs","Jordan 1 Retro High OG Dark Marina Blue (GS)",1148
2026-07-16T14:19:32.057Z,gid://shopify/Product/15059028443522,"air-jordan-1-retro-mcs-low-chicago","Jordan 1 Retro MCS Low Chicago",1012
2026-07-16T14:19:32.058Z,gid://shopify/Product/15070238966146,"asics-gel-kayano-14-bright-lime-midnight-womens","ASICS Gel-Kayano 14 Bright Lime Midnight (Women's)",1282
2026-07-16T14:19:32.058Z,gid://shopify/Product/15072393298306,"jordan-1-retro-high-og-shattered-backboard-2025","Jordan 1 Retro High OG Shattered Backboard (2025)",1620
2026-07-16T14:19:32.058Z,gid://shopify/Product/15072480133506,"air-jordan-1-low-halloween-2023-gs","Jordan 1 Low Halloween (2023) (GS)",1317
2026-07-16T14:19:32.058Z,gid://shopify/Product/15072483443074,"adidas-yeezy-boost-380-stone-salt","adidas Yeezy Boost 380 Stone Salt",685
2026-07-16T14:19:32.058Z,gid://shopify/Product/15072795918722,"air-jordan-1-retro-high-og-yellow-toe-td","Jordan 1 Retro High OG Taxi (TD)",1295
2026-07-16T14:19:32.058Z,gid://shopify/Product/15072796148098,"air-jordan-1-retro-ajko-low-sp-union-sail","Jordan 1 Retro AJKO Low SP Union Sail Leather",962
2026-07-16T14:19:32.058Z,gid://shopify/Product/15072796410242,"air-jordan-1-retro-low-og-mystic-navy","Jordan 1 Retro Low OG Mystic Navy",822
2026-07-16T14:19:32.058Z,gid://shopify/Product/15072796737922,"air-jordan-1-retro-low-golf-travis-scott-neutral-olive","Jordan 1 Retro Low Golf Travis Scott Neutral Olive",1222
2026-07-16T14:19:32.058Z,gid://shopify/Product/15072796934530,"air-jordan-1-retro-high-mcs-chicago","Jordan 1 Retro High MCS Chicago",1212
2026-07-16T14:19:32.058Z,gid://shopify/Product/15072797655426,"jordan-1-retro-low-og-atmosphere-grey-1","Jordan 1 Retro Low OG Atmosphere Grey",1256
2026-07-16T14:19:32.058Z,gid://shopify/Product/15072797950338,"air-jordan-1-mid-nike-hoops","Jordan 1 Mid Pregame Pack Mindfulness Luka Doncic",828
2026-07-16T14:19:32.058Z,gid://shopify/Product/15072798278018,"air-jordan-1-retro-high-og-patent-bred-ps","Jordan 1 Retro High OG Patent Bred (PS)",1020
2026-07-16T14:19:32.058Z,gid://shopify/Product/15072798540162,"air-jordan-1-mid-td-cleat-game-royal","Jordan 1 Mid TD Cleat Game Royal",1398
2026-07-16T14:19:32.058Z,gid://shopify/Product/15072798867842,"air-jordan-12-retro-barons-2024-gs","Jordan 12 Retro Barons (GS)",1411
2026-07-16T14:21:20.201Z,gid://shopify/Product/15072799129986,"air-jordan-1-mid-se-basketball-blossom-gs","Jordan 1 Mid SE Basketball Blossom (GS)",1064
2026-07-16T14:21:20.202Z,gid://shopify/Product/15072799392130,"air-jordan-1-mid-se-craft-tech-grey","Jordan 1 Mid SE Craft Tech Grey",1178
2026-07-16T14:21:20.202Z,gid://shopify/Product/15072799654274,"jordan-1-mid-pinksicle-safety-orange-gs-1","Jordan 1 Mid Pinksicle Safety Orange (GS)",856
2026-07-16T14:21:20.202Z,gid://shopify/Product/15072799981954,"air-jordan-1-retro-high-og-twist-20-w","Jordan 1 Retro High OG Twist 2.0 Medium Grey (Women's)",1221
2026-07-16T14:21:20.202Z,gid://shopify/Product/15072800211330,"air-jordan-10-retro-duck-camo","Jordan 10 Retro Duck Camo",1213
2026-07-16T14:21:20.202Z,gid://shopify/Product/15072800407938,"air-jordan-1-retro-high-trophy-room-chicago","Jordan 1 Retro High Trophy Room Chicago",1453
2026-07-16T14:21:20.202Z,gid://shopify/Product/15072800604546,"air-jordan-1-retro-low-solefly","Jordan 1 Retro Low OG SP SoleFly",1017
2026-07-16T14:21:20.202Z,gid://shopify/Product/15072800833922,"air-jordan-1-mid-true-blue","Jordan 1 Mid True Blue",1042
2026-07-16T14:21:20.202Z,gid://shopify/Product/15072801096066,"air-jordan-1-retro-high-bloodline-gs","Jordan 1 Retro High Bloodline (GS)",1047
2026-07-16T14:21:20.203Z,gid://shopify/Product/15072801390978,"air-jordan-11-retro-low-ie-light-orewood-brown","Jordan 11 Retro Low IE Light Orewood Brown",1399
2026-07-16T14:21:20.203Z,gid://shopify/Product/15072801653122,"air-jordan-1-retro-high-og-team-red","Jordan 1 Retro High OG Artisanal Team Red",1341
2026-07-16T14:21:20.203Z,gid://shopify/Product/15072801915266,"air-jordan-1-mid-hologram-gs","Jordan 1 Mid Hologram (GS)",1528
2026-07-16T14:21:20.203Z,gid://shopify/Product/15072802144642,"air-jordan-1-mid-sprite-blue-gs","Jordan 1 Mid SE Sprite Blue (GS)",1285
2026-07-16T14:21:20.203Z,gid://shopify/Product/15072802341250,"air-jordan-1-retro-high-og-royal-reimagined-td","Jordan 1 Retro High OG Royal Reimagined (TD)",1312
2026-07-16T14:21:20.203Z,gid://shopify/Product/15072802668930,"air-jordan-1-mid-hyper-royal-gs","Jordan 1 Mid Hyper Royal (GS)",1132
2026-07-16T14:21:20.203Z,gid://shopify/Product/15072803029378,"air-jordan-12-retro-25-years-in-china","Jordan 12 Retro 25 Years In China",1483
2026-07-16T14:21:20.203Z,gid://shopify/Product/15072804307330,"air-jordan-11-retro-bred-velvet-td","Jordan 11 Retro Bred Velvet (TD)",1330
2026-07-16T14:21:20.203Z,gid://shopify/Product/15072804798850,"air-jordan-1-retro-high-golf-patent-midnight-navy","Jordan 1 Retro High Golf Patent Midnight Navy",1198
2026-07-16T14:21:20.203Z,gid://shopify/Product/15072805290370,"air-jordan-1-mid-se-craft-pale-ivory","Jordan 1 Mid SE Craft Pale Ivory",1316
2026-07-16T14:21:20.203Z,gid://shopify/Product/15072805781890,"air-jordan-1-mid-se-siempre-familia","Jordan 1 Mid SE Siempre Familia",1030
2026-07-16T14:21:20.203Z,gid://shopify/Product/15072806076802,"air-jordan-1-retro-high-black-game-royal","Jordan 1 Retro High Royal Toe",1055
2026-07-16T14:21:20.203Z,gid://shopify/Product/15072806666626,"air-jordan-1-retro-low-og-psg-paris-saint-germain","Jordan 1 Retro Low OG PSG Paris Saint-Germain",1460
2026-07-16T14:21:20.204Z,gid://shopify/Product/15072806896002,"air-jordan-1-mid-se-particle-beige-w","Jordan 1 Mid SE Particle Beige (Women's)",1215
2026-07-16T14:21:20.204Z,gid://shopify/Product/15072807125378,"air-jordan-1-mid-se-red-cracked-leather-womens","Jordan 1 Mid SE Red Cracked Leather (Women's)",1136
2026-07-16T14:21:20.204Z,gid://shopify/Product/15072807354754,"air-jordan-10-retro-orlando","Jordan 10 Retro Orlando",939
2026-07-16T14:21:20.204Z,gid://shopify/Product/15072807584130,"air-jordan-11-retro-low-ie-black-cement","Jordan 11 Retro Low IE Black Cement",1305
2026-07-16T14:21:20.204Z,gid://shopify/Product/15072807780738,"air-jordan-1-retro-high-og-satin-bred-ps","Jordan 1 Retro High OG Satin Bred (PS)",1635
2026-07-16T14:21:20.204Z,gid://shopify/Product/15072808010114,"air-jordan-1-retro-high-og-starfish-w","Jordan 1 Retro High OG Starfish (Women's)",1181
2026-07-16T14:21:20.204Z,gid://shopify/Product/15072808239490,"air-jordan-11-retro-black-clear-gs","Jordan 11 Retro Jubilee (GS)",1243
2026-07-16T14:21:20.204Z,gid://shopify/Product/15072808436098,"jordan-1-mid-triple-black-1","Jordan 1 Mid Triple Black",704
2026-07-16T14:21:20.204Z,gid://shopify/Product/15072808698242,"air-jordan-11-retro-neapolitan-ps","Jordan 11 Retro Neapolitan (PS)",1467
2026-07-16T14:21:20.204Z,gid://shopify/Product/15072808960386,"jordan-1-retro-high-homage-to-home-chicago-numbered","Jordan 1 Retro High Homage To Home Chicago (Numbered)",957
2026-07-16T14:21:20.204Z,gid://shopify/Product/15072809288066,"air-jordan-1-retro-low-og-unc-to-chicago-womens","Jordan 1 Retro Low OG NC to Chi (Women's)",1428
2026-07-16T14:21:20.204Z,gid://shopify/Product/15072809484674,"air-jordan-1-retro-high-pollen","Jordan 1 Retro High Pollen",877
2026-07-16T14:21:20.204Z,gid://shopify/Product/15072809681282,"jordan-1-retro-low-og-barons-1","Jordan 1 Retro Low OG Barons",1053
2026-07-16T14:21:20.205Z,gid://shopify/Product/15072809910658,"air-jordan-1-mid-se-all-star-2021-ps","Jordan 1 Mid SE All-Star (2021) (PS)",1263
2026-07-16T14:21:20.205Z,gid://shopify/Product/15072810140034,"air-jordan-1-retro-high-olive-canvas","Jordan 1 Retro High Olive Canvas",1370
2026-07-16T14:21:20.205Z,gid://shopify/Product/15072810434946,"air-jordan-1-retro-high-trophy-room-chicago-friends-and-family-w-blue-laces","Jordan 1 Retro High Trophy Room Chicago (Friends and Family) (W/ Blue Laces)",705
2026-07-16T14:21:20.205Z,gid://shopify/Product/15072810664322,"air-jordan-1-retro-high-black-gym-red-black","Jordan 1 Retro High Black Satin Gym Red",883
2026-07-16T14:21:20.205Z,gid://shopify/Product/15072810992002,"air-jordan-1-mid-game-royal-white-black-gs","Jordan 1 Mid Game Royal White Black (GS)",1271
2026-07-16T14:23:11.820Z,gid://shopify/Product/15072811221378,"air-jordan-1-retro-high-og-unc-toe-gs","Jordan 1 Retro High OG UNC Toe (GS)",906
2026-07-16T14:23:11.822Z,gid://shopify/Product/15072811581826,"air-jordan-1-retro-high-og-rare-air","Jordan 1 Retro High OG Rare Air",884
2026-07-16T14:23:11.822Z,gid://shopify/Product/15072811778434,"air-jordan-1-retro-high-og-defiant-couture","Jordan 1 Retro High OG Defiant Couture",731
2026-07-16T14:23:11.823Z,gid://shopify/Product/15072812040578,"air-jordan-1-mid-se-oxidized-green","Jordan 1 Mid SE Oxidized Green",864
2026-07-16T14:23:11.823Z,gid://shopify/Product/15072812368258,"air-jordan-1-sb-la-to-chicago","Jordan 1 Retro High OG Defiant SB LA to Chicago",737
2026-07-16T14:23:11.823Z,gid://shopify/Product/15072812630402,"air-jordan-1-mid-metallic-orange-gs","Jordan 1 Mid Metallic Orange (GS)",968
2026-07-16T14:23:11.823Z,gid://shopify/Product/15072812892546,"air-jordan-11-cmft-low-space-jam","Jordan 11 CMFT Low Space Jam",961
2026-07-16T14:23:11.823Z,gid://shopify/Product/15072813154690,"air-jordan-1-mid-se-black-white-multi-color-w","Jordan 1 Mid SE Black White Multi-Color (Women's)",815
2026-07-16T14:23:11.823Z,gid://shopify/Product/15072813547906,"air-jordan-11-retro-low-cement-grey-ps","Jordan 11 Retro Low Cement Grey (PS)",1009
2026-07-16T14:23:11.823Z,gid://shopify/Product/15072814006658,"air-jordan-1-retro-high-og-sp-utility-stash","Jordan 1 Retro High OG SP Utility Stash",732
2026-07-16T14:23:11.823Z,gid://shopify/Product/15072814530946,"air-jordan-1-retro-low-light-iron-ore-siren-red-w","Jordan 1 Retro Low Light Iron Ore Siren Red (Women's)",1065
2026-07-16T14:23:11.823Z,gid://shopify/Product/15072814924162,"air-jordan-1-mid-siempre-familia-gs","Jordan 1 Mid Siempre Familia (GS)",1031
2026-07-16T14:23:11.823Z,gid://shopify/Product/15072815153538,"air-jordan-1-retro-low-golf-wolf-grey-gum","Jordan 1 Retro Low Golf Wolf Grey Gum",983
2026-07-16T14:23:11.823Z,gid://shopify/Product/15072815382914,"air-jordan-1-retro-high-og-true-blue-ps","Jordan 1 Retro High OG True Blue (PS)",1121
2026-07-16T14:23:11.823Z,gid://shopify/Product/15072815612290,"air-jordan-1-retro-high-og-praline-w","Jordan 1 Retro High OG Praline (Women's)",922
2026-07-16T14:23:11.823Z,gid://shopify/Product/15072815841666,"air-jordan-1-retro-high-flyknit-black-history-month-2018","Jordan 1 Retro High Flyknit Black History Month (2018)",857
2026-07-16T14:23:11.823Z,gid://shopify/Product/15072816071042,"air-jordan-11-retro-low-legend-pink-ps","Jordan 11 Retro Low Legend Pink (PS)",951
2026-07-16T14:23:11.823Z,gid://shopify/Product/15072816365954,"air-jordan-1-mid-legend-blue","Jordan 1 Mid Legend Blue",869
2026-07-16T14:23:11.823Z,gid://shopify/Product/15072816628098,"air-jordan-1-retro-low-og-sp-travis-scott-velvet-brown-ps","Jordan 1 Retro Low OG SP Travis Scott Velvet Brown (PS)",915
2026-07-16T14:23:11.823Z,gid://shopify/Product/15072816824706,"air-jordan-1-mid-university-blue-black","Jordan 1 Mid University Blue Black",1075
2026-07-16T14:23:11.823Z,gid://shopify/Product/15072817054082,"air-jordan-1-mid-lucky-green-aquatone-womens","Jordan 1 Mid Lucky Green Aquatone (Women's)",1169
2026-07-16T14:23:11.823Z,gid://shopify/Product/15072817283458,"jordan-1-mid-turf-orange-gs-1","Jordan 1 Mid Turf Orange (GS)",519
2026-07-16T14:23:11.824Z,gid://shopify/Product/15072817512834,"air-jordan-1-retro-mid-new-love-2017","Jordan 1 Retro Mid New Love (2017)",896
2026-07-16T14:23:11.824Z,gid://shopify/Product/15072817774978,"air-jordan-1-mid-white-metallic-gold-obsidian","Jordan 1 Mid White Metallic Gold Obsidian",915
2026-07-16T14:23:11.824Z,gid://shopify/Product/15072818004354,"air-jordan-1-retro-high-hyper-royal-gs","Jordan 1 Retro High Hyper Royal (GS)",969
2026-07-16T14:23:11.824Z,gid://shopify/Product/15072818200962,"air-jordan-1-mid-lakers-2022-gs","Jordan 1 Mid Lakers (2022) (GS)",1080
2026-07-16T14:23:11.824Z,gid://shopify/Product/15072818430338,"air-jordan-1-mid-se-chenille-sky-j-light-purple-womens","Jordan 1 Mid SE Chenille Sky J Light Purple (Women's)",1247
2026-07-16T14:23:11.824Z,gid://shopify/Product/15072818692482,"air-jordan-1-mid-se-particle-grey-w","Jordan 1 Mid SE Particle Grey (Women's)",880
2026-07-16T14:23:11.824Z,gid://shopify/Product/15072818987394,"air-jordan-1-mid-incredible-hulk","Jordan 1 Mid Incredible Hulk",979
2026-07-16T14:23:11.824Z,gid://shopify/Product/15072819282306,"air-jordan-1-mid-patent-black-white-gold","Jordan 1 Mid Patent Black White Gold",741
2026-07-16T14:23:11.824Z,gid://shopify/Product/15072819577218,"air-jordan-11-retro-low-cement-grey","Jordan 11 Retro Low Cement Grey",874
2026-07-16T14:23:11.824Z,gid://shopify/Product/15072819773826,"air-jordan-1-mid-se-take-flight-gs","Jordan 1 Mid SE Take Flight (GS)",1009
2026-07-16T14:23:11.824Z,gid://shopify/Product/15072820035970,"air-jordan-1-mid-peach-mocha-w","Jordan 1 Mid Peach Mocha (Women's)",987
2026-07-16T14:23:11.824Z,gid://shopify/Product/15072820298114,"air-jordan-1-retro-high-og-heirloom","Jordan 1 Retro High OG Heirloom",948
2026-07-16T14:23:11.824Z,gid://shopify/Product/15072820527490,"air-jordan-1-mid-se-craft-white-cement-grey-black-gs","Jordan 1 Mid SE Craft White Cement Grey Black (GS)",1013
2026-07-16T14:23:11.824Z,gid://shopify/Product/15072820822402,"air-jordan-1-retro-low-golf-chicago","Jordan 1 Retro Low Golf Chicago",884
2026-07-16T14:23:11.824Z,gid://shopify/Product/15072821051778,"air-jordan-11-air-jordan-11-retro-win-like-96-gs","Jordan 11 Retro Win Like 96 (GS)",859
2026-07-16T14:23:11.824Z,gid://shopify/Product/15072821281154,"air-jordan-1-retro-high-first-class-flight-gs","Jordan 1 Retro High First Class Flight (GS)",820
2026-07-16T14:23:11.825Z,gid://shopify/Product/15072821477762,"air-jordan-1-retro-low-golf-nrg-purple-smoke","Jordan 1 Retro Low Golf NRG Purple Smoke",987
2026-07-16T14:23:11.825Z,gid://shopify/Product/15074845524354,"nike-air-max-95-og-big-bubble-neon-2025","Nike Air Max 95 OG Big Bubble Neon (2025)",946
2026-07-16T14:25:02.608Z,gid://shopify/Product/15074845917570,"timberland-6-black-nubuck","Timberland 6"" Boot Black Nubuck Premium",920
2026-07-16T14:25:02.610Z,gid://shopify/Product/15074846245250,"puma-lamelo-ball-lafrance-amour-black","Puma LaMelo Ball LaFrancé Amour Black",795
2026-07-16T14:25:02.610Z,gid://shopify/Product/15074846474626,"nike-cortez-baroque-brown-womens","Nike Cortez Baroque Brown (Women's)",1009
2026-07-16T14:25:02.610Z,gid://shopify/Product/15074846704002,"new-balance-992-miusa-grey-silver-metallic","New Balance 992 MiUSA Grey Silver Metallic",870
2026-07-16T14:25:02.610Z,gid://shopify/Product/15074847162754,"adidas-bw-army-lux-white-gum","adidas BW Army Lux White Gum",871
2026-07-16T14:25:02.610Z,gid://shopify/Product/15074847621506,"new-balance-1000-lunar-new-year-black","New Balance 1000 Lunar New Year Black",924
2026-07-16T14:25:02.610Z,gid://shopify/Product/15074847916418,"nike-air-force-1-mid-off-white-pine-green","Nike Air Force 1 Mid Off-White Pine Green",1009
2026-07-16T14:25:02.610Z,gid://shopify/Product/15074848178562,"nike-dunk-low-black-roses-womens","Nike Dunk Low Black Roses (Women's)",993
2026-07-16T14:25:02.610Z,gid://shopify/Product/15074848473474,"air-jordan-1-low-black-toe-medium-olive","Jordan 1 Low Black Toe Medium Olive",1035
2026-07-16T14:25:02.610Z,gid://shopify/Product/15075729899906,"jordan-x-nigel-sylvester-brick-tee-white","Jordan x Nigel Sylvester Brick Tee White",846
2026-07-16T14:25:02.610Z,gid://shopify/Product/15075730162050,"air-jordan-6-retro-black-infrared-2019","Jordan 6 Retro Black Infrared (2019)",894
2026-07-16T14:25:02.610Z,gid://shopify/Product/15075730456962,"air-jordan-1-mid-black-white-olive","Jordan 1 Mid Black White Olive",1092
2026-07-16T14:25:02.610Z,gid://shopify/Product/15075730719106,"timberland-6-wheat-gs","Timberland 6"" Boot Wheat (GS)",872
2026-07-16T14:25:02.610Z,gid://shopify/Product/15075731014018,"supreme-nike-track-jacket-black","Supreme Nike Track Jacket Black",958
2026-07-16T14:25:02.610Z,gid://shopify/Product/15075731308930,"polo-ralph-lauren-double-knit-full-zip-hoodie-and-double-knit-jogger-pant-set-polo-black","Polo Ralph Lauren Double-Knit Full-Zip Hoodie and Double-Knit Jogger Pant Set Polo Black",944
2026-07-16T14:25:02.610Z,gid://shopify/Product/15075731603842,"new-balance-992-miusa-kith-osaka-pack","New Balance 992 MiUSA Kith Osaka Pack",867
2026-07-16T14:25:02.610Z,gid://shopify/Product/15075731833218,"yeezy-gap-hoodie-blue","Yeezy Gap Hoodie Blue",822
2026-07-16T14:25:02.610Z,gid://shopify/Product/15075732717954,"adidas-forum-powerphase-bad-bunny-benito","adidas Forum Powerphase Bad Bunny Benito",828
2026-07-16T14:25:02.610Z,gid://shopify/Product/15075732980098,"air-jordan-1-low-golf-white-aegean-storm","Jordan 1 Low Golf White Aegean Storm",1202
2026-07-16T14:25:02.610Z,gid://shopify/Product/15075733209474,"new-balance-550-white-grey","New Balance 550 White Grey",851
2026-07-16T14:25:02.610Z,gid://shopify/Product/15075733733762,"nike-air-max-torch-4-black-silver","Nike Air Max Torch 4 Black Silver",1220
2026-07-16T14:25:02.610Z,gid://shopify/Product/15076085432706,"nike-structured-og-flame-club-cap-black","Nike Structured OG Flame Club Cap Black",798
2026-07-16T14:25:02.610Z,gid://shopify/Product/15076086022530,"sp5der-p-nk-v2-hoodie-black","Sp5der P*NK V2 Hoodie Black",1022
2026-07-16T14:25:02.610Z,gid://shopify/Product/15076086350210,"on-running-cloudtilt-black-ivory","On Running Cloudtilt Black Ivory",1209
2026-07-16T14:25:02.610Z,gid://shopify/Product/15076086776194,"nike-v5-rnr-white-black-metallic-silver","Nike V5 RNR White Black Metallic Silver",1115
2026-07-16T14:25:02.610Z,gid://shopify/Product/15076087136642,"nike-sb-dunk-low-yuto-horigome-matcha","Nike SB Dunk Low Yuto Horigome Matcha",1066
2026-07-16T14:25:02.610Z,gid://shopify/Product/15076087595394,"air-jordan-1-low-unc-w","Jordan 1 Low UNC (Women's)",920
2026-07-16T14:25:02.610Z,gid://shopify/Product/15076088021378,"nike-sb-dunk-low-alexis-sablone-chameleon","Nike SB Dunk Low Alexis Sablone Chameleon",1121
2026-07-16T14:25:02.610Z,gid://shopify/Product/15076088676738,"nike-sb-dunk-low-premium-pastoral-print","Nike SB Dunk Low Premium City of Style",1209
2026-07-16T14:25:02.610Z,gid://shopify/Product/15076089069954,"nikecraft-general-purpose-shoe-tom-sachs-yellow","NikeCraft General Purpose Shoe Tom Sachs Archive Dark Sulfur",979
2026-07-16T14:25:02.610Z,gid://shopify/Product/15076089463170,"jordan-3-retro-sp-a-ma-maniere-womens","Jordan 3 Retro SP A Ma Maniére (Women's)",1397
2026-07-16T14:25:02.610Z,gid://shopify/Product/15077708956034,"pop-mart-labubu-the-monsters-exciting-macaron-vinyl-face-blind-box-whole-set","Pop Mart Labubu The Monsters Exciting Macaron Vinyl Face Blind Box Whole Set",1026
2026-07-16T14:25:02.610Z,gid://shopify/Product/15077869814146,"pop-mart-labubu-the-monsters-have-a-seat-vinyl-plush-blind-box","Pop Mart Labubu The Monsters Have a Seat Vinyl Plush Single Blind Box",1062
2026-07-16T14:25:02.610Z,gid://shopify/Product/15077874303362,"pop-mart-labubu-the-monsters-tasty-macarons-sesame-bean-vinyl-plush-pendant","Pop Mart Labubu The Monsters Exciting Macaron Sesame Bean Vinyl Plush Pendant",1115
2026-07-16T14:25:02.610Z,gid://shopify/Product/15077904613762,"pop-mart-labubu-the-monsters-i-found-you-vinyl-doll","Pop Mart Labubu The Monsters I Found You Vinyl Doll",1030
2026-07-16T14:25:02.610Z,gid://shopify/Product/15078819398018,"sony-playstation-ps5-dualsense-the-last-of-us-edition-wireless-controller","Sony Playstation PS5 DualSense The Last of Us Edition Wireless Controller",1713
2026-07-16T14:25:02.610Z,gid://shopify/Product/15079003062658,"nike-air-max-1-87-lx-light-smoke-grey-womens","Nike Air Max 1 '87 LX Light Smoke Grey (Women's)",1445
2026-07-16T14:25:02.610Z,gid://shopify/Product/15081444278658,"air-jordan-1-low-og-metallic-silver","Jordan 1 Low OG Metallic Silver",1144
2026-07-16T14:25:02.611Z,gid://shopify/Product/15081686663554,"new-balance-1906r-neon-nights","New Balance 1906R Neon Nights",1049
2026-07-16T14:25:02.611Z,gid://shopify/Product/15081788932482,"nike-zoom-vomero-5-valentines-day-gs","Nike Zoom Vomero 5 Valentine's Day (GS)",1104
2026-07-16T14:26:50.617Z,gid://shopify/Product/15081791619458,"nike-vomero-5-olive-flak-volt-womens","Nike Zoom Vomero 5 Olive Flak Volt (Women's)",1287
2026-07-16T14:26:50.619Z,gid://shopify/Product/15086655046018,"nike-dunk-low-union-grey-purple","Nike Dunk Low Union Passport Pack Court Purple",942
2026-07-16T14:26:50.619Z,gid://shopify/Product/15086702199170,"nike-zoom-vomero-5-a-cold-wall-black","Nike Zoom Vomero 5 A Cold Wall Black",804
2026-07-16T14:26:50.620Z,gid://shopify/Product/15089213276546,"adidas-campus-00s-earth-strata-clear-pink-kids","adidas Campus 00s Earth Strata Clear Pink (Kids)",1228
2026-07-16T14:26:50.620Z,gid://shopify/Product/15089378689410,"adidas-gazelle-bold-maple-leaf-womens","adidas Gazelle Bold Maple Leaf (Women's)",1073
2026-07-16T14:26:50.620Z,gid://shopify/Product/15089430135170,"adidas-gazelle-indoor-bright-yellow-collegiate-burgundy-womens","adidas Gazelle Indoor Bright Yellow Collegiate Burgundy (Women's)",1368
2026-07-16T14:26:50.620Z,gid://shopify/Product/15091377340802,"adidas-gazelle-toy-story-jessie-gs","adidas Gazelle Toy Story Jessie (GS)",1016
2026-07-16T14:26:50.620Z,gid://shopify/Product/15092689371522,"adidas-harden-vol-9-year-of-the-snake","adidas Harden Vol. 9 Year of the Snake",974
2026-07-16T14:26:50.620Z,gid://shopify/Product/15092691927426,"adidas-samba-adv-kader-sylla-brown-gum","adidas Samba ADV Kader Sylla Brown Gum",1273
2026-07-16T14:26:50.620Z,gid://shopify/Product/15094186836354,"adidas-samba-golf-kith-white","adidas Samba Golf Kith White",1270
2026-07-16T14:26:50.620Z,gid://shopify/Product/15094218129794,"adidas-samba-og-core-black-preloved-brown","adidas Samba OG Core Black Preloved Brown",1083
2026-07-16T14:26:50.620Z,gid://shopify/Product/15094237397378,"adidas-samba-og-preloved-ink","adidas Samba OG Preloved Ink",1123
2026-07-16T14:26:50.620Z,gid://shopify/Product/15094249193858,"adidas-samba-pharrell-human-race-white","adidas Samba Pharrell Humanrace White Night Grey",1183
2026-07-16T14:26:50.620Z,gid://shopify/Product/15094260760962,"adidas-samba-xlg-olive-strata-wonder-beige-gold-metallic","adidas Samba XLG Olive Strata Wonder Beige Gold Metallic",1197
2026-07-16T14:26:50.620Z,gid://shopify/Product/15097570328962,"adidas-superstar-80-blondey-mccoy","adidas Superstar 80 Blondey McCoy",1211
2026-07-16T14:26:50.620Z,gid://shopify/Product/15105227358594,"ugg-tasman-ii-slipper-dusted-cocoa-kids","UGG Tasman II Slipper Dusted Cocoa (Kids)",1100
2026-07-16T14:26:50.620Z,gid://shopify/Product/15105232109954,"ugg-tasman-ii-slipper-chestnut-kids","UGG Tasman II Slipper Chestnut (Kids)",979
2026-07-16T14:26:50.620Z,gid://shopify/Product/15105233289602,"ugg-neumel-boot-black","UGG Neumel Boot Black",977
2026-07-16T14:26:50.621Z,gid://shopify/Product/15105234010498,"ugg-scuffette-ii-slipper-sand-womens","UGG Scuffette II Slipper Sand (Women's)",988
2026-07-16T14:26:50.621Z,gid://shopify/Product/15105235026306,"ugg-tazz-slipper-hickory-kids","UGG Tazz Slipper Hickory (Kids)",894
2026-07-16T14:26:50.621Z,gid://shopify/Product/15105235550594,"ugg-classic-ultra-mini-boot-palace-chestnut-camo","UGG Classic Ultra Mini Boot Palace Chestnut Camo",929
2026-07-16T14:26:50.621Z,gid://shopify/Product/15105236238722,"ugg-classic-clear-mini-boot-natural-black-w","UGG Classic Clear Mini Boot Natural Black (Women's)",983
2026-07-16T14:26:50.621Z,gid://shopify/Product/15105236828546,"ugg-tazz-caspian-slipper-burnt-cedar-womens","UGG Tazz Caspian Slipper Burnt Cedar (Women's)",916
2026-07-16T14:26:50.621Z,gid://shopify/Product/15105237680514,"ugg-mini-bailey-bow-ii-black-w","UGG Mini Bailey Bow II Black (Women's)",1018
2026-07-16T14:26:50.621Z,gid://shopify/Product/15105240662402,"polo-ralph-lauren-double-knit-full-zip-hoodie-and-double-knit-jogger-pant-set-light-sport-heather","Polo Ralph Lauren Double-Knit Full-Zip Hoodie and Double-Knit Jogger Pant Set Light Sport Heather",1087
2026-07-16T14:26:50.622Z,gid://shopify/Product/15105242530178,"adidas-samba-fucking-awesome-jason-dill-black","adidas Samba Fucking Awesome Jason Dill Black",1326
2026-07-16T14:26:50.622Z,gid://shopify/Product/15105245184386,"adidas-samba-lt-core-black-patent-leather","adidas Samba LT Core Black Patent Leather (Women's)",901
2026-07-16T14:26:50.622Z,gid://shopify/Product/15105247117698,"adidas-samba-og-cloud-white-core-black-gs","adidas Samba OG Cloud White Core Black (GS)",1160
2026-07-16T14:26:50.622Z,gid://shopify/Product/15105250820482,"adidas-samba-og-liberty-london-floral-embroidery-gs","adidas Samba OG Liberty London Floral Embroidery (GS)",1212
2026-07-16T14:26:50.622Z,gid://shopify/Product/15105268384130,"adidas-samba-og-sporty-rich-white-green","adidas Samba OG Sporty & Rich White Green",871
2026-07-16T14:26:50.622Z,gid://shopify/Product/15105284473218,"adidas-samba-pharrell-humanrace-white","adidas Samba Pharrell Humanrace White",1293
2026-07-16T14:26:50.622Z,gid://shopify/Product/15105297711490,"adidas-sambae-cloud-white-metallic-gold-womens","adidas Sambae Cloud White Metallic Gold (Women's)",1170
2026-07-16T14:26:50.622Z,gid://shopify/Product/15105298727298,"adidas-sl-72-better-scarlet-womens","adidas SL 72 Better Scarlet (Women's)",1195
2026-07-16T14:26:50.622Z,gid://shopify/Product/15105300103554,"adidas-sl-72-og-semi-pink-spark-red-womens","adidas SL 72 OG Semi Pink Spark Red (Women's)",971
2026-07-16T14:26:50.622Z,gid://shopify/Product/15105736606082,"adidas-yeezy-350-v2-cmpct-slate-red","adidas Yeezy 350 V2 CMPCT Slate Red",848
2026-07-16T14:26:50.622Z,gid://shopify/Product/15105768587650,"adidas-yeezy-boost-350-v2-lundmark","adidas Yeezy Boost 350 V2 Lundmark (Non Reflective)",1059
2026-07-16T14:26:50.622Z,gid://shopify/Product/15105771864450,"adidas-yeezy-boost-350-v2-mx-rock-kids","adidas Yeezy Boost 350 V2 MX Rock (Kids)",989
2026-07-16T14:26:50.622Z,gid://shopify/Product/15105790148994,"adidas-yeezy-boost-380-yecoraite-reflective","adidas Yeezy Boost 380 Yecoraite Reflective",1159
2026-07-16T14:26:50.622Z,gid://shopify/Product/15105812169090,"adidas-yeezy-boost-700-teal-blue","adidas Yeezy Boost 700 Teal Blue",809
2026-07-16T14:26:50.622Z,gid://shopify/Product/15106022867330,"air-jordan-1-high-zoom-air-cmft-2-dark-powder-blue","Jordan 1 High Zoom Air CMFT 2 Dark Powder Blue",1495
2026-07-16T14:28:39.771Z,gid://shopify/Product/15106028536194,"air-jordan-1-high-zoom-air-cmft-2-particle-grey","Jordan 1 High Zoom Air CMFT 2 Particle Grey",1540
2026-07-16T14:28:39.772Z,gid://shopify/Product/15106035188098,"air-jordan-1-high-zoom-air-cmft-celestine-blue","Jordan 1 High Zoom Air CMFT Celestine Blue",1132
2026-07-16T14:28:39.772Z,gid://shopify/Product/15106039644546,"air-jordan-1-high-zoom-air-cmft-light-mauve-w","Jordan 1 High Zoom Air CMFT Light Mauve (Women's)",1147
2026-07-16T14:28:39.772Z,gid://shopify/Product/15106043511170,"air-jordan-1-high-zoom-air-cmft-pumpkin-spice","Jordan 1 High Zoom Air CMFT Pumpkin Spice",1108
2026-07-16T14:28:39.772Z,gid://shopify/Product/15106048164226,"air-jordan-1-high-zoom-cmft-lemon-twist-w","Jordan 1 High Zoom Air CMFT Lemon Twist (Women's)",1352
2026-07-16T14:28:39.772Z,gid://shopify/Product/15106056159618,"air-jordan-1-low-alternate-royal-toe","Jordan 1 Low Alternate Royal Toe",1305
2026-07-16T14:28:39.772Z,gid://shopify/Product/15106063073666,"air-jordan-1-low-black-grey-pink","Jordan 1 Low Black Grey Pink",1106
2026-07-16T14:28:39.772Z,gid://shopify/Product/15106067169666,"air-jordan-1-low-black-university-blue-white-w","Jordan 1 Low Black University Blue White (Women's)",902
2026-07-16T14:28:39.772Z,gid://shopify/Product/15106073002370,"air-jordan-1-low-bred-toe-20","Jordan 1 Low Bred Toe 2.0",1130
2026-07-16T14:28:39.772Z,gid://shopify/Product/15106075230594,"air-jordan-1-low-coral-womens","Jordan 1 Low Coral (Women's)",1046
2026-07-16T14:28:39.772Z,gid://shopify/Product/15106076967298,"air-jordan-1-low-easter-pastel-tie-dye-gs","Jordan 1 Low Easter Pastel Tie-Dye (GS)",1054
2026-07-16T14:28:39.772Z,gid://shopify/Product/15106079359362,"air-jordan-1-low-gym-red-black-pebbled-gs","Jordan 1 Low Gym Red Black Pebbled (GS)",1176
2026-07-16T14:28:39.772Z,gid://shopify/Product/15106081358210,"air-jordan-1-low-light-smoke-grey","Jordan 1 Low Light Smoke Grey",1056
2026-07-16T14:28:39.772Z,gid://shopify/Product/15106083553666,"air-jordan-1-low-method-of-make-legend-light-brown-womens","Jordan 1 Low Method of Make Legend Light Brown (Women's)",1308
2026-07-16T14:28:39.772Z,gid://shopify/Product/15106085552514,"air-jordan-1-low-mustard-gs","Jordan 1 Low White Pollen (GS)",1083
2026-07-16T14:28:39.772Z,gid://shopify/Product/15106087813506,"air-jordan-1-low-og-obsidian-unc","Jordan 1 Low OG Obsidian UNC",1174
2026-07-16T14:28:39.772Z,gid://shopify/Product/15106090664322,"air-jordan-1-low-orange-olive","Jordan 1 Low SE Light Curry",1108
2026-07-16T14:28:39.772Z,gid://shopify/Product/15106093023618,"air-jordan-1-low-pink-oxford-womens","Jordan 1 Low Pink Oxford (Women's)",1167
2026-07-16T14:28:39.772Z,gid://shopify/Product/15106094203266,"air-jordan-1-low-reverse-bred","Jordan 1 Low Reverse Bred",1218
2026-07-16T14:28:39.772Z,gid://shopify/Product/15106095088002,"air-jordan-1-low-se-black-metallic-silver-w","Jordan 1 Low SE Black Metallic Silver (Women's)",1115
2026-07-16T14:28:39.773Z,gid://shopify/Product/15106096431490,"air-jordan-1-low-se-craft-dark-smoke-grey-varsity-red","Jordan 1 Low SE Craft Dark Smoke Grey Varsity Red",1311
2026-07-16T14:28:39.773Z,gid://shopify/Product/15106098626946,"air-jordan-1-low-se-industrial-blue-gs","Jordan 1 Low SE Industrial Blue (GS)",1237
2026-07-16T14:28:39.773Z,gid://shopify/Product/15106099085698,"air-jordan-1-low-se-oxidized-green","Jordan 1 Low SE Oxidized Green",1196
2026-07-16T14:28:39.773Z,gid://shopify/Product/15106101510530,"air-jordan-1-low-se-sky-j-mauve","Jordan 1 Low SE Sky J Mauve",1268
2026-07-16T14:28:39.773Z,gid://shopify/Product/15106114355586,"air-jordan-1-low-shadow-toe-gs","Jordan 1 Low Shadow Toe (GS)",1019
2026-07-16T14:28:39.773Z,gid://shopify/Product/15106114978178,"air-jordan-1-low-td-cleat-game-royal","Jordan 1 Low TD Cleat Game Royal",1082
2026-07-16T14:28:39.773Z,gid://shopify/Product/15106115862914,"air-jordan-1-low-triple-white-2022-w","Jordan 1 Low Triple White (2022) (Women's)",1290
2026-07-16T14:28:39.773Z,gid://shopify/Product/15106116190594,"air-jordan-1-low-university-blue-gs","Jordan 1 Low University Blue (GS)",1474
2026-07-16T14:28:39.773Z,gid://shopify/Product/15106116813186,"air-jordan-1-low-white-gs","Jordan 1 Low Triple White Tumbled Leather (GS)",997
2026-07-16T14:28:39.773Z,gid://shopify/Product/15106117140866,"air-jordan-1-low-yellow-ochre","Jordan 1 Low Yellow Ochre",1198
2026-07-16T14:28:39.773Z,gid://shopify/Product/15106117599618,"air-jordan-1-mid-aquatone","Jordan 1 Mid Aquatone",1200
2026-07-16T14:28:39.773Z,gid://shopify/Product/15106117992834,"air-jordan-1-mid-black-college-grey-gym-red-womens","Jordan 1 Mid Black College Grey Gym Red (Women's)",1488
2026-07-16T14:28:39.773Z,gid://shopify/Product/15106118975874,"air-jordan-1-mid-black-racer-blue-white-gs","Jordan 1 Mid Black Racer Blue White (GS)",909
2026-07-16T14:28:39.773Z,gid://shopify/Product/15106119795074,"air-jordan-1-mid-black-toe-white-gym-red","Jordan 1 Mid Gym Red Black Toe",1259
2026-07-16T14:28:39.773Z,gid://shopify/Product/15106120450434,"air-jordan-1-mid-bred-shadow-gs","Jordan 1 Mid Bred Shadow (GS)",1297
2026-07-16T14:28:39.773Z,gid://shopify/Product/15106667381122,"air-jordan-1-mid-cherrywood-red-gs","Jordan 1 Mid Cherrywood Red (GS)",1301
2026-07-16T14:28:39.773Z,gid://shopify/Product/15106668724610,"air-jordan-1-mid-crater-black","Jordan 1 Mid Crater Black",1220
2026-07-16T14:28:39.773Z,gid://shopify/Product/15106669412738,"air-jordan-1-mid-denim","Jordan 1 Mid Denim Red",1067
2026-07-16T14:28:39.773Z,gid://shopify/Product/15106673312130,"air-jordan-1-mid-grey-green","Jordan 1 Mid SE Grey Green",871
2026-07-16T14:28:39.773Z,gid://shopify/Product/15106677014914,"air-jordan-1-mid-knicks","Jordan 1 Mid Knicks",1317
2026-07-16T14:30:56.832Z,gid://shopify/Product/15106680095106,"air-jordan-1-mid-multi-patent-w","Jordan 1 Mid Multi Patent (Women's)",942
2026-07-16T14:30:56.833Z,gid://shopify/Product/15106686452098,"air-jordan-1-mid-se-pomegranate-w","Jordan 1 Mid SE Pomegranate (Women's)",1085
2026-07-16T14:30:56.834Z,gid://shopify/Product/15106702573954,"air-jordan-1-mid-se-brushstroke-gs","Jordan 1 Mid SE Brushstroke (GS)",1141
2026-07-16T14:30:56.834Z,gid://shopify/Product/15106705326466,"air-jordan-1-mid-se-industrial-blue","Jordan 1 Mid SE Industrial Blue",1327
2026-07-16T14:30:56.834Z,gid://shopify/Product/15106709586306,"air-jordan-1-mid-signal-blue","Jordan 1 Mid Signal Blue",933
2026-07-16T14:30:56.834Z,gid://shopify/Product/15106727510402,"air-jordan-1-mid-university-gold","Jordan 1 Mid University Gold",1171
2026-07-16T14:30:56.834Z,gid://shopify/Product/15106738389378,"air-jordan-1-retro-high-85-neutral-grey","Jordan 1 Retro High '85 Neutral Grey",1277
2026-07-16T14:30:56.834Z,gid://shopify/Product/15106742714754,"air-jordan-1-retro-high-clay-green","Jordan 1 Retro High Clay Green",1051
2026-07-16T14:30:56.834Z,gid://shopify/Product/15106744451458,"air-jordan-1-retro-high-court-purple-w","Jordan 1 Retro High Court Purple (Women's)",878
2026-07-16T14:30:56.834Z,gid://shopify/Product/15106749432194,"air-jordan-1-retro-high-golf-university-blue","Jordan 1 Retro High Golf University Blue",1189
2026-07-16T14:30:56.834Z,gid://shopify/Product/15106754183554,"air-jordan-1-retro-high-og-a-ma-maniere-ps","Jordan 1 Retro High OG A Ma Maniére (PS)",1249
2026-07-16T14:30:56.834Z,gid://shopify/Product/15106757722498,"air-jordan-1-retro-high-og-gorge-green-white-gs","Jordan 1 Retro High OG Gorge Green (GS)",1156
2026-07-16T14:30:56.834Z,gid://shopify/Product/15106765685122,"air-jordan-1-retro-high-og-sky-j-mauve-gs","Jordan 1 Retro High OG Mauve (GS)",1340
2026-07-16T14:30:56.834Z,gid://shopify/Product/15106775253378,"air-jordan-1-retro-high-og-xuanwu-year-of-the-snake","Jordan 1 Retro High OG Xuanwu Year of the Snake",1439
2026-07-16T14:30:56.834Z,gid://shopify/Product/15106781544834,"air-jordan-1-retro-high-silver-toe-td","Jordan 1 Retro High Silver Toe (TD)",1107
2026-07-16T14:30:56.834Z,gid://shopify/Product/15106799403394,"air-jordan-1-retro-low-85-metallic-black","Jordan 1 Retro Low '85 Metallic Black",1327
2026-07-16T14:30:56.834Z,gid://shopify/Product/15106902360450,"air-jordan-1-retro-low-og-mystic-navy-w","Jordan 1 Retro Low OG Mystic Navy (Women's)",1008
2026-07-16T14:30:56.834Z,gid://shopify/Product/15106907177346,"air-jordan-1-retro-low-se-brown-blue-grey","Jordan 1 Retro Low SE Brown Blue Grey",1481
2026-07-16T14:30:56.834Z,gid://shopify/Product/15106910454146,"air-jordan-10-retro-maya-moore-w","Jordan 10 Retro Maya Moore (Women's)",843
2026-07-16T14:30:56.834Z,gid://shopify/Product/15106913436034,"air-jordan-11-cmft-low-black-white","Jordan 11 CMFT Low Black White",1170
2026-07-16T14:30:56.834Z,gid://shopify/Product/15106918908290,"air-jordan-11-retro-crib-bootie-dmp-defining-moments-2023-i","Jordan 11 Retro Crib Bootie DMP Gratitude (2023) (I)",1114
2026-07-16T14:30:56.834Z,gid://shopify/Product/15106922414466,"air-jordan-11-retro-low-cement-grey-td","Jordan 11 Retro Low Cement Grey (TD)",1360
2026-07-16T14:30:56.834Z,gid://shopify/Product/15106926346626,"air-jordan-11-retro-low-legend-blue","Jordan 11 Retro Low Legend Blue",1125
2026-07-16T14:30:56.834Z,gid://shopify/Product/15106936734082,"air-jordan-11-retro-platinum-tint","Jordan 11 Retro Platinum Tint",878
2026-07-16T14:30:56.834Z,gid://shopify/Product/15106942402946,"air-jordan-12-retro-low-golf-laser-game-royal","Jordan 12 Retro Low Golf NRG P22 Laser Game Royal",1237
2026-07-16T14:30:56.834Z,gid://shopify/Product/15106944401794,"air-jordan-12-retro-royalty-taxi","Jordan 12 Retro Royalty Taxi",1033
2026-07-16T14:30:56.834Z,gid://shopify/Product/15106945646978,"air-jordan-13-retro-blue-grey","Jordan 13 Retro Blue Grey",1429
2026-07-16T14:30:56.834Z,gid://shopify/Product/15106946793858,"air-jordan-13-retro-french-blue","Jordan 13 Retro French Blue",919
2026-07-16T14:30:56.834Z,gid://shopify/Product/15106947678594,"air-jordan-13-retro-midnight-navy","Jordan 13 Retro Midnight Navy",1376
2026-07-16T14:30:56.834Z,gid://shopify/Product/15106948530562,"air-jordan-13-retro-white-obsidian-powder-blue","Jordan 13 Retro Obsidian Powder Blue White",1038
2026-07-16T14:30:56.834Z,gid://shopify/Product/15106949841282,"air-jordan-17-retro-all-star-lightning-2024","Jordan 17 Retro Low All-Star Lightning (2024)",1408
2026-07-16T14:30:56.834Z,gid://shopify/Product/15106951184770,"air-jordan-2-retro-italy","Jordan 2 Retro Origins",1398
2026-07-16T14:30:56.834Z,gid://shopify/Product/15106953511298,"air-jordan-2-retro-low-python","Jordan 2 Retro Low Python",1669
2026-07-16T14:30:56.834Z,gid://shopify/Product/15106954887554,"air-jordan-2-retro-low-unc-to-chicago-w","Jordan 2 Retro Low NC to Chi (Women's)",1109
2026-07-16T14:30:56.834Z,gid://shopify/Product/15106961310082,"air-jordan-3-retro-black-cement-2024-ps","Jordan 3 Retro Black Cement (2024) (PS)",1322
2026-07-16T14:30:56.834Z,gid://shopify/Product/15106963636610,"air-jordan-3-retro-dark-iris-gs","Jordan 3 Retro Dark Iris (GS)",1032
2026-07-16T14:30:56.834Z,gid://shopify/Product/15106971468162,"air-jordan-3-retro-green-glow-gs","Jordan 3 Retro Green Glow (GS)",1262
2026-07-16T14:30:56.834Z,gid://shopify/Product/15106974024066,"air-jordan-3-retro-og-rare-air","Jordan 3 Retro OG Rare Air",1372
2026-07-16T14:30:56.834Z,gid://shopify/Product/15106976219522,"air-jordan-3-retro-tex-dark-driftwood-womens","Jordan 3 Retro WNBA Desert Camo (Women's)",1506
2026-07-16T14:30:56.834Z,gid://shopify/Product/15106981265794,"air-jordan-3-retro-white-cement-reimagined-td","Jordan 3 Retro White Cement Reimagined (TD)",1421
2026-07-16T14:32:39.574Z,gid://shopify/Product/15106989588866,"air-jordan-4-retro-black-canvas-gs","Jordan 4 Retro Black Canvas (GS)",977
2026-07-16T14:32:39.577Z,gid://shopify/Product/15106992374146,"air-jordan-4-retro-bloodline-td","Jordan 4 Retro Infrared (TD)",939
2026-07-16T14:32:39.577Z,gid://shopify/Product/15106994798978,"air-jordan-4-retro-bred-reimagined-td","Jordan 4 Retro Bred Reimagined (TD)",1121
2026-07-16T14:32:39.577Z,gid://shopify/Product/15106998272386,"air-jordan-4-retro-fear-2024-gs","Jordan 4 Retro Fear (2024) (GS)",1047
2026-07-16T14:32:39.577Z,gid://shopify/Product/15107000500610,"air-jordan-4-retro-fire-red-2020-gs","Jordan 4 Retro Fire Red (2020) (GS)",863
2026-07-16T14:32:39.577Z,gid://shopify/Product/15107002794370,"air-jordan-4-retro-forget-me-not","Jordan 4 Retro Forget Me Not (Women's)",923
2026-07-16T14:32:39.577Z,gid://shopify/Product/15107004989826,"air-jordan-4-retro-golf-seersucker","Jordan 4 Retro Golf NRG Seersucker",1236
2026-07-16T14:32:39.577Z,gid://shopify/Product/15107007119746,"air-jordan-4-retro-infrared-ps","Jordan 4 Retro Infrared (PS)",806
2026-07-16T14:32:39.577Z,gid://shopify/Product/15107008758146,"air-jordan-4-retro-levis-black-blank-tag","Jordan 4 Retro Levi's Black (Blank Tag)",1003
2026-07-16T14:32:39.577Z,gid://shopify/Product/15107010265474,"air-jordan-4-retro-levis-white-blank-tag","Jordan 4 Retro Levi's White (Blank Tag)",994
2026-07-16T14:32:39.577Z,gid://shopify/Product/15107012362626,"air-jordan-4-retro-messy-room-gs","Jordan 4 Retro Messy Room (GS)",1041
2026-07-16T14:32:39.578Z,gid://shopify/Product/15107014590850,"air-jordan-4-retro-midnight-navy-ps","Jordan 4 Retro Midnight Navy (PS)",1064
2026-07-16T14:32:39.578Z,gid://shopify/Product/15107018588546,"air-jordan-4-retro-motorsports-alternate","Jordan 4 Retro Motorsports Alternate",940
2026-07-16T14:32:39.578Z,gid://shopify/Product/15107021242754,"air-jordan-4-retro-off-white-sail-w","Jordan 4 Retro Off-White Sail (Women's)",1008
2026-07-16T14:32:39.578Z,gid://shopify/Product/15107026223490,"air-jordan-4-retro-psg-paris-saint-germain-gs","Jordan 4 Retro PSG Paris Saint-Germain (GS)",1022
2026-07-16T14:32:39.578Z,gid://shopify/Product/15107030352258,"air-jordan-4-retro-red-cement-ps","Jordan 4 Retro Red Cement (PS)",1270
2026-07-16T14:32:39.578Z,gid://shopify/Product/15107034612098,"air-jordan-4-retro-sb-varsity-red","Jordan 4 Retro SB Varsity Red",864
2026-07-16T14:32:39.578Z,gid://shopify/Product/15107051258242,"air-jordan-4-retro-se-neon-gs","Jordan 4 Retro SE 95 Neon (GS)",947
2026-07-16T14:32:39.578Z,gid://shopify/Product/15107053388162,"air-jordan-4-retro-silt-red-w","Jordan 4 Retro Silt Red Splatter (Women's)",818
2026-07-16T14:32:39.578Z,gid://shopify/Product/15107054633346,"air-jordan-4-retro-taupe-haze","Jordan 4 Retro Taupe Haze",1070
2026-07-16T14:32:39.578Z,gid://shopify/Product/15107056468354,"air-jordan-4-retro-travis-scott-cactus-jack","Jordan 4 Retro Travis Scott Cactus Jack",975
2026-07-16T14:32:39.578Z,gid://shopify/Product/15107059253634,"air-jordan-4-retro-university-blue-ps","Jordan 4 Retro University Blue (PS)",991
2026-07-16T14:32:39.578Z,gid://shopify/Product/15107060695426,"air-jordan-4-retro-wheat","Jordan 4 Retro Ginger Wheat",858
2026-07-16T14:32:39.578Z,gid://shopify/Product/15107061449090,"air-jordan-4-retro-white-cement-2025","Jordan 4 Retro White Cement (2025)",996
2026-07-16T14:32:39.578Z,gid://shopify/Product/15107062694274,"air-jordan-4-retro-white-oreo-2021-td","Jordan 4 Retro White Oreo (2021) (TD)",987
2026-07-16T14:32:39.578Z,gid://shopify/Product/15107063873922,"air-jordan-4-rm-black-cat","Jordan 4 RM Black Cat",1063
2026-07-16T14:32:39.579Z,gid://shopify/Product/15107065217410,"air-jordan-4-rm-canyon-rust","Jordan 4 RM Canyon Rust",1145
2026-07-16T14:32:39.579Z,gid://shopify/Product/15107068428674,"air-jordan-4-rm-white-legend-blue","Jordan 4 RM White Legend Blue",895
2026-07-16T14:32:39.579Z,gid://shopify/Product/15107070755202,"air-jordan-5-retro-alternate-bel-air-ps","Jordan 5 Retro Alternate Bel-Air (PS)",919
2026-07-16T14:32:39.579Z,gid://shopify/Product/15107072262530,"air-jordan-5-retro-awake-ny-arctic-pink","Jordan 5 Retro Awake NY Arctic Pink",1383
2026-07-16T14:32:39.579Z,gid://shopify/Product/15107074490754,"air-jordan-5-retro-concord","Jordan 5 Retro Dark Concord",960
2026-07-16T14:32:39.579Z,gid://shopify/Product/15107075637634,"air-jordan-5-retro-dj-khaled-we-the-best-crimson-bliss-td","Jordan 5 Retro DJ Khaled We The Best Crimson Bliss (TD)",1178
2026-07-16T14:32:39.579Z,gid://shopify/Product/15107077341570,"air-jordan-5-retro-fire-red-black-tongue-2025","Jordan 5 Retro Fire Red Black Tongue (2025)",1097
2026-07-16T14:32:39.579Z,gid://shopify/Product/15107079274882,"air-jordan-5-retro-georgetown-gs","Jordan 5 Retro Georgetown (GS)",1217
2026-07-16T14:32:39.579Z,gid://shopify/Product/15107081830786,"air-jordan-5-retro-green-bean-2022-gs","Jordan 5 Retro Green Bean (2022) (GS)",879
2026-07-16T14:32:39.579Z,gid://shopify/Product/15107083174274,"air-jordan-5-retro-jade-horizon","Jordan 5 Retro Jade Horizon",935
2026-07-16T14:32:39.579Z,gid://shopify/Product/15107084484994,"air-jordan-5-retro-low-class-of-2020-2021","Jordan 5 Retro Low Wings",799
2026-07-16T14:32:39.579Z,gid://shopify/Product/15107085533570,"air-jordan-5-retro-low-golf-black-metallic","Air Jordan 5 Retro Low Golf Black Metallic",1059
2026-07-16T14:32:39.579Z,gid://shopify/Product/15107086778754,"air-jordan-5-retro-low-psg-2022","Jordan 5 Retro Low PSG (2022)",929
2026-07-16T14:32:39.579Z,gid://shopify/Product/15107088220546,"air-jordan-5-retro-moonlight-2021-ps","Jordan 5 Retro Moonlight (2021) (PS)",967
2026-07-16T14:34:41.648Z,gid://shopify/Product/15107088974210,"air-jordan-5-retro-off-white-sail-td","Jordan 5 Retro Off-White Sail (TD)",930
2026-07-16T14:34:41.651Z,gid://shopify/Product/15107090645378,"air-jordan-5-retro-premium-wine","Jordan 5 Retro Premium Wine",861
2026-07-16T14:34:41.651Z,gid://shopify/Product/15107091366274,"air-jordan-5-retro-raging-bulls-red-2021-gs","Jordan 5 Retro Raging Bull Red (2021) (GS)",956
2026-07-16T14:34:41.651Z,gid://shopify/Product/15107092251010,"air-jordan-5-retro-reverse-metallic-gs","Jordan 5 Retro Reverse Metallic (GS)",997
2026-07-16T14:34:41.651Z,gid://shopify/Product/15107093561730,"air-jordan-5-retro-se-sail","Jordan 5 Retro SE Sail",1079
2026-07-16T14:34:41.651Z,gid://shopify/Product/15107094905218,"air-jordan-5-retro-top-3","Jordan 5 Retro Top 3",878
2026-07-16T14:34:41.651Z,gid://shopify/Product/15107096084866,"air-jordan-5-retro-white-cement","Jordan 5 Retro White Cement",1016
2026-07-16T14:34:41.651Z,gid://shopify/Product/15107097559426,"air-jordan-5-retro-white-stealth-2021-ps","Jordan 5 Retro White Stealth (2021) (PS)",1110
2026-07-16T14:34:41.651Z,gid://shopify/Product/15107099885954,"air-jordan-6-retro-aleali-may-w","Jordan 6 Retro Aleali May (Women's)",716
2026-07-16T14:34:41.651Z,gid://shopify/Product/15107100934530,"air-jordan-6-retro-aqua","Jordan 6 Retro Aqua",932
2026-07-16T14:34:41.651Z,gid://shopify/Product/15107102212482,"air-jordan-6-retro-black-infrared-2019-td","Jordan 6 Retro Black Infrared (2019) (TD)",986
2026-07-16T14:34:41.651Z,gid://shopify/Product/15107102966146,"air-jordan-6-retro-carmine-2020-gs","Jordan 6 Retro Carmine (2021) (GS)",1094
2026-07-16T14:34:41.651Z,gid://shopify/Product/15107103785346,"air-jordan-6-retro-chrome-metallic-silver-ps","Jordan 6 Retro Chrome (PS)",1042
2026-07-16T14:34:41.652Z,gid://shopify/Product/15107104571778,"air-jordan-6-retro-cow-fur","Jordan 6 Retro Social Status",713
2026-07-16T14:34:41.652Z,gid://shopify/Product/15107106275714,"air-jordan-6-retro-electric-green","Jordan 6 Retro Electric Green",862
2026-07-16T14:34:41.652Z,gid://shopify/Product/15107107062146,"air-jordan-6-retro-gatorade-like-mike-white","Jordan 6 Retro Gatorade Like Mike White",897
2026-07-16T14:34:41.652Z,gid://shopify/Product/15107108209026,"air-jordan-6-retro-hare","Jordan 6 Retro Hare",952
2026-07-16T14:34:41.652Z,gid://shopify/Product/15107110011266,"air-jordan-6-retro-low-golf-nrg-bordeaux","Jordan 6 Retro Low Golf NRG Bordeaux",1167
2026-07-16T14:34:41.652Z,gid://shopify/Product/15107111125378,"air-jordan-6-retro-low-psg-2023","Jordan 6 Retro Low PSG (2023)",934
2026-07-16T14:34:41.652Z,gid://shopify/Product/15107112927618,"air-jordan-6-retro-mint-foam-w","Jordan 6 Retro Mint Foam (Women's)",954
2026-07-16T14:34:41.652Z,gid://shopify/Product/15107115057538,"air-jordan-6-retro-psg-paris-saint-germain","Jordan 6 Retro PSG Paris Saint-Germain",897
2026-07-16T14:34:41.652Z,gid://shopify/Product/15107116106114,"air-jordan-6-retro-red-oreo-gs","Jordan 6 Retro Red Oreo (GS)",855
2026-07-16T14:34:41.652Z,gid://shopify/Product/15107117318530,"air-jordan-6-retro-tinker","Jordan 6 Retro Tinker",921
2026-07-16T14:34:41.652Z,gid://shopify/Product/15107119186306,"air-jordan-6-retro-travis-scott-british-khaki-ps","Jordan 6 Retro Travis Scott British Khaki (PS)",1073
2026-07-16T14:34:41.652Z,gid://shopify/Product/15107120005506,"air-jordan-6-retro-unc-2022-td","Jordan 6 Retro UNC (2022) (TD)",1064
2026-07-16T14:34:41.652Z,gid://shopify/Product/15107122495874,"air-jordan-6-retro-washed-denim-2022-gs","Jordan 6 Retro Washed Denim (2022) (GS)",1136
2026-07-16T14:34:41.652Z,gid://shopify/Product/15107213951362,"air-jordan-6-rings-defining-moments","Jordan 6 Rings Defining Moments",976
2026-07-16T14:34:41.652Z,gid://shopify/Product/15107218080130,"air-jordan-6-rings-sport-blue","Jordan 6 Rings Sport Blue",1186
2026-07-16T14:34:41.652Z,gid://shopify/Product/15107222012290,"air-jordan-6-rings-winterized-black","Jordan 6 Rings Winterized Black (2019)",1391
2026-07-16T14:34:41.652Z,gid://shopify/Product/15107223224706,"air-jordan-8-retro-playoffs-2023","Jordan 8 Retro Playoffs (2023)",925
2026-07-16T14:34:41.652Z,gid://shopify/Product/15107224437122,"air-jordan-9-retro-cool-grey-gs","Jordan 9 Retro Cool Grey (2025) (GS)",1018
2026-07-16T14:34:41.652Z,gid://shopify/Product/15107225518466,"air-jordan-9-retro-olive-2024-gs","Jordan 9 Retro Olive (2024) (GS)",1161
2026-07-16T14:34:41.652Z,gid://shopify/Product/15107228238210,"air-jordan-adg-5-white-metallic-silver-blue-tint-fire-red","Jordan ADG 5 White Metallic Silver Blue Tint Fire Red (Wide)",893
2026-07-16T14:34:41.652Z,gid://shopify/Product/15107232334210,"air-jordan-hydro-11-bred-white","Jordan Hydro 11 Bred White",1003
2026-07-16T14:34:41.652Z,gid://shopify/Product/15107235119490,"air-jordan-hydro-6-black-white-wolf-grey","Jordan Hydro 6 Black/White/Wolf Grey",1068
2026-07-16T14:34:41.652Z,gid://shopify/Product/15107237609858,"air-jordan-jumpman-jack-tr-travis-scott-university-red","Jordan Jumpman Jack TR Travis Scott University Red",1183
2026-07-16T14:34:41.652Z,gid://shopify/Product/15107240165762,"air-jordan-legacy-312-low-psg-paris-saint-germain","Jordan Legacy 312 Low PSG Paris Saint-Germain",1047
2026-07-16T14:34:41.652Z,gid://shopify/Product/15107242033538,"air-jordan-luka-1-racer-blue","Jordan Luka 1 Racer Blue",863
2026-07-16T14:34:41.652Z,gid://shopify/Product/15107249340802,"air-jordan-mvp-black-dark-grey","Jordan MVP Black Dark Grey",1233
2026-07-16T14:34:41.652Z,gid://shopify/Product/15107256123778,"air-jordan-series-mid-maison-chateau-rouge-sail","Jordan Series Mid Maison Chateau Rouge Sail",948
2026-07-16T14:36:22.414Z,gid://shopify/Product/15107257008514,"air-jordan-spizike-low-cool-grey-anthracite","Jordan Spizike Low Cool Grey Anthracite",1016
2026-07-16T14:36:22.418Z,gid://shopify/Product/15107258057090,"air-jordan-spizike-low-team-red","Jordan Spizike Low Team Red",1034
2026-07-16T14:36:22.418Z,gid://shopify/Product/15107263299970,"air-jordan-why-not-zer04-graffiti","Jordan Why Not Zer0.4 Graffiti",1016
2026-07-16T14:36:22.419Z,gid://shopify/Product/15107275194754,"air-jordan-6-rings-atmosphere-gs","Jordan 6 Rings Atmosphere (GS)",1049
2026-07-16T14:36:22.419Z,gid://shopify/Product/15107277586818,"air-jordan-6-rings-carmine-white","Jordan 6 Rings Carmine White",1102
2026-07-16T14:36:22.419Z,gid://shopify/Product/15108215243138,"air-jordan-why-not-zer04-upbringing","Jordan Why Not Zer0.4 Upbringing",956
2026-07-16T14:36:22.419Z,gid://shopify/Product/15108218847618,"air-jordan-xxxiv-black-digital-pink","Jordan XXXIV Chinese New Year",957
2026-07-16T14:36:22.419Z,gid://shopify/Product/15108220682626,"air-jordan-xxxiv-low-black-vapor-green-bleached-coral","Jordan XXXIV Low Black Vapor Green Bleached Coral",963
2026-07-16T14:36:22.419Z,gid://shopify/Product/15108223172994,"air-jordan-xxxiv-white-metallic-silver","Jordan XXXIV White Metallic Silver",1016
2026-07-16T14:36:22.419Z,gid://shopify/Product/15108224450946,"air-jordan-xxxv-center-of-gravity","Jordan XXXV Center of Gravity",944
2026-07-16T14:36:22.419Z,gid://shopify/Product/15108227170690,"air-jordan-xxxv-jayson-tatum-women-in-power-pe","Jordan XXXV Jayson Tatum Women in Power PE",982
2026-07-16T14:36:22.419Z,gid://shopify/Product/15108229038466,"air-jordan-xxxv-sisterhood","Jordan XXXV Sisterhood",1049
2026-07-16T14:36:22.419Z,gid://shopify/Product/15108233757058,"anta-kai-hela-white","Anta Kai Hélà White",880
2026-07-16T14:36:22.419Z,gid://shopify/Product/15108243194242,"balenciaga-x-adidas-stan-smith-worn-out-white-green","Balenciaga x adidas Stan Smith Worn-Out White Green",1017
2026-07-16T14:36:22.419Z,gid://shopify/Product/15108251124098,"bape-space-camo-shark-full-zip-double-hoodie-white-multi","BAPE Space Camo Shark Full Zip Double Hoodie White Multi",891
2026-07-16T14:36:22.419Z,gid://shopify/Product/15108253876610,"bearbrick-michael-jordan-1991-world-champion-100-400-set","Bearbrick Michael Jordan 1991 World Champion 100% & 400% Set",869
2026-07-16T14:36:22.419Z,gid://shopify/Product/15108262986114,"birkenstock-boston-soft-footbed-suede-taupe-narrow-fit","Birkenstock Boston Soft Footbed Suede Taupe (Narrow Fit)",910
2026-07-16T14:36:22.419Z,gid://shopify/Product/15108268949890,"cactus-plant-flea-market-cpfm-reflective-anorak-matte-silver","Cactus Plant Flea Market CPFM x Nike Reflective Anorak Matte Silver",896
2026-07-16T14:36:22.420Z,gid://shopify/Product/15108277731714,"converse-chuck-taylor-all-star-70s-hi-off-white","Converse Chuck Taylor All Star 70 Hi Off-White",997
2026-07-16T14:36:22.420Z,gid://shopify/Product/15108289986946,"crocs-off-court-clog-toy-story-pizza-planet","Crocs Off Court Clog Toy Story Pizza Planet",840
2026-07-16T14:36:22.420Z,gid://shopify/Product/15108291887490,"crocs-sasuke-classic-clog-blue-purple","Crocs Classic Clog Naruto Sasuke",919
2026-07-16T14:36:22.420Z,gid://shopify/Product/15108295623042,"dr-martens-1460-quad-leather-platform-boot-rick-owens","Dr. Martens 1460 Quad Leather Platform Boot Rick Owens",932
2026-07-16T14:36:22.420Z,gid://shopify/Product/15108316627330,"funko-pop-basketball-chicago-bulls-michael-jordan-with-slabbed-case-upper-deck-exclusive-figure-126","Funko Pop! Basketball Chicago Bulls Michael Jordan with Slabbed Case Upper Deck Exclusive Figure #126",860
2026-07-16T14:36:22.420Z,gid://shopify/Product/15108317544834,"funko-pop-basketball-nba-bulls-michael-jordan-bronze-foot-locker-exclusive-figure-54","Funko Pop! Basketball NBA Bulls Michael Jordan (Bronze) Foot Locker Exclusive Figure #54",764
2026-07-16T14:36:22.420Z,gid://shopify/Product/15108323672450,"gucci-cotton-jersey-hooded-sweatshirt-off-white","Gucci Cotton Jersey Hooded Sweatshirt Off White",976
2026-07-16T14:36:22.420Z,gid://shopify/Product/15108325835138,"gucci-pursuit-pool-slides-white","Gucci Pursuit Pool Slides White",857
2026-07-16T14:36:22.420Z,gid://shopify/Product/15108332093826,"jordan-1-retro-cyber-monday","Jordan 1 Retro Cyber Monday (2015)",1001
2026-07-16T14:36:22.421Z,gid://shopify/Product/15108342710658,"jordan-10-retro-chicago-bulls-2012","Jordan 10 Retro Chicago Bulls (2012)",995
2026-07-16T14:36:22.421Z,gid://shopify/Product/15108344709506,"jordan-10-retro-drake-ovo-white","Jordan 10 Retro Drake OVO White",1003
2026-07-16T14:36:22.421Z,gid://shopify/Product/15108347003266,"jordan-10-retro-powder-2014","Jordan 10 Retro Powder (2014)",905
2026-07-16T14:36:22.421Z,gid://shopify/Product/15108350280066,"jordan-11-retro-72-10","Jordan 11 Retro 72-10",1037
2026-07-16T14:36:22.421Z,gid://shopify/Product/15108351623554,"jordan-11-retro-low-bred","Jordan 11 Retro Low Bred (2015)",1032
2026-07-16T14:36:22.421Z,gid://shopify/Product/15108353032578,"jordan-11-retro-low-green-snakeskin","Jordan 11 Retro Low Green Snakeskin",1032
2026-07-16T14:36:22.421Z,gid://shopify/Product/15108354670978,"jordan-11-retro-space-jams-2016","Jordan 11 Retro Space Jam (2016)",1040
2026-07-16T14:36:22.421Z,gid://shopify/Product/15108356145538,"jordan-1pt5-retro-chicago-2015","Jordan 1.5 Retro Chicago (2015)",1097
2026-07-16T14:36:22.421Z,gid://shopify/Product/15108358635906,"jordan-4-retro-30th-anniversary-laser","Jordan 4 Retro 30th Anniversary Laser",1008
2026-07-16T14:36:22.421Z,gid://shopify/Product/15108360667522,"jordan-4-retro-cool-grey","Jordan 4 Retro Cool Grey (2004)",1091
2026-07-16T14:36:22.421Z,gid://shopify/Product/15108362600834,"jordan-4-retro-fire-red-mars-blackmon","Jordan 4 Retro Fire Red Mars Blackmon",1017
2026-07-16T14:36:22.422Z,gid://shopify/Product/15108364665218,"jordan-4-retro-oreo-2015","Jordan 4 Retro Oreo (2015)",1054
2026-07-16T14:36:22.422Z,gid://shopify/Product/15108367122818,"jordan-4-retro-teal-gs","Jordan 4 Retro Teal (GS)",1028
2026-07-16T14:38:09.160Z,gid://shopify/Product/15108368269698,"jordan-4-retro-white-cement-2016-gs","Jordan 4 Retro White Cement (2016) (GS)",1043
2026-07-16T14:38:09.164Z,gid://shopify/Product/15108369842562,"jordan-5-retro-black-grape","Jordan 5 Retro Black Grape (2013)",950
2026-07-16T14:38:09.164Z,gid://shopify/Product/15108371415426,"jordan-5-retro-dmp-raging-bull-red-suede","Jordan 5 Retro DMP Raging Bull Red Suede",851
2026-07-16T14:38:09.164Z,gid://shopify/Product/15108373152130,"jordan-5-retro-grape-2006","Jordan 5 Retro Grape (2006)",1008
2026-07-16T14:38:09.164Z,gid://shopify/Product/15108375216514,"jordan-5-retro-low-chinese-new-year","Jordan 5 Retro Low Chinese New Year",1118
2026-07-16T14:38:09.164Z,gid://shopify/Product/15108376756610,"jordan-5-retro-olympic-2016","Jordan 5 Retro Olympic (2016)",879
2026-07-16T14:38:09.165Z,gid://shopify/Product/15108379148674,"jordan-5-retro-supreme-desert-camo","Jordan 5 Retro Supreme Desert Camo",906
2026-07-16T14:38:09.165Z,gid://shopify/Product/15108382359938,"jordan-6-retro-carmine-2014-gs","Jordan 6 Retro Carmine (2014) (GS)",778
2026-07-16T14:38:09.165Z,gid://shopify/Product/15108386685314,"jordan-6-retro-infrared-23-toro","Jordan 6 Retro Infrared 23 (Toro)",926
2026-07-16T14:38:09.165Z,gid://shopify/Product/15108389634434,"jordan-6-retro-low-chrome-2015","Jordan 6 Retro Low Chrome (2015)",908
2026-07-16T14:38:09.165Z,gid://shopify/Product/15108392255874,"jordan-6-retro-olympic-flag-beijing","Jordan 6 Retro Olympic Flag Beijing",988
2026-07-16T14:38:09.165Z,gid://shopify/Product/15108395827586,"jordan-8-retro-aqua-2015-gs","Jordan 8 Retro Aqua (2015) (GS)",1023
2026-07-16T14:38:09.165Z,gid://shopify/Product/15109140545922,"jordan-monogram-duffle-bag-40l-dark-smoke-grey","Jordan Monogram Duffle Bag (40L) Dark Smoke Grey",953
2026-07-16T14:38:09.165Z,gid://shopify/Product/15109144871298,"jordan-x-dj-khaled-t-shirt-phantom","Jordan x DJ Khaled T-Shirt Phantom",954
2026-07-16T14:38:09.165Z,gid://shopify/Product/15109150015874,"juice-wrld-x-vlone-butterfly-t-shirt-white","Juice Wrld x Vlone Butterfly T-Shirt White",707
2026-07-16T14:38:09.165Z,gid://shopify/Product/15109154177410,"kaws-x-uniqlo-longsleeve-sweatshirt-youth-off-white","KAWS x Uniqlo Kids Longsleeve Sweatshirt (US Sizing) Off White",683
2026-07-16T14:38:09.165Z,gid://shopify/Product/15109155127682,"kaws-young-hee-vinyl-figure-colored","KAWS Young-Hee Vinyl Figure Colored",772
2026-07-16T14:38:09.165Z,gid://shopify/Product/15109159813506,"kith-quinn-tee-light-indigo","Kith Quinn Tee Light Indigo",695
2026-07-16T14:38:09.165Z,gid://shopify/Product/15109164204418,"kith-x-bmw-ansel-quarter-zip-sweater-sandrift","Kith x BMW Ansel Quarter Zip Sweater Sandrift",784
2026-07-16T14:38:09.165Z,gid://shopify/Product/15109171609986,"kobe-10-elite-christmas","Nike Kobe 10 Elite Christmas",922
2026-07-16T14:38:09.165Z,gid://shopify/Product/15109174198658,"kobe-10-elite-low-opening-night","Nike Kobe 10 Elite Low Opening Night",906
2026-07-16T14:38:09.165Z,gid://shopify/Product/15109180752258,"lebron-x-ext-black-suede","Nike LeBron X EXT Black Suede",893
2026-07-16T14:38:09.165Z,gid://shopify/Product/15109186388354,"lego-creator-bookshop-set-10270","LEGO Creator Bookshop Set 10270",581
2026-07-16T14:38:09.165Z,gid://shopify/Product/15109188714882,"lego-eiffel-tower-set-10307","LEGO Eiffel Tower Set 10307",782
2026-07-16T14:38:09.165Z,gid://shopify/Product/15109189796226,"lego-icons-lamborghini-countach-5000-quattrovalvole-set-10337","LEGO Icons Lamborghini Countach 5000 Quattrovalvole Set 10337",1100
2026-07-16T14:38:09.165Z,gid://shopify/Product/15109190680962,"lego-marvel-super-heroes-spider-man-daily-bugle-showdown-set-76005","LEGO Marvel Super Heroes Spider-Man: Daily Bugle Showdown Set 76005",666
2026-07-16T14:38:09.166Z,gid://shopify/Product/15109191401858,"lego-star-wars-captain-rexs-at-te-set-75157","LEGO Star Wars Captain Rex's AT-TE Set 75157",825
2026-07-16T14:38:09.166Z,gid://shopify/Product/15109192286594,"lego-technic-mercedes-amg-f1-w14-e-performance-set-42171","LEGO Technic Mercedes-AMG F1 W14 E Performance Set 42171",893
2026-07-16T14:38:09.166Z,gid://shopify/Product/15109192909186,"li-ning-way-of-wade-shadow-6-miami-night","Li-Ning Way Of Wade Shadow 6 Miami Night",954
2026-07-16T14:38:09.166Z,gid://shopify/Product/15109193990530,"lululemon-everywhere-belt-bag-crossbody-bag-black","Lululemon Everywhere Belt Bag Crossbody Bag Black",855
2026-07-16T14:38:09.166Z,gid://shopify/Product/15109194482050,"maison-mihara-yasuhiro-peterson-23-og-sole-canvas-low-black-black","Maison Mihara Yasuhiro Peterson 23 OG Sole Canvas Low Black Black",1160
2026-07-16T14:38:09.166Z,gid://shopify/Product/15109195530626,"medicom-mafex-nba-chicago-bulls-michael-jordan-figure","Medicom Mafex NBA Chicago Bulls Michael Jordan Action Figure",725
2026-07-16T14:38:09.166Z,gid://shopify/Product/15109196120450,"microsoft-xbox-series-x-series-s-controller-qas-00001-robot-white","Microsoft Xbox Series X/Series S Controller QAS-00001 Robot White",838
2026-07-16T14:38:09.166Z,gid://shopify/Product/15109197234562,"mihara-yasuhiro-peterson-og-sole-canvas-high-black","Maison Mihara Yasuhiro Peterson OG Sole Canvas High Black",1167
2026-07-16T14:38:09.166Z,gid://shopify/Product/15109198184834,"new-balance-1000-dark-olivine-magnet","New Balance 1000 Dark Olivine Magnet",1211
2026-07-16T14:38:09.166Z,gid://shopify/Product/15109199626626,"new-balance-1000-reflective-black-multi-color","New Balance 1000 Reflective Black Multi-Color",1186
2026-07-16T14:38:09.166Z,gid://shopify/Product/15109200183682,"new-balance-1906a-concrete-silver-metallic","New Balance 1906A Concrete Silver Metallic",1193
2026-07-16T14:38:09.166Z,gid://shopify/Product/15109200904578,"new-balance-1906d-protection-pack-black-leather","New Balance 1906D Protection Pack Black Leather",1158
2026-07-16T14:38:09.166Z,gid://shopify/Product/15109201854850,"new-balance-1906l-blacktop-phantom","New Balance 1906L Blacktop Phantom",1195
2026-07-16T14:38:09.166Z,gid://shopify/Product/15109202379138,"new-balance-1906r-action-bronson-rosewater","New Balance 1906R Action Bronson Rosewater",1219
2026-07-16T14:40:03.274Z,gid://shopify/Product/15109203001730,"new-balance-1906r-blue-moonbeam","New Balance 1906R Blue Moonbeam",1198
2026-07-16T14:40:03.277Z,gid://shopify/Product/15109203427714,"new-balance-1906r-harbor-grey","New Balance 1906R Harbor Grey",1252
2026-07-16T14:40:03.277Z,gid://shopify/Product/15109203886466,"new-balance-1906r-mindful-grey","New Balance 1906R Mindful Grey",1315
2026-07-16T14:40:03.277Z,gid://shopify/Product/15109205066114,"new-balance-1906r-the-basement-silver","New Balance 1906R The Basement Day Chrome",1120
2026-07-16T14:40:03.277Z,gid://shopify/Product/15109206016386,"new-balance-2002r-black-dark-grey-white","New Balance 2002R Black Dark Grey White",907
2026-07-16T14:40:03.277Z,gid://shopify/Product/15109206573442,"new-balance-2002r-eclipse-raincloud","New Balance 2002R Eclipse Raincloud",1356
2026-07-16T14:40:03.278Z,gid://shopify/Product/15109207261570,"new-balance-2002r-linen","New Balance 2002R Linen",1385
2026-07-16T14:40:03.278Z,gid://shopify/Product/15109208080770,"new-balance-2002r-navy-eclipse","New Balance 2002R Eclipse Navy",1108
2026-07-16T14:40:03.278Z,gid://shopify/Product/15109209129346,"new-balance-2002r-protection-pack-black-grey","New Balance 2002R Protection Pack Black Grey",1150
2026-07-16T14:40:03.278Z,gid://shopify/Product/15109209457026,"new-balance-2002r-protection-pack-high-desert","New Balance 2002R Protection Pack High Desert",1091
2026-07-16T14:40:03.278Z,gid://shopify/Product/15109210079618,"new-balance-2002r-sandstone","New Balance 2002R Sandstone",1272
2026-07-16T14:40:03.278Z,gid://shopify/Product/15109210767746,"new-balance-327-black-leopard-w","New Balance 327 Black Leopard (Women's)",1259
2026-07-16T14:40:03.278Z,gid://shopify/Product/15109211193730,"new-balance-327-marsh-green","New Balance 327 Marsh Green",1299
2026-07-16T14:40:03.278Z,gid://shopify/Product/15109211718018,"new-balance-327-sea-salt-black-w","New Balance 327 Sea Salt Black (Women's)",1000
2026-07-16T14:40:03.278Z,gid://shopify/Product/15109212930434,"new-balance-480-castlerock-rain-cloud","New Balance 480 Castlerock Rain Cloud",1317
2026-07-16T14:40:03.278Z,gid://shopify/Product/15109215224194,"new-balance-530-grey-matter-silver-metallic","New Balance 530 Grey Matter Silver Metallic",1229
2026-07-16T14:40:03.278Z,gid://shopify/Product/15109218566530,"new-balance-530-raincloud","New Balance 530 Raincloud",1241
2026-07-16T14:40:03.278Z,gid://shopify/Product/15109227839874,"new-balance-530-silver-metallic-polka-dots","New Balance 530 Silver Metallic Polka Dots",1145
2026-07-16T14:40:03.278Z,gid://shopify/Product/15109229412738,"new-balance-530-white-light-gold-metallic","New Balance 530 White Light Gold Metallic",1268
2026-07-16T14:40:03.278Z,gid://shopify/Product/15109231772034,"new-balance-530-white-twilight-haze","New Balance 530 White Twilight Haze",1358
2026-07-16T14:40:03.278Z,gid://shopify/Product/15109235016066,"new-balance-550-sea-salt-linen-womens","New Balance 550 Sea Salt Linen (Women's)",1195
2026-07-16T14:40:03.279Z,gid://shopify/Product/15109236982146,"new-balance-550-terracotta","New Balance 550 Terracotta",1329
2026-07-16T14:40:03.279Z,gid://shopify/Product/15109238718850,"new-balance-550-vintage-pack-concrete","New Balance 550 Vintage Pack Concrete",1078
2026-07-16T14:40:03.279Z,gid://shopify/Product/15109241471362,"new-balance-550-white-green-cream","New Balance 550 White Classic Green",1170
2026-07-16T14:40:03.279Z,gid://shopify/Product/15109243699586,"new-balance-550-white-slate-grey","New Balance 550 White Slate Grey",1279
2026-07-16T14:40:03.279Z,gid://shopify/Product/15109244289410,"new-balance-574-bodega-legacy-departure","New Balance 574 Legacy Bodega Departure",1037
2026-07-16T14:40:03.279Z,gid://shopify/Product/15109244846466,"new-balance-574-nimbus-cloud-white-w","New Balance 574 Nimbus Cloud White (Women's)",1058
2026-07-16T14:40:03.279Z,gid://shopify/Product/15109245600130,"new-balance-740-atmos-pink-vacation","New Balance 740 atmos Pink Vacation",973
2026-07-16T14:40:03.279Z,gid://shopify/Product/15109246124418,"new-balance-740v2-white-marsh-green","New Balance 740v2 White Marsh Green",1269
2026-07-16T14:40:03.279Z,gid://shopify/Product/15109246910850,"new-balance-9060-beige","New Balance 9060 Beige",1124
2026-07-16T14:40:03.279Z,gid://shopify/Product/15109248516482,"new-balance-9060-blue-agate","New Balance 9060 Blue Agate",1164
2026-07-16T14:40:03.279Z,gid://shopify/Product/15109249008002,"new-balance-9060-calcium-sea-salt","New Balance 9060 Calcium Sea Salt",1013
2026-07-16T14:40:03.279Z,gid://shopify/Product/15109250154882,"new-balance-9060-emerging-brown","New Balance 9060 Emerging Brown",1146
2026-07-16T14:40:03.279Z,gid://shopify/Product/15109251039618,"new-balance-9060-grey-lilac","New Balance 9060 Grey Lilac",1276
2026-07-16T14:40:03.279Z,gid://shopify/Product/15109251858818,"new-balance-9060-moonbeam-sea-salt","New Balance 9060 Moonbeam Sea Salt",1354
2026-07-16T14:40:03.279Z,gid://shopify/Product/15109252415874,"new-balance-9060-new-spruce-angora","New Balance 9060 New Spruce Angora",1101
2026-07-16T14:40:03.279Z,gid://shopify/Product/15109253464450,"new-balance-9060-rain-cloud-gs","New Balance 9060 Rain Cloud (GS)",1232
2026-07-16T14:40:03.279Z,gid://shopify/Product/15109254152578,"new-balance-9060-sea-salt-brown","New Balance 9060 Sea Salt Brown",1361
2026-07-16T14:40:03.279Z,gid://shopify/Product/15109256216962,"new-balance-9060-taro-plum-brown","New Balance 9060 Taro Plum Brown",1157
2026-07-16T14:40:03.279Z,gid://shopify/Product/15109257068930,"new-balance-9060-violet-noir","New Balance 9060 Violet Noir",826
2026-07-16T14:41:43.189Z,gid://shopify/Product/15109257757058,"new-balance-990v2-miusa-marblehead-with-incense","New Balance 990v2 MiUSA Teddy Santis Marblehead Incense",932
2026-07-16T14:41:43.191Z,gid://shopify/Product/15109258805634,"new-balance-990v3-joe-freshgoods-outside-clothes","New Balance 990v3 MiUSA Joe Freshgoods Outside Clothes",887
2026-07-16T14:41:43.192Z,gid://shopify/Product/15109259264386,"new-balance-990v4-miusa-kith-grey-cream","New Balance 990v4 MiUSA Kith Moonrock",939
2026-07-16T14:41:43.192Z,gid://shopify/Product/15109260444034,"new-balance-990v6-carhartt-wip-sculpture-center","New Balance 990v6 Carhartt WIP Sculpture Center",1039
2026-07-16T14:41:43.192Z,gid://shopify/Product/15109261492610,"new-balance-990v6-miusa-joe-freshgoods-paris-red","New Balance 990v6 MiUSA Joe Freshgoods Paris Red",1016
2026-07-16T14:41:43.192Z,gid://shopify/Product/15109262377346,"new-balance-990v6-miusa-ronnie-fieg-madison-square-garden-sandrift","New Balance 990v6 MiUSA Ronnie Fieg Madison Square Garden Sandrift",1032
2026-07-16T14:41:43.192Z,gid://shopify/Product/15109262868866,"new-balance-990v6-triple-black","New Balance 990v6 Triple Black",1003
2026-07-16T14:41:43.192Z,gid://shopify/Product/15109263393154,"new-balance-991v2-miuk-pelican-grey-orange","New Balance 991v2 MiUK Pelican Grey Orange",1155
2026-07-16T14:41:43.192Z,gid://shopify/Product/15109263819138,"new-balance-992-miusa-black-grey","New Balance 992 MiUSA Black Grey",1063
2026-07-16T14:41:43.192Z,gid://shopify/Product/15109264343426,"new-balance-993-miu-grey","New Balance 993 MiUSA Grey",777
2026-07-16T14:41:43.192Z,gid://shopify/Product/15109264998786,"new-balance-998-core-miusa-grey-silver","New Balance 998 Core MiUSA Grey Silver",1053
2026-07-16T14:41:43.192Z,gid://shopify/Product/15109265555842,"new-balance-ct302-triple-white","New Balance CT302 Triple White",1126
2026-07-16T14:41:43.192Z,gid://shopify/Product/15109267947906,"new-balance-t500-light-arctic-grey","New Balance T500 Light Arctic Grey",1017
2026-07-16T14:41:43.192Z,gid://shopify/Product/15109269455234,"new-era-x-takashi-murakami-x-mlb-world-tour-tokyo-series-2025-new-era-9forty-dodgers-snapback-hat-blue","New Era x Takashi Murakami x MLB World Tour Tokyo Series 2025 New Era 9Forty Dodgers Snapback Hat Blue",1157
2026-07-16T14:41:43.192Z,gid://shopify/Product/15109271585154,"nike-air-foamposite-one-eggplant-2024","Nike Air Foamposite One Eggplant (2024)",971
2026-07-16T14:41:43.192Z,gid://shopify/Product/15109272994178,"nike-air-force-1-07-low-white-swoosh-panda","Nike Air Force 1 Low '07 White Swoosh Panda",907
2026-07-16T14:41:43.192Z,gid://shopify/Product/15109273715074,"nike-air-force-1-low-07-light-british-tan","Nike Air Force 1 Low '07 Light British Tan",1089
2026-07-16T14:41:43.192Z,gid://shopify/Product/15109274108290,"nike-air-force-1-low-07-se-black-university-blue","Nike Air Force 1 Low '07 SE Black University Blue",1094
2026-07-16T14:41:43.192Z,gid://shopify/Product/15109275517314,"nike-air-force-1-low-billie-eilish-sequoia","Nike Air Force 1 Low SP Billie Eilish Sequoia",1099
2026-07-16T14:41:43.192Z,gid://shopify/Product/15109278171522,"nike-air-force-1-low-linen-2016-2024","Nike Air Force 1 Low Linen (2016/2024)",1341
2026-07-16T14:41:43.192Z,gid://shopify/Product/15109280072066,"nike-air-force-1-low-off-white-volt","Nike Air Force 1 Low Off-White Volt",980
2026-07-16T14:41:43.192Z,gid://shopify/Product/15109281153410,"nike-air-force-1-low-retro-qs-halloween-skull","Nike Air Force 1 Low Retro QS Halloween Skull",1121
2026-07-16T14:41:43.192Z,gid://shopify/Product/15109282005378,"nike-air-force-1-low-sp-ambush-phantom","Nike Air Force 1 Low SP AMBUSH Phantom",1034
2026-07-16T14:41:43.192Z,gid://shopify/Product/15110483968386,"nike-air-force-1-low-undefeated-multi-patent-community","Nike Air Force 1 Low SP Undefeated Multi-Patent Community",1176
2026-07-16T14:41:43.192Z,gid://shopify/Product/15110488523138,"nike-air-force-1-lx-white-w","Nike Air Force 1 LX White (Women's)",1101
2026-07-16T14:41:43.192Z,gid://shopify/Product/15110490980738,"nike-air-force-1-mid-off-white-white","Nike Air Force 1 Mid Off-White White",1116
2026-07-16T14:41:43.192Z,gid://shopify/Product/15110492782978,"nike-air-force-1-mid-sp-off-white-grim-reaper","Nike Air Force 1 Mid SP Off-White Grim Reaper",1211
2026-07-16T14:41:43.192Z,gid://shopify/Product/15110495043970,"nike-air-jordan-1-mid-yellow-toe-black","Jordan 1 Mid Yellow Toe Black",880
2026-07-16T14:41:43.193Z,gid://shopify/Product/15110498648450,"nike-air-max-1-87-sp-supreme-speed-yellow","Nike Air Max 1 '87 SP Supreme Speed Yellow",1178
2026-07-16T14:41:43.193Z,gid://shopify/Product/15110504579458,"nike-air-max-1-essential-phantom-khaki","Nike Air Max 1 Essential Phantom Khaki",1157
2026-07-16T14:41:43.193Z,gid://shopify/Product/15110507626882,"nike-air-max-1-pale-ivory-sanddrift-womens","Nike Air Max 1 Pale Ivory Sanddrift (Women's)",1247
2026-07-16T14:41:43.193Z,gid://shopify/Product/15110524207490,"nike-air-max-270-black-white","Nike Air Max 270 Black White",1021
2026-07-16T14:41:43.193Z,gid://shopify/Product/15110531514754,"nike-air-max-90-off-white","Nike Air Max 90 Off-White",1076
2026-07-16T14:41:43.193Z,gid://shopify/Product/15110539051394,"nike-air-max-90-smoke-grey-fire-red","Nike Air Max 90 Smoke Grey Fire Red",1216
2026-07-16T14:41:43.193Z,gid://shopify/Product/15110562316674,"nike-air-max-95-og-reverse-gradient-neon","Nike Air Max 95 OG Reverse Gradient Neon",1159
2026-07-16T14:41:43.193Z,gid://shopify/Product/15110570639746,"nike-air-max-97-undftd-black-militia-green","Nike Air Max 97 Undefeated Militia Green (2020)",1189
2026-07-16T14:41:43.193Z,gid://shopify/Product/15110585450882,"nike-air-max-dn8-black-volt","Nike Air Max Dn8 Black Volt",994
2026-07-16T14:41:43.193Z,gid://shopify/Product/15110603932034,"nike-air-max-plus-golf-the-masters-augusta-azaleas","Nike Air Max Plus Golf The Masters Augusta Azaleas",1143
2026-07-16T14:41:43.193Z,gid://shopify/Product/15110622151042,"nike-air-max-tl-25-comme-des-garcons-homme-plus-white","Nike Air Max TL 2.5 Comme des Garcons Homme Plus White",999
2026-07-16T14:41:43.193Z,gid://shopify/Product/15110626017666,"nike-air-more-uptempo-low-black-photon-dust","Nike Air More Uptempo Low Black Photon Dust",998
2026-07-16T14:43:44.131Z,gid://shopify/Product/15110627590530,"nike-air-pegasus-2k5-bicoastal","Nike Air Peg 2K5 Bicoastal",981
2026-07-16T14:43:44.134Z,gid://shopify/Product/15110628835714,"nike-air-rift-breathe-white-pure-platinum-w","Nike Air Rift Breathe White Pure Platinum (Women's)",1107
2026-07-16T14:43:44.134Z,gid://shopify/Product/15110629622146,"nike-air-rubber-dunk-off-white-university-blue-td","Nike Air Rubber Dunk Off-White University Blue (TD)",951
2026-07-16T14:43:44.134Z,gid://shopify/Product/15110631981442,"nike-air-trainer-1-sp-travis-scott-wheat","Nike Air Trainer 1 SP Travis Scott Wheat",1093
2026-07-16T14:43:44.134Z,gid://shopify/Product/15110634635650,"nike-air-zoom-alphafly-next-2-hyper-pink-laser-orange-womens","Nike Air Zoom Alphafly Next% 2 Hyper Pink Laser Orange (Women's)",1152
2026-07-16T14:43:44.134Z,gid://shopify/Product/15110636601730,"nike-air-zoom-gt-cut-3-shattered","Nike Air Zoom GT Cut 3 Shattered",1117
2026-07-16T14:43:44.134Z,gid://shopify/Product/15110639812994,"nike-air-zoom-maxfly-more-uptempo-black","Nike Air Zoom Maxfly More Uptempo Black",1061
2026-07-16T14:43:44.134Z,gid://shopify/Product/15110643220866,"nike-air-zoom-spiridon-black-metallic-silver","Nike Air Zoom Spiridon Black Metallic Silver",1071
2026-07-16T14:43:44.134Z,gid://shopify/Product/15110645744002,"nike-air-zoom-tempo-next-off-white-black-scream-green","Nike Air Zoom Tempo Next% Flyknit Off-White Black Scream Green",962
2026-07-16T14:43:44.134Z,gid://shopify/Product/15110648004994,"nike-air-zoom-vomero-5-midnight-navy","Nike Zoom Vomero 5 Midnight Navy",1237
2026-07-16T14:43:44.134Z,gid://shopify/Product/15110649643394,"nike-blazer-mid-77-premium-toasty-medium-olive","Nike Blazer Mid 77 Premium Toasty Sequoia Quilted",1238
2026-07-16T14:43:44.134Z,gid://shopify/Product/15110650331522,"nike-blazer-mid-toasty","Nike Blazer Mid 77 Premium Toast Sail Quilted",1060
2026-07-16T14:43:44.134Z,gid://shopify/Product/15110653837698,"nike-dunk-genesis-low-rtfkt-ghost","Nike Dunk Genesis Low RTFKT Ghost (Edition of 8461)",1258
2026-07-16T14:43:44.134Z,gid://shopify/Product/15110656295298,"nike-dunk-high-yellow-acid-wash-black","Nike Dunk High 1985 SP Yellow Acid Wash",971
2026-07-16T14:43:44.134Z,gid://shopify/Product/15110659932546,"nike-dunk-low-essential-paisley-pack-pink-w","Nike Dunk Low Essential Paisley Pack Pink (Women's)",1054
2026-07-16T14:43:44.134Z,gid://shopify/Product/15110662160770,"nike-dunk-low-light-armory-blue-photon-dust-womens","Nike Dunk Low Light Armory Blue Photon Dust (Women's)",1204
2026-07-16T14:43:44.134Z,gid://shopify/Product/15110665109890,"nike-dunk-low-neapolitan","Nike Dunk Low Neapolitan",1304
2026-07-16T14:43:44.134Z,gid://shopify/Product/15110666813826,"nike-dunk-low-off-white-lot-10","Nike Dunk Low Off-White Lot 10",1094
2026-07-16T14:43:44.134Z,gid://shopify/Product/15110668714370,"nike-dunk-low-off-white-lot-19","Nike Dunk Low Off-White Lot 19",1310
2026-07-16T14:43:44.134Z,gid://shopify/Product/15110669959554,"nike-dunk-low-off-white-lot-26","Nike Dunk Low Off-White Lot 26",1020
2026-07-16T14:43:44.134Z,gid://shopify/Product/15110670614914,"nike-dunk-low-off-white-lot-38","Nike Dunk Low Off-White Lot 38",1283
2026-07-16T14:43:44.134Z,gid://shopify/Product/15110671696258,"nike-dunk-low-off-white-lot-48","Nike Dunk Low Off-White Lot 48",1186
2026-07-16T14:43:44.134Z,gid://shopify/Product/15110673498498,"nike-dunk-low-off-white-lot-9","Nike Dunk Low Off-White Lot 9",1127
2026-07-16T14:43:44.135Z,gid://shopify/Product/15110675267970,"nike-dunk-low-premium-lilac-bloom-womens","Nike Dunk Low Premium Lilac Bloom (Women's)",1296
2026-07-16T14:43:44.135Z,gid://shopify/Product/15110678774146,"nike-dunk-low-racer-blue-gs","Nike Dunk Low Racer Blue (GS)",1060
2026-07-16T14:43:44.135Z,gid://shopify/Product/15110684148098,"nike-dunk-low-safari-mix-w","Nike Dunk Low Safari Mix (Women's)",941
2026-07-16T14:43:44.135Z,gid://shopify/Product/15110690079106,"nike-dunk-low-spartan-green-gs","Nike Dunk Low Michigan State (GS)",986
2026-07-16T14:43:44.135Z,gid://shopify/Product/15110696960386,"nike-dunk-low-white-pink-gs","Nike Dunk Low White Pink (GS)",1077
2026-07-16T14:43:44.135Z,gid://shopify/Product/15110700302722,"nike-free-metcon-6-black-white","Nike Free Metcon 6 Black White",1121
2026-07-16T14:43:44.135Z,gid://shopify/Product/15110702367106,"nike-gt-cut-3-pastel","Nike Air Zoom GT Cut 3 Dreamers",1156
2026-07-16T14:43:44.135Z,gid://shopify/Product/15110703808898,"nike-hoops-elite-printed-backpack-32l-anthracite-black-white","Nike Hoops Elite Printed Backpack (32L) Anthracite/Black/White",1162
2026-07-16T14:43:44.135Z,gid://shopify/Product/15110705512834,"nike-ja-1-chinese-new-year-gs","Nike Ja 1 Year of the Dragon (GS)",1135
2026-07-16T14:43:44.135Z,gid://shopify/Product/15110707511682,"nike-kd-10-aunt-pearl","Nike KD 10 Aunt Pearl",1141
2026-07-16T14:43:44.135Z,gid://shopify/Product/15110709477762,"nike-kd-16-nrg-boardroom","Nike KD 16 NRG Boardroom",1227
2026-07-16T14:43:44.135Z,gid://shopify/Product/15111462945154,"nike-kobe-5-protro-2k-gamer-exclusive","Nike Kobe 5 Protro 2K Gamer Exclusive",1015
2026-07-16T14:43:44.135Z,gid://shopify/Product/15111463469442,"nike-kobe-5-protro-eybl-forest-green-2020","Nike Kobe 5 Protro EYBL Girls (2020)",1315
2026-07-16T14:43:44.135Z,gid://shopify/Product/15111464321410,"nike-kobe-5-protro-undefeated-what-if-pack","Nike Kobe 5 Protro Undefeated What If Pack",810
2026-07-16T14:43:44.135Z,gid://shopify/Product/15111467041154,"nike-kobe-8-protro-what-the-2025-gs","Nike Kobe 8 Protro What The (2025) (GS)",1212
2026-07-16T14:43:44.135Z,gid://shopify/Product/15111467991426,"nike-ld-waffle-undercover-sacai-bright-citron","Nike LD Waffle sacai Undercover Black Bright Citron",944
2026-07-16T14:43:44.135Z,gid://shopify/Product/15111468482946,"nike-lebron-22-black-label","Nike LeBron 22 Black Label",705
2026-07-16T14:45:46.170Z,gid://shopify/Product/15111468876162,"nike-m2k-tekno-summit-white-w","Nike M2K Tekno Summit White (Women's)",833
2026-07-16T14:45:46.173Z,gid://shopify/Product/15111469891970,"nike-mercurial-vapor-16-elite-fg-scary-good-pack","Nike Mercurial Vapor 16 Elite FG Scary Good Pack",842
2026-07-16T14:45:46.173Z,gid://shopify/Product/15111472972162,"nike-reactx-rejuven8-pinksicle","Nike ReactX Rejuven8 Pinksicle (Women's)",1354
2026-07-16T14:45:46.173Z,gid://shopify/Product/15111484604802,"nike-sb-dunk-low-pro-why-so-sad","Nike SB Dunk Low Pro Why So Sad?",897
2026-07-16T14:45:46.173Z,gid://shopify/Product/15111489814914,"nike-shox-tl-thunderstorm","Nike Shox TL Thunderstorm",1193
2026-07-16T14:45:46.173Z,gid://shopify/Product/15111490371970,"nike-sportswear-tech-fleece-windrunner-full-zip-hoodie-fw24-black-black","Nike Sportswear Tech Fleece Windrunner Full Zip Hoodie (FW24) Black/Black",992
2026-07-16T14:45:46.174Z,gid://shopify/Product/15111490765186,"nike-structured-og-flame-club-cap-midnight-navy","Nike Structured OG Flame Club Cap Midnight Navy",859
2026-07-16T14:45:46.174Z,gid://shopify/Product/15111491256706,"nike-total-90-3-sp-bordeaux","Nike Total 90 3 SP Bordeaux",1018
2026-07-16T14:45:46.174Z,gid://shopify/Product/15111491649922,"nike-venturer-performance-face-mask-black","Nike Venturer Performance Face Mask Black",666
2026-07-16T14:45:46.174Z,gid://shopify/Product/15111492600194,"nike-x-cactus-plant-flea-market-reversible-hockey-jersey-multicolor","Nike x Cactus Plant Flea Market Reversible Hockey Jersey Multicolor",1137
2026-07-16T14:45:46.174Z,gid://shopify/Product/15111493255554,"nike-x-nocta-nrg-tech-fleece-full-zip-hoodie-palest-purple-daybreak","Nike x NOCTA NRG Tech Fleece Full Zip Hoodie Palest Purple/Daybreak",1232
2026-07-16T14:45:46.174Z,gid://shopify/Product/15111494041986,"nike-x-off-white-fly-cap-green","Nike x Off-White Fly Cap Green",1044
2026-07-16T14:45:46.174Z,gid://shopify/Product/15111494893954,"nike-zoom-fly-6-ekiden-pack","Nike Zoom Fly 6 Ekiden Pack",1232
2026-07-16T14:45:46.174Z,gid://shopify/Product/15111495156098,"nike-zoom-freak-6-roses","Nike Giannis Zoom Freak 6 Roses",1030
2026-07-16T14:45:46.174Z,gid://shopify/Product/15111495614850,"nike-zoom-lebron-nxxt-gen-ampd-white-silver","Nike Zoom LeBron NXXT Gen AMPD White Silver",1052
2026-07-16T14:45:46.174Z,gid://shopify/Product/15111496106370,"nike-zoom-terra-kiger-5-off-white-white-w","Nike Zoom Terra Kiger 5 Off-White White (Women's)",777
2026-07-16T14:45:46.174Z,gid://shopify/Product/15111496368514,"nike-zoom-vomero-5-beach-light-khaki-womens","Nike Zoom Vomero 5 Beach Light Khaki (Women's)",1117
2026-07-16T14:45:46.174Z,gid://shopify/Product/15111496827266,"nike-zoom-vomero-5-black-vivid-purple","Nike Zoom Vomero 5 Black Vivid Purple",1038
2026-07-16T14:45:46.174Z,gid://shopify/Product/15111499186562,"nike-zoom-vomero-5-light-bone-yellow-w","Nike Zoom Vomero 5 Light Bone Yellow (Women's)",1179
2026-07-16T14:45:46.174Z,gid://shopify/Product/15111496106370,"nike-zoom-terra-kiger-5-off-white-white-w","Nike Zoom Terra Kiger 5 Off-White White (Women's)",1491
2026-07-16T14:45:46.174Z,gid://shopify/Product/15111502561666,"nike-zoom-vomero-5-psychic-blue","Nike Zoom Vomero 5 Psychic Blue",1595
2026-07-16T14:45:46.174Z,gid://shopify/Product/15111503053186,"nike-zoom-vomero-5-sail-black-light-bone-womens","Nike Zoom Vomero 5 Timeless Panda Dunk (Women's)",1302
2026-07-16T14:45:46.174Z,gid://shopify/Product/15113567764866,"nike-zoom-vomero-5-vapor-green","Nike Zoom Vomero 5 Vapor Green",1236
2026-07-16T14:45:46.174Z,gid://shopify/Product/15113569599874,"nike-zoom-vomero-roam-triple-black","Nike Zoom Vomero Roam Triple Black",1276
2026-07-16T14:45:46.174Z,gid://shopify/Product/15113570058626,"nike-zoomx-vaporfly-3-sail-guava-ice","Nike ZoomX Vaporfly 3 Sail Guava Ice",1154
2026-07-16T14:45:46.174Z,gid://shopify/Product/15113570419074,"nikecraft-general-purpose-shoe-tom-sachs-brown","NikeCraft General Purpose Shoe Tom Sachs Field Brown",896
2026-07-16T14:45:46.174Z,gid://shopify/Product/15113571238274,"off-white-be-right-back-black","OFF-WHITE Be Right Back Black",1019
2026-07-16T14:45:46.174Z,gid://shopify/Product/15113572548994,"off-white-hand-arrow-slim-t-shirt-black-white","OFF-WHITE Hand Arrow Slim T-shirt Black/White",1050
2026-07-16T14:45:46.174Z,gid://shopify/Product/15113573925250,"off-white-mini-industrial-belt-ss19-black","OFF-WHITE Mini Industrial Belt (SS19) Black",1081
2026-07-16T14:45:46.174Z,gid://shopify/Product/15113574416770,"off-white-out-of-office-calf-leather-panda","Off-White Out Of Office Calf Leather Panda",1384
2026-07-16T14:45:46.174Z,gid://shopify/Product/15113575858562,"off-white-out-of-office-ooo-low-tops-dark-gray-black","OFF-WHITE Out Of Office OOO Low Tops Dark Gray Black",1575
2026-07-16T14:45:46.174Z,gid://shopify/Product/15113577824642,"off-white-oversized-tape-arrows-t-shirt-black","OFF-WHITE Oversized Tape Arrows T-shirt Black",951
2026-07-16T14:45:46.174Z,gid://shopify/Product/15113578840450,"off-white-vulc-low-black-white-arrow","OFF-WHITE Vulc Low Black White Arrow",960
2026-07-16T14:45:46.174Z,gid://shopify/Product/15113579495810,"off-white-vulcanized-low-canvas-white-black","OFF-WHITE Vulcanized Low Canvas White Black",1234
2026-07-16T14:45:46.174Z,gid://shopify/Product/15113580446082,"off-white-x-jordan-t-shirt-white","OFF-WHITE x Jordan T-shirt White",923
2026-07-16T14:45:46.174Z,gid://shopify/Product/15113581363586,"off-white-x-nike-006-fleece-hoodie-black","OFF-WHITE x Nike 006 Fleece Hoodie Black",1090
2026-07-16T14:45:46.174Z,gid://shopify/Product/15113583264130,"on-running-cloud-5-all-black","On Running Cloud 5 All Black",1017
2026-07-16T14:45:46.174Z,gid://shopify/Product/15113589555586,"palm-angels-classic-track-jacket-dark-grey-off-white","Palm Angels Classic Track Jacket Dark Grey/Off White",1316
2026-07-16T14:45:46.174Z,gid://shopify/Product/15113595650434,"pop-mart-crybaby-crying-for-love-series-love-you-cherry-much-vinyl-plush-hanging-card","Pop Mart CryBaby Crying For Love Series (Love You Cherry Much) Vinyl Plush Hanging Card",1191
2026-07-16T14:47:20.284Z,gid://shopify/Product/15113596436866,"pop-mart-labubu-the-monsters-coca-cola-series-happy-factor-vinyl-face-blind-box","Pop Mart Labubu The Monsters Coca Cola Series Happy Factor Vinyl Plush Figure",906
2026-07-16T14:47:20.288Z,gid://shopify/Product/15113597092226,"pop-mart-labubu-the-monsters-have-a-seat-zizi-vinyl-plush","Pop Mart Labubu The Monsters Have a Seat ZIZI Vinyl Plush",624
2026-07-16T14:47:20.288Z,gid://shopify/Product/15113597813122,"pop-mart-labubu-the-monsters-tasty-macarons-sea-salt-cocount-vinyl-plush-pendant","Pop Mart Labubu The Monsters Exciting Macaron Sea Salt Coconut Vinyl Plush Pendant",980
2026-07-16T14:47:20.288Z,gid://shopify/Product/15113598566786,"pop-mart-mega-crybaby-the-queen-of-broken-heart-special-version-400","Pop Mart Mega CryBaby The Queen of Broken Heart (Special Version) 4",931
2026-07-16T14:47:20.288Z,gid://shopify/Product/15113602105730,"puma-cleated-creeper-rihanna-fenty-suede-green-w","Puma Cleated Creeper Rihanna Fenty Suede Green (Women's)",1095
2026-07-16T14:47:20.288Z,gid://shopify/Product/15113609740674,"puma-inhale-og-asap-rocky-distressed-pack-black-pop-red","Puma Inhale OG A$AP Rocky Distressed Pack Black Pop Red",850
2026-07-16T14:47:20.289Z,gid://shopify/Product/15113610822018,"puma-lamelo-ball-lafrance-amour-untouchable","Puma LaMelo Ball LaFrancé Amour Untouchable",1005
2026-07-16T14:47:20.289Z,gid://shopify/Product/15113612165506,"puma-lamelo-ball-mb01-iridescent","Puma LaMelo Ball MB.01 Iridescent",973
2026-07-16T14:47:20.289Z,gid://shopify/Product/15113613083010,"puma-lamelo-ball-mb01-white-silver","Puma LaMelo Ball MB.01 White Silver",959
2026-07-16T14:47:20.289Z,gid://shopify/Product/15113613967746,"puma-lamelo-ball-mb02-nickelodeon-slime-ps","Puma LaMelo Ball MB.02 Nickelodeon Slime (PS)",969
2026-07-16T14:47:20.289Z,gid://shopify/Product/15113614721410,"puma-lamelo-ball-mb02-slime","Puma LaMelo Ball MB.02 Nickelodeon Slime",1085
2026-07-16T14:47:20.289Z,gid://shopify/Product/15113615901058,"puma-lamelo-ball-mb03-chino-hills","Puma LaMelo Ball MB.03 Chino Hills",1234
2026-07-16T14:47:20.289Z,gid://shopify/Product/15113617572226,"puma-lamelo-ball-mb03-lo-team-hyperlink-blue","Puma LaMelo Ball MB.03 Lo Team Hyperlink Blue",1247
2026-07-16T14:47:20.289Z,gid://shopify/Product/15113618489730,"puma-lamelo-ball-mb04-iridescent-gs","Puma LaMelo Ball MB.04 Iridescent (GS)",1053
2026-07-16T14:47:20.289Z,gid://shopify/Product/15113620226434,"puma-mb01-lamelo-ball-galaxy-gs","Puma LaMelo Ball MB.01 Galaxy (GS)",1069
2026-07-16T14:47:20.289Z,gid://shopify/Product/15113620554114,"puma-mb01-lamelo-ball-rick-and-morty","Puma LaMelo Ball MB.01 Rick and Morty",853
2026-07-16T14:47:20.289Z,gid://shopify/Product/15113625895298,"puma-rs-dreamer-j-cole-blue","Puma RS-Dreamer J Cole Aquarius",825
2026-07-16T14:47:20.290Z,gid://shopify/Product/15113626419586,"puma-rs-lamelo-ball-galaxy","Puma RS-X LaMelo Ball Galaxy",1093
2026-07-16T14:47:20.290Z,gid://shopify/Product/15113628418434,"puma-speedcat-archive-team-light-blue-club-navy","Puma Speedcat Archive Team Light Blue Club Navy",1050
2026-07-16T14:47:20.290Z,gid://shopify/Product/15113636938114,"puma-suede-one-piece-blackbeard","Puma Suede One Piece Blackbeard Teech",1089
2026-07-16T14:47:20.290Z,gid://shopify/Product/15113641984386,"puma-suede-x-tmc-grey","Puma Suede TMC Grey",951
2026-07-16T14:47:20.291Z,gid://shopify/Product/15113651978626,"puma-x-tmc-mcs-track-jacket-black","Puma x TMC MCS Track Jacket Black",887
2026-07-16T14:47:20.291Z,gid://shopify/Product/15113654698370,"reebok-answer-iv-only-the-strong-survive","Reebok Answer IV Only the Strong Survive",791
2026-07-16T14:47:20.291Z,gid://shopify/Product/15113655779714,"reebok-question-low-grey-toe","Reebok Question Low Grey Toe",686
2026-07-16T14:47:20.291Z,gid://shopify/Product/15113656664450,"reebok-question-mid-blue-toe-2022","Reebok Question Mid Blue Toe (2022)",916
2026-07-16T14:47:20.291Z,gid://shopify/Product/15113657418114,"reebok-question-mid-iverson-x-harden","Reebok Question Mid Iverson x Harden",891
2026-07-16T14:47:20.291Z,gid://shopify/Product/15113658302850,"reebok-question-mid-red-toe-25th-anniversary","Reebok Question Mid Red Toe 25th Anniversary",1004
2026-07-16T14:47:20.291Z,gid://shopify/Product/15113659679106,"reebok-the-answer-iv-og-nba-finals-white-black","Reebok The Answer IV OG NBA Finals White Black",1016
2026-07-16T14:47:20.291Z,gid://shopify/Product/15113661186434,"salomon-xt-6-ghost-grey","Salomon XT-6 Ghost Grey",1253
2026-07-16T14:47:20.291Z,gid://shopify/Product/15113663512962,"skims-x-dolcegabbana-cotton-jersey-long-sleeve-t-shirt-leopard","SKIMS x Dolce&Gabbana Cotton Jersey Long Sleeve T-Shirt Leopard",832
2026-07-16T14:47:20.291Z,gid://shopify/Product/15114982883714,"sony-playstation-ps5-dualsense-30th-anniversary-limited-edition-wirelress-controller","Sony Playstation PS5 DualSense 30th Anniversary Limited Edition Wireless Controller",1044
2026-07-16T14:47:20.291Z,gid://shopify/Product/15114983408002,"sp5der-web-hoodie-sky-blue","Sp5der Web Hoodie Sky Blue",818
2026-07-16T14:47:20.291Z,gid://shopify/Product/15114984259970,"stanley-flowstate-quencher-20oz-tumbler-midnight-glitz","Stanley Flowstate Quencher 20oz Tumbler Midnight Glitz",1212
2026-07-16T14:47:20.291Z,gid://shopify/Product/15114984915330,"stanley-flowstate-quencher-40oz-target-exclusive-tumbler-target-red","Stanley Flowstate Quencher 40oz (Target Valentine's Day Exclusive) Tumbler Target Red",1146
2026-07-16T14:47:20.291Z,gid://shopify/Product/15114985537922,"stanley-flowstate-quencher-40oz-tumbler-cypress","Stanley Flowstate Quencher 40oz Tumbler Cypress",1110
2026-07-16T14:47:20.291Z,gid://shopify/Product/15114986488194,"stanley-mistletoe-twist-quencher-40oz-tumbler-white","Stanley Mistletoe Twist Quencher 40oz Tumbler White",1102
2026-07-16T14:47:20.291Z,gid://shopify/Product/15114987733378,"stanley-the-chroma-collection-flowstate-quencher-40oz-tumbler-black-chroma","Stanley The Black Chroma Collection Flowstate Quencher 40oz Tumbler Black Chroma",1042
2026-07-16T14:47:20.291Z,gid://shopify/Product/15114988421506,"stanley-the-clean-slate-flowstate-quencher-40oz-tumbler-warm-serene-brushstroke","Stanley The Clean Slate Flowstate Quencher 40oz Tumbler Warm Serene Brushstroke",1146
2026-07-16T14:47:20.291Z,gid://shopify/Product/15114989142402,"stanley-the-spring-fling-collection-flowstate-quencher-40oz-tumbler-white-neon","Stanley The Spring Fling Collection Flowstate Quencher 40oz Tumbler White Neon",1349
2026-07-16T14:47:20.291Z,gid://shopify/Product/15114989732226,"stanley-watercolor-dusk-quencher-40oz-tumbler-purple-multicolor","Stanley Watercolor Dusk Quencher 40oz Tumbler Purple Multicolor",1180
2026-07-16T14:49:21.145Z,gid://shopify/Product/15114990911874,"stanley-x-barbie-legends-flowstate-quencher-40oz-tumbler-barbie-icon","Stanley x Barbie Legends Flowstate Quencher 40oz Tumbler Barbie Icon",1109
2026-07-16T14:49:21.150Z,gid://shopify/Product/15114991632770,"stanley-x-loveshackfancy-flowstate-quencher-20oz-tumbler-happythoughts","Stanley x LoveShackFancy Flowstate Quencher 20oz Tumbler HappyThoughts",1139
2026-07-16T14:49:21.150Z,gid://shopify/Product/15114992058754,"stanley-x-loveshackfancy-flowstate-quencher-40oz-tumbler-happythoughts","Stanley x LoveShackFancy Flowstate Quencher 40oz Tumbler HappyThoughts",1034
2026-07-16T14:49:21.150Z,gid://shopify/Product/15114992451970,"stanley-x-starbucks-china-exclusive-music-carnival-quencher-40oz-tumbler-green-2023","Stanley x Starbucks China Exclusive ""Music Carnival"" Quencher 40oz Tumbler Green (2023)",1046
2026-07-16T14:49:21.150Z,gid://shopify/Product/15114993205634,"stanley-x-target-exclusive-valentines-day-flowstate-quencher-20oz-tumbler-sweet-hearts","Stanley x Target Exclusive Valentines Day Flowstate Quencher 20oz Tumbler Sweet Hearts",1140
2026-07-16T14:49:21.150Z,gid://shopify/Product/15114993828226,"stanley-x-target-x-wicked-flowstate-quencher-40oz-tumbler-elphaba","Stanley x Target x Wicked Flowstate Quencher 40oz Tumbler Elphaba",1071
2026-07-16T14:49:21.150Z,gid://shopify/Product/15114994385282,"supreme-backpack-ss25-light-pink","Supreme Logo Backpack (SS25) Light Pink",1068
2026-07-16T14:49:21.150Z,gid://shopify/Product/15114995007874,"supreme-hand-tied-beanie-multicolor","Supreme Hand Tied Beanie Multicolor",861
2026-07-16T14:49:21.150Z,gid://shopify/Product/15114995663234,"supreme-mlb-teams-box-logo-new-era-navy","Supreme MLB Teams New York Box Logo New Era 59Fifty Fitted Cap Navy",919
2026-07-16T14:49:21.150Z,gid://shopify/Product/15114996220290,"supreme-nike-zip-up-hooded-sweatshirt-black","Supreme Nike Zip Up Hooded Sweatshirt Black",1019
2026-07-16T14:49:21.150Z,gid://shopify/Product/15114997039490,"supreme-staub-round-55-qt-cocotte-red","Supreme STAUB Round 5.5 Qt. Cocotte Red",769
2026-07-16T14:49:21.150Z,gid://shopify/Product/15114998186370,"swatch-x-omega-bioceramic-mission-to-earthphase-so33m700-grey","Swatch x Omega Bioceramic Mission To Earthphase SO33M700",1095
2026-07-16T14:49:21.150Z,gid://shopify/Product/15114998579586,"takashi-murakami-x-los-angeles-dodgers-x-mlb-world-your-tokyo-series-2025-cuffed-beanie-navy","Takashi Murakami x Los Angeles Dodgers x MLB World Your Tokyo Series 2025 Cuffed Beanie Navy",949
2026-07-16T14:49:21.150Z,gid://shopify/Product/15115002773890,"the-marc-jacobs-the-jacquard-tote-bag-small-black","Marc Jacobs The Jacquard Tote Bag Small Black",1185
2026-07-16T14:49:21.150Z,gid://shopify/Product/15115006116226,"timberland-6-inch-premium-boot-black-gs","Timberland 6"" Premium Boot Black Nubuck (GS)",1047
2026-07-16T14:49:21.150Z,gid://shopify/Product/15115010867586,"travis-scott-cactus-corp-x-nike-m-nrg-bh-quarter-zip-jacket-black","Travis Scott CACT.US CORP x Nike M NRG BH Quarter Zip Jacket Black",908
2026-07-16T14:49:21.150Z,gid://shopify/Product/15115016176002,"travis-scott-cactus-jack-x-sp5der-days-before-rodeo-shorts-black","Travis Scott Cactus Jack x Sp5der Days Before Rodeo Shorts Black",990
2026-07-16T14:49:21.150Z,gid://shopify/Product/15115017355650,"travis-scott-jordan-cactus-jack-highest-t-shirt-brown","Travis Scott Jordan Cactus Jack Highest T Shirt Brown",774
2026-07-16T14:49:21.150Z,gid://shopify/Product/15115035541890,"travis-scott-x-fox-racing-i-hoodie-black","Travis Scott x Fox Racing I Hoodie Black",991
2026-07-16T14:49:21.150Z,gid://shopify/Product/15115043701122,"yeezy-gap-long-round-jacket-black","Yeezy Gap Long Round Jacket Black",1092
2026-07-16T14:49:21.150Z,gid://shopify/Product/15115046650242,"yeezy-sh-01-shorts-black","Yeezy SH-01 Shorts Black",956
2026-07-16T14:49:21.150Z,gid://shopify/Product/15115047436674,"yeezy-slide-earth-brown","adidas Yeezy Slide Earth Brown",693
2026-07-16T14:49:21.150Z,gid://shopify/Product/15115048190338,"yeezy-x-gap-hoodie-black","Yeezy Gap Hoodie Black",759
2026-07-16T14:49:21.150Z,gid://shopify/Product/15115049763202,"yeezy-x-gap-long-sleeve-t-shirt-dark-grey","Yeezy x Gap Long Sleeve T-shirt Dark Grey",930
2026-07-16T14:49:21.150Z,gid://shopify/Product/15115050779010,"yeezy-x-gap-zip-up-exclusive-hoodie-light-grey","Yeezy x Gap Zip Up Exclusive Hoodie Light Grey",970
2026-07-16T14:49:21.151Z,gid://shopify/Product/15118782988674,"nike-ja-3-hustle-and-flow","Nike Ja 3 Hustle & Flow",1056
2026-07-16T14:49:21.151Z,gid://shopify/Product/15118783250818,"nike-ja-3-light-show","Nike Ja 3 Light Show",1269
2026-07-16T14:49:21.151Z,gid://shopify/Product/15118783840642,"nikecraft-mars-yard-shoe-30-tom-sachs-space-camp","NikeCraft Mars Yard Shoe 3.0 Tom Sachs Space Camp",1108
2026-07-16T14:49:21.151Z,gid://shopify/Product/15118784168322,"nike-ja-3-light-show-gs","Nike Ja 3 Light Show (GS)",1065
2026-07-16T14:49:21.151Z,gid://shopify/Product/15118784561538,"ugg-tasman-ii-slipper-black","UGG Tasman II Slipper Black",874
2026-07-16T14:49:21.151Z,gid://shopify/Product/15118784987522,"ugg-tasman-ii-slipper-sand-dark-cherry-womens","UGG Tasman II Slipper Sand Dark Cherry (Women's)",889
2026-07-16T14:49:21.151Z,gid://shopify/Product/15118786232706,"ugg-tasman-maxi-curly-slipper-chestnut-womens","UGG Tasman Maxi Curly Slipper Chestnut (Women's)",1196
2026-07-16T14:49:21.151Z,gid://shopify/Product/15118787346818,"ugg-tasman-slipper-white","UGG Tasman Slipper White",1185
2026-07-16T14:49:21.151Z,gid://shopify/Product/15118788460930,"ugg-tasman-slipper-pink-glow-womens","UGG Tasman Slipper Pink Glow (Women's)",1118
2026-07-16T14:49:21.151Z,gid://shopify/Product/15118788985218,"ugg-tasman-slipper-madhappy-chestnut-womens","UGG Tasman Slipper Madhappy Chestnut (Women's)",1148
2026-07-16T14:49:21.151Z,gid://shopify/Product/15118790820226,"ugg-tazz-ii-slipper-rocky-oak-womens","UGG Tazz II Slipper Rocky Oak (Women's)",1118
2026-07-16T14:49:21.151Z,gid://shopify/Product/15118791508354,"ugg-tazz-slipper-pop-sketch-kids","UGG Tazz Slipper Humberto Cruz Pop Sketch (Kids)",1237
2026-07-16T14:49:21.151Z,gid://shopify/Product/15118793212290,"nike-x-nocta-sunset-puffer-jacket-mica-green","Nike x NOCTA Sunset Puffer Jacket Mica Green",1117
2026-07-16T14:49:21.151Z,gid://shopify/Product/15118794129794,"supreme-700-fill-down-lightweight-puffer-jacket-black","Supreme 700-Fill Down Lightweight Puffer Jacket Black",1068
2026-07-16T14:49:21.151Z,gid://shopify/Product/15118794817922,"broken-planet-puffer-jacket-black","Broken Planet Puffer Jacket Black",933
2026-07-16T14:50:57.580Z,gid://shopify/Product/15118795276674,"trapstar-irongate-detachable-hooded-puffer-jacket-black","Trapstar Irongate Detachable Hooded Puffer Jacket Black",771
2026-07-16T14:50:57.581Z,gid://shopify/Product/15118795932034,"adidas-campus-00s-winter-low-black-carbon-womens","adidas Campus 00s Winter Low Black Carbon (Women's)",942
2026-07-16T14:50:57.581Z,gid://shopify/Product/15118796587394,"saucony-progrid-omni-9-microchip","Saucony ProGrid Omni 9 Microchip",923
2026-07-16T14:50:57.581Z,gid://shopify/Product/15118797930882,"saucony-progrid-omni-9-og-royal-silver","Saucony ProGrid Omni 9 OG Royal Silver",977
2026-07-16T14:50:57.581Z,gid://shopify/Product/15118800388482,"saucony-progrid-omni-9-jae-tips-to-do-list-pink","Saucony ProGrid Omni 9 Jae Tips To Do List Pink",861
2026-07-16T14:50:57.581Z,gid://shopify/Product/15121815503234,"ugg-classic-ultra-mini-boot-rose-grey-womens","UGG Classic Ultra Mini Boot Rose Grey (Women's)",844
2026-07-16T14:50:57.581Z,gid://shopify/Product/15122829410690,"pokemon-scarlet-violet-151-blooming-waters-premium-collection-box-4x-lot","Pokémon Scarlet & Violet 151 Blooming Waters Premium Collection Box 4x Lot",1053
2026-07-16T14:50:57.581Z,gid://shopify/Product/15122834588034,"pokemon-scarlet-violet-journey-together-sv09-enhanced-booster-box","Pokémon Scarlet & Violet Journey Together SV09 Enhanced Booster Box",737
2026-07-16T14:50:57.582Z,gid://shopify/Product/15122838749570,"pokemon-scarlet-violet-prismatic-evolutions-elite-trainer-box-4x-lot","Pokémon Scarlet & Violet Prismatic Evolutions Elite Trainer Box 4x Lot",1004
2026-07-16T14:50:57.582Z,gid://shopify/Product/15122839994754,"pokemon-tcg-scarlet-violet-151-6pk-booster-bundle","Pokémon TCG Scarlet & Violet 151 6pk Booster Bundle",1016
2026-07-16T14:50:57.582Z,gid://shopify/Product/15123141820802,"nike-air-zoom-pegasus-premium-sp-black-metallic-silver","Nike Air Zoom Pegasus Premium SP Black Metallic Silver",810
2026-07-16T14:50:57.582Z,gid://shopify/Product/15123143721346,"nike-air-zoom-pegasus-premium-modern-mayfly","Nike Air Zoom Pegasus Premium Modern Mayfly",819
2026-07-16T14:50:57.582Z,gid://shopify/Product/15123149914498,"nike-air-zoom-pegasus-41-gore-tex-black","Nike Air Zoom Pegasus 41 Gore-Tex Black",1174
2026-07-16T14:50:57.583Z,gid://shopify/Product/15123181142402,"nike-air-zoom-pegasus-premium-volt","Nike Air Zoom Pegasus Premium Volt",830
2026-07-16T14:50:57.583Z,gid://shopify/Product/15123200442754,"nike-react-pegasus-trail-4-cobblestone-volt","Nike React Pegasus Trail 4 Cobblestone Volt",1140
2026-07-16T14:50:57.583Z,gid://shopify/Product/15123208896898,"nike-react-pegasus-trail-4-gore-tex-light-smoke-grey-glacier-blue-football-grey-black-womens","Nike React Pegasus Trail 4 Gore-Tex Light Smoke Grey Glacier Blue Football Grey Black (Women's)",909
2026-07-16T14:50:57.583Z,gid://shopify/Product/15123222331778,"nike-pegasus-trail-3-gore-tex-obsidian-siren-red","Nike Pegasus Trail 3 Gore-Tex Obsidian Siren Red",848
2026-07-16T14:50:57.583Z,gid://shopify/Product/15123230851458,"nike-air-zoom-pegasus-38-triple-black","Nike Air Zoom Pegasus 38 Triple Black",954
2026-07-16T14:50:57.583Z,gid://shopify/Product/15123240747394,"nike-pegasus-turbo-next-nature-pure-platinum-bright-crimson","Nike Pegasus Turbo Next Nature Pure Platinum Bright Crimson",898
2026-07-16T14:50:57.583Z,gid://shopify/Product/15123244089730,"nike-pegasus-trail-4-gore-tex-barely-grape-total-orange","Nike React Pegasus Trail 4 Gore-Tex Barely Grape Total Orange",940
2026-07-16T14:50:57.583Z,gid://shopify/Product/15123253461378,"nike-pegasus-trail-2-barely-volt-poison-green","Nike Pegasus Trail 2 Barely Volt Poison Green",1046
2026-07-16T14:50:57.583Z,gid://shopify/Product/15123255820674,"nike-zoomx-invincible-run-3-white-photon-dust-womens","Nike ZoomX Invincible Run 3 White Photon Dust (Women's)",859
2026-07-16T14:50:57.583Z,gid://shopify/Product/15123261587842,"nike-zoomx-dragonfly-bowerman-track-club","Nike ZoomX Dragonfly Bowerman Track Club",992
2026-07-16T14:50:57.583Z,gid://shopify/Product/15123263783298,"nike-air-zoom-maxfly-2-fp-blueprint-pack","Nike Air Zoom Maxfly 2 FP Blueprint Pack",1101
2026-07-16T14:50:57.583Z,gid://shopify/Product/15123265618306,"nike-air-zoom-maxfly-racing-spike-white","Nike Air Zoom Maxfly Racing Spike White",1117
2026-07-16T14:50:57.584Z,gid://shopify/Product/15123267551618,"on-running-cloudtilt-black-ivory-womens","On Running Cloudtilt Black Ivory (Women's)",914
2026-07-16T14:50:57.584Z,gid://shopify/Product/15123269812610,"nike-cortez-sail-gorge-green-womens","Nike Cortez Sail Gorge Green (Women's)",1240
2026-07-16T14:50:57.584Z,gid://shopify/Product/15123271745922,"nike-cortez-txt-jackie-robinson-day","Nike Cortez TXT Jackie Robinson Day",979
2026-07-16T14:50:57.584Z,gid://shopify/Product/15123273646466,"nike-cortez-sp-clot-clotez-forrest-gump","Nike Cortez SP CLOT CLOTEZ Forrest Gump",1258
2026-07-16T14:50:57.584Z,gid://shopify/Product/15123279610242,"nike-cortez-txt-fir-womens","Nike Cortez TXT Fir (Women's)",1177
2026-07-16T14:50:57.584Z,gid://shopify/Product/15123281641858,"nike-cortez-nylon-midnight-navy-white-womens","Nike Cortez Nylon Midnight Navy White (Women's)",1194
2026-07-16T14:50:57.584Z,gid://shopify/Product/15123285246338,"rigorer-ar1-ice-cream","Rigorer AR1 Ice Cream",1204
2026-07-16T14:50:57.584Z,gid://shopify/Product/15139793600898,"fear-of-god-athletics-performance-jersey-tee-black","Fear of God Athletics Performance Jersey Tee Black",707
2026-07-16T14:50:57.584Z,gid://shopify/Product/15139793928578,"fear-of-god-essentials-3d-silicon-applique-pullover-hoodie-white","Fear of God Essentials 3D Silicon Applique Pullover Hoodie White",752
2026-07-16T14:50:57.584Z,gid://shopify/Product/15139794223490,"fear-of-god-essentials-core-collection-t-shirt-dark-heather-oatmeal","Fear of God Essentials Core Collection T-shirt Dark Heather Oatmeal",833
2026-07-16T14:50:57.584Z,gid://shopify/Product/15139794583938,"fear-of-god-essentials-fleece-hoodie-desert-sand","Fear of God Essentials Fleece Hoodie Desert Sand",972
2026-07-16T14:50:57.584Z,gid://shopify/Product/15139794878850,"fear-of-god-essentials-fleece-hoodie-shell","Fear of God Essentials Fleece Hoodie Shell",1077
2026-07-16T14:50:57.584Z,gid://shopify/Product/15139795108226,"fear-of-god-essentials-hoodie-dusty-beige","Fear of God Essentials Hoodie Dusty Beige",896
2026-07-16T14:50:57.584Z,gid://shopify/Product/15139795599746,"fear-of-god-essentials-knit-pullover-hoodie-harvest","Fear of God Essentials Knit Pullover Hoodie Harvest",902
2026-07-16T14:50:57.584Z,gid://shopify/Product/15139795894658,"fear-of-god-essentials-nylon-fleece-hoodie-dark-heather-oatmeal-garden-yellow","Fear of God Essentials Nylon Fleece Hoodie Dark Heather Oatmeal/Garden Yellow",989
2026-07-16T14:53:02.087Z,gid://shopify/Product/15139796189570,"fear-of-god-essentials-pullover-hoodie-garden-yellow","Fear of God Essentials Pullover Hoodie Garden Yellow",882
2026-07-16T14:53:02.088Z,gid://shopify/Product/15139796451714,"fear-of-god-essentials-ss-tee-light-tuscan","Fear of God Essentials SS Tee Light Tuscan",955
2026-07-16T14:53:02.088Z,gid://shopify/Product/15139796713858,"fear-of-god-essentials-sweatpants-jet-black","Fear of God Essentials Sweatpants Jet Black",1116
2026-07-16T14:53:02.089Z,gid://shopify/Product/15139797008770,"fear-of-god-essentials-sweatshort-sycamore","Fear of God Essentials Sweatshort Sycamore",1006
2026-07-16T14:53:02.089Z,gid://shopify/Product/15139797238146,"fear-of-god-essentials-tee-silver-cloud","Fear of God Essentials Tee Silver Cloud",703
2026-07-16T14:53:02.089Z,gid://shopify/Product/15142596215170,"adidas-ae-1-low-mural","adidas AE 1 Low Mural",1194
2026-07-16T14:53:02.089Z,gid://shopify/Product/15142597034370,"adidas-campus-00s-wonder-quartz-wonder-mauve-womens","adidas Campus 00s Wonder Quartz Wonder Mauve (Women's)",1239
2026-07-16T14:53:02.089Z,gid://shopify/Product/15142599033218,"adidas-gazelle-aluminum-collegiate-burgundy","adidas Gazelle Aluminum Collegiate Burgundy",1258
2026-07-16T14:53:02.089Z,gid://shopify/Product/15142600376706,"adidas-gazelle-bold-cream-black-leopard-womens","adidas Gazelle Bold Cream Black Leopard (Women's)",1129
2026-07-16T14:53:02.089Z,gid://shopify/Product/15142601097602,"adidas-gazelle-bold-semi-green-spark-womens","adidas Gazelle Bold Semi Green Spark (Women's)",1283
2026-07-16T14:53:02.089Z,gid://shopify/Product/15142601851266,"adidas-gazelle-clot-by-edison-chen-off-white","adidas Gazelle Indoor CLOT By Edison Chen Off White",1187
2026-07-16T14:53:02.089Z,gid://shopify/Product/15142607913346,"adidas-gazelle-indoor-preloved-yellow","adidas Gazelle Indoor Preloved Yellow",1186
2026-07-16T14:53:02.089Z,gid://shopify/Product/15142608765314,"adidas-gazelle-indoor-west-nyc-wizard","adidas Gazelle Indoor West NYC Wizard",1106
2026-07-16T14:53:02.089Z,gid://shopify/Product/15142612861314,"adidas-handball-spezial-collegiate-navy-clear-sky-gum-gs","adidas Handball Spezial Collegiate Navy Clear Sky Gum (GS)",1372
2026-07-16T14:53:02.089Z,gid://shopify/Product/15142841811330,"adidas-handball-spezial-sporty-and-rich-dark-green","adidas Handball Spezial Sporty & Rich Dark Green",1318
2026-07-16T14:53:02.089Z,gid://shopify/Product/15142844727682,"adidas-predator-elite-foldover-tongue-fg-goal-hunter-pack","adidas Predator Elite Foldover Tongue FG Goal Hunter Pack",1333
2026-07-16T14:53:02.090Z,gid://shopify/Product/15142851019138,"adidas-yeezy-nsltd-bt-khaki","adidas Yeezy NSLTD Boot Khaki",757
2026-07-16T14:53:02.090Z,gid://shopify/Product/15142852362626,"air-jordan-1-high-zoom-air-cmft-2-teyana-taylor-a-rose-from-harlem-womens","Jordan 1 High Zoom Air CMFT 2 Teyana Taylor A Rose From Harlem (Women's)",900
2026-07-16T14:53:02.090Z,gid://shopify/Product/15142853149058,"air-jordan-1-low-ashen-slate","Jordan 1 Low Ashen Slate",975
2026-07-16T14:53:02.090Z,gid://shopify/Product/15142853935490,"air-jordan-1-low-fire-pink-gs","Jordan 1 Low Fire Pink (GS)",1166
2026-07-16T14:53:02.090Z,gid://shopify/Product/15142854885762,"air-jordan-1-low-patent-valentines-day-womens","Jordan 1 Low Patent Valentine's Day (Women's)",1365
2026-07-16T14:53:02.090Z,gid://shopify/Product/15142855508354,"air-jordan-1-low-quai54-2020","Jordan 1 Low Quai 54 (2020)",914
2026-07-16T14:53:02.090Z,gid://shopify/Product/15142856688002,"air-jordan-1-low-se-black-turf-orange","Jordan 1 Low SE Black Turf Orange",1353
2026-07-16T14:53:02.090Z,gid://shopify/Product/15142857900418,"air-jordan-1-low-se-hemp-light-british-tan","Jordan 1 Low SE Hemp Light British Tan",1304
2026-07-16T14:53:02.090Z,gid://shopify/Product/15142858883458,"air-jordan-1-low-se-paw-print-pink-foam-womens","Jordan 1 Low SE Paw Print Pink Foam (Women's)",1355
2026-07-16T14:53:02.090Z,gid://shopify/Product/15142859506050,"air-jordan-1-low-se-white-fire-red-black-matte-silver","Jordan 1 Low SE White Fire Red Black Matte Silver",1326
2026-07-16T14:53:02.090Z,gid://shopify/Product/15142860587394,"air-jordan-1-low-white-light-bordeaux-gs","Jordan 1 Low White Light Bordeaux (GS)",1267
2026-07-16T14:53:02.090Z,gid://shopify/Product/15142861668738,"air-jordan-1-mid-barcelona-sweater","Jordan 1 Mid Barcelona Sweater Red Patent",903
2026-07-16T14:53:02.090Z,gid://shopify/Product/15142862487938,"air-jordan-1-mid-chenille-bleached-turquoise-womens","Jordan 1 Mid Chenille Bleached Turquoise (Women's)",1442
2026-07-16T14:53:02.090Z,gid://shopify/Product/15142863372674,"air-jordan-1-mid-fleece-pearl-white-gs","Jordan 1 Mid Utility Fleece Pearl White (GS)",1127
2026-07-16T14:53:02.090Z,gid://shopify/Product/15142864421250,"air-jordan-1-mid-se-craft-anthracite-light-olive","Jordan 1 Mid SE Craft Anthracite Light Olive",1542
2026-07-16T14:53:02.090Z,gid://shopify/Product/15142865371522,"air-jordan-1-mid-unc-to-chicago-gs","Jordan 1 Mid Sneaker School NC to Chicago (GS)",1189
2026-07-16T14:53:02.090Z,gid://shopify/Product/15142866059650,"air-jordan-1-retro-high-gatorade-rush-violet","Jordan 1 Retro High Gatorade Rush Violet",997
2026-07-16T14:53:02.090Z,gid://shopify/Product/15142866878850,"air-jordan-1-retro-low-golf-phantom-volt","Jordan 1 Retro Low Golf Phantom Volt",1237
2026-07-16T14:53:02.091Z,gid://shopify/Product/15142916456834,"oculus-quest-2-256gb-white","Meta (Oculus) Quest 2 256GB VR Headset (US Plug) 301-00351-02 White",982
2026-07-16T14:53:02.091Z,gid://shopify/Product/15142928810370,"birkenstock-arizona-softbed-taupe","Birkenstock Arizona Soft Footbed Suede Taupe",1247
2026-07-16T14:53:02.091Z,gid://shopify/Product/15142939885954,"timberland-mid-pull-on-boot-x-telfar-wheat","Timberland Mid Pull On Boot x Telfar Wheat",1133
2026-07-16T14:53:02.091Z,gid://shopify/Product/15142941032834,"air-jordan-5-retro-medium-soft-pink-gs","Jordan 5 Retro Medium Soft Pink (GS)",1153
2026-07-16T14:53:02.091Z,gid://shopify/Product/15142941819266,"air-jordan-trunner-o-s-black-cat","Jordan Trunner O/S Black Cat",1073
2026-07-16T14:53:02.091Z,gid://shopify/Product/15142943392130,"adidas-taekwondo-mei-song-for-the-mute-black-white-womens","adidas Taekwondo Mei Song for the Mute Black White (Women's)",1226
2026-07-16T14:54:57.877Z,gid://shopify/Product/15144479031682,"adidas-samba-wales-bonner-cream-white","adidas Samba Wales Bonner Cream White",1088
2026-07-16T14:54:57.881Z,gid://shopify/Product/15155287097730,"ugg-classic-mini-dipper-boot-chestnut-womens","UGG Classic Mini Dipper Boot Chestnut (Women's)",1020
2026-07-16T14:54:57.881Z,gid://shopify/Product/15158194012546,"jordan-1-retro-unc-gs","Jordan 1 Retro High OG UNC (GS)",1207
2026-07-16T14:54:57.881Z,gid://shopify/Product/15158273573250,"meta-quest-3s-256gb-vr-headset-us-plug-sk-1000209-01","Meta Quest 3S 256GB VR Headset (US Plug) SK-1000209-01",1110
2026-07-16T14:54:57.881Z,gid://shopify/Product/15161371492738,"air-jordan-4-retro-cave-stone-ps","Jordan 4 Retro Cave Stone (PS)",1041
2026-07-16T14:54:57.881Z,gid://shopify/Product/15161375162754,"air-jordan-9-retro-pearl-blue","Jordan 9 Retro Pearl Blue",698
2026-07-16T14:54:57.881Z,gid://shopify/Product/15161375883650,"air-jordan-36-low-luka-doncic-pe","Jordan 36 Low Luka Doncic PE",1041
2026-07-16T14:54:57.881Z,gid://shopify/Product/15162638631298,"2024-topps-disney-chrome-hobby-box","2024 Topps Disney Chrome Hobby Box",1041
2026-07-16T14:54:57.881Z,gid://shopify/Product/15162665140610,"gundam-x-nike-sb-unicorn-qmsv-rx-0-gundam-02-destory-mode-mini-action-figure","Bandai Gundam x Nike SB Unicorn QMSV RX-0 Banshee 02 (Destroy Mode) Action Figure",704
2026-07-16T14:54:57.881Z,gid://shopify/Product/15162676937090,"bratz-x-karol-g-doll","Bratz x Karol G Doll",848
2026-07-16T14:54:57.881Z,gid://shopify/Product/15162712293762,"dropx-exclusive-enterbay-michael-jordan-all-star-1993-edition","DropX™ Exclusive: Enterbay Michael Jordan All-Star 1993 Edition 1/6 Real Masterpiece Action Figure (Limited Edition 1500 Sets)",874
2026-07-16T14:54:57.881Z,gid://shopify/Product/15162722320770,"off-white-short-industrial-belt-yellow-black","OFF-WHITE Short Industrial Belt Yellow/Black",853
2026-07-16T14:54:57.882Z,gid://shopify/Product/15162724417922,"air-jordan-12-retro-taxi-flip-gs","Jordan 12 Retro Taxi Flip (GS)",1226
2026-07-16T14:54:57.882Z,gid://shopify/Product/15162724745602,"new-balance-1000-black-silver-metallic","New Balance 1000 Black Silver Metallic",1068
2026-07-16T14:54:57.882Z,gid://shopify/Product/15162725040514,"new-balance-550-burgundy-cyan","New Balance 550 Burgundy Cyan",743
2026-07-16T14:54:57.882Z,gid://shopify/Product/15162725400962,"new-balance-327-sea-salt-rust-oxide-w","New Balance 327 Sea Salt Rust Oxide (Women's)",961
2026-07-16T14:54:57.882Z,gid://shopify/Product/15162725695874,"new-balance-550-navy-blue","New Balance 550 Navy Blue",807
2026-07-16T14:54:57.882Z,gid://shopify/Product/15162726384002,"new-balance-1906r-white-black-metallic","New Balance 1906R White Black Metallic",1165
2026-07-16T14:54:57.882Z,gid://shopify/Product/15163558166914,"lego-stranger-things-the-upside-down-set-75810","LEGO Stranger Things The Upside Down Set 75810",625
2026-07-16T14:54:57.882Z,gid://shopify/Product/15163558461826,"lego-architecture-san-francisco-set-21043","LEGO Architecture San Francisco Set 21043",742
2026-07-16T14:54:57.882Z,gid://shopify/Product/15163558723970,"lego-star-wars-ultimate-collector-series-at-at-set-75313-gray","LEGO Star Wars Ultimate Collector Series AT-AT Set 75313",888
2026-07-16T14:54:57.882Z,gid://shopify/Product/15163558920578,"lego-batman-1989-batmobile-set-76139","LEGO DC Batman 1989 Batmobile Set 76139",770
2026-07-16T14:54:57.882Z,gid://shopify/Product/15163559182722,"lego-super-mario-64-block-set-71395-yellow","LEGO Super Mario 64 ? Block Set 71395",724
2026-07-16T14:54:57.882Z,gid://shopify/Product/15163559412098,"lego-super-mario-the-mighty-bowser-set-71411","LEGO Super Mario The Mighty Bowser Set 71411",952
2026-07-16T14:54:57.882Z,gid://shopify/Product/15163559608706,"lego-ideas-disney-hocus-pocus-the-sanderson-sisters-cottage-set-21341","LEGO Ideas Disney Hocus Pocus: The Sanderson Sisters' Cottage Set 21341",1156
2026-07-16T14:54:57.882Z,gid://shopify/Product/15163559805314,"lego-ideas-jaws-set-21350","LEGO IDEAS Jaws Set 21350",1107
2026-07-16T14:54:57.882Z,gid://shopify/Product/15163560001922,"lego-star-wars-mandalorian-starfighter-set-75316","LEGO Star Wars Mandalorian Starfighter Set 75316",861
2026-07-16T14:54:57.882Z,gid://shopify/Product/15163560264066,"lego-architecture-neuschwanstein-castle-27999","LEGO Architecture Neuschwanstein Castle Set 21063",1238
2026-07-16T14:54:57.882Z,gid://shopify/Product/15163560558978,"lego-ideas-bts-dynamite-set-21339","LEGO Ideas BTS Dynamite Set 21339",917
2026-07-16T14:54:57.882Z,gid://shopify/Product/15163560853890,"lego-one-piece-the-baratie-floating-restaurant-set-75640","LEGO One Piece The Baratie Floating Restaurant Set 75640",1299
2026-07-16T14:54:57.882Z,gid://shopify/Product/15163561279874,"lego-marvel-avengers-tower-set-76269","LEGO Marvel Avengers Tower Set 76269",1311
2026-07-16T14:54:57.882Z,gid://shopify/Product/15163561476482,"lego-ideas-fender-stratocaster-set-21329-red-black","LEGO Ideas Fender Stratocaster Set 21329 Red/Black",932
2026-07-16T14:54:57.882Z,gid://shopify/Product/15163561771394,"lego-creator-manchester-united-stadium-set-10272","LEGO Creator Manchester United - Old Trafford Stadium Set 10272",962
2026-07-16T14:54:57.882Z,gid://shopify/Product/15163561968002,"lego-creator-corner-garage-set-10264","LEGO Creator Corner Garage Set 10264",1073
2026-07-16T14:54:57.882Z,gid://shopify/Product/15163562262914,"lego-city-arctic-explorer-ship-set-60368","LEGO City Arctic Explorer Ship Set 60368",1346
2026-07-16T14:54:57.882Z,gid://shopify/Product/15163562525058,"lego-city-express-passenger-train-set-60337","LEGO City Express Passenger Train Set 60337",670
2026-07-16T14:54:57.883Z,gid://shopify/Product/15163562819970,"lego-123-sesame-street-set-21324","LEGO Ideas 123 Sesame Street Set 21324",824
2026-07-16T14:54:57.883Z,gid://shopify/Product/15163563114882,"lego-creator-winter-village-fire-station-set-10263","LEGO Creator Winter Village Fire Station Set 10263",887
2026-07-16T14:54:57.883Z,gid://shopify/Product/15163563344258,"lego-ideas-wall-e-set-21303","LEGO Ideas Wall-E Set 21303",746
2026-07-16T14:54:57.883Z,gid://shopify/Product/15163563573634,"lego-world-map-31203","LEGO World Map Set 31203",830
2026-07-16T14:56:20.330Z,gid://shopify/Product/15163563770242,"lego-pet-shop-set-10218","LEGO Creator Pet Shop Set 10218",687
2026-07-16T14:56:20.336Z,gid://shopify/Product/15163563966850,"lego-creator-volkswagen-beetle-set-10252","LEGO Creator Volkswagen Beetle Set 10252",812
2026-07-16T14:56:20.337Z,gid://shopify/Product/15163564196226,"lego-holiday-main-street-set-10308","LEGO Winter Village Holiday Main Street Set 10308",661
2026-07-16T14:56:20.337Z,gid://shopify/Product/15163564425602,"lego-ferarri-488-gte-af-corse-51-set-42125","LEGO Technic Ferarri 488 GTE ""AF Corse #51"" Set 42125",806
2026-07-16T14:56:20.337Z,gid://shopify/Product/15163564720514,"lego-ferrari-f40-set-10248","LEGO Creator Ferrari F40 Set 10248",740
2026-07-16T14:56:20.337Z,gid://shopify/Product/15163565080962,"lego-marvel-studios-black-panther-set-76215","LEGO Marvel Studios Black Panther Set 76215",744
2026-07-16T14:56:20.337Z,gid://shopify/Product/15163565080962,"lego-marvel-studios-black-panther-set-76215","LEGO Marvel Studios Black Panther Set 76215",759
2026-07-16T14:56:20.337Z,gid://shopify/Product/15163565277570,"lego-star-wars-death-star-set-10188","LEGO Star Wars Death Star Set 10188",781
2026-07-16T14:56:20.338Z,gid://shopify/Product/15163565474178,"lego-star-wars-ultimate-collector-series-luke-skywalkers-landspeeder-set-75341","LEGO Star Wars Ultimate Collector Series Luke Skywalker's Landspeeder Set 75341",832
2026-07-16T14:56:20.338Z,gid://shopify/Product/15163565736322,"lego-star-wars-luke-skywalker-red-five-helmet-set-75327","LEGO Star Wars Luke Skywalker (Red Five) Helmet Set 75327",766
2026-07-16T14:56:20.338Z,gid://shopify/Product/15163565965698,"lego-creator-vestas-wind-turbine-set-10268","LEGO Creator Vestas Wind Turbine Set 10268",794
2026-07-16T14:56:20.338Z,gid://shopify/Product/15163566227842,"lego-star-wars-at-te-walker-set-75337","LEGO Star Wars AT-TE Walker Set 75337",832
2026-07-16T14:56:20.338Z,gid://shopify/Product/15163566457218,"lego-star-wars-tie-fighter-set-75095","LEGO Star Wars TIE Fighter Set 75095",864
2026-07-16T14:56:20.338Z,gid://shopify/Product/15163566817666,"lego-art-elvis-presley-the-king-set-31204","LEGO Art Elvis Presley ""The King"" Set 31204",621
2026-07-16T14:56:20.338Z,gid://shopify/Product/15163567014274,"lego-creator-nasa-apollo-11-lunar-lander-set-10266","LEGO Creator NASA Apollo 11 Lunar Lander Set 10266",723
2026-07-16T14:56:20.338Z,gid://shopify/Product/15163567341954,"lego-marvel-super-heroes-iron-man-helmet-set-76165","LEGO Marvel Studios Iron Man Helmet Set 76165",704
2026-07-16T14:56:20.338Z,gid://shopify/Product/15163567931778,"lego-star-wars-general-grievous-set-75112","LEGO Star Wars General Grievous Set 75112",734
2026-07-16T14:56:20.338Z,gid://shopify/Product/15163568488834,"lego-technic-yamaha-mt-10-sp-set-42159","LEGO Technic Yamaha MT-10 SP Set 42159",802
2026-07-16T14:56:20.338Z,gid://shopify/Product/15163568980354,"lego-star-wars-bb-8-2017-set-75187","LEGO Star Wars BB-8 (2017) Set 75187",869
2026-07-16T14:56:20.338Z,gid://shopify/Product/15163569242498,"lego-technic-peugeot-9x8-24h-le-mans-hybrid-hypercar-set-42156-sponsored-true","LEGO Technic PEUGEOT 9x8 24H Le Mans Hybrid Hypercar Set 42156",956
2026-07-16T14:56:20.338Z,gid://shopify/Product/15163569668482,"lego-star-wars-imperial-light-cruiser-set-75315","LEGO Star Wars Imperial Light Cruiser Set 75315",799
2026-07-16T14:56:20.338Z,gid://shopify/Product/15163569897858,"lego-scooby-doo-mystery-mansion-set-75904","LEGO Scooby-Doo Mystery Mansion Set 75904",835
2026-07-16T14:56:20.338Z,gid://shopify/Product/15163570225538,"lego-star-wars-princess-leia-boushh-helmet-set-75351","LEGO Star Wars Princess Leia (Boushh) Helmet Set 75351",1084
2026-07-16T14:56:20.338Z,gid://shopify/Product/15163570553218,"lego-star-wars-r2-d2-set-75379","LEGO Star Wars R2-D2 Set 75379",925
2026-07-16T14:56:20.339Z,gid://shopify/Product/15163570782594,"lego-star-wars-b-wing-starfighter-set-10227","LEGO Star Wars B-Wing Starfighter Set 10227",790
2026-07-16T14:56:20.339Z,gid://shopify/Product/15163571143042,"lego-technic-mobile-crane-mk-ii-set-42009","LEGO Technic Mobile Crane MK II Set 42009",738
2026-07-16T14:56:20.339Z,gid://shopify/Product/15163571470722,"lego-star-wars-the-justifier-set-75323","LEGO Star Wars The Justifier Set 75323",842
2026-07-16T14:56:20.339Z,gid://shopify/Product/15163571732866,"lego-harry-potter-the-burrow-collectors-edition-set-76437","LEGO Harry Potter The Burrow Collectors' Edition Set 76437",893
2026-07-16T14:56:20.339Z,gid://shopify/Product/15163571929474,"lego-star-wars-yoda-set-75255","LEGO Star Wars Yoda Set 75255",852
2026-07-16T14:56:20.339Z,gid://shopify/Product/15163572486530,"lego-creator-carousel-2017-set-10257","LEGO Creator Carousel 2017 Set 10257",780
2026-07-16T14:56:20.339Z,gid://shopify/Product/15163572846978,"lego-harry-potter-hogwarts-express-set-75955","LEGO Harry Potter Hogwarts Express Set 75955",942
2026-07-16T14:56:20.339Z,gid://shopify/Product/15163573240194,"lego-star-wars-betrayal-at-cloud-city-set-75222","LEGO Star Wars Betrayal at Cloud City Set 75222",731
2026-07-16T14:56:20.339Z,gid://shopify/Product/15163573600642,"lego-city-passenger-train-set-60197","LEGO City Passenger Train Set 60197",838
2026-07-16T14:56:20.339Z,gid://shopify/Product/15163573895554,"lego-marvel-infinity-saga-the-guardians-ship-set-76193","LEGO Marvel Infinity Saga The Guardians Ship Set 76193",772
2026-07-16T14:56:20.339Z,gid://shopify/Product/15163574223234,"lego-scooby-doo-the-mystery-machine-set-75902","LEGO Scooby Doo The Mystery Machine Set 75902",657
2026-07-16T14:56:20.339Z,gid://shopify/Product/15163574714754,"lego-dc-batman-batman-classic-tv-series-batmobile-set-76188","LEGO DC Batman - Batman Classic TV Series Batmobile Set 76188",1193
2026-07-16T14:56:20.339Z,gid://shopify/Product/15163575304578,"lego-sanctum-sanctorum-showdown-set-76108","LEGO Marvel Super Heroes Sanctum Sanctorum Showdown Set 76108",808
2026-07-16T14:56:20.340Z,gid://shopify/Product/15163575599490,"lego-technic-bucket-wheel-excavator-set-42055","LEGO Technic Bucket Wheel Excavator Set 42055",711
2026-07-16T14:56:20.340Z,gid://shopify/Product/15163576123778,"lego-marvel-spider-mans-mask-set-76285","LEGO Marvel Spider-Man's Mask Set 76285",869
2026-07-16T14:56:20.340Z,gid://shopify/Product/15163576680834,"lego-batman-arkham-asylum-29999","LEGO Batman Arkham Asylum Set 76300",1001
2026-07-16T14:56:20.340Z,gid://shopify/Product/15163577467266,"lego-disney-walt-disney-tribute-camera-set-43230","LEGO Disney Walt Disney Tribute Camera Set 43230",983
2026-07-16T14:57:52.464Z,gid://shopify/Product/15163578417538,"lego-star-wars-millennium-falcon-set-7965","LEGO Star Wars Millennium Falcon Set 7965",826
2026-07-16T14:57:52.469Z,gid://shopify/Product/15163579728258,"lego-star-wars-darth-vader-meditation-chamber-set-75296-black","LEGO Star Wars Darth Vader Meditation Chamber Set 75296 Black",710
2026-07-16T14:57:52.470Z,gid://shopify/Product/15163580842370,"lego-ocean-exploration-ship-set-60266","LEGO City Ocean Exploration Ship Set 60266",584
2026-07-16T14:57:52.470Z,gid://shopify/Product/15163581759874,"lego-harry-potter-hogwarts-castle-the-great-hall-set-76435-xpress-ship-standard-sponsored-true","LEGO Harry Potter Hogwarts Castle: The Great Hall Set 76435",734
2026-07-16T14:57:52.470Z,gid://shopify/Product/15163582677378,"lego-santas-sleigh-set-40499","LEGO Santas Sleigh Set 40499",569
2026-07-16T14:57:52.470Z,gid://shopify/Product/15163583398274,"lego-ideas-red-london-telephone-box-set-21347","LEGO Ideas Red London Telephone Box Set 21347",642
2026-07-16T14:57:52.470Z,gid://shopify/Product/15163584971138,"lego-marvel-super-heroes-x-men-vs-the-sentinel-set-76022","LEGO Marvel Super Heroes X-Men vs. The Sentinel Set 76022",767
2026-07-16T14:57:52.470Z,gid://shopify/Product/15163586937218,"lego-forest-hideout-castle-system-set-40567","LEGO Forest Hideout Castle System Set 40567",579
2026-07-16T14:57:52.470Z,gid://shopify/Product/15163589493122,"lego-star-wars-mandalorian-fang-fighter-vs-tie-interceptor-set-75348","LEGO Star Wars Mandalorian Fang Fighter vs Tie Interceptor Set 75348",810
2026-07-16T14:57:52.470Z,gid://shopify/Product/15163593326978,"lego-star-wars-kylo-rens-tie-fighter-set-75179","LEGO Star Wars Kylo Ren's TIE Fighter Set 75179",822
2026-07-16T14:57:52.470Z,gid://shopify/Product/15163594539394,"lego-star-wars-at-te-set-75019","LEGO Star Wars AT-TE Set 75019",624
2026-07-16T14:57:52.471Z,gid://shopify/Product/15163595522434,"lego-star-wars-at-te-walker-set-7675","LEGO Star Wars AT-TE Walker Set 7675",765
2026-07-16T14:57:52.471Z,gid://shopify/Product/15163595981186,"lego-star-wars-ultimate-collectors-millennium-falcon-set-10179","LEGO Star Wars Ultimate Collector's Millennium Falcon Set 10179",910
2026-07-16T14:57:52.471Z,gid://shopify/Product/15163596800386,"lego-star-wars-lars-family-homestead-kitchen-set-40531","LEGO Star Wars Lars Family Homestead Kitchen Set 40531",723
2026-07-16T14:57:52.471Z,gid://shopify/Product/15163602796930,"lego-star-wars-x-wing-starfighter-set-75218","LEGO Star Wars X-wing Starfighter Set 75218",756
2026-07-16T14:57:52.471Z,gid://shopify/Product/15169088160130,"nike-kobe-9-elite-low-protro-michael-jackson-moonwalker-2025","Nike Kobe 9 Elite Low Protro Michael Jackson Moonwalker (2025)",860
2026-07-16T14:57:52.471Z,gid://shopify/Product/15169089700226,"adidas-samba-jane-black-white-gum-womens","adidas Samba Jane Black White Gum (Women's)",1040
2026-07-16T14:57:52.471Z,gid://shopify/Product/15169090552194,"ugg-zora-ballet-flat-chestnut-womens","UGG Zora Ballet Flat Chestnut (Women's)",757
2026-07-16T14:57:52.471Z,gid://shopify/Product/15169092157826,"asics-gel-nyc-cloud-grey-cement-grey","ASICS Gel-NYC Cloud Grey Cement Grey",949
2026-07-16T14:57:52.471Z,gid://shopify/Product/15169093566850,"asics-gel-kayano-14-soft-yellow-asics-blue","ASICS Gel-Kayano 14 Soft Yellow Asics Blue",930
2026-07-16T14:57:52.472Z,gid://shopify/Product/15169094287746,"asics-gel-1130-steel-grey-black","ASICS Gel-1130 Steel Grey Black",869
2026-07-16T14:57:52.472Z,gid://shopify/Product/15170253816194,"nike-vomero-premium-black-volt","Nike Vomero Premium Black Volt",812
2026-07-16T14:57:52.472Z,gid://shopify/Product/15170254111106,"nike-air-max-90-san-francisco-49ers","Nike Air Max 90 San Francisco 49ers",912
2026-07-16T14:57:52.472Z,gid://shopify/Product/15170254340482,"nike-air-max-90-new-york-jets","Nike Air Max 90 New York Jets",941
2026-07-16T14:57:52.472Z,gid://shopify/Product/15170254733698,"nike-air-max-95-zip-sp-loyal-blue","Nike Air Max 95 Zip SP Loyal Blue",1039
2026-07-16T14:57:52.472Z,gid://shopify/Product/15170255389058,"nike-air-force-1-low-ja-morant-let-me-be-ja","Nike Air Force 1 Low Ja Morant Let Me Be Ja",1032
2026-07-16T14:57:52.472Z,gid://shopify/Product/15170256044418,"air-jordan-1-mid-blue-void","Jordan 1 Mid Blue Void",1017
2026-07-16T14:57:52.472Z,gid://shopify/Product/15170256339330,"air-jordan-1-low-se-cozy-girl-womens","Jordan 1 Low SE Cozy Girl (Women's)",964
2026-07-16T14:57:52.472Z,gid://shopify/Product/15171717661058,"air-jordan-1-low-se-ghost-pearlized-quilt-womens","Jordan 1 Low SE Ghost Pearlized Quilt (Women's)",1025
2026-07-16T14:57:52.473Z,gid://shopify/Product/15171723035010,"new-balance-1300jp-miusa-mirage-grey","New Balance 1300JP MiUSA Mirage Grey",813
2026-07-16T14:57:52.473Z,gid://shopify/Product/15171723755906,"new-balance-1000-silver-reflective","New Balance 1000 Silver Reflective",865
2026-07-16T14:57:52.473Z,gid://shopify/Product/15171724444034,"new-balance-990v6-miusa-white-sea-salt","New Balance 990v6 MiUSA White Sea Salt",912
2026-07-16T14:57:52.473Z,gid://shopify/Product/15171725033858,"new-balance-650r-triple-white","New Balance 650R Triple White",1107
2026-07-16T14:57:52.473Z,gid://shopify/Product/15173315658114,"new-balance-2002r-conversations-amongst-us","New Balance 2002R Joe Freshgoods Conversations Amongst Us",1014
2026-07-16T14:57:52.473Z,gid://shopify/Product/15173316084098,"new-balance-993-miusa-teddy-santis-olive-leaf-maize","New Balance 993 MiUSA Teddy Santis Olive Leaf Maize",794
2026-07-16T14:57:52.473Z,gid://shopify/Product/15173316346242,"new-balance-327-white-black-pink-womens","New Balance 327 White Black Pink (Women's)",873
2026-07-16T14:57:52.473Z,gid://shopify/Product/15173316706690,"new-balance-9060-joe-freshgoods-inside-voices-penny-cookie-pink","New Balance 9060 Joe Freshgoods Inside Voices Penny Cookie Pink",798
2026-07-16T14:57:52.473Z,gid://shopify/Product/15173316968834,"new-balance-574-navy-white-beige","New Balance 574 Navy White Beige",1143
2026-07-16T14:57:52.473Z,gid://shopify/Product/15173317394818,"new-balance-550-white-purple-w","New Balance 550 White Dark Mercury (Women's)",984
2026-07-16T14:57:52.473Z,gid://shopify/Product/15174846513538,"new-balance-580-kith-malibu","New Balance 580 Kith Malibu",1098
2026-07-16T14:59:33.394Z,gid://shopify/Product/15174846972290,"new-balance-990v3-miusa-teddy-santis-khaki-orange","New Balance 990v3 MiUSA Teddy Santis Khaki Orange",1033
2026-07-16T14:59:33.399Z,gid://shopify/Product/15174849331586,"new-balance-1906r-pink-taffy","New Balance 1906R Pink Taffy",997
2026-07-16T14:59:33.399Z,gid://shopify/Product/15176952119682,"air-jordan-4-retro-se-craft-medium-olive-bcfm","Jordan 4 Retro SE Craft Medium Olive %",986
2026-07-16T14:59:33.399Z,gid://shopify/Product/15176954642818,"air-jordan-4-retro-vivid-sulfur-womens-bcfm","Jordan 4 Retro Vivid Sulfur (Women's) %",915
2026-07-16T14:59:33.399Z,gid://shopify/Product/15176957395330,"air-jordan-1-retro-high-dark-mocha-bcfm","Jordan 1 Retro High Dark Mocha %",954
2026-07-16T14:59:33.399Z,gid://shopify/Product/15176960639362,"air-jordan-1-mid-aquatone-gs-bcfm","Jordan 1 Mid Aquatone (GS) %",999
2026-07-16T14:59:33.399Z,gid://shopify/Product/15176963588482,"air-air-jordan-1-mid-taxi-gs","Jordan 1 Mid Taxi (GS) %",851
2026-07-16T14:59:33.399Z,gid://shopify/Product/15176966865282,"adidas-campus-00s-dark-green-cloud-white-bcfm","adidas Campus 00s Dark Green Cloud White %",935
2026-07-16T14:59:33.399Z,gid://shopify/Product/15176969191810,"air-jordan-1-mid-hyper-royal-gs-bcfm","Jordan 1 Mid Hyper Royal (GS) %",853
2026-07-16T14:59:33.399Z,gid://shopify/Product/15176974074242,"nike-air-max-dn-black-metallic-grey-bcfm","Nike Air Max Dn Black Metallic Grey %",927
2026-07-16T14:59:33.399Z,gid://shopify/Product/15176976499074,"nike-dunk-low-grey-fog-bcfm","Nike Dunk Low Grey Fog %",539
2026-07-16T14:59:33.399Z,gid://shopify/Product/15177098133890,"nike-sb-dunk-low-green-apple-bcfm","Nike SB Dunk Low Green Apple %",736
2026-07-16T14:59:33.399Z,gid://shopify/Product/15177104261506,"new-balance-550-white-pink-gs-bcfm","New Balance 550 White Pink Sea Salt (GS) %",816
2026-07-16T14:59:33.399Z,gid://shopify/Product/15177111634306,"ugg-lowmel-sand-kids-bcfm","UGG Lowmel Sand (Kids) %",917
2026-07-16T14:59:33.400Z,gid://shopify/Product/15180207718786,"the-north-face-1996-retro-nuptse-700-fill-packable-jacket-wasabi-ice","The North Face 1996 Retro Nuptse 700 Fill Packable Jacket Wasabi Ice",1176
2026-07-16T14:59:33.400Z,gid://shopify/Product/15180207948162,"kaws-x-the-north-face-nuptse-jacket-blue-purple","KAWS x The North Face Retro 1996 Jacket Monterey Blue Nuptse Print",560
2026-07-16T14:59:33.400Z,gid://shopify/Product/15180208243074,"the-north-face-1996-retro-nuptse-vest-recycled-black","The North Face 1996 Retro Nuptse Vest Recycled Black",1035
2026-07-16T14:59:33.400Z,gid://shopify/Product/15180208439682,"the-north-face-1996-retro-nuptse-700-fill-packable-jacket-tnf-black-block-camo-print-tnf-black","The North Face 1996 Retro Nuptse 700 Fill Packable Jacket TNF Black Block Camo Print/TNF Black",1117
2026-07-16T14:59:33.400Z,gid://shopify/Product/15180208669058,"aime-leon-dore-x-the-north-face-borealis-classic-backpack-black","Aime Leon Dore x The North Face Borealis Classic Backpack Black",1120
2026-07-16T14:59:33.400Z,gid://shopify/Product/15180209422722,"supreme-umbro-gradient-track-jacket-black","Supreme Umbro Gradient Track Jacket Black",968
2026-07-16T14:59:33.400Z,gid://shopify/Product/15180209717634,"jordan-x-travis-scott-cactus-jack-womens-leather-jacket-archaeo-brown","Jordan x Travis Scott Cactus Jack Women's Leather Jacket Archaeo Brown",1235
2026-07-16T14:59:33.400Z,gid://shopify/Product/15180210995586,"travis-scott-cactus-jack-x-jordan-woven-jacket-black","Travis Scott x Jordan Woven Jacket Black",1106
2026-07-16T14:59:33.400Z,gid://shopify/Product/15180211224962,"fc-barcelona-x-nike-kobe-bryant-gx-jacket-black-purple","FC Barcelona x Nike Kobe Bryant GX Jacket Black/Purple",1000
2026-07-16T14:59:33.400Z,gid://shopify/Product/15180212208002,"new-balance-740v2-grey-matter-dark-alpine-green","New Balance 740v2 Grey Matter Dark Alpine Green",1163
2026-07-16T14:59:33.400Z,gid://shopify/Product/15180213092738,"new-balance-2002r-grey-brown-pouch","New Balance 2002R Grey Brown Pouch",1119
2026-07-16T14:59:33.400Z,gid://shopify/Product/15184266920322,"new-balance-2002r-rain-cloud-grey-matter-white-green","New Balance 2002R Rain Cloud Grey Matter White Green",1215
2026-07-16T14:59:33.400Z,gid://shopify/Product/15184269377922,"new-balance-2010-kith-purple-black","New Balance 2010 Kith Purple Black",1100
2026-07-16T14:59:33.400Z,gid://shopify/Product/15184269574530,"new-balance-2002r-grey","New Balance 2002R Grey",1106
2026-07-16T14:59:33.400Z,gid://shopify/Product/15184269902210,"new-balance-9060-black-grey-ps","New Balance 9060 Black Castlerock (PS)",926
2026-07-16T14:59:33.400Z,gid://shopify/Product/15184270164354,"new-balance-1906d-protection-pack-eclipse","New Balance 1906D Protection Pack Eclipse",1237
2026-07-16T14:59:33.400Z,gid://shopify/Product/15184270655874,"new-balance-740v2-heron-blue-vintage-indigo","New Balance 740v2 Heron Blue Vintage Indigo",1048
2026-07-16T14:59:33.400Z,gid://shopify/Product/15185559650690,"air-jordan-1-low-panda-2023-womens","Jordan 1 Low Panda (Women's)",1103
2026-07-16T14:59:33.400Z,gid://shopify/Product/15185564008834,"nike-air-force-1-low-07-fresh-white","Nike Air Force 1 Low '07 Fresh White",936
2026-07-16T14:59:33.401Z,gid://shopify/Product/15185583931778,"air-jordan-1-low-se-reverse-ice-blue-w","Jordan 1 Low SE Reverse Ice Blue (Women's)",967
2026-07-16T14:59:33.401Z,gid://shopify/Product/15185586094466,"air-jordan-1-mid-aquatone-gs","Jordan 1 Mid Aquatone (GS)",1011
2026-07-16T14:59:33.401Z,gid://shopify/Product/15185602937218,"off-white-industrial-belt-ss19-green-grey","OFF-WHITE Industrial Belt (SS19) Green/Grey",904
2026-07-16T14:59:33.401Z,gid://shopify/Product/15187346260354,"funko-pop-basketball-nba-chicago-bulls-michael-jordan-bait-exclusive-figure-126","Funko Pop! Basketball NBA Chicago Bulls Michael Jordan Bait Exclusive Figure #126",802
2026-07-16T14:59:33.401Z,gid://shopify/Product/15191122510210,"lego-icons-star-trek-uss-enterprise-ncc-1701-d-set-10356","LEGO Icons Star Trek: U.S.S Enterprise NCC-1701-D Set 10356",865
2026-07-16T14:59:33.401Z,gid://shopify/Product/15191123165570,"lego-star-wars-cloud-city-set-10123","LEGO Star Wars Cloud City Set 10123",953
2026-07-16T14:59:33.401Z,gid://shopify/Product/15191123820930,"adidas-ultra-boost-lego-color-pack-red","adidas Ultra Boost LEGO Color Pack Red",1187
2026-07-16T15:03:21.754Z,gid://shopify/Product/15191125098882,"adidas-ultra-boost-lego-color-pack-yellow","adidas Ultra Boost LEGO Color Pack Yellow",1170
2026-07-16T15:03:21.758Z,gid://shopify/Product/15191127327106,"lego-the-brick-moulding-machine-set-40502-green","LEGO The Brick Moulding Machine Set 40502 Green",1167
2026-07-16T15:03:21.758Z,gid://shopify/Product/15191582409090,"2023-bandai-one-piece-card-game-awakening-of-the-new-era-booster-box-op-05-english","2023 Bandai One Piece Card Game Awakening of the New Era Booster Box (OP-05) English",744
2026-07-16T15:03:21.759Z,gid://shopify/Product/15191583129986,"2025-magic-the-gathering-universes-beyond-final-fantasy-collector-booster-box","2025 Magic: The Gathering Universes Beyond: Final Fantasy Collector Booster Box",874
2026-07-16T15:03:21.759Z,gid://shopify/Product/15191584473474,"2025-pokemon-scarlet-violet-black-bolt-elite-trainer-box-4x-lot","2025 Pokémon Scarlet & Violet Black Bolt Elite Trainer Box 4x Lot",796
2026-07-16T15:03:21.759Z,gid://shopify/Product/15191585390978,"2025-pokemon-scarlet-violet-destined-rivals-pokemon-center-elite-trainer-box","2025 Pokémon Scarlet & Violet Destined Rivals Pokemon Center Elite Trainer Box",931
2026-07-16T15:03:21.759Z,gid://shopify/Product/15191586242946,"2025-pokemon-scarlet-violet-pristmatic-evolutions-elite-trainer-box-booster-costco-bundle-2x-lot","2025 Pokémon Scarlet & Violet Pristmatic Evolutions Elite Trainer Box + Booster Costco Bundle 2x Lot",990
2026-07-16T15:03:21.759Z,gid://shopify/Product/15191586996610,"2025-topps-chrome-labubu-the-monsters-10th-anniversary-hobby-box","2025 Topps Chrome Labubu The Monsters 10th Anniversary Hobby Box",1037
2026-07-16T15:03:21.760Z,gid://shopify/Product/15191590207874,"adidas-adi2000-triple-black","adidas ADI2000 Triple Black",1117
2026-07-16T15:03:21.760Z,gid://shopify/Product/15191592731010,"adidas-adimule-slides-golden-beige-gum","adidas Adimule Slides Golden Beige Gum",1052
2026-07-16T15:03:21.760Z,gid://shopify/Product/15191594795394,"adidas-adizero-adios-pro-4-white-black","adidas Adizero Adios Pro 4 White Black",962
2026-07-16T15:03:21.760Z,gid://shopify/Product/15191613931906,"adidas-adizero-evo-sl-white-black-womens","adidas Adizero Evo SL White Black (Women's)",902
2026-07-16T15:03:21.760Z,gid://shopify/Product/15191616651650,"adidas-ae-1-best-of-adi-stormtrooper-gs","adidas AE 1 Best of adi Stormtrooper (GS)",1197
2026-07-16T15:03:21.760Z,gid://shopify/Product/15191618257282,"adidas-ae-1-low-metallic-grey","adidas AE 1 Low Metallic Grey",948
2026-07-16T15:03:21.760Z,gid://shopify/Product/15191619600770,"adidas-ae-2-blue-fusion","adidas AE 2 Blue Fusion",977
2026-07-16T15:03:21.760Z,gid://shopify/Product/15191620649346,"adidas-bw-army-cloud-white-chalk-white","adidas BW Army Cloud White Chalk White",997
2026-07-16T15:03:21.760Z,gid://shopify/Product/15191621435778,"adidas-campus-00s-black-leopard-womens","adidas Campus 00s Black Leopard (Women's)",1273
2026-07-16T15:03:21.760Z,gid://shopify/Product/15191626645890,"adidas-campus-00s-youth-of-paris","adidas Campus 00s Youth of Paris",1198
2026-07-16T15:03:21.760Z,gid://shopify/Product/15191627399554,"adidas-campus-bad-bunny-the-last-campus","adidas Campus Bad Bunny The Last Campus (Kids)",1219
2026-07-16T15:03:21.760Z,gid://shopify/Product/15191629005186,"adidas-copa-mundial-leather-fg-black-white","adidas Copa Mundial Leather Black White",961
2026-07-16T15:03:21.760Z,gid://shopify/Product/15191629726082,"adidas-crazy-8-1998-all-star-game-2024","adidas Crazy 8 1998 All-Star Game (2024)",1254
2026-07-16T15:03:21.760Z,gid://shopify/Product/15195398570370,"adidas-dame-9-bape-black-green","adidas Dame 9 Bape Black Green",1223
2026-07-16T15:03:21.760Z,gid://shopify/Product/15195400438146,"adidas-f50-elite-fg-solar-pack","adidas F50 Elite FG Solar Pack",1094
2026-07-16T15:03:21.760Z,gid://shopify/Product/15195400864130,"adidas-f50-elite-laceless-fg-vivid-horizon-pack","adidas F50 Elite Laceless FG Vivid Horizon Pack",1009
2026-07-16T15:03:21.760Z,gid://shopify/Product/15195401716098,"adidas-fear-of-god-athletics-i-basketball-triple-white","adidas Fear of God Athletics I Basketball Cream White",1239
2026-07-16T15:03:21.760Z,gid://shopify/Product/15195402731906,"adidas-forum-low-bad-bunny-triple-black","adidas Forum Low Bad Bunny Back to School",738
2026-07-16T15:03:21.761Z,gid://shopify/Product/15195403583874,"adidas-forum-wings-10-low-jeremy-scott-money","adidas Forum Wings 1.0 Low ADV Jeremy Scott Money",1202
2026-07-16T15:03:21.761Z,gid://shopify/Product/15195421114754,"adidas-gazelle-indoor-white-off-white-lucid-pink-womens","adidas Gazelle Indoor White Off White Lucid Pink (Women's)",1154
2026-07-16T15:03:21.761Z,gid://shopify/Product/15195506082178,"adidas-harden-vol-7-flash-aqua","adidas Harden Vol. 7 Flash Aqua",1305
2026-07-16T15:03:21.761Z,gid://shopify/Product/15195540816258,"adidas-harden-vol-9-dynamo","adidas Harden Vol. 9 Dynamo",1103
2026-07-16T15:03:21.761Z,gid://shopify/Product/15195542847874,"adidas-harden-vol-9-white-hi-res-yellow","adidas Harden Vol. 9 3SSB",1185
2026-07-16T15:03:21.761Z,gid://shopify/Product/15198188405122,"adidas-japan-preloved-brown","adidas Japan Preloved Brown",1329
2026-07-16T15:03:21.761Z,gid://shopify/Product/15198189781378,"adidas-mexico-gold-jersey-black","adidas Mexico Gold Jersey Black",1127
2026-07-16T15:03:21.761Z,gid://shopify/Product/15198195351938,"adidas-rivalry-86-low-the-simpsons-treehouse-of-horror","adidas Rivalry 86 Low The Simpsons Treehouse of Horror",1143
2026-07-16T15:03:21.761Z,gid://shopify/Product/15198208328066,"adidas-samba-jane-black-white-gum-gs","adidas Samba Jane Black White Gum (GS)",967
2026-07-16T15:03:21.761Z,gid://shopify/Product/15198212424066,"adidas-samba-liverpool-fc","adidas Samba Liverpool FC",1070
2026-07-16T15:03:21.761Z,gid://shopify/Product/15198339236226,"adidas-samba-og-crochet-pack-sand-strata-womens","adidas Samba OG Crochet Pack Sand Strata (Women's)",1130
2026-07-16T15:03:21.761Z,gid://shopify/Product/15198342742402,"adidas-samba-og-off-white-earth-strata-gum","adidas Samba OG Off White Earth Strata Gum (Women's)",1120
2026-07-16T15:03:21.761Z,gid://shopify/Product/15198344348034,"adidas-samba-og-wonder-white-shadow-red","adidas Samba OG Wonder White Shadow Red",1153
2026-07-16T15:03:21.761Z,gid://shopify/Product/15198347952514,"adidas-spezial-gt-wensley-clear-brown","adidas Spezial GT Wensley Clear Brown",1284
2026-07-16T15:05:13.505Z,gid://shopify/Product/15198348804482,"adidas-stan-smith-white-green-og","adidas Stan Smith White Green (OG)",870
2026-07-16T15:05:13.516Z,gid://shopify/Product/15201446560130,"meta-quest-3-128gb-vr-headset-uk-plug-899-00581-01","Meta Quest 3 128GB VR Headset (UK) Plug 899-00581-01",1055
2026-07-16T15:05:13.517Z,gid://shopify/Product/15203328491906,"ugg-zora-ballet-flat-dusted-cocoa-womens","UGG Zora Ballet Flat Dusted Cocoa (Women's)",1029
2026-07-16T15:05:13.517Z,gid://shopify/Product/15203330294146,"under-armour-ua-sola-white-metallic-silver","Under Armour UA Sola White Metallic Silver",868
2026-07-16T15:05:13.517Z,gid://shopify/Product/15203332030850,"veja-campo-low-chromefree-white-black","Veja Campo Low Chromefree White Black",1246
2026-07-16T15:05:13.517Z,gid://shopify/Product/15203332981122,"who-decides-war-x-est-gee-stained-glass-hoodie-black","Who Decides War x EST Gee Stained Glass Hoodie Black",909
2026-07-16T15:05:13.517Z,gid://shopify/Product/15203342025090,"youngboy-nba-x-vlone-murder-business-tee-black","YoungBoy NBA x Vlone Murder Business Tee Black",786
2026-07-16T15:05:13.517Z,gid://shopify/Product/15209170895234,"fear-of-god-essentials-kids-jersey-crewneck-tee-fw24-black","Fear of God Essentials Kids Jersey Crewneck Tee (FW24) Black",1167
2026-07-16T15:05:13.517Z,gid://shopify/Product/15212184437122,"adidas-superstar-clot-by-edison-chen-milk-tea","adidas Superstar CLOT By Edison Chen Milk Tea",1180
2026-07-16T15:05:13.517Z,gid://shopify/Product/15213058359682,"swatch-x-omega-bioceramic-moonswatch-mission-to-earthphase-moonshine-snoopy-gold-hunters-moon-so33n703l-black","Swatch x Omega Bioceramic Moonswatch Mission To Earthphase Moonshine Snoopy Gold (Hunters Moon) SO33N703L",912
2026-07-16T15:05:13.517Z,gid://shopify/Product/15213058720130,"swatch-x-omega-bioceramic-moonswatch-mission-to-uranus-so33l100-pale-blue","Swatch x Omega Bioceramic Moonswatch Mission to Uranus SO33L100",1102
2026-07-16T15:05:13.517Z,gid://shopify/Product/15213059113346,"swatch-x-omega-bioceramic-moonswatch-mission-to-venus-so33p100-pink","Swatch x Omega Bioceramic Moonswatch Mission to Venus SO33P100",659
2026-07-16T15:05:13.518Z,gid://shopify/Product/15213059441026,"swatch-x-omega-bioceramic-moonswatch-mission-to-moonshine-gold-so33m102-104-april-release-black","Swatch x Omega Bioceramic Moonswatch Mission To Moonshine Gold SO33M102-104 (April Release)",1035
2026-07-16T15:05:13.518Z,gid://shopify/Product/15213059801474,"swatch-x-omega-bioceramic-moonswatch-mission-to-moonshine-snowflake-pattern-so33m102-112-black","Swatch x Omega Bioceramic Moonswatch Mission To Moonshine Snowflake Pattern SO33M102-112",1326
2026-07-16T15:05:13.518Z,gid://shopify/Product/15219317539202,"fear-of-god-essentials-fleece-essential-sweatpant-desert-sand","Fear of God Essentials Fleece Essential Sweatpant Desert Sand",1197
2026-07-16T15:05:13.518Z,gid://shopify/Product/15219317768578,"fear-of-god-essentials-vintage-fleece-sweatpant-jet-black","Fear of God Essentials Vintage Fleece Sweatpant Jet Black",1036
2026-07-16T15:05:13.519Z,gid://shopify/Product/15219317965186,"fear-of-god-essentials-fleece-sweatpant-dark-heather","Fear of God Essentials Fleece Sweatpant Dark Heather",1031
2026-07-16T15:05:13.519Z,gid://shopify/Product/15219318227330,"fear-of-god-essentials-relaxed-pants-dark-heather-oatmeal","Fear of God Essentials Relaxed Pants Dark Heather Oatmeal",678
2026-07-16T15:05:13.519Z,gid://shopify/Product/15219318456706,"fear-of-god-essentials-vintage-fleece-sweatpant-homestead-heather","Fear of God Essentials Vintage Fleece Sweatpant Homestead Heather",988
2026-07-16T15:05:13.519Z,gid://shopify/Product/15219318784386,"fear-of-god-essentials-nba-lounge-sweatpant-black","Fear of God Essentials NBA Lounge Sweatpant Black",939
2026-07-16T15:05:13.519Z,gid://shopify/Product/15219319013762,"fear-of-god-essentials-nba-lounge-sweatpant-cream-white","Fear of God Essentials NBA Lounge Sweatpant Cream White",1074
2026-07-16T15:05:13.519Z,gid://shopify/Product/15219319538050,"fear-of-god-essentials-classic-sweatpant-dark-heather","Fear of God Essentials Classic Sweatpant Dark Heather",917
2026-07-16T15:05:13.519Z,gid://shopify/Product/15219381535106,"louis-vuitton-christopher-pm-epi-colorblock","Louis Vuitton Christopher PM Epi Colorblock",620
2026-07-16T15:05:13.520Z,gid://shopify/Product/15219384484226,"new-balance-550-sea-salt-team-royal","New Balance 550 Sea Salt Team Royal",1249
2026-07-16T15:05:13.520Z,gid://shopify/Product/15219385041282,"new-balance-610-joe-freshgoods-beneath-the-surface-black","New Balance 610 Joe Freshgoods Beneath the Surface Lil' Desert",1341
2026-07-16T15:05:13.520Z,gid://shopify/Product/15219385532802,"new-balance-550-black-white","New Balance 550 Black White",1207
2026-07-16T15:05:13.520Z,gid://shopify/Product/15219385762178,"air-jordan-8-retro-aqua-2025","Jordan 8 Retro Aqua (2025)",1218
2026-07-16T15:05:13.520Z,gid://shopify/Product/15219385991554,"new-balance-9060-arid-stone-mushroom","New Balance 9060 Arid Stone Mushroom",1611
2026-07-16T15:05:13.520Z,gid://shopify/Product/15219386188162,"nike-moon-shoe-sp-jacquemus-alabaster","Nike Moon Shoe SP Jacquemus Alabaster (Women's)",1176
2026-07-16T15:05:13.521Z,gid://shopify/Product/15219386384770,"air-jordan-11-retro-rare-air-gs","Jordan 11 Retro Rare Air (GS)",1204
2026-07-16T15:05:13.521Z,gid://shopify/Product/15219386679682,"air-jordan-3-retro-seoul-20","Jordan 3 Retro Seoul 2.0",1247
2026-07-16T15:05:13.521Z,gid://shopify/Product/15219386909058,"nike-air-max-95-premium-houseflies","Nike Air Max 95 Premium Houseflies",1412
2026-07-16T15:05:13.521Z,gid://shopify/Product/15222055403906,"nike-ja-2-kool-aid-tropical-punch","Nike Ja 2 Kool-Aid Tropical Punch",1575
2026-07-16T15:05:13.521Z,gid://shopify/Product/15222055600514,"nike-sb-zoom-air-paul-rodriguez-1-og-bred","Nike SB Zoom Air Paul Rodriguez 1 OG Bred",1105
2026-07-16T15:05:13.521Z,gid://shopify/Product/15222055829890,"nike-air-diamond-turf-ravens-2025","Nike Air Diamond Turf Ravens (2025)",1499
2026-07-16T15:05:13.521Z,gid://shopify/Product/15222056092034,"nike-aone-blue-fury-womens","Nike A'ja Wilson A'One Indigo Girl (Women's)",1883
2026-07-16T15:05:13.521Z,gid://shopify/Product/15222056288642,"nike-air-max-95-safety-orange-camo","Nike Air Max 95 Safety Orange Camo",1585
2026-07-16T15:05:13.522Z,gid://shopify/Product/15222056485250,"nike-aone-pink-aura-gs","Nike A'ja Wilson A'One Pink A'ura (GS)",1884
2026-07-16T15:05:13.522Z,gid://shopify/Product/15222056747394,"adidas-x-oasis-tour-jacquard-jersey-clear-sky","adidas x Oasis Tour Jacquard Jersey Clear Sky",1270
2026-07-16T15:05:13.522Z,gid://shopify/Product/15222057042306,"nike-air-force-1-mid-supreme-black","Nike Air Force 1 Mid Supreme Black",1590
2026-07-16T15:07:03.412Z,gid://shopify/Product/15222057271682,"nike-air-force-1-low-protro-kobe-bryant-mamba-mentality","Nike Air Force 1 Low Protro Kobe Bryant Mamba Mentality",1464
2026-07-16T15:07:03.416Z,gid://shopify/Product/15222057468290,"adidas-predator-elite-ft-fg-david-beckham-beam-pink","adidas Predator Elite FT FG David Beckham Beam Pink",1154
2026-07-16T15:07:03.416Z,gid://shopify/Product/15222503014786,"air-jordan-3-retro-cardinal-red","Jordan 3 Retro Cardinal Red",1008
2026-07-16T15:07:03.416Z,gid://shopify/Product/15222503276930,"nike-air-max-90-premium-flax-sail","Nike Air Max 90 Premium Flax Sail",1253
2026-07-16T15:07:03.416Z,gid://shopify/Product/15222503539074,"nike-air-max-plus-dark-obsidian","Nike Air Max Plus Dark Obsidian",1068
2026-07-16T15:07:03.416Z,gid://shopify/Product/15222503833986,"nike-sb-dunk-low-arts-rec","Nike SB Dunk Low Arts-Rec",1373
2026-07-16T15:07:03.416Z,gid://shopify/Product/15222504063362,"adidas-xlg-runner-deluxe-gray","adidas XLG Runner Deluxe Gray",1381
2026-07-16T15:07:03.416Z,gid://shopify/Product/15222504751490,"adidas-x-oasis-tour-firebird-track-top-night-indigo","adidas x Oasis Tour Firebird Track Top Night Indigo",1018
2026-07-16T15:07:03.416Z,gid://shopify/Product/15222504948098,"adidas-vento-xlg-deluxe-beige-white","adidas Vento XLG Deluxe Beige White",1033
2026-07-16T15:07:03.416Z,gid://shopify/Product/15222505144706,"nike-air-force-1-low-paris-patent","Nike Air Force 1 Low City Pack Paris Patent",1313
2026-07-16T15:07:03.416Z,gid://shopify/Product/15222505341314,"nike-air-force-1-low-invisible-woman-20","Nike Air Force 1 Low Invisible Woman 2.0",1267
2026-07-16T15:07:03.416Z,gid://shopify/Product/15222505570690,"nike-air-force-1-low-07-burgundy-crush-womens","Nike Air Force 1 Low '07 Burgundy Crush (Women's)",1215
2026-07-16T15:07:03.416Z,gid://shopify/Product/15222505767298,"nike-air-force-1-mid-white-07","Nike Air Force 1 Mid '07 White",807
2026-07-16T15:07:03.416Z,gid://shopify/Product/15222505963906,"supreme-satin-applique-hooded-sweatshirt-fw24-black","Supreme Satin Applique Hooded Sweatshirt FW24 Black",1014
2026-07-16T15:07:03.416Z,gid://shopify/Product/15222506160514,"adidas-ultraboost-20-triple-white","adidas Ultra Boost 20 Triple White",1034
2026-07-16T15:07:03.416Z,gid://shopify/Product/15222506357122,"nike-air-max-plus-black-diffused-blue","Nike Air Max Plus Black Diffused Blue",1179
2026-07-16T15:07:03.416Z,gid://shopify/Product/15223795450242,"birkenstock-boston-clog-stussy-dusty-pink","Birkenstock Boston Clog Stussy Dusty Pink (2021)",1307
2026-07-16T15:07:03.416Z,gid://shopify/Product/15223795679618,"supreme-fox-racing-zip-up-hooded-sweatshirt-white","Supreme Fox Racing Zip Up Hooded Sweatshirt White",1026
2026-07-16T15:07:03.416Z,gid://shopify/Product/15223795908994,"nike-air-force-1-low-cactus-plant-flea-market-white-2024","Nike Air Force 1 Low Cactus Plant Flea Market White (2024)",1438
2026-07-16T15:07:03.416Z,gid://shopify/Product/15223796105602,"adidas-ultra-boost-20-triple-black","adidas Ultra Boost 20 Triple Black",1217
2026-07-16T15:07:03.416Z,gid://shopify/Product/15223796367746,"nike-astro-grabber-sp-bode-chlorophyll","Nike Astro Grabber SP Bode Chlorophyll",1181
2026-07-16T15:07:03.416Z,gid://shopify/Product/15223796564354,"nike-dunk-low-susan-fang-artist-collection-womens","Nike Dunk Low Susan Fang Artist Collection (Women's)",1325
2026-07-16T15:07:03.416Z,gid://shopify/Product/15223797383554,"supreme-snowman-tee-white","Supreme Snowman Tee White",1175
2026-07-16T15:07:03.416Z,gid://shopify/Product/15223798366594,"stussy-x-nike-stone-washed-fleece-pant-fw25-dark-cinder","Stussy x Nike Stone Washed Fleece Pant (FW25) Dark Cinder",1206
2026-07-16T15:07:03.416Z,gid://shopify/Product/15223798825346,"nike-air-dt-max-96-love-letter-to-connie","Nike Air DT Max '96 Love Letter to Connie",1215
2026-07-16T15:07:03.416Z,gid://shopify/Product/15223799054722,"nike-air-max-2017-white-black","Nike Air Max 2017 White Black",1212
2026-07-16T15:07:03.416Z,gid://shopify/Product/15223799349634,"salomon-xt-6-gore-tex-safari","Salomon XT-6 Gore-Tex Safari",1298
2026-07-16T15:07:03.416Z,gid://shopify/Product/15223799546242,"asics-gel-1130-white-blue-fade-womens","ASICS Gel-1130 White Blue Fade (Women's)",1512
2026-07-16T15:07:03.416Z,gid://shopify/Product/15223799775618,"gucci-agrado-grg-rubber-slide-black-blue-green-red","Gucci Agrado Grg Rubber Slide Black Blue Green Red",1246
2026-07-16T15:07:03.416Z,gid://shopify/Product/15224601674114,"canon-powershot-sx740-hs-2956c001-silver","Canon PowerShot SX740 HS 2956C001 Silver",1102
2026-07-16T15:07:03.416Z,gid://shopify/Product/15224601936258,"nike-air-max-90-thunderstorm","Nike Air Max 90 Thunderstorm",1132
2026-07-16T15:07:03.416Z,gid://shopify/Product/15224602132866,"supreme-digital-camera-keychain-white","Supreme Digital Camera Keychain White",1116
2026-07-16T15:07:03.416Z,gid://shopify/Product/15224602362242,"travis-scott-x-nike-x-fc-barcelona-retro-2000-01-home-skeleton-jersey-multicolor","Travis Scott x Nike x FC Barcelona Retro 2000/01 Home Skeleton Jersey Multicolor",1132
2026-07-16T15:07:03.416Z,gid://shopify/Product/15224602558850,"air-jordan-jumpman-jack-tr-travis-scott-bright-cactus","Jordan Jumpman Jack TR Travis Scott Bright Cactus",1197
2026-07-16T15:07:03.416Z,gid://shopify/Product/15224602755458,"new-balance-9060-slate-grey-calcium","New Balance 9060 Slate Grey Calcium",1113
2026-07-16T15:07:03.417Z,gid://shopify/Product/15224603017602,"miniso-top-toy-naruto-beast-party-plush-keychains-sealed-case-6-blind-box","Miniso Top Toy Naruto Beast Party Plush Keychains Sealed Case (6 Blind Box)",1302
2026-07-16T15:07:03.417Z,gid://shopify/Product/15224603214210,"dr-martens-1460-drkshdw-quad-sole-mega-lace-boot-rick-owens-black","Dr. Martens 1460 DRKSHDW Quad Sole Mega Lace Boot Rick Owens Black",1262
2026-07-16T15:07:03.417Z,gid://shopify/Product/15224603443586,"pop-mart-hirono-monsters-carnival-series-figures-sealed-case-6-blind-boxes","Pop Mart Hirono Monsters' Carnival Series Figures Sealed Case (6 Blind Boxes)",1242
2026-07-16T15:07:03.417Z,gid://shopify/Product/15224603705730,"new-balance-9060-bisque-sea-salt","New Balance 9060 Bisque Sea Salt",1088
2026-07-16T15:07:03.417Z,gid://shopify/Product/15224603967874,"supreme-traffic-cone-white","Supreme Traffic Cone White",940
2026-07-16T15:08:50.800Z,gid://shopify/Product/15224604197250,"new-balance-9060-rich-oak","New Balance 9060 Rich Oak",1020
2026-07-16T15:08:50.805Z,gid://shopify/Product/15224604426626,"nike-vomero-plus-hyper-pink-bright-crimson-womens","Nike Vomero Plus Hyper Pink Bright Crimson (Women's)",1060
2026-07-16T15:08:50.805Z,gid://shopify/Product/15224604623234,"nike-dunk-low-retro-white-black-td","Nike Dunk Low Retro White Black Panda (TD)",937
2026-07-16T15:08:50.806Z,gid://shopify/Product/15224604885378,"nike-dunk-low-harris-tweed-white-black-multi-womens","Nike Dunk Low Harris Tweed White Black Multi (Women's)",924
2026-07-16T15:08:50.806Z,gid://shopify/Product/15224605114754,"nike-kobe-4-protro-fc-barcelona-team-gold","Nike Kobe 4 Protro FC Barcelona Team Gold",1067
2026-07-16T15:08:50.806Z,gid://shopify/Product/15225461703042,"nike-romaleos-4-black-white","Nike Romaleos 4 Black White",1054
2026-07-16T15:08:50.806Z,gid://shopify/Product/15225461932418,"travis-scott-x-nike-x-fc-barcelona-split-dye-crest-hoodie-multicolor","Travis Scott x Nike x FC Barcelona Split-Dye Crest Hoodie Multicolor",978
2026-07-16T15:08:50.806Z,gid://shopify/Product/15225462194562,"denim-tears-mono-cotton-wreath-hoodie-washed-blue","Denim Tears Mono Cotton Wreath Hoodie Washed Blue",946
2026-07-16T15:08:50.806Z,gid://shopify/Product/15225462686082,"nike-p-6000-se-light-orewood-brown","Nike P-6000 SE Light Orewood Brown",1219
2026-07-16T15:08:50.806Z,gid://shopify/Product/15225462980994,"nike-free-rn-50-next-nature-white-obsidian","Nike Free RN 5.0 Next Nature White Obsidian",1033
2026-07-16T15:08:50.806Z,gid://shopify/Product/15225463177602,"supreme-new-era-box-logo-beanie-fw24-light-brown","Supreme New Era Box Logo Beanie (FW24) Stone",837
2026-07-16T15:08:50.806Z,gid://shopify/Product/15225463439746,"pokemon-mega-evolution-mega-lucario-base-set-elite-trainer-box-set","Pokémon Mega Evolution - Mega Lucario - Base Set - Elite Trainer Box Set",1099
2026-07-16T15:08:50.806Z,gid://shopify/Product/15225463767426,"new-balance-1906l-black-croc","New Balance 1906L Black Croc",1076
2026-07-16T15:08:50.807Z,gid://shopify/Product/15225463964034,"nike-free-run-50-black-white-2021","Nike Free Run 5.0 Black White (2021)",1364
2026-07-16T15:08:50.807Z,gid://shopify/Product/15225464258946,"nike-blazer-mid-77-vintage-black-sail","Nike Blazer Mid 77 Vintage Black Sail",907
2026-07-16T15:08:50.807Z,gid://shopify/Product/15225464521090,"onitsuka-tiger-mexico-66-slip-on-birch-midnight","Onitsuka Tiger Mexico 66 Slip-On Birch Midnight",1226
2026-07-16T15:08:50.807Z,gid://shopify/Product/15225464783234,"sprayground-shark-central-tonal-backpack-multicolor","Sprayground Shark Central Tonal Backpack Multicolor",911
2026-07-16T15:08:50.807Z,gid://shopify/Product/15225464979842,"pop-mart-chucky-franchise-series-figures-sealed-case-9-blind-boxes","Pop Mart Chucky Franchise Series Figures Sealed Case (9 Blind Boxes)",1035
2026-07-16T15:08:50.807Z,gid://shopify/Product/15225465536898,"converse-shai-001-hail-clay","Converse SHAI 001 Hail Clay",935
2026-07-16T15:08:50.807Z,gid://shopify/Product/15225465897346,"nike-sabrina-3-ice-cold-womens","Nike Sabrina 3 Ice Cold (Women's)",1061
2026-07-16T15:08:50.807Z,gid://shopify/Product/15227719057794,"nike-sb-dunk-low-csef","Nike SB Dunk Low CSEF",1256
2026-07-16T15:08:50.807Z,gid://shopify/Product/15227719582082,"crocs-classic-clog-south-park-kenny","Crocs Classic Clog South Park Kenny",1166
2026-07-16T15:08:50.807Z,gid://shopify/Product/15227720106370,"supreme-playboi-carti-tee-heather-grey","Supreme Playboi Carti Tee Heather Grey",992
2026-07-16T15:08:50.807Z,gid://shopify/Product/15227720728962,"birkenstock-boston-clog-stussy-bone","Birkenstock Boston Clog Stussy Bone (2021)",1073
2026-07-16T15:08:50.808Z,gid://shopify/Product/15227721154946,"on-running-cloudtilt-loewe-denim-grey","On Running Cloudtilt LOEWE Denim Grey",1012
2026-07-16T15:08:50.808Z,gid://shopify/Product/15227721580930,"converse-chuck-taylor-all-star-70-hi-comme-des-garcons-play-multi-heart-black","Converse Chuck Taylor All Star 70 Hi Comme des Garcons PLAY Multi-Heart Black",1390
2026-07-16T15:08:50.808Z,gid://shopify/Product/15227721974146,"supreme-bandana-football-jersey-white","Supreme Bandana Football Jersey White",979
2026-07-16T15:08:50.808Z,gid://shopify/Product/15227722334594,"nike-sb-dunk-low-supreme-94-camper-green","Nike SB Dunk Low Supreme 94 Camper Green",1229
2026-07-16T15:08:50.808Z,gid://shopify/Product/15227722760578,"kaws-for-kid-cudi-moon-man-gid-tee-vintage-black","KAWS For Kid Cudi Moon Man GID Tee Vintage Black",1429
2026-07-16T15:08:50.808Z,gid://shopify/Product/15227723121026,"supreme-box-logo-hooded-sweatshirt-fw23-white","Supreme Box Logo Hooded Sweatshirt (FW23) White",1114
2026-07-16T15:08:50.808Z,gid://shopify/Product/15227723579778,"bearbrick-disney-tim-burtons-the-nightmare-before-christmas-jack-skellington-1000","Bearbrick x Disney Tim Burton's The Nightmare Before Christmas Jack Skellington 1000%",834
2026-07-16T15:08:50.808Z,gid://shopify/Product/15227724038530,"supreme-ys-by-yohji-yamamoto-zip-up-hooded-sweatshirt-black","Supreme Y's by Yohji Yamamoto Zip Up Hooded Sweatshirt Black",1037
2026-07-16T15:08:50.808Z,gid://shopify/Product/15227724628354,"nike-air-force-1-low-lil-yachty-concrete-boys-lucky-green","Nike Air Force 1 Low Lil Yachty Concrete Boys Lucky Green",1325
2026-07-16T15:08:50.808Z,gid://shopify/Product/15227724988802,"supreme-tyler-the-creator-tee-black","Supreme Tyler The Creator Tee Black",1039
2026-07-16T15:08:50.808Z,gid://shopify/Product/15227725513090,"nike-air-max-90-premium-coconut-milk-vintage-green","Nike Air Max 90 Premium Coconut Milk Vintage Green",1220
2026-07-16T15:08:50.808Z,gid://shopify/Product/15229813916034,"nike-ld-waffle-clot-sacai-grey-navy","Nike LD Waffle sacai CLOT Kiss of Death 2 Cool Grey",935
2026-07-16T15:08:50.808Z,gid://shopify/Product/15229814178178,"nike-air-force-1-low-07-lv8-light-army-cargo-khaki","Nike Air Force 1 Low '07 LV8 Light Army Cargo Khaki",1213
2026-07-16T15:08:50.808Z,gid://shopify/Product/15229814440322,"adidas-ozweego-core-black","adidas Ozweego Core Black",902
2026-07-16T15:08:50.809Z,gid://shopify/Product/15229814800770,"nike-lebron-20-premium-mimi-plange-ceremony","Nike LeBron 20 PRM Mimi Plange Ceremony",1348
2026-07-16T15:08:50.809Z,gid://shopify/Product/15229815030146,"nike-air-max-90-gore-tex-cool-grey-anthracite-obsidian-pure-platinum","Nike Air Max 90 Gore-Tex Cool Grey Anthracite Obsidian Pure Platinum",1307
2026-07-16T15:10:55.080Z,gid://shopify/Product/15229815325058,"pop-mart-one-piece-the-grand-line-series-vehicles-figure-sealed-case-12-blind-box","Pop Mart One Piece The Grand Line Series Vehicles Figure Sealed Case (12 Blind Box)",1342
2026-07-16T15:10:55.089Z,gid://shopify/Product/15229817454978,"travis-scott-x-nike-x-fc-barcelona-skeleton-home-shorts-multicolor","Travis Scott x Nike x FC Barcelona Skeleton Home Shorts Multicolor",1145
2026-07-16T15:10:55.089Z,gid://shopify/Product/15229818798466,"reebok-club-c-85-vintage-chalk-alabaster","Reebok Club C 85 Vintage Chalk Alabaster",1447
2026-07-16T15:10:55.089Z,gid://shopify/Product/15229820076418,"nike-court-royale-2-mid-white-onyx","Nike Court Royale 2 Mid White Onyx",1421
2026-07-16T15:10:55.089Z,gid://shopify/Product/15229821288834,"nike-sb-dunk-low-supreme-barkroot-brown","Nike SB Dunk Low Supreme Stars Barkroot Brown (2021)",1441
2026-07-16T15:10:55.089Z,gid://shopify/Product/15229823025538,"nike-sb-olympics-s-s-jersey-obsidian-bright-crimson","Nike SB Olympics 2024 S/S Jersey Obsidian/Bright Crimson",1104
2026-07-16T15:10:55.089Z,gid://shopify/Product/15229824958850,"air-jordan-36-infrared-23","Jordan 36 Infrared 23 (Clear Sole)",1341
2026-07-16T15:10:55.089Z,gid://shopify/Product/15229827481986,"bape-summer-training-club-tee-white","BAPE Summer Training Club Tee White",1270
2026-07-16T15:10:55.090Z,gid://shopify/Product/15230946574722,"nike-kd-18-halloween","Nike KD 18 Slim Reaper",1048
2026-07-16T15:10:55.090Z,gid://shopify/Product/15230946836866,"nike-sb-dunk-low-persian-violet","Nike SB Dunk Low Persian Violet",1300
2026-07-16T15:10:55.090Z,gid://shopify/Product/15230947099010,"nike-kd-4-the-real-mvp","Nike KD 4 The Real MVP",1444
2026-07-16T15:10:55.090Z,gid://shopify/Product/15230947295618,"nike-sabrina-2-stronger-than-gold-womens","Nike Sabrina 2 Stronger Than Gold (Women's)",1351
2026-07-16T15:10:55.090Z,gid://shopify/Product/15230947557762,"nike-kd-4-texas-longhorns-2025","Nike KD 4 Texas Longhorns (2025)",1336
2026-07-16T15:10:55.090Z,gid://shopify/Product/15230947754370,"nike-sabrina-2-slurpee-womens","Nike Sabrina 2 Slurpee (Women's)",1337
2026-07-16T15:10:55.090Z,gid://shopify/Product/15230948278658,"nike-sabrina-3-silencer-womens","Nike Sabrina 3 Silencer (Women's)",1469
2026-07-16T15:10:55.090Z,gid://shopify/Product/15230948606338,"nike-dunk-low-retro-summit-white-malachite","Nike Dunk Low Retro Summit White Malachite",1461
2026-07-16T15:10:55.090Z,gid://shopify/Product/15230948802946,"nike-dunk-low-se-baltic-blue-total-orange","Nike Dunk Low SE Baltic Blue Total Orange",1596
2026-07-16T15:10:55.090Z,gid://shopify/Product/15230948999554,"juice-wrld-x-vlone-legends-never-die-t-shirt-white","Juice Wrld x Vlone Legends Never Die T-Shirt White",895
2026-07-16T15:10:55.090Z,gid://shopify/Product/15231560876418,"nike-air-force-1-low-butterfly-white-womens","Nike Air Force 1 Low Butterfly White (Women's)",1343
2026-07-16T15:10:55.090Z,gid://shopify/Product/15231561171330,"mattel-barbie-signature-music-series-stevie-nicks-doll","Mattel Barbie Signature Music Series Stevie Nicks Doll",1263
2026-07-16T15:10:55.090Z,gid://shopify/Product/15231561400706,"nike-air-max-95-og-diffused-blue","Nike Air Max 95 OG Diffused Blue",1338
2026-07-16T15:10:55.091Z,gid://shopify/Product/15231561695618,"nike-dunk-low-retro-se-suede-panda","Nike Dunk Low Retro SE Suede Panda",1468
2026-07-16T15:10:55.091Z,gid://shopify/Product/15231561924994,"nike-lunar-force-1-duckboot-black-gum","Nike Lunar Force 1 Duckboot Black Gum",1099
2026-07-16T15:10:55.091Z,gid://shopify/Product/15231562121602,"nike-dunk-low-retro-transparent-black-pink-rise","Nike Dunk Low Retro Transparent Black Pink Rise",1394
2026-07-16T15:10:55.091Z,gid://shopify/Product/15231562318210,"stanley-x-the-post-malone-flowstate-quencher-40oz-tumbler-post-malone-multicam","Stanley x The Post Malone Flowstate Quencher 40oz Tumbler Post Malone MultiCam",1706
2026-07-16T15:10:55.091Z,gid://shopify/Product/15231562547586,"supreme-the-north-face-s-s-top-black","Supreme The North Face S/S Top Black",1301
2026-07-16T15:10:55.091Z,gid://shopify/Product/15231562809730,"supreme-bandana-big-logo-beanie-blue","Supreme Bandana Big Logo Beanie Blue",1249
2026-07-16T15:10:55.091Z,gid://shopify/Product/15231563006338,"burberry-slides-archive-beige-womens","Burberry Slides Archive Beige (Women's)",1295
2026-07-16T15:10:55.091Z,gid://shopify/Product/15231563202946,"adidas-xlg-runner-deluxe-black-grey","adidas XLG Runner Deluxe Black Grey",1513
2026-07-16T15:10:55.091Z,gid://shopify/Product/15231563432322,"nike-sabrina-2-lily-womens","Nike Sabrina 2 Lily (Women's)",1163
2026-07-16T15:10:55.091Z,gid://shopify/Product/15231563661698,"air-jordan-mule-black-metallic-silver-womens","Jordan Mule Black Metallic Silver (Women's)",1264
2026-07-16T15:10:55.091Z,gid://shopify/Product/15233111622018,"nike-mind-001-slide-light-smoke-grey","Nike Mind 001 Slide Light Smoke Grey",1356
2026-07-16T15:10:55.091Z,gid://shopify/Product/15233113031042,"nike-v5-rnr-black-anthracite-womens","Nike V5 RNR Black Anthracite (Women's)",1029
2026-07-16T15:10:55.091Z,gid://shopify/Product/15233113260418,"air-jordan-1-low-se-somos-eternos","Jordan 1 Low SE Somos Eternos",1584
2026-07-16T15:10:55.091Z,gid://shopify/Product/15233113522562,"air-jordan-1-retro-high-og-unc-reimagined-gs","Jordan 1 Retro High OG UNC Reimagined (GS)",1717
2026-07-16T15:10:55.091Z,gid://shopify/Product/15233113784706,"nike-air-max-1-essential-navy-grey-royal","Nike Air Max 1 Essential Navy Grey Royal",1414
2026-07-16T15:10:55.091Z,gid://shopify/Product/15233114112386,"pop-mart-labubu-the-monsters-big-into-energy-series-happiness-vinyl-plush-pendant","Pop Mart Labubu The Monsters Big into Energy Series Happiness Vinyl Plush Pendant",1422
2026-07-16T15:10:55.091Z,gid://shopify/Product/15233114341762,"eric-emanuel-ee-basic-short-new-york-knicks","Eric Emanuel EE Basic Short New York Knicks",1345
2026-07-16T15:10:55.092Z,gid://shopify/Product/15233114603906,"nike-lebron-18-low-wile-e-vs-roadrunner-space-jam","Nike LeBron 18 Low Wile E. vs Roadrunner Space Jam",894
2026-07-16T15:10:55.092Z,gid://shopify/Product/15233114866050,"air-jordan-8-retro-aqua-2025-td","Jordan 8 Retro Aqua (2025) (TD)",1088
2026-07-16T15:12:40.326Z,gid://shopify/Product/15233115128194,"nike-zoom-mercurial-superfly-10-elite-fg-sam-kerr-be-who-you-are","Nike Zoom Mercurial Superfly 10 Elite FG Sam Kerr Be Who You Are",902
2026-07-16T15:12:40.331Z,gid://shopify/Product/15233115324802,"nike-ja-1-mismatched-gs","Nike Ja 1 Mismatched (GS)",987
2026-07-16T15:12:40.332Z,gid://shopify/Product/15233115554178,"nike-varsity-elite-backpack-white-black-metallic-silver","Nike Varsity Elite Backpack White/Black/Metallic Silver",943
2026-07-16T15:12:40.332Z,gid://shopify/Product/15233115783554,"nike-air-max-waffle-racer-sp-sprinter-green-electrolime","Nike Air Max Waffle Racer SP Sprinter Green Electrolime",1014
2026-07-16T15:12:40.332Z,gid://shopify/Product/15233116078466,"burberry-hove-check-embroidery-logo-zip-hoodie-black","Burberry Hove Check Embroidery Logo Zip Hoodie Black",840
2026-07-16T15:12:40.333Z,gid://shopify/Product/15233116471682,"new-era-x-takashi-murakami-x-mlb-world-tour-tokyo-series-2025-new-era-9fifty-dodgers-snapback-hat-blue","New Era x Takashi Murakami x MLB World Tour Tokyo Series 2025 New Era 9Fifty Dodgers Snapback Hat Blue",942
2026-07-16T15:12:40.333Z,gid://shopify/Product/15233116832130,"nike-zoom-mercurial-vapor-15-elite-fg-blast-pack-baltic-blue","Nike Zoom Mercurial Vapor 15 Elite FG Blast Pack Baltic Blue",1261
2026-07-16T15:12:40.335Z,gid://shopify/Product/15233117258114,"adidas-predator-elite-foldover-tongue-f-solar-energy-pack","adidas Predator Elite Foldover Tongue FG Solar Energy Pack",993
2026-07-16T15:12:40.335Z,gid://shopify/Product/15233117815170,"stussy-x-nike-fleece-pant-fw23-grey-heather","Stussy x Nike NRG BR Fleece Sweatpants (FW23) Grey Heather",1025
2026-07-16T15:12:40.336Z,gid://shopify/Product/15233986036098,"nike-air-force-1-low-white-black-gold-mini-swoosh-w","Nike Air Force 1 Low '07 Essential White Black Gold Mini Swoosh (Women's)",1156
2026-07-16T15:12:40.336Z,gid://shopify/Product/15233986789762,"nintendo-nes-classic-edition-entertainment-system-console","Nintendo NES Classic Edition Entertainment System Console",734
2026-07-16T15:12:40.336Z,gid://shopify/Product/15233987641730,"supreme-multi-s-logo-new-era-59fifty-fitted-hat-white","Supreme Multi S Logo New Era 59Fifty Fitted Hat White",876
2026-07-16T15:12:40.336Z,gid://shopify/Product/15233988493698,"air-jordan-hydro-xi-retro-gamma-blue","Jordan Hydro XI Retro Gamma Blue",899
2026-07-16T15:12:40.336Z,gid://shopify/Product/15233990295938,"nike-x-nba-san-antonio-spurs-victor-wembanyama-dri-fit-adv-2024-25-city-edition-autentics-swingman-jersey-light-blue","Nike x NBA San Antonio Spurs Victor Wembanyama Dri Fit ADV 2024/25 City Edition Autentics Swingman Jersey Light Blue",1058
2026-07-16T15:12:40.336Z,gid://shopify/Product/15233991377282,"nike-kd-16-nrg-wanda","Nike KD 16 NRG Wanda",955
2026-07-16T15:12:40.336Z,gid://shopify/Product/15233991836034,"nike-tiempo-legend-10-elite-luxe-fg-montebelluna-leather-port-wine","Nike Tiempo Legend 10 Elite Luxe FG Montebelluna Leather Port Wine",1056
2026-07-16T15:12:40.336Z,gid://shopify/Product/15233992491394,"air-jordan-3-retro-cardinal-gs","Jordan 3 Retro Cardinal (GS)",1136
2026-07-16T15:12:40.336Z,gid://shopify/Product/15233992819074,"canon-powershot-elph-360-202-megapixel-digital-camera-1075c001","Canon PowerShot ELPH 360 20.2 Megapixel Digital Camera 1075C001",853
2026-07-16T15:12:40.337Z,gid://shopify/Product/15233993408898,"fear-of-god-essentials-hoodie-wood","Fear of God Essentials Core Collection Hoodie Heather Wood",926
2026-07-16T15:12:40.337Z,gid://shopify/Product/15233993834882,"hoka-one-one-bondi-8-triple-white-w","Hoka One One Bondi 8 Triple White (Women's)",938
2026-07-16T15:12:40.337Z,gid://shopify/Product/15233994326402,"pokemon-scarlet-violet-prismatic-evolutions-surprise-box-2x-lot","Pokémon Scarlet & Violet Prismatic Evolutions Surprise Box 2x Lot",972
2026-07-16T15:12:40.337Z,gid://shopify/Product/15233994752386,"anti-social-social-club-bat-emoji-tee-black","Anti Social Social Club Bat Emoji Tee Black",789
2026-07-16T15:12:40.337Z,gid://shopify/Product/15233995637122,"pokemon-tcg-scarlet-violet-paldea-evolved-booster-box","Pokémon TCG Scarlet & Violet Paldea Evolved Booster Box",862
2026-07-16T15:12:40.337Z,gid://shopify/Product/15233996358018,"converse-turbowpn-mid-rick-owens-drkshdw-egret","Converse TURBOWPN Mid Rick Owens DRKSHDW Egret",955
2026-07-16T15:12:40.337Z,gid://shopify/Product/15233997078914,"fear-of-god-essentials-knicks-hoodie-light-heather","Fear of God Essentials Knicks Hoodie Light Heather",1077
2026-07-16T15:12:40.337Z,gid://shopify/Product/15238632997250,"adidas-nmd-hu-pharrell-extra-eye-white","adidas NMD Hu Pharrell Extra Eye White",861
2026-07-16T15:12:40.337Z,gid://shopify/Product/15238633652610,"crocs-classic-mega-crush-clog-barbie-the-movie-electric-pink","Crocs Classic Mega Crush Clog Barbie The Movie Electric Pink",1039
2026-07-16T15:12:40.337Z,gid://shopify/Product/15238634930562,"new-era-x-ralph-lauren-retro-crown-fifty-snapback-cap-navy","New Era x Ralph Lauren Retro Crown FIFTY Snapback Cap Navy",911
2026-07-16T15:12:40.337Z,gid://shopify/Product/15238636667266,"nike-air-force-1-low-evo-team-royal","Nike Air Force 1 Low Evo Team Royal",1165
2026-07-16T15:12:40.337Z,gid://shopify/Product/15238637650306,"fear-of-god-essentials-fleece-hoodie-olive","Fear of God Essentials Fleece Hoodie Olive",1042
2026-07-16T15:12:40.337Z,gid://shopify/Product/15238638764418,"supreme-old-english-printed-beanie-black","Supreme Old English Printed Beanie Black",1020
2026-07-16T15:12:40.338Z,gid://shopify/Product/15238640140674,"air-jordan-1-elevate-low-rookie-of-the-year-womens","Jordan 1 Elevate Low Rookie of the Year (Women's)",1104
2026-07-16T15:12:40.338Z,gid://shopify/Product/15238641123714,"nike-air-max-1-essential-summit-white-photon-dust-vapor-green","Nike Air Max 1 Essential Summit White Photon Dust Vapor Green",1186
2026-07-16T15:12:40.338Z,gid://shopify/Product/15238642499970,"air-jordan-14-retro-ferrari-2025","Jordan 14 Retro Ferrari (2025)",1069
2026-07-16T15:12:40.338Z,gid://shopify/Product/15238643515778,"nike-2024-25-psg-fourth-jersey-multicolor","Nike 2024/25 Paris Saint-Germain PSG Fourth Jersey Multicolor",1077
2026-07-16T15:12:40.338Z,gid://shopify/Product/15238645023106,"nike-air-force-1-low-07-black-white-pebbled-leather","Nike Air Force 1 Low '07 Black White Pebbled Leather",1091
2026-07-16T15:12:40.338Z,gid://shopify/Product/15238646399362,"air-jordan-12-retro-french-blue-2025-ps","Jordan 12 Retro French Blue (2025) (PS)",1012
2026-07-16T15:12:40.338Z,gid://shopify/Product/15238648070530,"air-jordan-3-retro-family-affair-ps","Jordan 3 Retro Family Affair (PS)",1173
2026-07-16T15:12:40.338Z,gid://shopify/Product/15240943796610,"nike-air-max-90-premium-wheat","Nike Air Max 90 Premium Wheat",1311
2026-07-16T15:12:40.338Z,gid://shopify/Product/15240944451970,"nike-air-force-1-low-lx-vanta-black","Nike Air Force 1 Low LX Vanta Black",1151
2026-07-16T15:15:29.624Z,gid://shopify/Product/15240945107330,"asics-gel-kayano-121-silver-green-orange","ASICS Gel-Kayano 12.1 Silver Green Orange",1085
2026-07-16T15:15:29.634Z,gid://shopify/Product/15240945435010,"nike-ja-2-guava-ice","Nike Ja 2 Guava Ice",1047
2026-07-16T15:15:29.634Z,gid://shopify/Product/15240945795458,"nike-x-yu-gi-oh-tee-black","Nike x Yu-Gi-Oh! Tee Black",897
2026-07-16T15:15:29.634Z,gid://shopify/Product/15240946286978,"anta-kai-1-garden-state","Anta Kai 1 Garden State",1203
2026-07-16T15:15:29.634Z,gid://shopify/Product/15240946680194,"nike-air-vapormax-plus-game-royal-metallic-silver","Nike Air VaporMax Plus Game Royal Metallic Silver",1262
2026-07-16T15:15:29.634Z,gid://shopify/Product/15240947106178,"nike-zoom-lebron-nxxt-gen-wolf-grey-metallic-gold","Nike Zoom LeBron NXXT Gen Wolf Grey Metallic Gold",1522
2026-07-16T15:15:29.634Z,gid://shopify/Product/15240947532162,"air-jordan-1-mule-golf-royal","Jordan 1 Mule Golf Royal",1306
2026-07-16T15:15:29.634Z,gid://shopify/Product/15240947859842,"air-jordan-tatum-3-6th-man","Jordan Tatum 3 6th Man",1167
2026-07-16T15:15:29.634Z,gid://shopify/Product/15240948253058,"nike-kobe-3-protro-halo","Nike Kobe 3 Protro Halo",1470
2026-07-16T15:15:29.634Z,gid://shopify/Product/15240948580738,"nike-air-max-90-hyper-royal","Nike Air Max 90 Hyper Royal",1204
2026-07-16T15:15:29.634Z,gid://shopify/Product/15241902489986,"air-jordan-1-retro-low-swooshless-triple-white-2025","Jordan 1 Retro Low Swooshless Triple White (2025)",1136
2026-07-16T15:15:29.634Z,gid://shopify/Product/15241902850434,"salomon-xt-mm-6-mm6-maison-margiela-vanilla-ice","Salomon XT-MM-6 MM6 Maison Margiela Vanilla Ice",1341
2026-07-16T15:15:29.634Z,gid://shopify/Product/15241903276418,"nike-ja-2-in-the-woods","Nike Ja 2 In The Woods",1146
2026-07-16T15:15:29.635Z,gid://shopify/Product/15241903604098,"new-balance-1906l-pink","New Balance 1906L Ice Wine Pink Taffy",1108
2026-07-16T15:15:29.635Z,gid://shopify/Product/15241903931778,"nike-ja-2-tb-triple-white","Nike Ja 2 TB Triple White",1138
2026-07-16T15:15:29.635Z,gid://shopify/Product/15241904390530,"air-jordan-12-retro-stone-blue","Jordan 12 Retro Indigo",1260
2026-07-16T15:15:29.635Z,gid://shopify/Product/15241905013122,"air-jordan-3-retro-tinker-hatfield","Jordan 3 Retro Tinker Hatfield",1151
2026-07-16T15:15:29.635Z,gid://shopify/Product/15241905701250,"air-jordan-tatum-3-highlights","Jordan Tatum 3 Highlights",1123
2026-07-16T15:15:29.635Z,gid://shopify/Product/15241906520450,"air-jordan-5-retro-psg-paris-saint-germain-off-noir","Jordan 5 Retro PSG Paris Saint-Germain Off Noir",1150
2026-07-16T15:15:29.635Z,gid://shopify/Product/15241906946434,"anta-kai-hela-brown","Anta Kai Hélà Brown",1057
2026-07-16T15:15:29.635Z,gid://shopify/Product/15241907503490,"nike-lebron-21-prime-93","Nike LeBron 21 Prime 93",1431
2026-07-16T15:15:29.635Z,gid://shopify/Product/15243818860930,"nike-lebron-21-multi-color","Nike LeBron 21 Optimism",1452
2026-07-16T15:15:29.635Z,gid://shopify/Product/15243819057538,"nike-lebron-witness-7-hyper-royal-blue-lightning-white-black","Nike LeBron Witness 7 Hyper Royal Blue Lightning White Black",1265
2026-07-16T15:15:29.635Z,gid://shopify/Product/15243819352450,"pokemon-tcg-scarlet-violet-15-6pk-booster-bundle-6x-lot","Pokémon TCG Scarlet & Violet 151 6pk Booster Bundle 6x Lot",1033
2026-07-16T15:15:29.635Z,gid://shopify/Product/15243820106114,"nike-dunk-low-retro-se-light-silver-light-army-sail-white","Nike Dunk Low Retro SE Light Silver Light Army Sail White",1249
2026-07-16T15:15:29.635Z,gid://shopify/Product/15243820401026,"nike-air-max-90-sp-patta-waves-sapphire","Nike Air Max 90 SP Patta Waves Sapphire",1692
2026-07-16T15:15:29.635Z,gid://shopify/Product/15243820695938,"reebok-workout-plus-1987-tv-white","Reebok Workout Plus 1987 TV White",1388
2026-07-16T15:15:29.635Z,gid://shopify/Product/15243821121922,"stanley-x-jennie-the-quencher-lux-30oz-tumbler-midnight-ruby","Stanley x Jennie The Quencher Lux 30oz Tumbler Midnight Ruby",1137
2026-07-16T15:15:29.635Z,gid://shopify/Product/15243821547906,"stanley-the-halloween-quencher-h20-flowstate-30oz-tumbler-deadly-damask","Stanley The Halloween Quencher H2.0 FlowState 30oz Tumbler Deadly Damask",998
2026-07-16T15:15:29.635Z,gid://shopify/Product/15243822334338,"dr-martens-1460-drkshdw-quad-sole-mega-lace-boot-rick-owens-black-womens","Dr. Martens 1460 DRKSHDW Quad Sole Mega Lace Boot Rick Owens Black (Women's)",1174
2026-07-16T15:15:29.635Z,gid://shopify/Product/15243823317378,"stanley-1913-x-loveshackfancy-flowstate-quencher-30oz-tumbler-ibiza-sunset","Stanley 1913 x LoveShackFancy Flowstate Quencher 30oz Tumbler Ibiza Sunset",982
2026-07-16T15:15:29.635Z,gid://shopify/Product/15245572374914,"nike-air-max-goadome-black-pony-hair","Nike Air Max Goadome Black Pony Hair",1232
2026-07-16T15:15:29.635Z,gid://shopify/Product/15245572964738,"adidas-ctt-oversized-chinese-track-top-30-gender-neutral-jacket-asia-sizing-medium-black-denim","adidas CTT Oversized Chinese Track Top 3.0 Gender Neutral Jacket (Asia Sizing) Medium Black Denim",1232
2026-07-16T15:15:29.635Z,gid://shopify/Product/15245574013314,"kith-long-sleeve-quinn-tee-monarch","Kith Long Sleeve Quinn Tee Monarch",734
2026-07-16T15:15:29.635Z,gid://shopify/Product/15245575192962,"reebok-question-mid-grey-suede","Reebok Question Mid Grey Suede",1131
2026-07-16T15:15:29.635Z,gid://shopify/Product/15245575979394,"microsoft-xbox-wireless-controller-qau-00016-daystrike-camo","Microsoft Xbox Wireless Controller QAU-00016 Daystrike Camo",1354
2026-07-16T15:15:29.635Z,gid://shopify/Product/15245576896898,"hyperx-quadcast-s-wired-multi-pattern-electret-condenser-microphone-hmiq1s-xx-rg-g-black","HyperX QuadCast S Wired Multi-Pattern Electret Condenser Microphone HMIQ1S-XX-RG/G Black",1114
2026-07-16T15:15:29.635Z,gid://shopify/Product/15245577355650,"reebok-question-mid-nice-kicks-bubba-chuck","Reebok Question Mid Nice Kicks Bubba Chuck",1209
2026-07-16T15:15:29.635Z,gid://shopify/Product/15245578305922,"stanley-heat-wave-exclusive-collection-flowstate-quencher-40oz-tumbler-dep-purple","Stanley Heat Wave Exclusive Collection Flowstate Quencher 40oz Tumbler Dep Purple",1179
2026-07-16T15:15:29.636Z,gid://shopify/Product/15245580108162,"jordan-2-retro-qf-white-varisty-red-2010","Jordan 2 Retro QF White Varsity Red (2010)",1279
2026-07-16T15:17:21.063Z,gid://shopify/Product/15246846493058,"ugg-mini-bailey-button-ii-chestnut-w","UGG Mini Bailey Button II Chestnut (Women's)",870
2026-07-16T15:17:21.071Z,gid://shopify/Product/15247420948866,"reebok-answer-5-white-red-2019","Reebok Answer 5 White Red (2019)",881
2026-07-16T15:17:21.072Z,gid://shopify/Product/15247422816642,"nike-air-vapormax-run-utility-black-anthracite","Nike Air VaporMax Run Utility Black Anthracite",1065
2026-07-16T15:17:21.072Z,gid://shopify/Product/15247423144322,"nike-air-pegasus-2005-black-fire-red","Nike Air Peg 2K5 Black Fire Red",854
2026-07-16T15:17:21.072Z,gid://shopify/Product/15247423996290,"new-balance-990v6-miusa-dark-camo-rich-oak","New Balance 990v6 MiUSA Dark Camo Rich Oak",987
2026-07-16T15:17:21.072Z,gid://shopify/Product/15247424455042,"supreme-fox-racing-zip-up-hooded-sweatshirt-black","Supreme Fox Racing Zip Up Hooded Sweatshirt Black",830
2026-07-16T15:17:21.072Z,gid://shopify/Product/15247424815490,"adidas-ultra-boost-10-shadow-navy-grey-two","adidas Ultra Boost 1.0 Shadow Navy Grey Two",929
2026-07-16T15:17:21.072Z,gid://shopify/Product/15247425372546,"pokemon-tcg-scarlet-violet-15-ultra-premium-collection","Pokémon TCG Scarlet & Violet 151 Ultra Premium Collection",982
2026-07-16T15:17:21.072Z,gid://shopify/Product/15247425667458,"nike-dunk-low-next-nature-hemp-sail-womens","Nike Dunk Low Next Nature Beige Sail (Women's)",944
2026-07-16T15:17:21.073Z,gid://shopify/Product/15247425962370,"nike-dunk-low-harvest-moon-w","Nike Dunk Low Harvest Moon (Women's)",846
2026-07-16T15:17:21.073Z,gid://shopify/Product/15247426257282,"nike-lahar-low-black-w","Nike Lahar Low Black (Women's)",911
2026-07-16T15:17:21.073Z,gid://shopify/Product/15247943631234,"asics-gel-nyc-white-feather-grey-1","ASICS Gel-NYC White Feather Grey %",785
2026-07-16T15:17:21.073Z,gid://shopify/Product/15249570464130,"nike-dunk-low-retro-coconut-milk-w","Nike Dunk Low Retro Coconut Milk (Women's)",947
2026-07-16T15:17:21.073Z,gid://shopify/Product/15249570726274,"nike-dunk-low-prm-urban-landscape-20","Nike Dunk Low PRM Urban Landscape 2.0",1181
2026-07-16T15:17:21.073Z,gid://shopify/Product/15249571119490,"nike-dunk-high-undercover-chaos-black","Nike Dunk High Undercover Chaos Black",950
2026-07-16T15:17:21.073Z,gid://shopify/Product/15249571643778,"nike-air-more-uptempo-hoops-pack-17","Nike Air More Uptempo Bulls Hoops Pack",883
2026-07-16T15:17:21.073Z,gid://shopify/Product/15249571938690,"nike-dunk-low-sail-light-bone-w","Nike Dunk Low Sail Light Bone (Women's)",828
2026-07-16T15:17:21.073Z,gid://shopify/Product/15249572626818,"supreme-big-logo-zip-up-hooded-sweatshirt-magenta","Supreme Big Logo Zip Up Hooded Sweatshirt Magenta",832
2026-07-16T15:17:21.073Z,gid://shopify/Product/15249573151106,"adidas-ultra-boost-5x-black","adidas Ultra Boost 5X Black",999
2026-07-16T15:17:21.073Z,gid://shopify/Product/15249573577090,"converse-chuck-taylor-all-star-duck-boot-ambush-blue","Converse Chuck Taylor All Star Duck Boot Ambush Blue",894
2026-07-16T15:17:21.073Z,gid://shopify/Product/15249573839234,"nike-air-vapormax-run-utility-black-reflect-silver","Nike Air VaporMax Run Utility Black Reflect Silver",1034
2026-07-16T15:17:21.073Z,gid://shopify/Product/15249574461826,"kaws-x-warhol-ut-graphic-471321-t-shirt-white","KAWS x Uniqlo Warhol UT Graphic 471321 T-shirt White",881
2026-07-16T15:17:21.073Z,gid://shopify/Product/15249574691202,"nike-dunk-low-ducks-of-a-feather-black-university-of-oregon-pe","Nike Dunk Low Ducks of a Feather Black University of Oregon PE",1001
2026-07-16T15:17:21.073Z,gid://shopify/Product/15249574887810,"nike-j-force-1-low-lx-jacquemus-white-womens","Nike J Force 1 Low LX Jacquemus White (Women's)",894
2026-07-16T15:17:21.073Z,gid://shopify/Product/15250727272834,"nike-air-zoom-alphafly-next-3-fp-white-purple-agate-womens","Nike Air Zoom Alphafly Next% 3 FP White Purple Agate (Women's)",1041
2026-07-16T15:17:21.073Z,gid://shopify/Product/15250727567746,"nike-air-force-1-sage-low-triple-white-w","Nike Air Force 1 Sage Low Triple White (Women's)",843
2026-07-16T15:17:21.074Z,gid://shopify/Product/15250727993730,"alexander-mcqueen-oversized-multicolor-w","Alexander McQueen Oversized Patchouli (Women's)",894
2026-07-16T15:17:21.074Z,gid://shopify/Product/15250728354178,"nike-air-more-uptempo-alternates-split-navy-red","Nike Air More Uptempo 96 Alternates Split Black Varsity Red",963
2026-07-16T15:17:21.074Z,gid://shopify/Product/15250728681858,"air-jordan-5-retro-grape-2025-td","Jordan 5 Retro Grape (2025) (TD)",906
2026-07-16T15:17:21.074Z,gid://shopify/Product/15250730811778,"gucci-x-disney-bucket-bag-mini-gg-supreme-mickey-mouse-small-beige","Gucci x Disney Bucket Bag Mini GG Supreme Mickey Mouse Small Beige",1009
2026-07-16T15:17:21.074Z,gid://shopify/Product/15250731893122,"lululemon-everywhere-fleece-belt-bag-crossbody-bag-natural-ivory-trench","Lululemon Everywhere Fleece Belt Bag Crossbody Bag Natural Ivory/Trench",913
2026-07-16T15:17:21.074Z,gid://shopify/Product/15250732679554,"telfar-shopping-bag-medium-cerulean","Telfar Shopping Bag Medium Cerulean",745
2026-07-16T15:17:21.074Z,gid://shopify/Product/15250735038850,"lego-the-lord-of-the-rings-battle-at-the-black-gate-set-79007","LEGO The Lord of the Rings Battle at the Black Gate Set 79007",832
2026-07-16T15:17:21.074Z,gid://shopify/Product/15250737299842,"nike-sb-nyjah-3-white-black","Nike SB Nyjah 3 White Black",1023
2026-07-16T15:17:21.074Z,gid://shopify/Product/15250737693058,"nike-go-flyease-black-white-w","Nike Go FlyEase Black White (Women's)",1189
2026-07-16T15:17:21.074Z,gid://shopify/Product/15250738315650,"nike-air-max-tl-25-wild-grape","Nike Air Max TL 2.5 Wild Grape",873
2026-07-16T15:17:21.074Z,gid://shopify/Product/15250739036546,"nike-kd-10-university-red","Nike KD 10 University Red",858
2026-07-16T15:17:21.074Z,gid://shopify/Product/15250739724674,"kobe-10-hot-lava","Nike Kobe 10 Hot Lava",945
2026-07-16T15:17:21.074Z,gid://shopify/Product/15252503888258,"gucci-flap-marmont-small-matelasse-gg-leather-off-white","Gucci GG Marmont Small Matelasse Bag White",762
2026-07-16T15:17:21.074Z,gid://shopify/Product/15252506149250,"gucci-marmont-small-matelasse-gg-calfskin-nude","Gucci GG Marmont Small Matelasse Bag Dusty Pink",718
2026-07-16T15:19:13.226Z,gid://shopify/Product/15252507001218,"travis-scott-astroworld-tour-tee-black","Travis Scott Astroworld Tour Tee Black",687
2026-07-16T15:19:13.233Z,gid://shopify/Product/15252507296130,"travis-scott-astroworld-tour-wish-you-were-here-tee-black","Travis Scott Astroworld Tour Wish You Were Here Tee Black",1101
2026-07-16T15:19:13.234Z,gid://shopify/Product/15252507984258,"nike-air-force-1-low-travis-scott-cactus-jack-td","Nike Air Force 1 Low Travis Scott Cactus Jack (TD)",1600
2026-07-16T15:19:13.234Z,gid://shopify/Product/15252508311938,"air-jordan-jumpman-jack-tr-travis-scott-bright-cactus-td","Jordan Jumpman Jack TR Travis Scott Bright Cactus (TD)",1165
2026-07-16T15:19:13.234Z,gid://shopify/Product/15252508705154,"nike-dunk-low-black-opti-yellow","Nike Dunk Low Black Opti Yellow",1219
2026-07-16T15:19:13.234Z,gid://shopify/Product/15252509065602,"nike-x-yu-gi-oh-tee-white","Nike x Yu-Gi-Oh! Tee White",1056
2026-07-16T15:19:13.234Z,gid://shopify/Product/15252509393282,"nike-air-presto-mid-acronym-dynamic-yellow","Nike Air Presto Mid Acronym Dynamic Yellow",996
2026-07-16T15:19:13.234Z,gid://shopify/Product/15252509852034,"nike-air-force-1-low-travis-scott-sail","Nike Air Force 1 Low Travis Scott Sail",1223
2026-07-16T15:19:13.234Z,gid://shopify/Product/15252510376322,"nike-air-max-270-react-travis-scott-cactus-trails-ps","Nike Air Max 270 React Travis Scott Cactus Trails (PS)",1530
2026-07-16T15:19:13.234Z,gid://shopify/Product/15252510769538,"supreme-ys-by-yohji-yamamoto-star-tee-black","Supreme Y's by Yohji Yamamoto Star Tee Black",1124
2026-07-16T15:19:13.234Z,gid://shopify/Product/15252511326594,"supreme-sticky-note-molded-lamp-yellow","Supreme Sticky Note Molded Lamp Yellow",1055
2026-07-16T15:19:13.235Z,gid://shopify/Product/15252511588738,"supreme-distorted-logo-yellow","Supreme Distorted Logo Skateboard Deck Yellow",744
2026-07-16T15:19:13.235Z,gid://shopify/Product/15252511850882,"travis-scott-utopia-circus-maximus-2023-tour-zip-up-hoodie-brown","Travis Scott Utopia Circus Maximus 2023 Tour Zip-Up Hoodie Brown",1274
2026-07-16T15:19:13.235Z,gid://shopify/Product/15252512244098,"supreme-star-basketball-jersey-yellow","Supreme Star Basketball Jersey Yellow",1159
2026-07-16T15:19:13.235Z,gid://shopify/Product/15254981017986,"sony-playstation-5-ps5-pro-ghost-of-yotei-gold-limited-edition-console-cover","Sony PlayStation 5 PS5 Pro - Ghost of Yotei Gold Limited Edition Console Cover",1159
2026-07-16T15:19:13.235Z,gid://shopify/Product/15254982459778,"nike-overbreak-sp-mars-yard","Nike Overbreak SP Mars Yard",1145
2026-07-16T15:19:13.235Z,gid://shopify/Product/15254983803266,"travis-scott-astroworld-hoodie-black","Travis Scott Astroworld Scattered Hoodie Black",951
2026-07-16T15:19:13.235Z,gid://shopify/Product/15254985965954,"gallery-dept-logo-trucker-hat-blue-yellow","Gallery Dept. Logo Trucker Hat Blue Yellow",1164
2026-07-16T15:19:13.235Z,gid://shopify/Product/15254989603202,"supreme-antihero-skateboard-deck-multi-pink","Supreme ANTIHERO Skateboard Deck Pink/Yellow",1096
2026-07-16T15:19:13.235Z,gid://shopify/Product/15254991995266,"nike-air-vapormax-plus-speed-yellow-white-w","Nike Air VaporMax Plus Speed Yellow White (Women's)",1246
2026-07-16T15:19:13.235Z,gid://shopify/Product/15254993928578,"playboi-carti-yvl-cap-navy-red","Playboi Carti YVL Cap Navy/Red",916
2026-07-16T15:19:13.235Z,gid://shopify/Product/15254996976002,"travis-scott-argentina-soccer-jersey-multicolor","Travis Scott Argentina Soccer Jersey Multicolor",1537
2026-07-16T15:19:13.236Z,gid://shopify/Product/15254997172610,"maison-mihara-yasuhiro-peterson-og-sole-canvas-low-triple-black","Maison Mihara Yasuhiro Peterson OG Sole Canvas Low Black Black",1441
2026-07-16T15:19:13.236Z,gid://shopify/Product/15254997500290,"new-balance-1906r-lunar-new-year-white","New Balance 1906R Lunar New Year White",1447
2026-07-16T15:19:13.236Z,gid://shopify/Product/15254997827970,"sprayground-pink-panther-prestige-backpack-multicolor","Sprayground Pink Panther Prestige Backpack Multicolor",1639
2026-07-16T15:19:13.236Z,gid://shopify/Product/15254998122882,"nike-zoomx-invincible-run-3-fp-blueprint-pack","Nike ZoomX Invincible Run 3 FP Blueprint Pack",1476
2026-07-16T15:19:13.236Z,gid://shopify/Product/15254998417794,"sprayground-shark-central-late-arrival-dlxsv-backpack-multicolor","Sprayground Shark Central Late Arrival DLXSV Backpack Multicolor",1116
2026-07-16T15:19:13.236Z,gid://shopify/Product/15254998843778,"sprayground-pink-panther-pink-painter-backpack-multicolor","Sprayground Pink Panther Pink Painter Backpack Multicolor",1070
2026-07-16T15:19:13.236Z,gid://shopify/Product/15254999040386,"nike-air-zoom-gt-cut-3-siren-red-summit-white-atomic-pink-black","Nike Air Zoom GT Cut 3 Siren Red Summit White Atomic Pink Black",1206
2026-07-16T15:19:13.236Z,gid://shopify/Product/15256954438018,"nike-zoom-vomero-5-triple-white-womens","Nike Zoom Vomero 5 Triple White (Women's)",1235
2026-07-16T15:19:13.236Z,gid://shopify/Product/15256955584898,"sprayground-midnight-chateau-monte-carlo-backpack-black-grey","Sprayground Midnight Chateau Monte Carlo Backpack Black/Grey",1103
2026-07-16T15:19:13.236Z,gid://shopify/Product/15256955879810,"supreme-leather-zip-card-holder-fw25-red","Supreme Leather Zip Card Holder (FW25) Red",1239
2026-07-16T15:19:13.236Z,gid://shopify/Product/15256956141954,"nike-zoom-gt-cut-2-pearl-pink","Nike Zoom GT Cut 2 Pearl Pink",1399
2026-07-16T15:19:13.236Z,gid://shopify/Product/15256956404098,"nike-zoom-lebron-nxxt-gen-black-white-medium-soft-pink","Nike Zoom LeBron NXXT Gen Black White Medium Soft Pink",1853
2026-07-16T15:19:13.236Z,gid://shopify/Product/15256956633474,"nike-air-zoom-alphafly-next-3-white-pure-platinum-obsidian-mist-gridiron","Nike Air Zoom Alphafly Next% 3 White Pure Platinum Obsidian Mist Gridiron",1433
2026-07-16T15:19:13.236Z,gid://shopify/Product/15256956961154,"nike-air-zoom-drive-drake-nocta-summit-white","Nike Air Zoom Drive Drake NOCTA Summit White",1936
2026-07-16T15:19:13.237Z,gid://shopify/Product/15256957419906,"sprayground-pink-paradise-dlxsv-backpack-multicolor","Sprayground Pink Paradise DLXSV Backpack Multicolor",1453
2026-07-16T15:19:13.237Z,gid://shopify/Product/15256957911426,"sprayground-drip-check-shark-dlxsf-backpack-black-grey-checker","Sprayground Drip Check Shark Backpack Black/Grey Checker",1296
2026-07-16T15:19:13.237Z,gid://shopify/Product/15256958271874,"stussy-basic-stussy-zip-hoodie-black","Stussy Basic Stussy Zip Hoodie Black",1132
2026-07-16T15:19:13.237Z,gid://shopify/Product/15256958534018,"nike-air-zoom-tiger-woods-20-black","Nike Air Zoom Tiger Woods 20 Black",1263
2026-07-16T15:21:23.056Z,gid://shopify/Product/15256959091074,"sprayground-elmos-world-shark-sketch-backpack-multicolor","Sprayground Elmo'S World Shark Sketch Backpack Multicolor",807
2026-07-16T15:21:23.063Z,gid://shopify/Product/15256959615362,"nike-tech-fleece-full-zip-hoodie-joggers-set-university-red","Nike Sportswear Tech Fleece Full Zip Hoodie & Joggers Set University Red",1092
2026-07-16T15:21:23.063Z,gid://shopify/Product/15256960172418,"jordan-monogram-backpack-emerald-rise","Jordan Monogram Backpack Emerald Rise (25L)",969
2026-07-16T15:21:23.063Z,gid://shopify/Product/15257601933698,"nike-air-max-97-bw-skepta","Nike Air Max 97/BW Skepta",992
2026-07-16T15:21:23.063Z,gid://shopify/Product/15257602163074,"nike-air-max-bw-light-stone","Nike Air Max BW Coded Nature",871
2026-07-16T15:21:23.063Z,gid://shopify/Product/15257602523522,"nike-sportswear-tech-fleece-graphic-full-zip-hoodie-dark-marine-blue-white","Nike Sportswear Tech Fleece Graphic Full-Zip Hoodie Dark Marine/Blue/White",1058
2026-07-16T15:21:23.063Z,gid://shopify/Product/15257602982274,"pop-mart-the-monsters-labubu-classic-bag-series-fleece-backpack-brown","Pop Mart The Monsters Labubu Classic Bag Series Fleece Backpack Brown",906
2026-07-16T15:21:23.063Z,gid://shopify/Product/15257603506562,"air-jordan-zion-2-naruto-vs-sasuke","Jordan Zion 2 SP Naruto vs. Sasuke",1095
2026-07-16T15:21:23.063Z,gid://shopify/Product/15257604063618,"adidas-zx-8500-overkill-graffiti","adidas ZX 8500 Overkill Graffiti",965
2026-07-16T15:21:23.063Z,gid://shopify/Product/15257604358530,"nike-air-max-2017-binary-blue-obsidian","Nike Air Max 2017 Binary Blue Obsidian",1052
2026-07-16T15:21:23.063Z,gid://shopify/Product/15257604686210,"adidas-taekwondo-mei-ballet-clear-pink-white-womens","adidas Taekwondo Mei Ballet Clear Pink White (Women's)",1064
2026-07-16T15:21:23.063Z,gid://shopify/Product/15257605177730,"adidas-predator-pro-fg-david-beckham-beam-pink","adidas Predator Pro FG David Beckham Beam Pink",866
2026-07-16T15:21:23.063Z,gid://shopify/Product/15257606422914,"adidas-superstar-shelltoe-teenage-mutant-ninja-turtles","adidas Superstar Shelltoe Teenage Mutant Ninja Turtles",1204
2026-07-16T15:21:23.063Z,gid://shopify/Product/15257607045506,"adidas-superstar-all-black","adidas Superstar All Black",1069
2026-07-16T15:21:23.063Z,gid://shopify/Product/15257607864706,"adidas-nmd-hu-pharrell-x-billionaire-boys-club-astronaut-blue","adidas NMD Hu Pharrell x Billionaire Boys Club Astronaut Blue",946
2026-07-16T15:21:23.063Z,gid://shopify/Product/15257608749442,"adidas-ultra4d-black-purple","adidas Ultra 4D Black Purple",768
2026-07-16T15:21:23.063Z,gid://shopify/Product/15257609372034,"adidas-superstar-ii-white-black","adidas Superstar II White Black",1012
2026-07-16T15:21:23.063Z,gid://shopify/Product/15258052362626,"asics-gel-kayano-121-silver-burgundy","ASICS Gel-Kayano 12.1 Silver Burgundy",903
2026-07-16T15:21:23.063Z,gid://shopify/Product/15258053050754,"asics-gel-1130-white-rainy-lake","ASICS Gel-1130 White Rainy Lake",1062
2026-07-16T15:21:23.063Z,gid://shopify/Product/15258053771650,"asics-gel-cumulus-16-green-cream-ivory","ASICS Gel-Cumulus 16 Green Cream Ivory",936
2026-07-16T15:21:23.063Z,gid://shopify/Product/15259298267522,"asics-gel-lyte-iii-252-1","ASICS Gel-Lyte III Ronnie Fieg Tokyo Trio 252.1",1002
2026-07-16T15:21:23.063Z,gid://shopify/Product/15259300594050,"asics-gel-nimbus-9-oatmeal-indigo-fog","ASICS Gel-Nimbus 9 Oatmeal Indigo Fog",1007
2026-07-16T15:21:23.063Z,gid://shopify/Product/15260220326274,"air-jordan-4-retro-og-flight-club","Jordan 4 Retro OG Flight Club",1153
2026-07-16T15:21:23.063Z,gid://shopify/Product/15260523037058,"asics-gel-lyte-iii-og-sneaker-freaker-atmos-alley-cats","ASICS Gel-Lyte III OG Sneaker Freaker atmos Alley Cats",1125
2026-07-16T15:21:23.064Z,gid://shopify/Product/15260526510466,"air-jordan-1-mid-se-new-love-2025-gs","Jordan 1 Mid SE New Love (2025) (GS)",978
2026-07-16T15:21:23.064Z,gid://shopify/Product/15261294526850,"salomon-xt-6-vanilla-ice-almond-milk-1","Salomon XT-6 Vanilla Ice Almond Milk %",938
2026-07-16T15:21:23.064Z,gid://shopify/Product/15262132732290,"air-jordan-1-retro-low-og-doernbecher-2023","Jordan 1 Retro Low OG Doernbecher (2023)",1207
2026-07-16T15:21:23.064Z,gid://shopify/Product/15262134501762,"asics-gt-2160-cecilie-bahnsen-mary-jane-black","ASICS GT-2160 Cecilie Bahnsen Mary Jane Black",1257
2026-07-16T15:21:23.064Z,gid://shopify/Product/15262138171778,"asics-gel-nyc-graphite-grey-graphite-grey","ASICS Gel-NYC Graphite Grey Graphite Grey",1004
2026-07-16T15:21:23.064Z,gid://shopify/Product/15263450333570,"air-jordan-4-retro-pizza-td","Jordan 4 Retro Pizza (TD)",1268
2026-07-16T15:21:23.064Z,gid://shopify/Product/15263450562946,"air-jordan-2-3-black-metallic-silver","Jordan 2/3 Black Metallic Silver",1291
2026-07-16T15:21:23.064Z,gid://shopify/Product/15263450792322,"air-jordan-4-retro-forget-me-not-td","Jordan 4 Retro Forget Me Not (TD)",1159
2026-07-16T15:21:23.064Z,gid://shopify/Product/15269173428610,"jordan-6-retro-oreo","Jordan 6 Retro Oreo",1237
2026-07-16T15:21:23.064Z,gid://shopify/Product/15280147628418,"mizuno-wave-prophecy-moc-taupe","Mizuno Wave Prophecy Moc Taupe",848
2026-07-16T15:21:23.064Z,gid://shopify/Product/15282650513794,"adidas-yzy-qntm-barium","adidas Yeezy QNTM Barium (Infants)",760
2026-07-16T15:21:23.064Z,gid://shopify/Product/15282655396226,"playboi-carti-yvl-cap-green-black","Playboi Carti YVL Cap Green/Black",699
2026-07-16T15:21:23.064Z,gid://shopify/Product/15285491368322,"supreme-max-b-tee-white","Supreme Max B Tee White",833
2026-07-16T15:21:23.064Z,gid://shopify/Product/15289388433794,"nike-ja-3-twelve-time","Nike Ja 3 Twelve Time",1011
2026-07-16T15:21:23.064Z,gid://shopify/Product/15305161113986,"saucony-progrid-omni-9-deep-navy","Saucony ProGrid Omni 9 Deep Navy",1138
2026-07-16T15:21:23.064Z,gid://shopify/Product/15308190581122,"air-jordan-5-retro-white-metallic-2026","Jordan 5 Retro White Metallic (2026)",1237
2026-07-16T15:23:12.682Z,gid://shopify/Product/15308305564034,"nike-air-force-1-low-kobe-bryant-lakers-away","Nike Air Force 1 Low Kobe Bryant Lakers Away (Non-Numbered)",1092
2026-07-16T15:23:12.684Z,gid://shopify/Product/15308434702722,"nike-mind-001-slide-solar-red-womens","Nike Mind 001 Slide Solar Red (Women's)",1156
2026-07-16T15:23:12.684Z,gid://shopify/Product/15308434899330,"nike-mind-001-slide-mineral-slate","Nike Mind 001 Slide Mineral Slate",1059
2026-07-16T15:23:12.684Z,gid://shopify/Product/15319823417730,"brooks-adrenaline-gts-24-white-black-pelican","Brooks Adrenaline GTS 24 White Black Pelican",1080
2026-07-16T15:23:12.684Z,gid://shopify/Product/15321791562114,"air-jordan-4-retro-lakers","Jordan 4 Retro Lakers",1296
2026-07-16T15:23:12.684Z,gid://shopify/Product/15324669903234,"adidas-taekwondo-mei-ballet-liberty-london-pink-floral-gum-womens","adidas Taekwondo Mei Ballet Liberty London Pink Floral Gum (Women's)",1092
2026-07-16T15:23:12.684Z,gid://shopify/Product/15325598974338,"saucony-progrid-triumph-4-westside-gunn-super-flygod","Saucony ProGrid Triumph 4 Westside Gunn Super Flygod",887
2026-07-16T15:23:12.684Z,gid://shopify/Product/15326332486018,"mizuno-samurai-japan-wbc-2023-otani-shohei-16-replica-jersey-white","Mizuno Samurai Japan WBC 2023 Ohtani Shohei 16 Replica Jersey White",957
2026-07-16T15:23:12.684Z,gid://shopify/Product/15330361966978,"gucci-soho-chain-wallet-bag-black","Gucci Soho Chain Wallet Bag Black",696
2026-07-16T15:23:12.685Z,gid://shopify/Product/15333100323202,"adidas-yeezy-slide-resin-2022-2025","adidas Yeezy Slide Resin (2022/2024) %",697
2026-07-16T15:23:12.685Z,gid://shopify/Product/15333106450818,"adidas-campus-00s-better-scarlet-cloud-white-1","adidas Campus 00s Better Scarlet Cloud White %",856
2026-07-16T15:23:12.685Z,gid://shopify/Product/15333112349058,"adidas-samba-og-core-black-gum-1","adidas Samba OG Core Black Gum %",995
2026-07-16T15:23:12.685Z,gid://shopify/Product/15333182898562,"nike-air-max-95-og-big-bubble-blue-spark-1","Nike Air Max 95 OG Big Bubble Blue Spark %",1605
2026-07-16T15:23:12.685Z,gid://shopify/Product/15333187518850,"nike-killshot-2-ltr-prm-tiempo-pack-black-1","Nike Killshot 2 LTR PRM Tiempo Pack Black %",1062
2026-07-16T15:23:12.685Z,gid://shopify/Product/15335335002498,"converse-chuck-taylor-all-star-70s-ox-comme-des-garcons-play-black","Converse Chuck Taylor All Star 70 Ox Comme des Garcons PLAY Black",903
2026-07-16T15:23:12.685Z,gid://shopify/Product/15340410831234,"essentials-shorts-dark-oatmeal-ss22","Essentials Shorts Dark Oatmeal (SS22)",644
2026-07-16T15:23:12.685Z,gid://shopify/Product/15340414370178,"bape-college-tee-ss23-white","BAPE College Tee (SS23) White",623
2026-07-16T15:23:12.685Z,gid://shopify/Product/15342411022722,"yzy-ys-01-silver-green","YZY YS-01 Cream",834
2026-07-16T15:23:12.685Z,gid://shopify/Product/15342417838466,"nike-air-humara-lx-jacquemus-pink-w","Nike Air Humara LX Jacquemus Pink Flash (Women's)",793
2026-07-16T15:23:12.685Z,gid://shopify/Product/15342418100610,"jacquemus-x-nike-le-sac-swoosh-small-white","Jacquemus x Nike Le Sac Swoosh Small White",784
2026-07-16T15:23:12.685Z,gid://shopify/Product/15342418461058,"jacquemus-le-grand-bambino-crossbody-strap-handbag-black","Jacquemus Le Grand Bambino Crossbody Strap Handbag Black",1075
2026-07-16T15:23:12.685Z,gid://shopify/Product/15342418755970,"jacquemus-x-nike-le-jogging-swoosh-pant-dark-red","Jacquemus x Nike Le Jogging Swoosh Pant Dark Red",1122
2026-07-16T15:23:12.686Z,gid://shopify/Product/15344737288578,"ami-paris-ami-de-coeur-embroidered-polo-shirt-black-red","Ami Paris Ami De Coeur Embroidered Polo Shirt Black/Red",935
2026-07-16T15:23:12.686Z,gid://shopify/Product/15344739680642,"ami-paris-ami-de-coeur-tonal-boxy-fit-crewneck-beige","Ami Paris Ami De Coeur Tonal Boxy Fit Crewneck Beige",760
2026-07-16T15:23:12.686Z,gid://shopify/Product/15344786145666,"sp5der-beluga-hoodie-brown","Sp5der Beluga Hoodie Brown",855
2026-07-16T15:23:12.686Z,gid://shopify/Product/15344786440578,"sp5der-beluga-hoodie-orange","Sp5der Beluga Hoodie Orange",1109
2026-07-16T15:23:12.686Z,gid://shopify/Product/15344786669954,"sp5der-rhinestone-punk-v2-sweatpant-black","Sp5der Rhinestone Punk V2 Sweatpant Black",828
2026-07-16T15:23:12.686Z,gid://shopify/Product/15344786866562,"sp5der-wait-hoodie-black","Sp5der Wait Hoodie Black",916
2026-07-16T15:23:12.686Z,gid://shopify/Product/15344787095938,"sp5der-aop-web-hoodie-heather-grey","Sp5der AOP Web Hoodie Heather Grey",938
2026-07-16T15:23:12.686Z,gid://shopify/Product/15344787390850,"sp5der-web-hoodie-hunter-green","Sp5der Web Hoodie Hunter Green",1107
2026-07-16T15:23:12.686Z,gid://shopify/Product/15344787587458,"sp5der-og-web-hoodie-navy","Sp5der OG Web Hoodie Navy",1247
2026-07-16T15:23:12.686Z,gid://shopify/Product/15344787784066,"sp5der-og-web-zip-up-hoodie-ss26-sky-blue","Sp5der OG Web Zip Up Hoodie (SS26) Sky Blue",1295
2026-07-16T15:23:12.686Z,gid://shopify/Product/15344787980674,"sp5der-phantom-web-hoodie-black","Sp5der Phantom Web Hoodie Black",1087
2026-07-16T15:23:12.686Z,gid://shopify/Product/15344788210050,"sp5der-og-web-v2-tee-black-multicolor","Sp5der OG Web V2 Tee Black/Multicolor",1135
2026-07-16T15:23:12.686Z,gid://shopify/Product/15344788537730,"sp5der-atlanta-full-zip-hoodie-heather-grey","Sp5der Atlanta Full Zip Hoodie Heather Grey",1049
2026-07-16T15:23:12.686Z,gid://shopify/Product/15344788734338,"sp5der-og-web-tee-brown","Sp5der OG Web Tee Brown",916
2026-07-16T15:23:12.687Z,gid://shopify/Product/15344788996482,"sp5der-fuzzy-logo-mohair-beanie-black","Sp5der Fuzzy Logo Mohair Beanie Black",1088
2026-07-16T15:23:12.687Z,gid://shopify/Product/15344789324162,"sp5der-beluga-v2-hoodie-acai","Sp5der Beluga V2 Hoodie Acai",1050
2026-07-16T15:23:12.687Z,gid://shopify/Product/15344789750146,"sp5der-rhinestone-og-web-hoodie-brown","Sp5der Rhinestone OG Web Hoodie Brown",994
2026-07-16T15:23:12.687Z,gid://shopify/Product/15344790241666,"sp5der-blue-logo-cap-real-tree-camo","Sp5der Blue Logo Cap Real Tree Camo",1087
2026-07-16T15:24:58.037Z,gid://shopify/Product/15344790765954,"sp5der-juan-v2-tee-white","Sp5der Juan V2 Tee White",1314
2026-07-16T15:24:58.039Z,gid://shopify/Product/15344791257474,"chrome-hearts-white-cemetary-cross-ch-trucker-hat-black","Chrome Hearts White Cemetery Cross CH Trucker Hat Black",1060
2026-07-16T15:24:58.040Z,gid://shopify/Product/15344791486850,"chrome-hearts-horseshoe-denim-baseball-hat-black","Chrome Hearts Horseshoe Denim Baseball Hat Black",995
2026-07-16T15:24:58.040Z,gid://shopify/Product/15344791781762,"chrome-hearts-miami-exclusive-t-shirt-white","Chrome Hearts Miami Exclusive T-shirt White",883
2026-07-16T15:24:58.040Z,gid://shopify/Product/15344791978370,"chrome-hearts-logo-beanie-red","Chrome Hearts Logo Beanie Red",957
2026-07-16T15:24:58.040Z,gid://shopify/Product/15344792207746,"chrome-hearts-scroll-logo-pocket-t-shirt-white","Chrome Hearts Scroll Logo Pocket T-shirt White",1010
2026-07-16T15:24:58.040Z,gid://shopify/Product/15344792502658,"chrome-hearts-rs3-baseball-hat-black","Chrome Hearts RS3 Baseball Hat Black",1106
2026-07-16T15:24:58.040Z,gid://shopify/Product/15344792764802,"chrome-hearts-watch-beanie-blue","Chrome Hearts Watch Beanie Blue",1193
2026-07-16T15:24:58.040Z,gid://shopify/Product/15344793092482,"chrome-hearts-multi-color-cross-t-shirt-white","Chrome Hearts Multi Color Cross T-shirt White",1188
2026-07-16T15:24:58.041Z,gid://shopify/Product/15344793321858,"chrome-hearts-3-pack-ch-socks-multicolor-black","Chrome Hearts 3-Pack CH Socks Multicolor/Black",1473
2026-07-16T15:24:58.041Z,gid://shopify/Product/15344793649538,"chrome-hearts-ch-baseball-cap-black-yellow","Chrome Hearts CH Baseball Cap Black/Yellow",1037
2026-07-16T15:24:58.041Z,gid://shopify/Product/15344793846146,"chrome-hearts-33-incense-set-with-sterling-silver-holder","Chrome Hearts 33 Incense Set (With Sterling Silver Holder)",1217
2026-07-16T15:24:58.041Z,gid://shopify/Product/15344794108290,"chrome-hearts-logo-leggings-black-grey-multilogo","Chrome Hearts Logo Leggings Black/Grey Multilogo",1007
2026-07-16T15:24:58.041Z,gid://shopify/Product/15344794370434,"chrome-hearts-x-matty-boy-brain-new-l-s-t-shirt-blue","Chrome Hearts x Matty Boy Brain New L/S T-Shirt Blue",959
2026-07-16T15:24:58.041Z,gid://shopify/Product/15344794632578,"chrome-hearts-matty-boy-chomper-beanie-black","Chrome Hearts Matty Boy Chomper Beanie Black",1221
2026-07-16T15:24:58.041Z,gid://shopify/Product/15344795058562,"chrome-hearts-x-matty-boy-ppo-form-team-mesh-warm-up-jersey-t-shirt-red","Chrome Hearts x Matty Boy PPO Form Team Mesh Warm Up Jersey T-Shirt Red",1216
2026-07-16T15:24:58.041Z,gid://shopify/Product/15344795353474,"chrome-hearts-multi-color-cross-cemetery-t-shirt-black","Chrome Hearts Multi Color Cross Cemetery T-shirt Black",1078
2026-07-16T15:24:58.041Z,gid://shopify/Product/15344795550082,"chrome-hearts-cemetary-cross-leather-stitched-trucker-hat-black","Chrome Hearts Cemetary Cross Leather Stitched Trucker Hat Black",959
2026-07-16T15:24:58.042Z,gid://shopify/Product/15344795877762,"chrome-hearts-plus-cross-beanie-fw24-black","Chrome Hearts Plus Cross Beanie Black",957
2026-07-16T15:24:58.042Z,gid://shopify/Product/15344796828034,"aime-leon-dore-leather-aime-concord-jacket-navy","Aime Leon Dore Leather Aimé Concord Jacket Navy",1149
2026-07-16T15:24:58.042Z,gid://shopify/Product/15348446232962,"nike-sb-ps8-olympic-safari","Nike SB PS8 Electric Pack Olympic Safari",1376
2026-07-16T15:24:58.042Z,gid://shopify/Product/15348447609218,"nike-dunk-low-brooklyn-nets-nba-75th-anniversary","Nike Dunk Low EMB NBA 75th Anniversary Brooklyn Nets",1195
2026-07-16T15:24:58.042Z,gid://shopify/Product/15348456358274,"nike-dunk-low-archeo-pink-w","Nike Dunk Low Archeo Pink (Women's)",781
2026-07-16T15:24:58.042Z,gid://shopify/Product/15348483719554,"asics-gel-nyc-oyster-grey-white","ASICS Gel-NYC White Oyster Grey",1303
2026-07-16T15:24:58.042Z,gid://shopify/Product/15348489978242,"asics-gel-kayano-121-kith-cream-sage","ASICS Gel-Kayano 12.1 Kith Cream Sage",1503
2026-07-16T15:24:58.042Z,gid://shopify/Product/15349232107906,"air-jordan-1-retro-low-og-game-royal","Jordan 1 Retro Low OG Game Royal",1397
2026-07-16T15:24:58.042Z,gid://shopify/Product/15349694136706,"adidas-argentina-26-home-authentic-messi-jersey-white-icey-blue-light-blue","adidas Argentina 26 Home Authentic Messi Jersey White/Icey Blue/Light Blue",1301
2026-07-16T15:24:58.042Z,gid://shopify/Product/15349694497154,"travis-scott-spain-soccer-jersey-multicolor","Travis Scott Spain Soccer Jersey Multicolor",1250
2026-07-16T15:24:58.043Z,gid://shopify/Product/15349694693762,"nike-air-jordan-x-cbf-brazil-aero-fit-advance-match-away-jersey-old-royal-black","Nike Air Jordan x CBF Brazil Aero-Fit Advance Match Away Jersey Old Royal/Black",1985
2026-07-16T15:24:58.043Z,gid://shopify/Product/15349694890370,"adidas-belgium-26-home-jersey-red-bold-gold","adidas Belgium 26 Home Jersey Red/Bold Gold",1022
2026-07-16T15:24:58.043Z,gid://shopify/Product/15349695250818,"nike-england-2024-25-home-fans-edition-jersey-white-old-blue","Nike England 2024/25 Home Fans Edition Jersey White/Old Blue",1729
2026-07-16T15:24:58.043Z,gid://shopify/Product/15352502878594,"nike-cryoshot-mercurial-vapor-r9-patta","Nike Cryoshot Mercurial Vapor R9 Patta",2051
2026-07-16T15:24:58.043Z,gid://shopify/Product/15355225538946,"asics-gel-nyc-concrete-barely-rose","ASICS Gel-NYC Concrete Barely Rose",1445
2026-07-16T15:24:58.043Z,gid://shopify/Product/15356478062978,"fear-of-god-essentials-hoodie-sand","Fear of God Essentials Hoodie Sand",1335
2026-07-16T15:24:58.043Z,gid://shopify/Product/15356478325122,"bape-a-bathing-ape-check-by-bathing-tee-white-beige","BAPE A Bathing Ape Check by Bathing Tee White/Beige",975
2026-07-16T15:24:58.043Z,gid://shopify/Product/15356529967490,"aime-leon-dore-x-the-north-face-firefighter-jacket-pristine-safari-tan","Aime Leon Dore x The North Face Firefighter Jacket Pristine/Safari Tan",1356
2026-07-16T15:24:58.043Z,gid://shopify/Product/15358819500418,"a-bathing-ape-bape-sta-2-black-white","A Bathing Ape Bape Sta #2 Black White",1291
2026-07-16T15:25:43.850Z,gid://shopify/Product/15111497548162,"nike-zoom-vomero-5-dark-stucco","Nike Zoom Vomero 5 Dark Stucco",1335
2026-07-16T15:25:43.853Z,gid://shopify/Product/15111501414786,"nike-zoom-vomero-5-pacific-moss","Nike Zoom Vomero 5 Pacific Moss",1469
