timestamp,product_id,handle,title,chars
2026-07-16T14:10:40.326Z,gid://shopify/Product/14896536191362,"asics-gel-1130-white-carrier-grey-lilac-womens","ASICS Gel-1130 White Carrier Grey Lilac (Women's)",1098
2026-07-16T14:10:40.328Z,gid://shopify/Product/14901119910274,"air-jordan-4-retro-se-craft-photon-dust-gs","Jordan 4 Retro SE Craft Photon Dust (GS)",1133
2026-07-16T14:10:40.342Z,gid://shopify/Product/14901120172418,"jordan-4-retro-se-paris-olympics-wet-cement","Jordan 4 Retro SE Paris Olympics Wet Cement",978
2026-07-16T14:10:40.345Z,gid://shopify/Product/14902248014210,"nike-air-max-1-chili-20","Nike Air Max 1 Chili 2.0",1192
2026-07-16T14:10:40.345Z,gid://shopify/Product/14929952178562,"air-jordan-5-retro-og-black-metallic-reimagined-td","Jordan 5 Retro OG Black Metallic Reimagined (TD)",1154
2026-07-16T14:10:40.345Z,gid://shopify/Product/14929954111874,"nike-reactx-rejuven8-safety-orange","Nike ReactX Rejuven8 Safety Orange",1024
2026-07-16T14:10:40.345Z,gid://shopify/Product/14929955094914,"nike-maxfly-2-denim-turquoise-light-photo-blue-doll-sail","Nike Maxfly 2 Denim Turquoise Light Photo Blue Doll Sail",1047
2026-07-16T14:10:40.345Z,gid://shopify/Product/14929955946882,"sp5der-og-web-hoodie-black","Sp5der OG Web Hoodie Black",823
2026-07-16T14:10:40.346Z,gid://shopify/Product/14936261624194,"puma-speedcat-ballet-whisp-of-pink-womens","Puma Speedcat Ballet Whisp of Pink (Women's)",1030
2026-07-16T14:10:40.346Z,gid://shopify/Product/14936266342786,"crocs-classic-cozzzy-sandal-monsters-inc-sulley","Crocs Classic Cozzzy Sandal Monsters Inc. Sulley",982
2026-07-16T14:10:40.346Z,gid://shopify/Product/14936269029762,"nike-sb-dunk-low-there-skateboards","Nike SB Dunk Low There Skateboards",1071
2026-07-16T14:10:40.346Z,gid://shopify/Product/14936270045570,"nike-sb-dunk-low-huf-san-francisco","Nike SB Dunk Low HUF San Francisco",1043
2026-07-16T14:10:40.346Z,gid://shopify/Product/14936270569858,"nike-sb-dunk-high-antihero-skateboards","Nike SB Dunk High Antihero Skateboards",1090
2026-07-16T14:10:40.347Z,gid://shopify/Product/14936270930306,"nike-sb-dunk-low-blue-raspberry","Nike SB Dunk Low Blue Raspberry",1032
2026-07-16T14:10:40.347Z,gid://shopify/Product/14936271815042,"nike-sb-dunk-high-new-york-mets","Nike SB Dunk High New York Mets",910
2026-07-16T14:10:40.347Z,gid://shopify/Product/14936272634242,"nike-sb-dunk-low-ftc-lagoon-pulse","Nike SB Dunk Low FTC Lagoon Pulse",984
2026-07-16T14:10:40.348Z,gid://shopify/Product/14936273748354,"nike-sb-dunk-high-pro-reverse-goldenrod","Nike SB Dunk High Pro Reverse Goldenrod",894
2026-07-16T14:10:40.349Z,gid://shopify/Product/14936274174338,"nike-sb-dunk-low-reverse-papa-bear","Nike SB Dunk Low Reverse Papa Bear",1014
2026-07-16T14:10:40.350Z,gid://shopify/Product/14936274796930,"nike-sb-dunk-high-supreme-by-any-means-black","Nike SB Dunk High Supreme By Any Means Black",1078
2026-07-16T14:10:40.351Z,gid://shopify/Product/14936275157378,"nike-sb-dunk-low-verdy-visty-ps","Nike SB Dunk Low Verdy Visty (PS)",1008
2026-07-16T14:10:40.362Z,gid://shopify/Product/14936276042114,"nike-sb-dunk-low-club-58-gulf","Nike SB Dunk Low Club 58 Gulf",1001
2026-07-16T14:10:40.362Z,gid://shopify/Product/14936276468098,"nike-sb-dunk-high-tv-signal","Nike SB Dunk High TV Signal",782
2026-07-16T14:10:40.364Z,gid://shopify/Product/14936277320066,"nike-sb-dunk-low-the-powerpuff-girls-bubbles-ps","Nike SB Dunk Low The Powerpuff Girls Bubbles (PS)",1108
2026-07-16T14:10:40.364Z,gid://shopify/Product/14936277614978,"nike-sb-dunk-high-pro-iso-kentucky","Nike SB Dunk High Pro ISO Kentucky",895
2026-07-16T14:10:40.364Z,gid://shopify/Product/14936278106498,"nike-sb-dunk-high-dog-walker","Nike SB Dunk High Dog Walker",895
2026-07-16T14:10:40.365Z,gid://shopify/Product/14936279056770,"nike-sb-dunk-low-crater","Nike SB Dunk Low Crater",901
2026-07-16T14:10:40.365Z,gid://shopify/Product/14936279581058,"nike-sb-dunk-high-spectrum","Nike SB Dunk High Spectrum",893
2026-07-16T14:10:40.365Z,gid://shopify/Product/14936280301954,"nike-sb-dunk-high-diamond-supply-co","Nike SB Dunk High Diamond Supply Co.",927
2026-07-16T14:10:40.366Z,gid://shopify/Product/14936280793474,"nike-sb-dunk-high-truck-it","Nike SB Dunk High Truck It",1030
2026-07-16T14:10:40.366Z,gid://shopify/Product/14936281481602,"nike-sb-dunk-low-elite-medicom-bearbrick","Nike SB Dunk Low Elite Medicom Bearbrick",1267
2026-07-16T14:10:40.366Z,gid://shopify/Product/14936282268034,"nike-sb-dunk-low-medicom-toy-2020-ps","Nike SB Dunk Low Medicom Toy (2020) (PS)",1043
2026-07-16T14:10:40.367Z,gid://shopify/Product/14936283120002,"nike-sb-dunk-low-decon-n7-opti-yellow-university-red","Nike SB Dunk Low Decon N7 Opti Yellow University Red",1176
2026-07-16T14:10:40.367Z,gid://shopify/Product/14936283382146,"nike-sb-dunk-high-black-bar","Nike SB Dunk High Black Bar",1020
2026-07-16T14:10:40.367Z,gid://shopify/Product/14936284070274,"nike-sb-dunk-low-sean-cliver-ps","Nike SB Dunk Low Sean Cliver (PS)",1107
2026-07-16T14:10:40.368Z,gid://shopify/Product/14936284561794,"nike-sb-dunk-low-concepts-purple-lobster-special-box","Nike SB Dunk Low Concepts Purple Lobster (Special Box)",754
2026-07-16T14:10:40.368Z,gid://shopify/Product/14936285249922,"nike-sb-dunk-high-de-la-soul-2015","Nike SB Dunk High De La Soul (2015)",978
2026-07-16T14:10:40.368Z,gid://shopify/Product/14936285643138,"nike-sb-dunk-low-pro-dark-russet-cedar","Nike SB Dunk Low Pro Dark Russet Cedar",950
2026-07-16T14:10:40.368Z,gid://shopify/Product/14936286364034,"nike-sb-dunk-low-decon-black","Nike SB Dunk Low Decon Black",1126
2026-07-16T14:10:40.368Z,gid://shopify/Product/14936287150466,"nike-sb-dunk-low-black-white-gum-2016","Nike SB Dunk Low Black White Gum (2016)",1159
2026-07-16T14:10:40.369Z,gid://shopify/Product/14936288100738,"nike-sb-dunk-high-premier-win-some-lose-some","Nike SB Dunk High Premier Win Some Lose Some",1001
2026-07-16T14:13:08.507Z,gid://shopify/Product/14936288428418,"nike-sb-dunk-high-danny-supa","Nike SB Dunk High Danny Supa",863
2026-07-16T14:13:08.509Z,gid://shopify/Product/14936289116546,"nike-sb-dunk-high-concepts-stained-glass","Nike SB Dunk High Concepts Stained Glass",842
2026-07-16T14:13:08.509Z,gid://shopify/Product/14936290361730,"nike-sb-dunk-mid-iso-orange-label-black-dark-grey","Nike SB Dunk Mid ISO Orange Label Black Dark Grey",1013
2026-07-16T14:13:08.509Z,gid://shopify/Product/14936291410306,"nike-sb-dunk-low-concepts-grail","Nike SB Dunk Low Concepts Grail",770
2026-07-16T14:13:08.509Z,gid://shopify/Product/14936292229506,"nike-sb-dunk-low-pushead-2","Nike SB Dunk Low Pushead 2",1003
2026-07-16T14:13:08.509Z,gid://shopify/Product/14936293343618,"nike-sb-dunk-high-waffle","Nike SB Dunk High Waffle",786
2026-07-16T14:13:08.509Z,gid://shopify/Product/14936294195586,"nike-sb-dunk-high-silver-box","Nike SB Dunk High Silver Box",988
2026-07-16T14:13:08.509Z,gid://shopify/Product/14936298160514,"nike-sb-dunk-low-stussy-cherry","Nike SB Dunk Low Stussy Cherry",1113
2026-07-16T14:13:08.509Z,gid://shopify/Product/14936303010178,"nike-dunk-low-retro-reverse-brazil","Nike Dunk Low Retro Reverse Brazil",671
2026-07-16T14:13:08.509Z,gid://shopify/Product/14936304451970,"nike-dunk-low-university-red-2021","Nike Dunk Low Championship Red",849
2026-07-16T14:13:08.509Z,gid://shopify/Product/14936304943490,"nike-dunk-low-plum-eclipse-womens","Nike Dunk Low Plum Eclipse (Women's)",1050
2026-07-16T14:13:08.509Z,gid://shopify/Product/14936305500546,"nike-dunk-high-game-royal","Nike Dunk High Game Royal",830
2026-07-16T14:13:08.509Z,gid://shopify/Product/14936305828226,"nike-dunk-low-white-paisley-womens","Nike Dunk Low White Paisley (Women's)",731
2026-07-16T14:13:08.509Z,gid://shopify/Product/14936306549122,"nike-dunk-low-emb-nba-75th-anniversary-brooklyn-nets","Nike Dunk Low EMB NBA 75th Anniversary Brooklyn Nets",970
2026-07-16T14:13:08.509Z,gid://shopify/Product/14936307171714,"nike-dunk-low-prm-halloween-2021-gs","Nike Dunk Low PRM Halloween (2021) (GS)",838
2026-07-16T14:13:08.509Z,gid://shopify/Product/14936307532162,"nike-dunk-low-industrial-blue","Nike Dunk Low Industrial Blue",1251
2026-07-16T14:13:08.509Z,gid://shopify/Product/14936308580738,"nike-dunk-low-next-nature-midnight-navy-gold-womens","Nike Dunk Low Next Nature Midnight Navy Gold (Women's)",1289
2026-07-16T14:13:08.510Z,gid://shopify/Product/14936311857538,"nike-dunk-low-cool-grey-light-photo-blue-gs","Nike Dunk Low Cool Grey Light Photo Blue (GS)",1253
2026-07-16T14:13:08.510Z,gid://shopify/Product/14936312381826,"air-jordan-1-low-sb-unc","Jordan 1 Low SB UNC",1147
2026-07-16T14:13:08.510Z,gid://shopify/Product/14936313856386,"nike-dunk-low-rose-whisper-w","Nike Dunk Low Rose Whisper (Women's)",840
2026-07-16T14:13:08.510Z,gid://shopify/Product/14936315789698,"nike-dunk-low-vintage-panda-womens","Nike Dunk Low Vintage Panda (Women's)",1253
2026-07-16T14:13:08.510Z,gid://shopify/Product/14936316248450,"nike-dunk-low-team-gold","Nike Dunk Low Team Gold",897
2026-07-16T14:13:08.510Z,gid://shopify/Product/14936316936578,"nike-dunk-low-sp-kentucky","Nike Dunk Low SP Kentucky",870
2026-07-16T14:13:08.510Z,gid://shopify/Product/14936317919618,"nike-sb-dunk-low-pro-nicole-hause","Nike SB Dunk Low Pro Nicole Hause",1115
2026-07-16T14:13:08.510Z,gid://shopify/Product/14936319492482,"nike-dunk-low-knicks","Nike Dunk Low Knicks",1146
2026-07-16T14:13:08.510Z,gid://shopify/Product/14936320049538,"nike-dunk-low-miami-dolphins","Nike Dunk Low Miami Dolphins",1231
2026-07-16T14:13:08.510Z,gid://shopify/Product/14936321098114,"nike-dunk-low-se-hydrangeas-womens","Nike Dunk Low SE Hydrangeas (Women's)",1024
2026-07-16T14:13:08.510Z,gid://shopify/Product/14936321819010,"nike-dunk-low-silver-surfer-2024","Nike Dunk Low Silver Surfer (2024)",1261
2026-07-16T14:13:08.510Z,gid://shopify/Product/14936322376066,"nike-dunk-low-white-malachite","Nike Dunk Low White Malachite",1046
2026-07-16T14:13:08.510Z,gid://shopify/Product/14945516552578,"adidas-yeezy-boost-700-analog","adidas Yeezy Boost 700 Analog",675
2026-07-16T14:13:08.510Z,gid://shopify/Product/14963345621378,"off-white-out-of-office-ooo-low-tops-off-white-white-black","OFF-WHITE Out Of Office OOO Low Tops ""Off-White"" White Black",1033
2026-07-16T14:13:08.510Z,gid://shopify/Product/14963346178434,"adidas-forum-84-low-off-white-vivid-red-footwear-white-w","adidas Forum 84 Low Off White Vivid Red Footwear White (Women's)",1131
2026-07-16T14:13:08.510Z,gid://shopify/Product/14963346735490,"adidas-forum-exhibit-low-cream-white-black","adidas Forum Exhibit Low Cream White Black",1147
2026-07-16T14:13:08.510Z,gid://shopify/Product/14963347423618,"adidas-nite-jogger-beyonce-ivy-park-off-white","adidas Nite Jogger Beyonce Ivy Park Off White",931
2026-07-16T14:13:08.510Z,gid://shopify/Product/14963521651074,"asics-gel-1130-neon-pack-pink","ASICS Gel-1130 Neon Pack Pink (Women's)",1266
2026-07-16T14:13:08.510Z,gid://shopify/Product/14963522503042,"asics-gt-2160-black-pure-silver","ASICS GT-2160 Black Pure Silver",1326
2026-07-16T14:13:08.510Z,gid://shopify/Product/14963523322242,"asics-gel-kayano-14-unlimited-pack-white-fawn","ASICS Gel-Kayano 14 Unlimited Pack White Fawn",1261
2026-07-16T14:13:08.510Z,gid://shopify/Product/14963523780994,"asics-gel-kayano-14-unlimited-pack-carrier-grey","ASICS Gel-Kayano 14 Unlimited Pack Carrier Grey",1409
2026-07-16T14:13:08.510Z,gid://shopify/Product/14963524338050,"asics-gel-nimbus-9-cream-black","ASICS Gel-Nimbus 9 Cream Black",1319
2026-07-16T14:13:08.510Z,gid://shopify/Product/14963524829570,"asics-gel-kayano-14-cream-dusk-violet","ASICS Gel-Kayano 14 Cream Dusk Violet",989
2026-07-16T15:27:34.869Z,gid://shopify/Product/14963525124482,"asics-gel-1130-white-faded-yellow-womens","ASICS Gel-1130 White Faded Yellow (Women's)",1712
2026-07-16T15:27:34.872Z,gid://shopify/Product/14963525583234,"asics-gel-1130-white-silver-green","ASICS Gel-1130 White Silver Green",1332
2026-07-16T15:27:34.872Z,gid://shopify/Product/14963526467970,"asics-gel-kayano-14-baked-pink-cream-womens","ASICS Gel-Kayano 14 Baked Pink Cream (Women's)",1408
2026-07-16T15:27:34.872Z,gid://shopify/Product/14963526795650,"onitsuka-tiger-tokuten-white-blue-gum","Onitsuka Tiger Tokuten White Blue Gum",1405
2026-07-16T15:27:34.872Z,gid://shopify/Product/14963527418242,"asics-gt-2160-above-the-clouds-chocolate-brown","ASICS GT-2160 Above the Clouds Chocolate Brown",1319
2026-07-16T15:27:34.873Z,gid://shopify/Product/14963527778690,"onitsuka-tiger-mexico-66-birch-green","Onitsuka Tiger Mexico 66 Birch Green Red Yellow",1266
2026-07-16T15:27:34.873Z,gid://shopify/Product/14963528171906,"asics-gel-nimbus-9-white-light-indigo-womens","ASICS Gel-Nimbus 9 White Light Indigo (Women's)",1336
2026-07-16T15:27:34.873Z,gid://shopify/Product/14963530039682,"asics-gel-kayano-121-ronnie-fieg-knicks","ASICS Gel-Kayano 12.1 Ronnie Fieg Knicks",1668
2026-07-16T15:27:34.873Z,gid://shopify/Product/14963530695042,"asics-gel-1130-white-clay-grey","ASICS Gel-1130 White Clay Grey",1635
2026-07-16T15:27:34.873Z,gid://shopify/Product/14963531088258,"asics-gel-1130-kith-marvel-villains-magneto-sealed-box-comic-included","ASICS Gel-1130 Kith Marvel Villains Magneto Sealed Box (Comic Included)",1507
2026-07-16T15:27:34.873Z,gid://shopify/Product/14963531481474,"onitsuka-tiger-mexico-66-oatmeal-ginger-peach","Onitsuka Tiger Mexico 66 Oatmeal Ginger Peach",1390
2026-07-16T15:27:34.873Z,gid://shopify/Product/14963532071298,"onitsuka-tiger-tokuten-beige-green","Onitsuka Tiger Tokuten Beige Green",1544
2026-07-16T15:27:34.873Z,gid://shopify/Product/14963533644162,"asics-gel-lyte-v-kith-leatherback","ASICS Gel-Lyte V Kith Leatherback",1332
2026-07-16T15:27:34.873Z,gid://shopify/Product/14963548815746,"asics-gel-nyc-ivory-mid-grey","ASICS Gel-NYC Ivory Mid Grey",1256
2026-07-16T15:27:34.873Z,gid://shopify/Product/14963552158082,"asics-gel-kayano-14-8on8-black-green","ASICS Gel-Kayano 14 8ON8 Black Green",1523
2026-07-16T15:27:34.873Z,gid://shopify/Product/14963554550146,"asics-gel-1130-pink-salt-gs","ASICS Gel-1130 Pink Salt (GS)",1545
2026-07-16T15:27:34.874Z,gid://shopify/Product/14963556680066,"onitsuka-tiger-mexico-66-grey-white","Onitsuka Tiger Mexico 66 Grey White",1350
2026-07-16T15:27:34.874Z,gid://shopify/Product/14963558547842,"onitsuka-tiger-mexico-66-white-light-sage","Onitsuka Tiger Mexico 66 White Light Sage",1333
2026-07-16T15:27:34.874Z,gid://shopify/Product/14963560415618,"asics-actibreeze-3d-sandal-mako-blue","ASICS ACTIBREEZE 3D Sandal Mako Blue",1187
2026-07-16T15:27:34.874Z,gid://shopify/Product/14963561234818,"asics-gel-kayano-14-white-pure-silver","ASICS Gel-Kayano 14 White Pure Silver",1387
2026-07-16T15:27:34.874Z,gid://shopify/Product/14963561988482,"asics-gt-2160-kith-marvel-villains-spider-man-venom-pack-opened-box-comic-not-included","ASICS GT-2160 Kith Marvel Villains Spider-Man/Venom Battle Spectra Pack Opened Box (Comic Not Included)",1614
2026-07-16T15:27:34.874Z,gid://shopify/Product/14963562611074,"asics-gt-2160-cecilie-bahnsen-habanero","ASICS GT-2160 Cecilie Bahnsen Habanero",1394
2026-07-16T15:27:34.874Z,gid://shopify/Product/14963563921794,"asics-gel-lyte-iii-remastered-ronnie-fieg-super-yellow","ASICS Gel-Lyte III Remastered Ronnie Fieg Super Yellow",1360
2026-07-16T15:27:34.874Z,gid://shopify/Product/14963566215554,"pop-mart-labubu-the-monsters-tasty-macarons-vinyl-face-blind-box-whole-set","Pop Mart Labubu The Monsters Tasty Macarons Vinyl Face Blind Box Whole Set",1340
2026-07-16T15:27:34.874Z,gid://shopify/Product/14964031619458,"adidas-tennis-hu-off-white-chalk","adidas Tennis HU Off White Chalk",1398
2026-07-16T15:27:34.874Z,gid://shopify/Product/14964033585538,"adidas-ultra-boost-dna-star-wars-yoda","adidas Ultra Boost DNA Star Wars Yoda",1328
2026-07-16T15:27:34.874Z,gid://shopify/Product/14964034404738,"adidas-utra-tech-dragon-ball-z-vegeta","adidas Ultra Tech Dragon Ball Z Vegeta",1251
2026-07-16T15:27:34.874Z,gid://shopify/Product/14965071774082,"adidas-x-gucci-gazelle-pink-m","adidas x Gucci Gazelle Pink",1377
2026-07-16T15:27:34.874Z,gid://shopify/Product/14965078524290,"adidas-xlg-runner-deluxe-wonder-beige","adidas XLG Runner Deluxe Wonder Beige",1403
2026-07-16T15:27:34.874Z,gid://shopify/Product/14965079900546,"adidas-yeezy-350-v2-cmpct-panda","adidas Yeezy 350 V2 CMPCT Slate Panda",1145
2026-07-16T15:27:34.875Z,gid://shopify/Product/14966233170306,"adidas-yeezy-450-stone-teal","adidas Yeezy 450 Stone Teal",1138
2026-07-16T15:27:34.875Z,gid://shopify/Product/14966233399682,"adidas-yeezy-450-sulfur","adidas Yeezy 450 Sulfur",742
2026-07-16T15:27:34.875Z,gid://shopify/Product/14966233694594,"adidas-yeezy-500-granite","adidas Yeezy 500 Granite",913
2026-07-16T15:27:34.875Z,gid://shopify/Product/14966233956738,"adidas-yeezy-500-high-taupe-black","adidas Yeezy 500 High Taupe Black",1312
2026-07-16T15:27:34.875Z,gid://shopify/Product/14966234349954,"adidas-yeezy-500-stone-salt-kids","adidas Yeezy 500 Stone Salt (Kids)",1129
2026-07-16T15:27:34.875Z,gid://shopify/Product/14966234907010,"adidas-yeezy-boost-350-moonrock","adidas Yeezy Boost 350 Moonrock",1125
2026-07-16T15:27:34.875Z,gid://shopify/Product/14967181771138,"adidas-yeezy-boost-350-pirate-black-2022-2023","adidas Yeezy Boost 350 Pirate Black (2023)",1087
2026-07-16T15:27:34.875Z,gid://shopify/Product/14967182066050,"adidas-yeezy-boost-350-v2-beluga-reflective","adidas Yeezy Boost 350 V2 Beluga Reflective",954
2026-07-16T15:27:34.875Z,gid://shopify/Product/14967182459266,"adidas-yeezy-boost-350-v2-carbon","adidas Yeezy Boost 350 V2 Carbon",1012
2026-07-16T15:27:34.875Z,gid://shopify/Product/14967182721410,"adidas-yeezy-boost-350-v2-clay","adidas Yeezy Boost 350 V2 Clay",841
2026-07-16T15:30:12.751Z,gid://shopify/Product/14967183147394,"adidas-yeezy-boost-350-v2-cream","adidas Yeezy Boost 350 V2 Cream",619
2026-07-16T15:30:12.755Z,gid://shopify/Product/14967183540610,"adidas-yeezy-boost-350-v2-glow","adidas Yeezy Boost 350 V2 Glow",611
2026-07-16T15:30:12.757Z,gid://shopify/Product/14967183802754,"adidas-yeezy-boost-350-v2-light","adidas Yeezy Boost 350 V2 Light",761
2026-07-16T15:30:12.757Z,gid://shopify/Product/14967183147394,"adidas-yeezy-boost-350-v2-cream","adidas Yeezy Boost 350 V2 Cream",619
2026-07-16T15:30:12.758Z,gid://shopify/Product/14967183802754,"adidas-yeezy-boost-350-v2-light","adidas Yeezy Boost 350 V2 Light",761
2026-07-16T15:31:50.720Z,gid://shopify/Product/15032886854018,"ugg-tazz-love-25-slipper-arroyo-tropical-pink-womens","UGG Tazz Love '25 Slipper Arroyo Tropical Pink (Women's)",918
2026-07-16T15:31:50.723Z,gid://shopify/Product/15032887509378,"yeezy-gap-dry-bag-black","Yeezy Gap Dry Bag Black",1059
2026-07-16T15:31:50.723Z,gid://shopify/Product/15032888131970,"ugg-tasman-ii-slipper-black-kids","UGG Tasman II Slipper Black (Kids)",882
2026-07-16T15:31:50.724Z,gid://shopify/Product/15034270712194,"air-jordan-1-high-zoom-air-cmft-2-valentines-day-2023-w","Jordan 1 High Zoom Air CMFT 2 Valentine's Day (2023) (Women's)",1248
2026-07-16T15:31:50.724Z,gid://shopify/Product/15034273005954,"air-jordan-1-mid-black-chile-red-white","Jordan 1 Mid Black Chile Red White",1067
2026-07-16T15:31:50.724Z,gid://shopify/Product/15035909636482,"adidas-yeezy-boost-350-v2-static","adidas Yeezy Boost 350 V2 Static (Non-Reflective)",906
2026-07-16T15:31:50.724Z,gid://shopify/Product/15035911274882,"air-jordan-1-low-se-sail-rattan-university-red","Jordan 1 Low SE Sail Rattan University Red",1102
2026-07-16T15:31:50.724Z,gid://shopify/Product/15036010594690,"air-jordan-4-retro-cool-grey-gs-2019","Jordan 4 Retro Cool Grey (2019) (GS)",1054
2026-07-16T15:31:50.724Z,gid://shopify/Product/15036012855682,"air-jordan-13-retro-black-university-blue-gs","Jordan 13 Retro Black University Blue (GS)",1224
2026-07-16T15:31:50.724Z,gid://shopify/Product/15036013740418,"supreme-x-mob-skateboard-deck-grip-tape-9-x-33-black","Supreme x MOB Skateboard Deck Grip Tape 9"" x 33"" Black",717
2026-07-16T15:31:50.724Z,gid://shopify/Product/15036017115522,"puma-lamelo-ball-mb-02-phenom","Puma LaMelo Ball MB.02 Phenom",921
2026-07-16T15:31:50.724Z,gid://shopify/Product/15036018786690,"new-balance-2002r-deep-ocean-grey-slate","New Balance 2002R Deep Ocean Grey Slate",850
2026-07-16T15:31:50.724Z,gid://shopify/Product/15036025176450,"nike-zoom-vomero-5-dusted-clay","Nike Zoom Vomero 5 Dusted Clay",966
2026-07-16T15:31:50.724Z,gid://shopify/Product/15036043886978,"vans-knu-skool-black-white-youth","Vans Knu Skool Black White (Youth)",914
2026-07-16T15:31:50.724Z,gid://shopify/Product/15036050112898,"puma-lamelo-ball-mb04-teenage-mutant-ninja-turtles-leonardo-and-michelangelo","Puma LaMelo Ball MB.04 Teenage Mutant Ninja Turtles Leonardo & Michelangelo",1238
2026-07-16T15:31:50.724Z,gid://shopify/Product/15036052046210,"adidas-adistar-cushion-3-unheardof-pork-chop-piggy-runner","adidas Adistar Cushion 3 Unheardof Pork Chop Piggy Runner",1272
2026-07-16T15:31:50.724Z,gid://shopify/Product/15038143889794,"adidas-campus-00s-wonder-white-cloud-white-off-white-womens","adidas Campus 00s Wonder White (Women's)",1125
2026-07-16T15:31:50.725Z,gid://shopify/Product/15038145888642,"adidas-gazelle-maroon","adidas Gazelle Maroon",1069
2026-07-16T15:31:50.725Z,gid://shopify/Product/15038146871682,"adidas-handball-spezial-off-white-dark-brown","adidas Handball Spezial Off-White Dark Brown",1082
2026-07-16T15:31:50.725Z,gid://shopify/Product/15038644584834,"adidas-gazelle-bold-active-pink-blue-burst-womens","adidas Gazelle Bold Active Pink Blue Burst (Women's)",1137
2026-07-16T15:31:50.725Z,gid://shopify/Product/15038645993858,"adidas-solar-hu-pharrell-chinese-new-year-2019","adidas Solar Hu Pharrell Chinese New Year (2019)",758
2026-07-16T15:31:50.725Z,gid://shopify/Product/15039069323650,"adidas-sl-72-rs-xld-blue-scarlet","adidas SL 72 RS Blue Scarlet",1075
2026-07-16T15:31:50.725Z,gid://shopify/Product/15039069979010,"adidas-handball-spezial-semi-green-spark","adidas Handball Spezial Semi Green Spark",1225
2026-07-16T15:31:50.725Z,gid://shopify/Product/15039070929282,"adidas-campus-00s-grey-gum-gs","adidas Campus 00s Grey Gum (Kids)",1168
2026-07-16T15:31:50.725Z,gid://shopify/Product/15039071256962,"adidas-samba-team-manchester-united","adidas Samba Team Manchester United",1124
2026-07-16T15:31:50.725Z,gid://shopify/Product/15042133852546,"adidas-sl-72-rs-brown-putty-grey","adidas SL 72 RS Brown Putty Grey",1009
2026-07-16T15:31:50.725Z,gid://shopify/Product/15042135130498,"adidas-harden-vol-8-flamingo-pink","adidas Harden Vol. 8 Flamingo Pink",1222
2026-07-16T15:31:50.725Z,gid://shopify/Product/15042934079874,"adidas-samba-og-collegiate-green-gum","adidas Samba OG Collegiate Green Gum",1127
2026-07-16T15:31:50.725Z,gid://shopify/Product/15042935685506,"adidas-samba-og-orange-rush-gum","adidas Samba OG Orange Rush Gum",1091
2026-07-16T15:31:50.725Z,gid://shopify/Product/15042942271874,"adidas-rasant-mid-shadow-brown-off-white-womens","adidas Rasant Mid Shadow Brown Off White (Women's)",1121
2026-07-16T15:31:50.725Z,gid://shopify/Product/15042943484290,"adidas-orketro-sean-wotherspoon-off-white","adidas Orketro Sean Wotherspoon Off White",1264
2026-07-16T15:31:50.725Z,gid://shopify/Product/15046131351938,"adidas-handball-spezial-halo-blue-cloud-white-focus-blue","adidas Handball Spezial Halo Blue Cloud White Focus Blue",1002
2026-07-16T15:31:50.726Z,gid://shopify/Product/15046132203906,"adidas-samba-wales-bonner-black","adidas Samba Wales Bonner Black",929
2026-07-16T15:31:50.726Z,gid://shopify/Product/15046133907842,"adidas-samba-og-silver-green-putty-mauve-womens","adidas Samba OG Silver Green Putty Mauve (Women's)",1144
2026-07-16T15:31:50.726Z,gid://shopify/Product/15046135742850,"adidas-originals-x-minecraft-jacket-pulse-magenta","adidas Originals x Minecraft Jacket Pulse Magenta",1160
2026-07-16T15:31:50.726Z,gid://shopify/Product/15046960972162,"adidas-sl-72-og-charcoal-crystal-sand-brown-womens","adidas SL 72 OG Charcoal Crystal Sand Brown (Women's)",1176
2026-07-16T15:31:50.726Z,gid://shopify/Product/15046961332610,"adidas-rivalry-hi-star-wars-chewbacca","adidas Rivalry Hi Star Wars Chewbacca",782
2026-07-16T15:31:50.726Z,gid://shopify/Product/15046962151810,"adidas-gazelle-hello-kitty-ps","adidas Gazelle Hello Kitty (PS)",1109
2026-07-16T15:31:50.726Z,gid://shopify/Product/15046963560834,"adidas-campus-00s-shadow-red-off-white-womens","adidas Campus 00s Shadow Red Off White (Women's)",1151
2026-07-16T15:31:50.726Z,gid://shopify/Product/15046964281730,"adidas-samba-og-sporty-and-rich-blue-grey","adidas Samba OG Sporty & Rich Blue Rush",1208
2026-07-16T15:33:23.159Z,gid://shopify/Product/15046968443266,"adidas-gazelle-indoor-pink-cloud-white","adidas Gazelle Indoor Pink Cloud White",1362
2026-07-16T15:33:23.161Z,gid://shopify/Product/15047921140098,"adidas-sl-72-og-silver-metallic-collegiate-navy-womens","adidas SL 72 OG Silver Metallic Collegiate Navy (Women's)",1250
2026-07-16T15:33:23.161Z,gid://shopify/Product/15048080359810,"adidas-gazelle-indoor-collegiate-green-cloud-white-gum","adidas Gazelle Indoor Collegiate Green Cloud White Gum",1289
2026-07-16T15:33:23.161Z,gid://shopify/Product/15048191803778,"adidas-samba-lafc-los-angeles-football-club","adidas Samba LAFC Los Angeles Football Club",1129
2026-07-16T15:33:23.161Z,gid://shopify/Product/15048192688514,"adidas-sl-72-rs-cloud-white-core-black","adidas SL 72 RS Cloud White Core Black",1158
2026-07-16T15:33:23.161Z,gid://shopify/Product/15056660201858,"air-jordan-1-retro-high-shattered-backboard-3","Jordan 1 Retro High Shattered Backboard 3.0",1058
2026-07-16T15:33:23.161Z,gid://shopify/Product/15056660529538,"air-jordan-1-mid-rookie-season-gs","Jordan 1 Mid Rookie Season (GS)",1153
2026-07-16T15:33:23.161Z,gid://shopify/Product/15056660791682,"air-jordan-1-mid-light-smoke-grey-2022-ps","Jordan 1 Mid Light Smoke Grey (2022) (PS)",1138
2026-07-16T15:33:23.161Z,gid://shopify/Product/15056661119362,"air-jordan-1-retro-high-off-white-white","Jordan 1 Retro High Off-White Euro",1136
2026-07-16T15:33:23.161Z,gid://shopify/Product/15056661348738,"air-jordan-11-retro-low-tour-yellow-snakeskin-w","Jordan 11 Retro Low Yellow Snakeskin (Women's)",1384
2026-07-16T15:33:23.161Z,gid://shopify/Product/15056661578114,"air-jordan-1-mid-white-fierce-pink-ps","Jordan 1 Mid White Fierce Pink (PS)",1216
2026-07-16T15:33:23.161Z,gid://shopify/Product/15056661807490,"air-jordan-1-retro-low-og-zion-williamson-voodoo","Jordan 1 Retro Low OG Zion Williamson Voodoo",1184
2026-07-16T15:33:23.161Z,gid://shopify/Product/15056662069634,"air-jordan-1-retro-high-union-los-angeles-blue-toe","Jordan 1 Retro High Union Los Angeles Storm Blue",762
2026-07-16T15:33:23.162Z,gid://shopify/Product/15056662364546,"air-jordan-1-retro-low-og-black-cement-gs","Jordan 1 Retro Low OG Black Cement (GS)",1300
2026-07-16T15:33:23.162Z,gid://shopify/Product/15056662823298,"air-jordan-1-retro-high-patent-gold-toe","Jordan 1 Retro High NRG Patent Gold Toe",1096
2026-07-16T15:33:23.162Z,gid://shopify/Product/15056663118210,"air-jordan-1-mid-to-my-first-coach-w","Jordan 1 Mid To My First Coach (Women's)",1185
2026-07-16T15:33:23.162Z,gid://shopify/Product/15059025658242,"air-jordan-1-retro-low-og-sp-travis-scott-medium-olive-td","Jordan 1 Retro Low OG SP Travis Scott Medium Olive (TD)",1052
2026-07-16T15:33:23.162Z,gid://shopify/Product/15059025854850,"air-jordan-1-retro-high-alternate-black-royal-gs","Jordan 1 Retro High Game Royal (GS)",1093
2026-07-16T15:33:23.162Z,gid://shopify/Product/15059026084226,"air-jordan-1-retro-high-og-white-cement-gs","Jordan 1 Retro High OG White Cement (GS)",1259
2026-07-16T15:33:23.162Z,gid://shopify/Product/15059026313602,"air-jordan-1-retro-high-og-lucky-green-ps","Jordan 1 Retro High OG Lucky Green (PS)",1321
2026-07-16T15:33:23.162Z,gid://shopify/Product/15059026575746,"air-jordan-1-mid-wolf-grey-midnight-navy","Jordan 1 Mid Wolf Grey Midnight Navy",1244
2026-07-16T15:33:23.162Z,gid://shopify/Product/15059026837890,"air-jordan-1-mid-rush-blue-university-red-gs","Jordan 1 Mid Rush Blue University Red (GS)",1099
2026-07-16T15:33:23.162Z,gid://shopify/Product/15059027231106,"jordan-1-retro-low-og-sp-travis-scott-canary-womens-1","Jordan 1 Retro Low OG SP Travis Scott Canary (Women's)",1203
2026-07-16T15:33:23.162Z,gid://shopify/Product/15059027427714,"air-jordan-11-retro-low-emerald","Jordan 11 Retro Low Iridescent",961
2026-07-16T15:33:23.162Z,gid://shopify/Product/15059027689858,"air-jordan-11-retro-low-ie-bred-2021","Jordan 11 Retro Low IE Bred (2021)",1050
2026-07-16T15:33:23.162Z,gid://shopify/Product/15059027984770,"air-jordan-1-mid-stealth-w","Jordan 1 Mid Stealth (Women's)",1020
2026-07-16T15:33:23.162Z,gid://shopify/Product/15059028214146,"jordan-12-retro-flu-game-2026","Jordan 12 Retro Flu Game (2025)",1342
2026-07-16T15:33:23.162Z,gid://shopify/Product/15059028410754,"air-jordan-1-mid-facetasm","Jordan 1 Mid Fearless Facetasm",966
2026-07-16T15:33:23.162Z,gid://shopify/Product/15069807051138,"nike-zoom-mercurial-vapor-16-elite-fg-kylian-mbappe-grand-purple","Nike Zoom Mercurial Vapor 16 Elite FG Kylian Mbappé Grand Purple",1133
2026-07-16T15:33:23.162Z,gid://shopify/Product/15072238862722,"onitsuka-tiger-mexico-66-sd-birch-silver","Onitsuka Tiger Mexico 66 SD Birch Silver",1353
2026-07-16T15:33:23.162Z,gid://shopify/Product/15072480067970,"air-jordan-1-low-triple-white-2022-gs","Jordan 1 Low Triple White (2023) (GS)",1020
2026-07-16T15:33:23.163Z,gid://shopify/Product/15072482558338,"air-jordan-1-low-se-craft-tech-grey","Jordan 1 Low SE Craft Inside Out Tech Grey",1255
2026-07-16T15:33:23.163Z,gid://shopify/Product/15072487571842,"air-jordan-1-low-method-of-make-sail-metallic-gold-womens","Jordan 1 Low Method of Make Sail Metallic Gold (Women's)",1211
2026-07-16T15:33:23.163Z,gid://shopify/Product/15072796115330,"air-jordan-1-mid-valentines-day-2023-td","Jordan 1 Mid Valentine's Day (2023) (TD)",1253
2026-07-16T15:33:23.163Z,gid://shopify/Product/15072796377474,"air-jordan-1-retro-high-og-dark-marine-blue-ps","Jordan 1 Retro High OG Dark Marina Blue (PS)",1318
2026-07-16T15:33:23.163Z,gid://shopify/Product/15072796672386,"air-jordan-1-retro-high-unc-patent-w","Jordan 1 Retro High UNC Patent (Women's)",780
2026-07-16T15:33:23.163Z,gid://shopify/Product/15072796901762,"air-jordan-1-retro-high-og-lucky-green-td","Jordan 1 Retro High OG Lucky Green (TD)",1289
2026-07-16T15:33:23.163Z,gid://shopify/Product/15072797622658,"air-jordan-1-retro-high-union-los-angeles-black-toe","Jordan 1 Retro High Union Los Angeles Black Toe",752
2026-07-16T15:33:23.163Z,gid://shopify/Product/15072797884802,"air-jordan-1-retro-low-og-black-raspberry-gs","Jordan 1 Retro Low OG Black Raspberry (GS)",1144
2026-07-16T15:33:23.163Z,gid://shopify/Product/15072798212482,"air-jordan-1-retro-high-turbo-green-gs","Jordan 1 Retro High Turbo Green (GS)",752
2026-07-16T16:16:22.442Z,gid://shopify/Product/14967684366722,"adidas-yeezy-boost-350-v2-onyx-kids","adidas Yeezy Boost 350 V2 Onyx (Kids)",1218
2026-07-16T16:16:22.445Z,gid://shopify/Product/14967684596098,"adidas-yeezy-boost-350-v2-synth-reflective","adidas Yeezy Boost 350 V2 Synth (Reflective)",983
2026-07-16T16:16:22.445Z,gid://shopify/Product/14967684825474,"adidas-yeezy-boost-350-v2-yecher","adidas Yeezy Boost 350 V2 Fade",953
2026-07-16T16:16:22.446Z,gid://shopify/Product/14967685087618,"adidas-yeezy-boost-380-azure","adidas Yeezy Boost 380 Azure",976
2026-07-16T16:16:22.446Z,gid://shopify/Product/14967685349762,"adidas-yeezy-boost-380-hylte","adidas Yeezy Boost 380 Hylte",1012
2026-07-16T16:16:22.446Z,gid://shopify/Product/14967685579138,"adidas-yeezy-boost-380-onyx","adidas Yeezy Boost 380 Onyx",1014
2026-07-16T16:16:22.446Z,gid://shopify/Product/14967792828802,"adidas-yeezy-boost-700-v2-hospital-blue","adidas Yeezy Boost 700 V2 Hospital Blue",965
2026-07-16T16:16:22.446Z,gid://shopify/Product/14967793713538,"adidas-yeezy-boost-750-triple-black","adidas Yeezy Boost 750 Triple Black",938
2026-07-16T16:16:22.446Z,gid://shopify/Product/14967793910146,"adidas-yeezy-bsktbl-knit-slate-onyx","adidas Yeezy BSKTBL Knit Slate Onyx",1372
2026-07-16T16:16:22.446Z,gid://shopify/Product/14967795581314,"adidas-yeezy-foam-rnnr-mineral-blue","adidas Yeezy Foam RNNR Mineral Blue",810
2026-07-16T16:16:22.446Z,gid://shopify/Product/14967795843458,"adidas-yeezy-foam-rnnr-onyx-infants","adidas Yeezy Foam RNR Onyx (Infants)",1068
2026-07-16T16:16:22.446Z,gid://shopify/Product/14967796072834,"adidas-yeezy-foam-rnnr-onyx","adidas Yeezy Foam RNR Onyx",790
2026-07-16T16:16:22.447Z,gid://shopify/Product/14967796269442,"adidas-yeezy-foam-rnr-desert-sand-infants","adidas Yeezy Foam RNR Desert Sand (Infants)",996
2026-07-16T16:16:22.447Z,gid://shopify/Product/14967796564354,"adidas-yeezy-foam-rnr-mx-carbon","adidas Yeezy Foam RNR MX Carbon",784
2026-07-16T16:16:22.447Z,gid://shopify/Product/14967796859266,"adidas-yeezy-knit-rnr-boot-sulfur","adidas Yeezy Knit RNR Boot Sulfur",846
2026-07-16T16:16:22.447Z,gid://shopify/Product/14967797088642,"adidas-yeezy-knit-rnr-sulfur","adidas Yeezy Knit RNR Sulfur",816
2026-07-16T16:16:22.447Z,gid://shopify/Product/14968123588994,"adidas-yeezy-powerphase-calabasas-grey","adidas Yeezy Powerphase Calabasas Grey",717
2026-07-16T16:16:22.447Z,gid://shopify/Product/14968123785602,"adidas-yeezy-qntm-frozen-blue","adidas Yeezy QNTM Frozen Blue",1083
2026-07-16T16:16:22.447Z,gid://shopify/Product/14968124047746,"adidas-yeezy-qntm-hi-res-coral","adidas Yeezy QNTM Hi-Res Coral",1130
2026-07-16T16:16:22.447Z,gid://shopify/Product/14968124342658,"adidas-yeezy-slide-enflame-orange-infants","adidas Yeezy Slide Enflame Orange (Infants)",1288
2026-07-16T16:16:22.447Z,gid://shopify/Product/14968124604802,"adidas-yeezy-slide-ochre-kids","adidas Yeezy Slide Ochre (Kids)",1046
2026-07-16T16:16:22.447Z,gid://shopify/Product/14968124899714,"adidas-yeezy-slide-pure-restock-pair-kids","adidas Yeezy Slide Pure (Restock Pair) (Kids)",1120
2026-07-16T16:16:22.448Z,gid://shopify/Product/14968125358466,"adidas-yeezy-slide-slate-marine-kids","adidas Yeezy Slide Slate Marine (Kids)",1226
2026-07-16T16:16:22.448Z,gid://shopify/Product/14969515245954,"air-air-jordan-1-low-university-gold-white","Jordan 1 Low Taxi",1132
2026-07-16T16:16:22.448Z,gid://shopify/Product/14969519407490,"air-air-jordan-1-mid-se-light-steel-grey-womens","Jordan 1 Mid SE Light Steel Grey (Women's)",1275
2026-07-16T16:16:22.448Z,gid://shopify/Product/14969522585986,"air-air-jordan-1-mid-se-purple-velvet-w","Air Jordan 1 Mid SE Purple Velvet (Women's)",1403
2026-07-16T16:16:22.448Z,gid://shopify/Product/14969525928322,"air-jordan-1-acclimate-brown-basalt-w","Jordan 1 Acclimate Brown Basalt (Women's)",1465
2026-07-16T16:16:22.448Z,gid://shopify/Product/14969531105666,"air-jordan-1-elevate-high-summit-white-dark-ash-w","Jordan 1 Elevate High Summit White Dark Ash (Women's)",1270
2026-07-16T16:16:22.448Z,gid://shopify/Product/14969533301122,"air-jordan-1-flyease-bred-white-toe","Jordan 1 High FlyEase Bred White Toe",1251
2026-07-16T16:16:22.448Z,gid://shopify/Product/14973841015170,"air-jordan-1-high-element-gore-tex-berry","Jordan 1 High Element Gore-Tex Berry",1199
2026-07-16T16:16:22.448Z,gid://shopify/Product/14973841604994,"air-jordan-1-high-method-of-make-archaeo-brown","Jordan 1 High Method Of Make Archaeo Brown (Women's)",1171
2026-07-16T16:16:22.448Z,gid://shopify/Product/14973842162050,"air-jordan-1-high-og-black-white-gs","Jordan 1 Retro High OG Black White (GS)",1369
2026-07-16T16:16:22.448Z,gid://shopify/Product/14973842456962,"air-jordan-1-high-og-newstalgia-chenille-td","Jordan 1 Retro High OG Varsity Red (TD)",1186
2026-07-16T16:16:22.448Z,gid://shopify/Product/14973842653570,"air-jordan-1-high-og-spider-man-across-the-spider-verse-gs","Jordan 1 Retro High OG Spider-Man Across the Spider-Verse (GS)",1472
2026-07-16T16:16:22.448Z,gid://shopify/Product/14973843014018,"air-jordan-1-high-zoom-air-cmft-2-barely-grape-w","Jordan 1 High Zoom Air CMFT 2 Barely Grape (Women's)",1183
2026-07-16T16:16:22.448Z,gid://shopify/Product/15032883577218,"yeezy-gap-cordura-cargo-pant-black","Yeezy Gap Cordura Cargo Pant Black",1004
2026-07-16T16:16:22.448Z,gid://shopify/Product/15032885117314,"yeezy-gap-fleece-sweatpant-dark-blue","Yeezy Gap Fleece Sweatpant Dark Blue",1003
2026-07-16T16:16:22.448Z,gid://shopify/Product/15072798507394,"air-jordan-1-retro-high-og-washed-black","Jordan 1 Retro High OG Washed Black",1055
2026-07-16T16:16:22.449Z,gid://shopify/Product/15072798835074,"air-jordan-1-retro-high-first-class-flight","Jordan 1 Retro High First Class Flight",1054
2026-07-16T16:16:22.449Z,gid://shopify/Product/15072799097218,"air-jordan-1-retro-high-og-midnight-navy-td","Jordan 1 Retro High OG Midnight Navy (TD)",1141
2026-07-16T16:18:25.473Z,gid://shopify/Product/15072799359362,"air-jordan-1-mid-triple-white-gs","Jordan 1 Mid Triple White (GS)",767
2026-07-16T16:18:25.476Z,gid://shopify/Product/15072799621506,"air-jordan-1-retro-low-og-black-dark-powder-blue-gs","Jordan 1 Retro Low OG Black Dark Powder Blue (GS)",795
2026-07-16T16:18:25.476Z,gid://shopify/Product/15072799949186,"air-jordan-1-mid-ice-blue-gs","Jordan 1 Mid Ice Blue (2022) (GS)",873
2026-07-16T16:18:25.477Z,gid://shopify/Product/15072800178562,"jordan-1-retro-low-og-mocha-td-1","Jordan 1 Retro Low OG Mocha (TD)",807
2026-07-16T16:18:25.477Z,gid://shopify/Product/15072800375170,"air-jordan-1-retro-high-og-true-blue","Jordan 1 Retro High OG True Blue",805
2026-07-16T16:18:25.477Z,gid://shopify/Product/15072800571778,"air-jordan-1-mid-legend-pink","Jordan 1 Mid SE Legend Pink",908
2026-07-16T16:18:25.477Z,gid://shopify/Product/15072800768386,"air-jordan-1-mid-sail-red-black-blue-w","Jordan 1 Mid Let(Her)Man (Women's)",826
2026-07-16T16:18:25.477Z,gid://shopify/Product/15072801063298,"air-jordan-1-retro-high-silver-toe-w","Jordan 1 Retro High Silver Toe (Women's)",848
2026-07-16T16:18:25.477Z,gid://shopify/Product/15072801358210,"air-jordan-1-mid-se-panda-elephant-gs","Jordan 1 Mid SE Panda Elephant (GS)",1079
2026-07-16T16:18:25.477Z,gid://shopify/Product/15072801620354,"air-jordan-1-mid-gym-red-panda-w","Jordan 1 Mid Gym Red Panda (Women's)",910
2026-07-16T16:18:25.477Z,gid://shopify/Product/15072801882498,"air-jordan-12-retro-a-ma-maniere-white-w","Jordan 12 Retro SP A Ma Maniére White (Women's)",802
2026-07-16T16:18:25.478Z,gid://shopify/Product/15072802111874,"air-jordan-1-mid-shadow-red","Jordan 1 Mid Shadow Red",793
2026-07-16T16:18:25.478Z,gid://shopify/Product/15072802308482,"air-jordan-1-mid-team-cherrywood-red","Jordan 1 Mid Cherrywood Red",980
2026-07-16T16:18:25.478Z,gid://shopify/Product/15072802636162,"air-jordan-12-retro-dark-grey","Jordan 12 Retro Dark Grey",851
2026-07-16T16:18:25.478Z,gid://shopify/Product/15072802996610,"air-jordan-1-retro-high-og-craft-ivory","Jordan 1 Retro High OG Craft Ivory",925
2026-07-16T16:18:25.478Z,gid://shopify/Product/15072804241794,"air-jordan-1-retro-high-og-atmosphere-ps","Jordan 1 Retro High OG Atmosphere (PS)",824
2026-07-16T16:18:25.478Z,gid://shopify/Product/15072804766082,"air-jordan-1-mid-usa-2022-w","Jordan 1 Mid USA (2022) (Women's)",1064
2026-07-16T16:18:25.478Z,gid://shopify/Product/15072805224834,"air-jordan-1-mid-game-royal","Jordan 1 Mid Game Royal",961
2026-07-16T16:18:25.478Z,gid://shopify/Product/15072805749122,"air-jordan-1-retro-high-og-royal-2017-gs","Jordan 1 Retro Royal (2017) (GS)",910
2026-07-16T16:18:25.478Z,gid://shopify/Product/15072806011266,"jordan-1-mid-unc-womens","Jordan 1 Mid UNC (Women's)",970
2026-07-16T16:18:25.478Z,gid://shopify/Product/15072806601090,"air-jordan-1-retro-high-gatorade-orange-peel","Jordan 1 Retro High Gatorade Orange Peel",943
2026-07-16T16:18:25.478Z,gid://shopify/Product/15072806863234,"air-jordan-1-mid-familia-gs","Jordan 1 Mid Dia de los Muertos (GS)",982
2026-07-16T16:18:25.478Z,gid://shopify/Product/15072807092610,"air-jordan-1-mid-reverse-chicago-w","Jordan 1 Mid Reverse Chicago (Women's)",735
2026-07-16T16:18:25.478Z,gid://shopify/Product/15072807321986,"air-jordan-1-mid-opti-yellow-w","Jordan 1 Mid Opti Yellow (Women's)",852
2026-07-16T16:18:25.478Z,gid://shopify/Product/15072807551362,"air-jordan-11-mid-td-cleat-dmp-gratitude","Jordan 11 Mid TD Cleat DMP Gratitude",1067
2026-07-16T16:18:25.478Z,gid://shopify/Product/15072807747970,"air-jordan-12-retro-flu-game-2025-gs","Jordan 12 Retro Flu Game (2025) (GS)",900
2026-07-16T16:18:25.479Z,gid://shopify/Product/15072807977346,"air-jordan-1-mid-light-smoke-grey-gs","Jordan 1 Mid Light Smoke Grey (GS)",767
2026-07-16T16:18:25.479Z,gid://shopify/Product/15072808206722,"air-jordan-1-retro-low-golf-endless-pursuit-pack","Jordan 1 Retro Low Golf Endless Pursuit Pack",1208
2026-07-16T16:18:25.479Z,gid://shopify/Product/15072808403330,"jordan-1-retro-low-og-rui-hachimura-oatmeal-1","Jordan 1 Retro Low OG Rui Hachimura Oatmeal",1025
2026-07-16T16:18:25.479Z,gid://shopify/Product/15072808665474,"air-jordan-1-mid-se-white-black-red-spruce-gs","Jordan 1 Mid SE White Black Red Spruce (GS)",829
2026-07-16T16:18:25.479Z,gid://shopify/Product/15072808894850,"air-jordan-1-mid-se-seahawks-w","Jordan 1 Mid SE Seahawks (Women's)",939
2026-07-16T16:18:25.479Z,gid://shopify/Product/15072809222530,"air-jordan-11-retro-cherry-2022-td","Jordan 11 Retro Cherry (2022) (TD)",931
2026-07-16T16:18:25.479Z,gid://shopify/Product/15072809451906,"air-jordan-1-mid-se-slim-vortex-gs","Jordan 1 Mid SE Slim Vortex (GS)",1035
2026-07-16T16:18:25.479Z,gid://shopify/Product/15072809648514,"air-jordan-1-retro-low-og-black-toe-2023-gs","Jordan 1 Retro Low OG Black Toe (2023) (GS)",1071
2026-07-16T16:18:25.479Z,gid://shopify/Product/15072809877890,"air-jordan-1-retro-low-golf-white-gum","Jordan 1 Retro Low Golf White Gum",1005
2026-07-16T16:18:25.479Z,gid://shopify/Product/15072810107266,"air-jordan-1-mid-se-metallic-gold-black-gs","Jordan 1 Mid SE Metallic Gold Black (GS)",1026
2026-07-16T16:18:25.479Z,gid://shopify/Product/15072810402178,"air-jordan-1-mid-se-patent-black-white-metallic-silver-metallic-gold","Jordan 1 Mid SE Patent Black White Metallic Silver Metallic Gold",1088
2026-07-16T16:18:25.479Z,gid://shopify/Product/15072810631554,"air-jordan-11-retro-playoffs-2019-td","Jordan 11 Retro Playoffs Bred (2019) (TD)",919
2026-07-16T16:18:25.479Z,gid://shopify/Product/15072810926466,"air-jordan-1-retro-high-mcs-game-royal","Jordan 1 Retro High MCS Game Royal",893
2026-07-16T16:18:25.479Z,gid://shopify/Product/15072811188610,"air-jordan-1-mid-reverse-panda-ps","Jordan 1 Mid Reverse Panda (PS)",929
2026-07-16T16:20:11.673Z,gid://shopify/Product/15072811549058,"air-jordan-1-mid-newspaper-nike-air-times-gs","Jordan 1 Mid Newspaper Air Times (GS)",1154
2026-07-16T16:20:11.675Z,gid://shopify/Product/15072811745666,"air-jordan-1-mid-edge-glow-gs","Jordan 1 Mid Edge Glow (GS)",1041
2026-07-16T16:20:11.675Z,gid://shopify/Product/15072811975042,"air-jordan-1-retro-low-og-mocha-ps","Jordan 1 Retro Low OG Mocha (PS)",1097
2026-07-16T16:20:11.675Z,gid://shopify/Product/15072812335490,"air-jordan-12-retro-low-golf-cherry","Jordan 12 Retro Low Golf Cherry",1076
2026-07-16T16:20:11.675Z,gid://shopify/Product/15072812597634,"jordan-1-retro-low-slip-white-womens","Jordan 1 Retro Low Slip White (Women's)",929
2026-07-16T16:20:11.675Z,gid://shopify/Product/15072812859778,"air-jordan-1-retro-high-camo-3m-shadow","Jordan 1 Retro High Camo 3M Shadow",1094
2026-07-16T16:20:11.675Z,gid://shopify/Product/15072813121922,"air-jordan-1-mid-fierce-pink-gs","Jordan 1 Mid Fierce Pink (GS)",1111
2026-07-16T16:20:11.675Z,gid://shopify/Product/15072813515138,"air-jordan-1-retro-high-sports-illustrated","Jordan 1 Retro High Sports Illustrated (A Star Is Born)",929
2026-07-16T16:20:11.675Z,gid://shopify/Product/15072813875586,"jordan-1-retro-low-og-year-of-the-snake-2026","Jordan 1 Retro Low OG Year of the Snake (2025)",893
2026-07-16T16:20:11.675Z,gid://shopify/Product/15072814432642,"air-jordan-1-mid-light-dew-womens","Jordan 1 Mid Light Dew (Women's)",1036
2026-07-16T16:20:11.675Z,gid://shopify/Product/15072814891394,"jordan-1-mid-se-rush-orange-crimson-bliss-womens","Jordan 1 Mid SE Rush Orange Crimson Bliss (Women's)",1048
2026-07-16T16:20:11.675Z,gid://shopify/Product/15072815088002,"air-jordan-1-retro-high-golf-metallic-green","Jordan 1 Retro High Golf Metallic Green",1438
2026-07-16T16:20:11.675Z,gid://shopify/Product/15072815350146,"air-jordan-1-retro-high-og-green-glow-gs","Jordan 1 Retro High OG Green Glow (GS)",1132
2026-07-16T16:20:11.675Z,gid://shopify/Product/15072815579522,"air-jordan-1-mid-multi-knit-gs","Jordan 1 Mid Multi Knit (GS)",908
2026-07-16T16:20:11.675Z,gid://shopify/Product/15072815808898,"air-jordan-1-retro-high-element-gore-tex-sky-j-purple","Jordan 1 Retro High Element Gore-Tex Sky J Purple",1411
2026-07-16T16:20:11.675Z,gid://shopify/Product/15072816038274,"air-jordan-1-retro-high-lucky-green-ps","Jordan 1 Retro High Lucky Green (PS)",1125
2026-07-16T16:20:11.676Z,gid://shopify/Product/15072816333186,"air-jordan-1-mid-grey-camo-gs","Jordan 1 Mid Grey Camo (GS)",1083
2026-07-16T16:20:11.676Z,gid://shopify/Product/15072816562562,"jordan-11-retro-bred-velvet-womens-1","Jordan 11 Retro Bred Velvet (Women's)",1153
2026-07-16T16:20:11.676Z,gid://shopify/Product/15072816791938,"air-jordan-1-mid-shadow-red-gs","Jordan 1 Mid Shadow Red (GS)",910
2026-07-16T16:20:11.676Z,gid://shopify/Product/15072816988546,"air-jordan-1-zoom-cmft-sail-w","Jordan 1 High Zoom Air CMFT Sail (Women's)",1120
2026-07-16T16:20:11.676Z,gid://shopify/Product/15072817250690,"air-jordan-1-mid-white-shadow-gs","Jordan 1 Mid White Shadow (GS)",1083
2026-07-16T16:20:11.676Z,gid://shopify/Product/15072817480066,"air-jordan-1-retro-high-flyknit-shadow","Jordan 1 Retro High Flyknit Shadow",1086
2026-07-16T16:20:11.676Z,gid://shopify/Product/15072817709442,"jordan-1-retro-high-og-sp-union-la-bephies-beauty-supply-summer-of-97","Jordan 1 Retro High OG SP Union LA Bephies Beauty Supply Summer of ‘96",566
2026-07-16T16:20:11.676Z,gid://shopify/Product/15072817971586,"air-jordan-1-retro-high-chicago-crystal-td","Jordan 1 Retro High Spider-Man Origin Story (TD)",1073
2026-07-16T16:20:11.676Z,gid://shopify/Product/15072818168194,"air-jordan-1-retro-high-university-blue-td","Jordan 1 Retro High OG University Blue (TD)",1182
2026-07-16T16:20:11.676Z,gid://shopify/Product/15072818397570,"air-jordan-1-zoom-air-cmft-psg-paris-saint-germain","Jordan 1 High Zoom Air CMFT PSG Paris Saint-Germain",1142
2026-07-16T16:20:11.676Z,gid://shopify/Product/15072818659714,"air-jordan-1-mid-pink-oxford-brown-womens","Jordan 1 Mid Pink Oxford Brown (Women's)",1013
2026-07-16T16:20:11.676Z,gid://shopify/Product/15072818954626,"air-jordan-11-retro-low-ie-craft-black-white","Jordan 11 Retro Low IE Craft Black White",1481
2026-07-16T16:20:11.676Z,gid://shopify/Product/15072819216770,"air-jordan-1-mid-signal-blue-gs","Jordan 1 Mid Signal Blue (GS)",935
2026-07-16T16:20:11.676Z,gid://shopify/Product/15072819511682,"air-jordan-1-mid-south-beach","Jordan 1 Mid South Beach",1050
2026-07-16T16:20:11.676Z,gid://shopify/Product/15072819741058,"air-jordan-11-retro-heiress-black-gs","Jordan 11 Retro Heiress Black Stingray (GS)",838
2026-07-16T16:20:11.676Z,gid://shopify/Product/15072820003202,"air-jordan-1-retro-high-gatorade-cyber","Jordan 1 Retro High Gatorade Cyber",1007
2026-07-16T16:20:11.676Z,gid://shopify/Product/15072820265346,"air-jordan-1-retro-low-og-ex-coconut-milk","Jordan 1 Retro Low OG EX Coconut Milk",1316
2026-07-16T16:20:11.676Z,gid://shopify/Product/15072820494722,"air-jordan-1-retro-high-og-quai54","Jordan 1 Retro High OG Quai 54",964
2026-07-16T16:20:11.676Z,gid://shopify/Product/15072820789634,"air-jordan-1-mid-pastel-black-toe-gs","Jordan 1 Mid Pastel Black Toe (GS)",938
2026-07-16T16:20:11.676Z,gid://shopify/Product/15072820986242,"jordan-1-retro-high-black-satin-gym-red-black-gs","Jordan 1 Retro High Black Satin Gym Red Black (GS)",1090
2026-07-16T16:20:11.676Z,gid://shopify/Product/15072821248386,"air-jordan-1-retro-high-lucky-green-w","Jordan 1 Retro High Lucky Green (Women's)",908
2026-07-16T16:20:11.676Z,gid://shopify/Product/15072821444994,"air-jordan-11-retro-midnight-navy-unc","Jordan 11 Retro UNC Win Like 82",860
2026-07-16T16:20:11.676Z,gid://shopify/Product/15074845491586,"nike-air-max-1-swoosh-low-poly-big-head-origins","Nike Air Max 1 .SWOOSH Low Poly Big Head Origins",1099
2026-07-16T16:20:11.676Z,gid://shopify/Product/15074845819266,"nike-air-force-1-07-black-black","Nike Air Force 1 Low '07 Black",794
2026-07-16T16:22:49.424Z,gid://shopify/Product/15074846146946,"puma-speedcat-ballet-black-mauve-mist-womens","Puma Speedcat Ballet Black Mauve Mist (Women's)",1097
2026-07-16T16:22:49.426Z,gid://shopify/Product/15074846441858,"nike-air-max-1-87-sp-supreme-triple-white","Nike Air Max 1 '87 SP Supreme Triple White",1303
2026-07-16T16:22:49.426Z,gid://shopify/Product/15074846671234,"nike-air-force-1-low-white-2018-w","Nike Air Force 1 Low '07 White (Women's)",906
2026-07-16T16:22:49.427Z,gid://shopify/Product/15074847064450,"nike-air-force-1-low-kobe-bryant-lakers-home","Nike Air Force 1 Low Retro QS Kobe Bryant Lakers Home",1071
2026-07-16T16:22:49.427Z,gid://shopify/Product/15074847555970,"supreme-washed-box-logo-crewneck-black","Supreme Washed Box Logo Crewneck Black",906
2026-07-16T16:22:49.427Z,gid://shopify/Product/15074847850882,"new-balance-990v6-miusa-action-bronson-untitled","New Balance 990v6 MiUSA Action Bronson Untitled",1347
2026-07-16T16:22:49.427Z,gid://shopify/Product/15074848113026,"air-jordan-11-retro-low-bred-2025-gs","Jordan 11 Retro Low Bred (GS) (2025)",1144
2026-07-16T16:22:49.427Z,gid://shopify/Product/15074848440706,"new-balance-9060-rose-sugar-angora","New Balance 9060 Rose Sugar Angora",1167
2026-07-16T16:22:49.427Z,gid://shopify/Product/15075729867138,"nike-dunk-low-se-black-grey-gum","Nike Dunk Low SE Black Grey Gum",1144
2026-07-16T16:22:49.427Z,gid://shopify/Product/15075730129282,"air-jordan-5-retro-dj-khaled-we-the-best-crimson-bliss","Jordan 5 Retro DJ Khaled We The Best Crimson Bliss",1066
2026-07-16T16:22:49.427Z,gid://shopify/Product/15075730424194,"nike-sportswear-tech-fleece-windrunner-full-zip-hoodie-dark-grey-heather-black","Nike Sportswear Tech Fleece Windrunner Full-Zip Hoodie Dark Grey Heather/Black",1007
2026-07-16T16:22:49.427Z,gid://shopify/Product/15075730686338,"air-jordan-4-retro-se-paris","Jordan 4 Retro SE Paris Olympics Wet Cement (GS)",853
2026-07-16T16:22:49.427Z,gid://shopify/Product/15075730948482,"nike-p-6000-white-metallic-silver-black","Nike P-6000 White Metallic Silver Black",1067
2026-07-16T16:22:49.427Z,gid://shopify/Product/15075731243394,"supreme-box-logo-hooded-sweatshirt-fw24-black","Supreme Box Logo Hooded Sweatshirt (FW24) Black",1023
2026-07-16T16:22:49.427Z,gid://shopify/Product/15075731571074,"puma-lamelo-ball-mb04-teenage-mutant-ninja-turtles-raphael-and-donatello","Puma LaMelo Ball MB.04 Teenage Mutant Ninja Turtles Raphael & Donatello",1118
2026-07-16T16:22:49.427Z,gid://shopify/Product/15075731767682,"birkenstock-boston-soft-footbed-suede-black","Birkenstock Boston Soft Footbed Suede Black",1063
2026-07-16T16:22:49.427Z,gid://shopify/Product/15075732095362,"bape-color-camo-shark-full-zip-hoodie-purple","BAPE Color Camo Shark Full Zip  Hoodie Purple",975
2026-07-16T16:22:49.427Z,gid://shopify/Product/15075732914562,"nike-air-force-1-mid-off-white-black","Nike Air Force 1 Mid Off-White Black",1055
2026-07-16T16:22:49.427Z,gid://shopify/Product/15075733176706,"nike-vomero-18-black-dark-smoke-grey-light-smoke-grey","Nike Vomero 18 Black Dark Smoke Grey Light Smoke Grey",1199
2026-07-16T16:22:49.427Z,gid://shopify/Product/15075733668226,"salomon-xt-6-white-lunar-rock","Salomon XT-6 White Lunar Rock",945
2026-07-16T16:22:49.428Z,gid://shopify/Product/15076085334402,"adidas-climamog-off-white","adidas Climacool Off White",1276
2026-07-16T16:22:49.428Z,gid://shopify/Product/15076085989762,"air-jordan-1-low-white-black","Jordan 1 Low White Black",1315
2026-07-16T16:22:49.428Z,gid://shopify/Product/15076086284674,"nike-air-force-1-low-luxe-summit-white-light-bone","Nike Air Force 1 Low Luxe Summit White Light Bone",1104
2026-07-16T16:22:49.428Z,gid://shopify/Product/15076086612354,"cactus-plant-flea-market-cpfm-flea-soccer-jersey-burgundy-ash","Cactus Plant Flea Market CPFM x Nike Flea Soccer Jersey Burgundy Ash",1160
2026-07-16T16:22:49.428Z,gid://shopify/Product/15076087103874,"anta-kai-1-triple-black","Anta Kai 1 Yin Triple Black",1355
2026-07-16T16:22:49.428Z,gid://shopify/Product/15076087562626,"nike-sb-dunk-low-rodeo-tourmaline","Nike SB Dunk Low Rodeo Tourmaline",1040
2026-07-16T16:22:49.428Z,gid://shopify/Product/15076087955842,"air-jordan-3-retro-fear-2023","Jordan 3 Retro Fear Pack (2023)",1185
2026-07-16T16:22:49.428Z,gid://shopify/Product/15076088480130,"air-jordan-11-retro-low-legend-pink-womens","Jordan 11 Retro Low Legend Pink (Women's)",1280
2026-07-16T16:22:49.428Z,gid://shopify/Product/15076089037186,"nike-air-dt-max-96-falcons","Nike Air DT Max '96 Falcons",1209
2026-07-16T16:22:49.428Z,gid://shopify/Product/15076089430402,"nike-sb-dunk-low-run-the-jewels","Nike SB Dunk Low Run The Jewels",935
2026-07-16T16:22:49.428Z,gid://shopify/Product/15077706301826,"sony-playstation-5-ps5-digital-edition-disc-drive","Sony PlayStation 5 Disc Drive for PS5 Pro & PS5 Digital Slim Console",1112
2026-07-16T16:22:49.428Z,gid://shopify/Product/15077868765570,"nike-hoops-elite-backpack-32l-elemental-pink-black-black","Nike Hoops Elite Backpack (32L) Elemental Pink/Black/Black",1226
2026-07-16T16:22:49.428Z,gid://shopify/Product/15077873877378,"nike-hoops-elite-32l-backpack-white-gold-black","Nike Hoops Elite 32L Backpack White/Gold/Black",1162
2026-07-16T16:22:49.428Z,gid://shopify/Product/15077904056706,"nike-hoops-elite-backpack-32l-black-pinksicle-white","Nike Hoops Elite Backpack (32L) Black/Pinksicle/White",1211
2026-07-16T16:22:49.428Z,gid://shopify/Product/15078818644354,"pop-mart-labubu-the-monsters-lets-checkmate-series-vinyl-plush-doll","Pop Mart Labubu The Monsters Let's Checkmate Series Vinyl Plush Doll",1129
2026-07-16T16:22:49.428Z,gid://shopify/Product/15079002341762,"nike-air-max-1-87-sp-supreme-varsity-purple","Nike Air Max 1 '87 SP Supreme Varsity Purple",1218
2026-07-16T16:22:49.428Z,gid://shopify/Product/15081443852674,"air-jordan-3-retro-off-noir","Jordan 3 Retro Off Noir",1359
2026-07-16T16:22:49.428Z,gid://shopify/Product/15081573745026,"pop-mart-labubu-mokoko-close-to-sweet-vinyl-plush-doll","Pop Mart Labubu Mokoko Close to Sweet Vinyl Plush Doll",1272
2026-07-16T16:22:49.428Z,gid://shopify/Product/15081788342658,"nike-zoom-vomero-5-bright-crimson","Nike Zoom Vomero 5 Bright Crimson",1201
2026-07-16T16:22:49.428Z,gid://shopify/Product/15081791193474,"nike-zoom-vomero-5-sp-university-red","Nike Zoom Vomero 5 SP University Red",1274
2026-07-16T16:25:14.717Z,gid://shopify/Product/15086654882178,"gucci-slides-bloom-supreme","Gucci Slides Bloom Supreme",912
2026-07-16T16:25:14.720Z,gid://shopify/Product/15086702100866,"nike-zoom-vomero-5-a-cold-wall-sail","Nike Zoom Vomero 5 A Cold Wall Sail",931
2026-07-16T16:25:14.720Z,gid://shopify/Product/15089013784962,"adidas-ae-1-low-3ssb-pe","adidas AE 1 Low 3SSB PE",947
2026-07-16T16:25:14.720Z,gid://shopify/Product/15089354637698,"adidas-gazelle-auburn-clear-pink","adidas Gazelle Auburn Clear Pink",947
2026-07-16T16:25:14.720Z,gid://shopify/Product/15089411064194,"adidas-gazelle-germany","adidas Gazelle Germany",948
2026-07-16T16:25:14.720Z,gid://shopify/Product/15091376882050,"adidas-gazelle-star-wars-the-mandalorian-darksaber","adidas Gazelle Star Wars The Mandalorian Darksaber",1171
2026-07-16T16:25:14.721Z,gid://shopify/Product/15092689273218,"adidas-harden-vol-9-hell-cat","adidas Harden Vol. 9 Hell Cat",992
2026-07-16T16:25:14.721Z,gid://shopify/Product/15092691566978,"adidas-samba-adv-chalk-white-grey-carbon","adidas Samba ADV Chalk White Grey Carbon",1025
2026-07-16T16:25:14.721Z,gid://shopify/Product/15094184051074,"adidas-samba-decon-ivory","adidas Samba Decon Ivory",1014
2026-07-16T16:25:14.721Z,gid://shopify/Product/15094210658690,"adidas-samba-og-cloud-white-brown-desert","adidas Samba OG Cloud White Brown Desert",970
2026-07-16T16:25:14.721Z,gid://shopify/Product/15094235988354,"adidas-samba-og-off-white-alluminum","adidas Samba OG Off White Alluminum",952
2026-07-16T16:25:14.721Z,gid://shopify/Product/15094245425538,"adidas-samba-og-white-semi-flash-aqua-gs","adidas Samba OG White Semi Flash Aqua (GS)",938
2026-07-16T16:25:14.721Z,gid://shopify/Product/15094256468354,"adidas-samba-white-clear-sky-gs","adidas Samba White Clear Sky (GS)",1037
2026-07-16T16:25:14.721Z,gid://shopify/Product/15097510199682,"new-balance-204l-black-timberwolf","New Balance 204L Black Timberwolf",976
2026-07-16T16:25:14.721Z,gid://shopify/Product/15098459914626,"nike-kd-4-scoring-size-2025","Nike KD 4 Scoring Size (2025)",1136
2026-07-16T16:25:14.721Z,gid://shopify/Product/15105231946114,"ugg-tasman-slipper-palace-chestnut-camo","UGG Tasman Slipper Palace Chestnut Camo",1114
2026-07-16T16:25:14.721Z,gid://shopify/Product/15105233092994,"ugg-funkette-slipper-chestnut-womens","UGG Funkette Slipper Chestnut (Women's)",1099
2026-07-16T16:25:14.721Z,gid://shopify/Product/15105233879426,"ugg-tasman-slipper-palace-black-camo","UGG Tasman Slipper Palace Black Camo",1084
2026-07-16T16:25:14.721Z,gid://shopify/Product/15105234895234,"ugg-classic-ultra-mini-platform-burnt-cedar-w","UGG Classic Ultra Mini Platform Boot Burnt Cedar (Women's)",1039
2026-07-16T16:25:14.722Z,gid://shopify/Product/15105235517826,"ugg-lowmel-love-25-jasmine-tropical-pink-womens","UGG Lowmel Love '25 Jasmine Tropical Pink (Women's)",1148
2026-07-16T16:25:14.722Z,gid://shopify/Product/15105236205954,"ugg-tazz-slipper-driftwood-womens","UGG Tazz Slipper Driftwood (Women's)",1063
2026-07-16T16:25:14.722Z,gid://shopify/Product/15105236763010,"ugg-tasman-ii-slipper-black-womens","UGG Tasman II Slipper Black (Women's)",966
2026-07-16T16:25:14.722Z,gid://shopify/Product/15105237549442,"ugg-neumel-boot-samba-red","UGG Neumel Boot Samba Red",954
2026-07-16T16:25:14.722Z,gid://shopify/Product/15105240465794,"gucci-web-slide-black-rubber-w","Gucci Web Slide Black Rubber (Women's)",1096
2026-07-16T16:25:14.722Z,gid://shopify/Product/15105242300802,"adidas-samba-decon-white-black-gum","adidas Samba Decon White Black Gum",1244
2026-07-16T16:25:14.722Z,gid://shopify/Product/15105243873666,"adidas-samba-leather-black-white","adidas Samba Leather Black White",1093
2026-07-16T16:25:14.722Z,gid://shopify/Product/15105246560642,"adidas-samba-og-carbon-better-scarlet","adidas Samba OG Carbon Better Scarlet",1031
2026-07-16T16:25:14.722Z,gid://shopify/Product/15105249673602,"adidas-samba-og-dia-de-muertos-pack-off-white","adidas Samba OG Día de Muertos Pack Off White",1219
2026-07-16T16:25:14.722Z,gid://shopify/Product/15105265140098,"adidas-samba-og-silver-green-womens","adidas Samba OG Silver Green (Women's)",995
2026-07-16T16:25:14.722Z,gid://shopify/Product/15105281786242,"adidas-samba-pharrell-human-race-black","adidas Samba Pharrell Humanrace Black",1271
2026-07-16T16:25:14.722Z,gid://shopify/Product/15105297547650,"adidas-samba-xlg-white-black-gum-gs","adidas Samba XLG White Black Gum (GS)",1072
2026-07-16T16:25:14.722Z,gid://shopify/Product/15105298628994,"adidas-sambarose-white-black-gum-w","adidas Sambarose White Black Gum (Women's)",977
2026-07-16T16:25:14.723Z,gid://shopify/Product/15105299710338,"adidas-sl-72-og-liberty-london-collegiate-green-womens","adidas SL 72 OG Liberty London Collegiate Green (Women's)",1105
2026-07-16T16:25:14.723Z,gid://shopify/Product/15105735983490,"adidas-yeezy-350-v2-cmpct-slate-onyx","adidas Yeezy 350 V2 CMPCT Slate Onyx",1140
2026-07-16T16:25:14.723Z,gid://shopify/Product/15105763967362,"adidas-yeezy-boost-350-v2-core-black-red-2017-i","adidas Yeezy Boost 350 V2 Black Red (Infants)",936
2026-07-16T16:25:14.723Z,gid://shopify/Product/15105771176322,"adidas-yeezy-boost-350-v2-mx-rock","adidas Yeezy Boost 350 V2 MX Rock",880
2026-07-16T16:25:14.723Z,gid://shopify/Product/15105788445058,"adidas-yeezy-boost-380-pepper","adidas Yeezy Boost 380 Pepper",953
2026-07-16T16:25:14.723Z,gid://shopify/Product/15105811284354,"adidas-yeezy-boost-700-sun","adidas Yeezy Boost 700 Sun",885
2026-07-16T16:25:14.723Z,gid://shopify/Product/15106020966786,"air-jordan-1-high-zoom-air-cmft-2-cement-university-blue","Jordan 1 High Zoom Air CMFT 2 Cement University Blue",1166
2026-07-16T16:25:14.723Z,gid://shopify/Product/15106028110210,"air-jordan-1-high-zoom-air-cmft-2-palomino-wild-berry","Jordan 1 High Zoom Air CMFT 2 Palomino Wild Berry",1100
2026-07-16T16:27:37.039Z,gid://shopify/Product/15106034794882,"air-jordan-1-high-zoom-air-cmft-canyon-rust-w","Jordan 1 High Zoom Air CMFT Canyon Rust (Women's)",1036
2026-07-16T16:27:37.041Z,gid://shopify/Product/15106039218562,"air-jordan-1-high-zoom-air-cmft-hare","Jordan 1 High Zoom Air CMFT Hare",983
2026-07-16T16:27:37.041Z,gid://shopify/Product/15106042790274,"air-jordan-1-high-zoom-air-cmft-pink-oxford-w","Jordan 1 High Zoom Air CMFT Pink Oxford (Women's)",1066
2026-07-16T16:27:37.041Z,gid://shopify/Product/15106047312258,"air-jordan-1-high-zoom-cmft-bred-w","Jordan 1 High Zoom CMFT Bred (Women's)",1030
2026-07-16T16:27:37.041Z,gid://shopify/Product/15106055209346,"air-jordan-1-low-alternate-bred-toe","Jordan 1 Low Alternate Bred Toe",1007
2026-07-16T16:27:37.041Z,gid://shopify/Product/15106061828482,"air-jordan-1-low-black-dark-beetroot-w","Jordan 1 Low Black Dark Beetroot (Women's)",1112
2026-07-16T16:27:37.041Z,gid://shopify/Product/15106066710914,"air-jordan-1-low-black-university-blue","Jordan 1 Low Black University Blue",1204
2026-07-16T16:27:37.041Z,gid://shopify/Product/15106072084866,"air-jordan-1-low-bred-sail-womens","Jordan 1 Low Bred Sail (Women's)",1156
2026-07-16T16:27:37.041Z,gid://shopify/Product/15106075066754,"air-jordan-1-low-coconut-milk-w","Jordan 1 Low Coconut Milk (Women's)",862
2026-07-16T16:27:37.041Z,gid://shopify/Product/15106076180866,"air-jordan-1-low-dune-red","Jordan 1 Low Dune Red",1142
2026-07-16T16:27:37.041Z,gid://shopify/Product/15106079031682,"air-jordan-1-low-green-toe","Jordan 1 Low Green Toe",845
2026-07-16T16:27:37.042Z,gid://shopify/Product/15106081161602,"air-jordan-1-low-lemonade-w","Jordan 1 Low Lemonade (Women's)",884
2026-07-16T16:27:37.042Z,gid://shopify/Product/15106083160450,"air-jordan-1-low-method-of-make-black-metallic-gold-womens","Jordan 1 Low Method of Make Black Metallic Gold (Women's)",1020
2026-07-16T16:27:37.042Z,gid://shopify/Product/15106085224834,"air-jordan-1-low-mulberry-w","Jordan 1 Low Mulberry (Women's)",780
2026-07-16T16:27:37.042Z,gid://shopify/Product/15106087453058,"air-jordan-1-low-og-metallic-silver-gs","Jordan 1 Low OG Metallic Silver (GS)",1048
2026-07-16T16:27:37.042Z,gid://shopify/Product/15106090271106,"air-jordan-1-low-orange-black-w","Jordan 1 Low Orange Black (Women's)",949
2026-07-16T16:27:37.042Z,gid://shopify/Product/15106092663170,"air-jordan-1-low-pine-green","Jordan 1 Low Pine Green",753
2026-07-16T16:27:37.042Z,gid://shopify/Product/15106094072194,"air-jordan-1-low-reverse-black-toe-w","Jordan 1 Low Reverse Black Toe (Women's)",1093
2026-07-16T16:27:37.042Z,gid://shopify/Product/15106094891394,"air-jordan-1-low-se-black-elephant","Jordan 1 Low SE Black Elephant",1247
2026-07-16T16:27:37.042Z,gid://shopify/Product/15106096300418,"air-jordan-1-low-se-concord-gs","Jordan 1 Low SE Concord (GS)",954
2026-07-16T16:27:37.042Z,gid://shopify/Product/15106098495874,"air-jordan-1-low-se-homage-white-black-w","Jordan 1 Low SE Homage Split White Black (Women's)",980
2026-07-16T16:27:37.042Z,gid://shopify/Product/15106098954626,"air-jordan-1-low-se-metallic-silver-womens","Jordan 1 Low SE Metallic Silver (Women's)",1238
2026-07-16T16:27:37.043Z,gid://shopify/Product/15106101346690,"air-jordan-1-low-se-sherpa-fleece-w","Jordan 1 Low SE Sherpa Fleece (Women's)",1021
2026-07-16T16:27:37.043Z,gid://shopify/Product/15106114093442,"air-jordan-1-low-shadow-toe","Jordan 1 Low Shadow Toe",944
2026-07-16T16:27:37.043Z,gid://shopify/Product/15106114912642,"air-jordan-1-low-td-cleat-chicago-2023","Jordan 1 Low TD Cleat Chicago (2023)",1117
2026-07-16T16:27:37.043Z,gid://shopify/Product/15106115830146,"air-jordan-1-low-to-my-first-coach","Jordan 1 Low To My First Coach",1134
2026-07-16T16:27:37.043Z,gid://shopify/Product/15106116092290,"air-jordan-1-low-unc-2021","Jordan 1 Low UNC (2021)",794
2026-07-16T16:27:37.043Z,gid://shopify/Product/15106116747650,"air-jordan-1-low-white-bordeaux","Jordan 1 Low White Bordeaux",1048
2026-07-16T16:27:37.043Z,gid://shopify/Product/15106117108098,"air-jordan-1-low-year-of-the-dragon-2024-womens","Jordan 1 Low Year of the Dragon (2024) (Women's)",1302
2026-07-16T16:27:37.043Z,gid://shopify/Product/15106117534082,"air-jordan-1-mid-apricot-orange-w","Jordan 1 Mid Apricot Orange (Women's)",1043
2026-07-16T16:27:37.043Z,gid://shopify/Product/15106117927298,"air-jordan-1-mid-berry-pink-w","Jordan 1 Mid SE Light Mulberry (Women's)",956
2026-07-16T16:27:37.043Z,gid://shopify/Product/15106118910338,"air-jordan-1-mid-black-pink-crimson-gs","Jordan 1 Mid Atmosphere (GS)",885
2026-07-16T16:27:37.043Z,gid://shopify/Product/15106119729538,"air-jordan-1-mid-black-speckle-gs","Jordan 1 Mid Black Speckle (GS)",1166
2026-07-16T16:27:37.043Z,gid://shopify/Product/15106120221058,"air-jordan-1-mid-bred-shadow","Jordan 1 Mid Bred Shadow",1141
2026-07-16T16:27:37.044Z,gid://shopify/Product/15106667315586,"air-jordan-1-mid-cement-grey-w","Jordan 1 Mid Cement Grey (Women's)",1092
2026-07-16T16:27:37.044Z,gid://shopify/Product/15106668134786,"air-jordan-1-mid-cleat-chicago-gs","Jordan 1 Mid Cleat Chicago (GS)",1105
2026-07-16T16:27:37.044Z,gid://shopify/Product/15106669183362,"air-jordan-1-mid-dark-teal-green-w","Jordan 1 Mid Dark Teal Green (Women's)",937
2026-07-16T16:27:37.044Z,gid://shopify/Product/15106671083906,"air-jordan-1-mid-fire-pink-gs","Jordan 1 Mid Fire Pink (GS)",1283
2026-07-16T16:27:37.044Z,gid://shopify/Product/15106676818306,"air-jordan-1-mid-kentucky-blue-w","Jordan 1 Mid Kentucky Blue (Women's)",914
2026-07-16T16:27:37.044Z,gid://shopify/Product/15106679079298,"air-jordan-1-mid-lucky-green","Jordan 1 Mid Lucky Green",1161
2026-07-16T16:29:17.997Z,gid://shopify/Product/15106686353794,"air-jordan-1-mid-se-pink-oxford-gs","Jordan 1 Mid SE Pink Oxford (GS)",1481
2026-07-16T16:29:17.998Z,gid://shopify/Product/15106702475650,"air-jordan-1-mid-se-brushstroke","Jordan 1 Mid SE Brushstroke",954
2026-07-16T16:29:17.998Z,gid://shopify/Product/15106704900482,"air-jordan-1-mid-se-glitter-swoosh-gs","Jordan 1 Mid SE Glitter Swoosh (GS)",1252
2026-07-16T16:29:17.998Z,gid://shopify/Product/15106708570498,"air-jordan-1-mid-se-white-medium-grey-cool-grey","Jordan 1 Mid SE White Medium Grey Cool Grey",952
2026-07-16T16:29:17.998Z,gid://shopify/Product/15106722529666,"air-jordan-1-mid-triple-white-2022","Jordan 1 Mid Triple White",972
2026-07-16T16:29:17.998Z,gid://shopify/Product/15106736947586,"air-jordan-1-retro-ajko-low-sp-union","Jordan 1 Retro AJKO Low SP Union White Canvas",919
2026-07-16T16:29:17.998Z,gid://shopify/Product/15106741764482,"air-jordan-1-retro-high-bloodline","Jordan 1 Retro High Bloodline",945
2026-07-16T16:29:17.998Z,gid://shopify/Product/15106743894402,"air-jordan-1-retro-high-court-purple","Jordan 1 Retro High Court Purple",846
2026-07-16T16:29:17.998Z,gid://shopify/Product/15106748121474,"air-jordan-1-retro-high-gatorade-orange-peel-gs","Jordan 1 Retro High Gatorade Orange Peel (GS)",1240
2026-07-16T16:29:17.998Z,gid://shopify/Product/15106752512386,"air-jordan-1-retro-high-off-white-university-blue","Jordan 1 Retro High Off-White University Blue",942
2026-07-16T16:29:17.998Z,gid://shopify/Product/15106757067138,"air-jordan-1-retro-high-og-denim-ps","Jordan 1 Retro High OG Denim (PS)",782
2026-07-16T16:29:17.998Z,gid://shopify/Product/15106764472706,"air-jordan-1-retro-high-og-satin-shadow-ps","Jordan 1 Retro High OG Satin Shadow (PS)",906
2026-07-16T16:29:17.998Z,gid://shopify/Product/15106773549442,"air-jordan-1-retro-high-og-washed-black-gs","Jordan 1 Retro High OG Washed Black (GS)",1486
2026-07-16T16:29:17.998Z,gid://shopify/Product/15106781446530,"air-jordan-1-retro-high-silver-toe-ps","Jordan 1 Retro High Silver Toe (PS)",914
2026-07-16T16:29:17.998Z,gid://shopify/Product/15106797011330,"air-jordan-1-retro-high-zip-mica-green-w","Jordan 1 Retro High Zip Mica Green (Women's)",1030
2026-07-16T16:29:17.998Z,gid://shopify/Product/15106900230530,"air-jordan-1-retro-low-og-chris-paul","Jordan 1 Retro Low OG Chris Paul",1196
2026-07-16T16:29:17.998Z,gid://shopify/Product/15106905080194,"air-jordan-1-retro-low-og-sp-travis-scott-reverse-mocha","Jordan 1 Retro Low OG SP Travis Scott Reverse Mocha",1087
2026-07-16T16:29:17.998Z,gid://shopify/Product/15106910257538,"air-jordan-10-retro-light-smoke-grey","Jordan 10 Retro Light Smoke Grey",801
2026-07-16T16:29:17.998Z,gid://shopify/Product/15106913370498,"air-jordan-11-cmft-low-black-gold","Jordan 11 CMFT Low Black Gold",1057
2026-07-16T16:29:17.998Z,gid://shopify/Product/15106918678914,"air-jordan-11-retro-cool-grey-2021-td","Jordan 11 Retro Cool Grey (2021) (TD)",964
2026-07-16T16:29:17.998Z,gid://shopify/Product/15106922283394,"air-jordan-11-retro-low-cement-grey-gs","Jordan 11 Retro Low Cement Grey (GS)",1047
2026-07-16T16:29:17.998Z,gid://shopify/Product/15106926018946,"air-jordan-11-retro-low-ie-space-jam","Jordan 11 Retro Low IE Space Jam",1003
2026-07-16T16:29:17.998Z,gid://shopify/Product/15106936439170,"air-jordan-11-retro-night-heiress-maroon-gs","Jordan 11 Retro Heiress Night Maroon (GS)",1116
2026-07-16T16:29:17.998Z,gid://shopify/Product/15106940830082,"air-jordan-12-retro-deep-royal-blue","Jordan 12 Retro Deep Royal Blue",988
2026-07-16T16:29:17.998Z,gid://shopify/Product/15106944270722,"air-jordan-12-retro-reverse-flu-game","Jordan 12 Retro Reverse Flu Game",930
2026-07-16T16:29:17.998Z,gid://shopify/Product/15106945483138,"air-jordan-13-retro-black-island-green","Jordan 13 Retro Black Island Green",860
2026-07-16T16:29:17.999Z,gid://shopify/Product/15106946761090,"air-jordan-13-retro-flint-2020","Jordan 13 Retro Flint (2020)",878
2026-07-16T16:29:17.999Z,gid://shopify/Product/15106947613058,"air-jordan-13-retro-low-singles-day-2021","Jordan 13 Retro Low Singles' Day (2021)",930
2026-07-16T16:29:17.999Z,gid://shopify/Product/15106948432258,"air-jordan-13-retro-wheat-2023-gs","Jordan 13 Retro Wheat (2023) (GS)",1200
2026-07-16T16:29:17.999Z,gid://shopify/Product/15106949579138,"air-jordan-14-retro-low-shocking-pink-w","Jordan 14 Retro Low Shocking Pink (Women's)",763
2026-07-16T16:29:17.999Z,gid://shopify/Product/15106950988162,"air-jordan-2-retro-black-cement","Jordan 2 Retro Black Cement",1314
2026-07-16T16:29:17.999Z,gid://shopify/Product/15106953281922,"air-jordan-2-retro-low-craft-melon-tint","Jordan 2 Retro Low Craft Melon Tint",848
2026-07-16T16:29:17.999Z,gid://shopify/Product/15106954559874,"air-jordan-2-retro-low-unc-gs","Jordan 2 Retro Low UNC (GS)",1074
2026-07-16T16:29:17.999Z,gid://shopify/Product/15106960425346,"air-jordan-3-retro-black-cat-2025-td","Jordan 3 Retro Black Cat (2025) (TD)",966
2026-07-16T16:29:17.999Z,gid://shopify/Product/15106962751874,"air-jordan-3-retro-chlorophyll","Jordan 3 Retro Chlorophyll",657
2026-07-16T16:29:17.999Z,gid://shopify/Product/15106970976642,"air-jordan-3-retro-georgia-peach-womens","Jordan 3 Retro Georgia Peach (Women's)",1232
2026-07-16T16:29:17.999Z,gid://shopify/Product/15106973827458,"air-jordan-3-retro-multi-camo","Jordan 3 Retro Patchwork Camo",813
2026-07-16T16:29:17.999Z,gid://shopify/Product/15106975269250,"air-jordan-3-retro-se-fire-red","Jordan 3 Retro SE Unite",1015
2026-07-16T16:29:17.999Z,gid://shopify/Product/15106980512130,"air-jordan-3-retro-white-cement-reimagined-ps","Jordan 3 Retro White Cement Reimagined (PS)",1017
2026-07-16T16:29:17.999Z,gid://shopify/Product/15106989162882,"air-jordan-4-retro-a-ma-maniere-violet-ore","Jordan 4 Retro SP A Ma Maniére Violet Ore",889
2026-07-16T16:31:17.502Z,gid://shopify/Product/15106991325570,"air-jordan-4-retro-black-rush-violet-gs","Jordan 4 Retro Black Rush Violet (GS)",920
2026-07-16T16:31:17.503Z,gid://shopify/Product/15106994569602,"air-jordan-4-retro-bred-reimagined-ps","Jordan 4 Retro Bred Reimagined (PS)",1077
2026-07-16T16:31:17.504Z,gid://shopify/Product/15106997059970,"air-jordan-4-retro-cool-grey-ps-2019","Jordan 4 Retro Cool Grey (2019) (PS)",1000
2026-07-16T16:31:17.504Z,gid://shopify/Product/15107000172930,"air-jordan-4-retro-fire-red-2020","Jordan 4 Retro Fire Red (2020)",858
2026-07-16T16:31:17.504Z,gid://shopify/Product/15107002433922,"air-jordan-4-retro-flyknit-volt","Jordan 4 Retro Flyknit Volt",857
2026-07-16T16:31:17.504Z,gid://shopify/Product/15107004662146,"air-jordan-4-retro-golf-military-blue","Jordan 4 Retro Golf Military Blue",860
2026-07-16T16:31:17.504Z,gid://shopify/Product/15107006923138,"air-jordan-4-retro-infrared-gs","Jordan 4 Retro Infrared (GS)",1018
2026-07-16T16:31:17.504Z,gid://shopify/Product/15107008594306,"air-jordan-4-retro-levis-black","Jordan 4 Retro Levi's Black (Levi's Tag)",878
2026-07-16T16:31:17.504Z,gid://shopify/Product/15107010068866,"air-jordan-4-retro-levis-white","Jordan 4 Retro Levi's White (Levi's Tag)",858
2026-07-16T16:31:17.504Z,gid://shopify/Product/15107011707266,"air-jordan-4-retro-lightning-2021-td","Jordan 4 Retro Lightning (2021) (TD)",1029
2026-07-16T16:31:17.504Z,gid://shopify/Product/15107013837186,"air-jordan-4-retro-metallic-red-gs","Jordan 4 Retro Metallic Red (GS)",1176
2026-07-16T16:31:17.504Z,gid://shopify/Product/15107018129794,"air-jordan-4-retro-monsoon-blue-gs","Jordan 4 Retro Monsoon Blue (GS)",1015
2026-07-16T16:31:17.504Z,gid://shopify/Product/15107020947842,"air-jordan-4-retro-obsidian","Jordan 4 Retro Obsidian",1099
2026-07-16T16:31:17.504Z,gid://shopify/Product/15107025797506,"air-jordan-4-retro-psg-paris-saint-germain","Jordan 4 Retro PSG Paris Saint-Germain",976
2026-07-16T16:31:17.505Z,gid://shopify/Product/15107029205378,"air-jordan-4-retro-rasta-w","Jordan 4 Retro Lucid Green Rasta (Women's)",881
2026-07-16T16:31:17.505Z,gid://shopify/Product/15107033039234,"air-jordan-4-retro-royalty-gs","Jordan 4 Retro Royalty (GS)",1052
2026-07-16T16:31:17.505Z,gid://shopify/Product/15107051061634,"air-jordan-4-retro-se-neon","Jordan 4 Retro SE 95 Neon",838
2026-07-16T16:31:17.505Z,gid://shopify/Product/15107053191554,"air-jordan-4-retro-shimmer-w","Jordan 4 Retro Shimmer (Women's)",801
2026-07-16T16:31:17.505Z,gid://shopify/Product/15107054305666,"air-jordan-4-retro-tattoo-singles-day-2018-gs","Jordan 4 Retro Tattoo (2018) (GS)",1054
2026-07-16T16:31:17.505Z,gid://shopify/Product/15107056173442,"air-jordan-4-retro-toro-bravo-gs","Jordan 4 Retro Toro Bravo (GS)",1253
2026-07-16T16:31:17.505Z,gid://shopify/Product/15107058958722,"air-jordan-4-retro-university-blue-gs","Jordan 4 Retro University Blue (GS)",990
2026-07-16T16:31:17.505Z,gid://shopify/Product/15107060597122,"air-jordan-4-retro-what-the-td","Jordan 4 Retro What The (TD)",1310
2026-07-16T16:31:17.505Z,gid://shopify/Product/15107061219714,"air-jordan-4-retro-white-black-bright-crimson-gs","Jordan 4 Retro Flight Nostalgia (GS)",819
2026-07-16T16:31:17.505Z,gid://shopify/Product/15107062628738,"air-jordan-4-retro-white-oreo-2021-ps","Jordan 4 Retro White Oreo (2021) (PS)",1025
2026-07-16T16:31:17.505Z,gid://shopify/Product/15107063677314,"air-jordan-4-retro-zen-master","Jordan 4 Retro Zen Master",997
2026-07-16T16:31:17.505Z,gid://shopify/Product/15107065086338,"air-jordan-4-rm-bruce-lee","Jordan 4 RM Bruce Lee",1184
2026-07-16T16:31:17.505Z,gid://shopify/Product/15107067445634,"air-jordan-4-rm-sp-nigel-sylvester-driveway-grey-gs","Jordan 4 RM SP Nigel Sylvester Driveway Grey (GS)",1311
2026-07-16T16:31:17.506Z,gid://shopify/Product/15107070493058,"air-jordan-5-retro-alternate-bel-air-gs","Jordan 5 Retro Alternate Bel-Air (GS)",812
2026-07-16T16:31:17.506Z,gid://shopify/Product/15107071836546,"air-jordan-5-retro-aqua-ps","Jordan 5 Retro Aqua (PS)",1057
2026-07-16T16:31:17.506Z,gid://shopify/Product/15107073671554,"air-jordan-5-retro-burgundy-2023-gs","Jordan 5 Retro Burgundy (2023) (GS)",1457
2026-07-16T16:31:17.506Z,gid://shopify/Product/15107075408258,"air-jordan-5-retro-dj-khaled-we-the-best-crimson-bliss-ps","Jordan 5 Retro DJ Khaled We The Best Crimson Bliss (PS)",1462
2026-07-16T16:31:17.506Z,gid://shopify/Product/15107076915586,"air-jordan-5-retro-expression-w","Jordan 5 Retro Low Expression (Women's)",1131
2026-07-16T16:31:17.506Z,gid://shopify/Product/15107078717826,"air-jordan-5-retro-georgetown","Jordan 5 Retro Midnight Navy",1142
2026-07-16T16:31:17.506Z,gid://shopify/Product/15107081666946,"air-jordan-5-retro-green-bean-2022","Jordan 5 Retro Green Bean (2022)",836
2026-07-16T16:31:17.506Z,gid://shopify/Product/15107083108738,"air-jordan-5-retro-island-green","Jordan 5 Retro Island Green",1038
2026-07-16T16:31:17.506Z,gid://shopify/Product/15107084353922,"air-jordan-5-retro-low-chinese-new-year-2021","Jordan 5 Retro Low Chinese New Year (2021)",1124
2026-07-16T16:31:17.506Z,gid://shopify/Product/15107085435266,"air-jordan-5-retro-low-golf-black-grape","Jordan 5 Retro Low Golf Black Grape",1066
2026-07-16T16:31:17.506Z,gid://shopify/Product/15107086385538,"air-jordan-5-retro-low-miami-hurricanes-gs","Jordan 5 Retro Low Miami Hurricanes (GS)",1200
2026-07-16T16:31:17.506Z,gid://shopify/Product/15107088089474,"air-jordan-5-retro-moonlight-2021-gs","Jordan 5 Retro Moonlight (2021) (GS)",954
2026-07-16T16:31:17.506Z,gid://shopify/Product/15107088875906,"air-jordan-5-retro-off-white-sail","Jordan 5 Retro Off-White Sail",1052
2026-07-16T16:33:15.132Z,gid://shopify/Product/15107090055554,"air-jordan-5-retro-plaid-gs","Jordan 5 Retro Plaid (GS)",1490
2026-07-16T16:33:15.134Z,gid://shopify/Product/15107091104130,"air-jordan-5-retro-racer-blue-td","Jordan 5 Retro Racer Blue (TD)",1200
2026-07-16T16:33:15.134Z,gid://shopify/Product/15107091792258,"air-jordan-5-retro-regal-pink","Jordan 5 Retro Easter (2022)",1028
2026-07-16T16:33:15.134Z,gid://shopify/Product/15107093430658,"air-jordan-5-retro-se-oregon","Jordan 5 Retro SE Oregon",1284
2026-07-16T16:33:15.134Z,gid://shopify/Product/15107094774146,"air-jordan-5-retro-take-flight","Jordan 5 Retro Take Flight",1232
2026-07-16T16:33:15.134Z,gid://shopify/Product/15107095921026,"air-jordan-5-retro-what-the-gs","Jordan 5 Retro What The (GS)",1174
2026-07-16T16:33:15.134Z,gid://shopify/Product/15107097526658,"air-jordan-5-retro-white-stealth-2021-gs","Jordan 5 Retro White Stealth (2021) (GS)",1047
2026-07-16T16:33:15.134Z,gid://shopify/Product/15107099787650,"air-jordan-6-low-golf-olympic","Jordan 6 Low Golf Olympic",1293
2026-07-16T16:33:15.134Z,gid://shopify/Product/15107100836226,"air-jordan-6-retro-alternate-hare-gs","Jordan 6 Retro Alternate Hare (GS)",1332
2026-07-16T16:33:15.134Z,gid://shopify/Product/15107102114178,"air-jordan-6-retro-black-infrared-2019-ps","Jordan 6 Retro Black Infrared (2019) (PS)",1273
2026-07-16T16:33:15.134Z,gid://shopify/Product/15107102933378,"air-jordan-6-retro-carmine-2020","Jordan 6 Retro Carmine (2021)",1210
2026-07-16T16:33:15.134Z,gid://shopify/Product/15107103752578,"air-jordan-6-retro-chrome-metallic-silver-gs","Jordan 6 Retro Chrome (GS)",1054
2026-07-16T16:33:15.134Z,gid://shopify/Product/15107104342402,"air-jordan-6-retro-cool-grey-td-2023","Jordan 6 Retro Cool Grey (TD)",1171
2026-07-16T16:33:15.134Z,gid://shopify/Product/15107105915266,"air-jordan-6-retro-dynamic-yellow-floral-gs","Jordan 6 Retro Dynamic Yellow Floral (GS)",1096
2026-07-16T16:33:15.135Z,gid://shopify/Product/15107106996610,"air-jordan-6-retro-gatorade-green","Jordan 6 Retro Gatorade Green",1037
2026-07-16T16:33:15.135Z,gid://shopify/Product/15107108176258,"air-jordan-6-retro-gore-tex-brown-kelp-womens","Jordan 6 Retro Gore-Tex Brown Kelp (Women's)",1563
2026-07-16T16:33:15.135Z,gid://shopify/Product/15107109880194,"air-jordan-6-retro-low-golf-chrome","Jordan 6 Retro Low Golf Chrome",1441
2026-07-16T16:33:15.135Z,gid://shopify/Product/15107110928770,"air-jordan-6-retro-low-lunar-new-year-2022","Jordan 6 Retro Low GC Lunar New Year (2022)",1024
2026-07-16T16:33:15.135Z,gid://shopify/Product/15107112468866,"air-jordan-6-retro-midnight-navy-2022-td","Jordan 6 Retro Midnight Navy (2022) (TD)",1436
2026-07-16T16:33:15.135Z,gid://shopify/Product/15107114959234,"air-jordan-6-retro-pinnacle-promo-jacket","Jordan 6 Retro Pinnacle Promo Flight Jacket",1186
2026-07-16T16:33:15.135Z,gid://shopify/Product/15107115975042,"air-jordan-6-retro-red-oreo","Jordan 6 Retro Red Oreo",900
2026-07-16T16:33:15.135Z,gid://shopify/Product/15107117089154,"air-jordan-6-retro-still-blue-gs","Jordan 6 Retro Pantone (GS)",1157
2026-07-16T16:33:15.135Z,gid://shopify/Product/15107118924162,"air-jordan-6-retro-travis-scott-british-khaki","Jordan 6 Retro Travis Scott British Khaki",1286
2026-07-16T16:33:15.135Z,gid://shopify/Product/15107119841666,"air-jordan-6-retro-unc","Jordan 6 Retro UNC",1058
2026-07-16T16:33:15.135Z,gid://shopify/Product/15107122266498,"air-jordan-6-retro-washed-denim","Jordan 6 Retro Washed Denim",791
2026-07-16T16:33:15.135Z,gid://shopify/Product/15107123741058,"air-jordan-6-retro-yellow-ochre-gs","Jordan 6 Retro Yellow Ochre (GS)",1363
2026-07-16T16:33:15.135Z,gid://shopify/Product/15107217785218,"air-jordan-6-rings-space-jam-2018","Jordan 6 Rings Space Jam (2018)",1149
2026-07-16T16:33:15.135Z,gid://shopify/Product/15107221193090,"air-jordan-6-rings-white-university-red-black","Jordan 6 Rings White University Red Black",1394
2026-07-16T16:33:15.136Z,gid://shopify/Product/15107223126402,"air-jordan-7-retro-trophy-room","Jordan 7 Retro  Trophy Room New Sheriff in Town",1133
2026-07-16T16:33:15.136Z,gid://shopify/Product/15107224174978,"air-jordan-9-retro-chile-red","Jordan 9 Retro Chile Red",798
2026-07-16T16:33:15.136Z,gid://shopify/Product/15107225354626,"air-jordan-9-retro-olive-2024","Jordan 9 Retro Olive (2024)",1445
2026-07-16T16:33:15.136Z,gid://shopify/Product/15107227648386,"air-jordan-adg-5-golf-black-laser","Jordan ADG 5 Golf Black Laser",1114
2026-07-16T16:33:15.136Z,gid://shopify/Product/15107231449474,"air-jordan-flight-origin-4-white","Jordan Flight Origin 4 White",1302
2026-07-16T16:33:15.136Z,gid://shopify/Product/15107234759042,"air-jordan-hydro-5-slide-black-metallic","Jordan Hydro 5 Slide Black Metallic",1375
2026-07-16T16:33:15.136Z,gid://shopify/Product/15107237216642,"air-jordan-jumpman-jack-tr-travis-scott-sail-td","Jordan Jumpman Jack TR Travis Scott Sail (TD)",1407
2026-07-16T16:33:15.136Z,gid://shopify/Product/15107239575938,"air-jordan-legacy-312-low-light-smoke-grey","Jordan Legacy 312 Low Light Smoke Grey",1054
2026-07-16T16:33:15.136Z,gid://shopify/Product/15107241836930,"air-jordan-luka-1-quai-54","Jordan Luka 1 Quai 54",968
2026-07-16T16:33:15.136Z,gid://shopify/Product/15107248030082,"air-jordan-max-aura-6-black-anthracite","Jordan Max Aura 6 Black Anthracite",1084
2026-07-16T16:33:15.136Z,gid://shopify/Product/15107251405186,"air-jordan-one-take-4-bred","Jordan One Take 4 Bred",1157
2026-07-16T16:33:15.136Z,gid://shopify/Product/15107256779138,"air-jordan-spizike-low-coconut-milk","Jordan Spizike Low Coconut Milk",1563
2026-07-16T16:34:37.482Z,gid://shopify/Product/15107257926018,"air-jordan-spizike-low-summit-white-photon-dust","Jordan Spizike Low Summit White Photon Dust",675
2026-07-16T16:34:37.484Z,gid://shopify/Product/15107262054786,"air-jordan-why-not-zer0-3-white-bright-crimson-black","Jordan Why Not Zer0.3 White Bright Crimson Black",670
2026-07-16T16:34:37.484Z,gid://shopify/Product/15107274473858,"air-jordan-6-rings-anthracite","Jordan 6 Rings Anthracite",674
2026-07-16T16:34:37.484Z,gid://shopify/Product/15107277029762,"air-jordan-6-rings-bred","Jordan 6 Rings Bred (2013)",685
2026-07-16T16:34:37.484Z,gid://shopify/Product/15108215112066,"air-jordan-why-not-zer04-trust-and-loyalty","Jordan Why Not Zer0.4 Trust and Loyalty",634
2026-07-16T16:34:37.484Z,gid://shopify/Product/15108218552706,"air-jordan-xxxiv-black-cat","Jordan XXXIV Black Cat",709
2026-07-16T16:34:37.485Z,gid://shopify/Product/15108220387714,"air-jordan-xxxiv-low-black-laser-orange","Jordan XXXIV Low Print",638
2026-07-16T16:34:37.485Z,gid://shopify/Product/15108223041922,"air-jordan-xxxiv-white-black-red","Jordan XXXIV White Black Red",653
2026-07-16T16:34:37.485Z,gid://shopify/Product/15108224057730,"air-jordan-xxxv-bred","Jordan XXXV Bred",721
2026-07-16T16:34:37.485Z,gid://shopify/Product/15108226056578,"air-jordan-xxxv-fire-red","Jordan XXXV Fire Red (Icy Sole)",581
2026-07-16T16:34:37.485Z,gid://shopify/Product/15108228678018,"air-jordan-xxxv-paris","Jordan XXXV Paris",651
2026-07-16T16:34:37.485Z,gid://shopify/Product/15108233625986,"anta-kai-2-solar-return","Anta Kai 2 Solar Return",652
2026-07-16T16:34:37.485Z,gid://shopify/Product/15108243128706,"balenciaga-x-adidas-stan-smith-off-white-black","Balenciaga x adidas Stan Smith Off White Black",687
2026-07-16T16:34:37.485Z,gid://shopify/Product/15108246274434,"bape-happy-new-year-bag-fw23-beige","BAPE Happy New Year Bag (FW23) Beige",572
2026-07-16T16:34:37.485Z,gid://shopify/Product/15108253548930,"bearbrick-michael-jordan-1985-rookie-jersey-1000-gold-chrome","Bearbrick Michael Jordan 1985 Rookie Jersey 1000% Gold Chrome",680
2026-07-16T16:34:37.485Z,gid://shopify/Product/15108256203138,"bearbrick-x-fifa-world-cup-qatar-2022-100-400-4-pc-set-white-chrome-gold","Bearbrick x FIFA World Cup Qatar 2022 100% & 400% 4-Pc Set White Chrome/Gold",605
2026-07-16T16:34:37.485Z,gid://shopify/Product/15108268327298,"cactus-plant-flea-market-cpfm-crochet-hockey-sweater-chutney","Cactus Plant Flea Market CPFM x Nike Crochet Hockey Sweater Chutney",627
2026-07-16T16:34:37.485Z,gid://shopify/Product/15108277436802,"converse-chuck-taylor-all-star-70s-hi-comme-des-garcons-play-white","Converse Chuck Taylor All Star 70 Hi Comme des Garcons PLAY White",706
2026-07-16T16:34:37.485Z,gid://shopify/Product/15108289560962,"crocs-itachi-classic-clog-blue-red","Crocs Classic Clog Naruto Itachi",548
2026-07-16T16:34:37.485Z,gid://shopify/Product/15108291133826,"crocs-quick-trail-simone-rocha-black","Crocs Quick Trail Simone Rocha Black",607
2026-07-16T16:34:37.485Z,gid://shopify/Product/15108295393666,"dior-x-rimowa-amenity-kit-aluminium-pink","Dior x RIMOWA Personal Clutch On Strap Aluminium Pink",507
2026-07-16T16:34:37.486Z,gid://shopify/Product/15108316332418,"funko-pop-basketball-bulls-michael-jordan-black-jersey-fanatics-exclusive-figure-55","Funko Pop! Basketball Chicago Bulls Michael Jordan Black Jersey Fanatics Exclusive Figure #55",568
2026-07-16T16:34:37.486Z,gid://shopify/Product/15108317380994,"funko-pop-basketball-michael-jordan-unc-warm-up-figure-75","Funko Pop! Basketball Michael Jordan UNC Warm Up Figure #75",542
2026-07-16T16:34:37.486Z,gid://shopify/Product/15108322722178,"gucci-60mm-slide-sandal-black-rubber","Gucci 60mm Slide Sandal Black Rubber",589
2026-07-16T16:34:37.486Z,gid://shopify/Product/15108325081474,"gucci-matelasse-gg-marmont-shoulder-bag-hibiscus-red-calfskin-leather-small","Gucci GG Marmont Small Matelasse Bag Hibiscus Red",509
2026-07-16T16:34:37.486Z,gid://shopify/Product/15108331700610,"jordan-1-retro-bred-2016","Jordan 1 Retro High Bred Banned (2016)",725
2026-07-16T16:34:37.486Z,gid://shopify/Product/15108341825922,"jordan-10-retro-charlotte-2016","Jordan 10 Retro Charlotte (2016)",683
2026-07-16T16:34:37.486Z,gid://shopify/Product/15108344480130,"jordan-10-retro-drake-ovo-black","Jordan 10 Retro Drake OVO Black",652
2026-07-16T16:34:37.486Z,gid://shopify/Product/15108346839426,"jordan-10-retro-paris","Jordan 10 Retro Paris",610
2026-07-16T16:34:37.486Z,gid://shopify/Product/15108349133186,"jordan-10-retro-venom-green","Jordan 10 Retro Venom Green",748
2026-07-16T16:34:37.486Z,gid://shopify/Product/15108351394178,"jordan-11-retro-legend-blue-2014","Jordan 11 Retro Legend Blue (2014)",731
2026-07-16T16:34:37.486Z,gid://shopify/Product/15108352770434,"jordan-11-retro-low-georgetown","Jordan 11 Retro Low Georgetown",722
2026-07-16T16:34:37.486Z,gid://shopify/Product/15108354539906,"jordan-11-retro-space-jams-2009","Jordan 11 Retro Space Jam (2009)",734
2026-07-16T16:34:37.486Z,gid://shopify/Product/15108355981698,"jordan-1pt5-retro-bred","Jordan 1.5 Retro Bred",693
2026-07-16T16:34:37.486Z,gid://shopify/Product/15108358439298,"jordan-4-retro-11lab4-red","Jordan 4 Retro 11Lab4 Red",656
2026-07-16T16:34:37.487Z,gid://shopify/Product/15108360470914,"jordan-4-retro-columbia-2015-gs","Jordan 4 Retro Columbia (2015) (GS)",711
2026-07-16T16:34:37.487Z,gid://shopify/Product/15108362207618,"jordan-4-retro-fire-red-2012","Jordan 4 Retro Fire Red (2012)",657
2026-07-16T16:34:37.487Z,gid://shopify/Product/15108364173698,"jordan-4-retro-military-blue-2012","Jordan 4 Retro Military Blue (2012)",673
2026-07-16T16:34:37.487Z,gid://shopify/Product/15108366762370,"jordan-4-retro-teal","Jordan 4 Retro Teal",676
2026-07-16T16:34:37.487Z,gid://shopify/Product/15108368138626,"jordan-4-retro-white-cement-2016","Jordan 4 Retro White Cement (2016)",691
2026-07-16T16:37:18.207Z,gid://shopify/Product/15108369514882,"jordan-5-retro-bel-air","Jordan 5 Retro Bel-Air",1154
2026-07-16T16:37:18.212Z,gid://shopify/Product/15108371153282,"jordan-5-retro-bronze","Jordan 5 Retro Bronze",1234
2026-07-16T16:37:18.212Z,gid://shopify/Product/15108372988290,"jordan-5-retro-fire-red-black-tongue-2013","Jordan 5 Retro Fire Red Black Tongue (2013)",857
2026-07-16T16:37:18.212Z,gid://shopify/Product/15108374888834,"jordan-5-retro-low-alternate-90","Jordan 5 Retro Low Alternate 90",1053
2026-07-16T16:37:18.212Z,gid://shopify/Product/15108376199554,"jordan-5-retro-metallic-white-2015","Jordan 5 Retro Metallic White (2015)",1098
2026-07-16T16:37:18.212Z,gid://shopify/Product/15108378886530,"jordan-5-retro-supreme-black","Jordan 5 Retro Supreme Black",1101
2026-07-16T16:37:18.213Z,gid://shopify/Product/15108381966722,"jordan-6-retro-carmine-2014","Jordan 6 Retro Carmine (2014)",906
2026-07-16T16:37:18.213Z,gid://shopify/Product/15108386128258,"jordan-6-retro-history-of-jordan-spiz-ike","Jordan 6 Retro History of Jordan (Spiz'ike)",1320
2026-07-16T16:37:18.213Z,gid://shopify/Product/15108388651394,"jordan-6-retro-infrared-white-2014-gs","Jordan 6 Retro Infrared White (2014) (GS)",1240
2026-07-16T16:37:18.213Z,gid://shopify/Product/15108391829890,"jordan-6-retro-motorsport","Jordan 6 Retro Motorsport",1381
2026-07-16T16:37:18.213Z,gid://shopify/Product/15108395467138,"jordan-8-retro-aqua-2015","Jordan 8 Retro Aqua (2015)",967
2026-07-16T16:37:18.213Z,gid://shopify/Product/15109140283778,"jordan-monogram-duffle-bag-40l-coconut-milk","Jordan Monogram Duffle Bag (40L) Coconut Milk",1237
2026-07-16T16:37:18.213Z,gid://shopify/Product/15109144314242,"jordan-x-dj-khaled-pants-crimson-bliss","Jordan x DJ Khaled Pants Crimson Bliss",1169
2026-07-16T16:37:18.213Z,gid://shopify/Product/15109149524354,"juice-wrld-x-vlone-999-tee-blue","Juice Wrld x Vlone 999 Tee Blue",788
2026-07-16T16:37:18.213Z,gid://shopify/Product/15109154013570,"kaws-x-uniqlo-longsleeve-sweatshirt-set-off-white-black","KAWS x Uniqlo Longsleeve Sweatshirt (Set of 2) Off White/Black",1320
2026-07-16T16:37:18.213Z,gid://shopify/Product/15109154996610,"kaws-x-warhol-ut-graphic-476351-t-shirt-black","KAWS x Uniqlo Warhol UT Graphic 476351 T-shirt Black",892
2026-07-16T16:37:18.214Z,gid://shopify/Product/15109159551362,"kith-quinn-tee-influence","Kith Quinn Tee Influence",722
2026-07-16T16:37:18.214Z,gid://shopify/Product/15109162238338,"kith-taylormade-qi10-90-loft-stiff-driver-black","Kith TaylorMade Qi10 9.0 Loft Stiff Driver Black",1951
2026-07-16T16:37:18.214Z,gid://shopify/Product/15109171249538,"kobe-10-elite-chester","Nike Kobe 10 Elite Chester",1161
2026-07-16T16:37:18.214Z,gid://shopify/Product/15109173772674,"kobe-10-elite-low-drill-sergeant","Nike Kobe 10 Elite Low Drill Sergeant",1246
2026-07-16T16:37:18.214Z,gid://shopify/Product/15109180064130,"lebron-x-cutting-jade","Nike LeBron X Cutting Jade",1332
2026-07-16T16:37:18.214Z,gid://shopify/Product/15109185667458,"lego-batman-the-joker-manor-set-70922","LEGO Batman The Joker Manor Set 70922",1209
2026-07-16T16:37:18.214Z,gid://shopify/Product/15109188583810,"lego-disney-train-and-station-set-71044","LEGO Disney Train and Station Set 71044",912
2026-07-16T16:37:18.214Z,gid://shopify/Product/15109189632386,"lego-harry-potter-hogwarts-great-hall-set-75954","LEGO Harry Potter Hogwarts Great Hall Set 75954",879
2026-07-16T16:37:18.214Z,gid://shopify/Product/15109190484354,"lego-ideas-winnie-the-pooh-set-21326","LEGO Ideas Winnie the Pooh Set 21326",660
2026-07-16T16:37:18.214Z,gid://shopify/Product/15109191303554,"lego-speed-champions-mercedes-amg-f1-w12-e-performance-mercedes-amg-project-one-set-76909","LEGO Speed Champions Mercedes-AMG F1 W12 E Performance & Mercedes-AMG Project One Set 76909",669
2026-07-16T16:37:18.214Z,gid://shopify/Product/15109191958914,"lego-star-wars-the-clone-wars-clone-troopers-battle-pack-set-7655","LEGO Star Wars The Clone Wars Clone Troopers Battle Pack Set 7655",760
2026-07-16T16:37:18.214Z,gid://shopify/Product/15109192810882,"li-ning-way-of-wade-all-city-12-encore-cherry-blossom","Li-Ning Way of Wade All City 12 Encore Cherry Blossom",1106
2026-07-16T16:37:18.215Z,gid://shopify/Product/15109193892226,"louis-vuitton-x-takashi-murakami-monogram-cherry-blossom-bandeau-bb-sakura-brown","Louis Vuitton x Takashi Murakami Monogram Cherry Blossom Bandeau BB Sakura Brown",1070
2026-07-16T16:37:18.215Z,gid://shopify/Product/15109194416514,"maison-mihara-yasuhiro-hank-vintage-sole-canvas-low-black","Maison Mihara Yasuhiro Hank Vintage Sole Canvas Low Black",1401
2026-07-16T16:37:18.215Z,gid://shopify/Product/15109195137410,"mattel-uno-show-em-no-mercy-card-game","Mattel UNO Show ‘em No Mercy Card Game",1028
2026-07-16T16:37:18.215Z,gid://shopify/Product/15109196022146,"microsoft-xbox-series-x-s-one-forza-horizon-5-limited-edition-qau-00054","Microsoft Xbox Series X/S/One Forza Horizon 5 Limited Edition Wireless Controller (US) QAU-00054",820
2026-07-16T16:37:18.215Z,gid://shopify/Product/15109196513666,"mihara-yasuhiro-hank-og-sole-canvas-low-white","Maison Mihara Yasuhiro Hank OG Sole Canvas Low White",1208
2026-07-16T16:37:18.215Z,gid://shopify/Product/15109198053762,"new-balance-1000-dark-ice-wine","New Balance 1000 Dark Ice Wine",1485
2026-07-16T16:37:18.215Z,gid://shopify/Product/15109198741890,"new-balance-1000-pearl-grey-black","New Balance 1000 Pearl Grey Black",1251
2026-07-16T16:37:18.215Z,gid://shopify/Product/15109200118146,"new-balance-1906a-blue-slate-grey","New Balance 1906A Deep Blue",1062
2026-07-16T16:37:18.215Z,gid://shopify/Product/15109200740738,"new-balance-1906d-protection-pack-black","New Balance 1906D Protection Pack Black",914
2026-07-16T16:37:18.215Z,gid://shopify/Product/15109201592706,"new-balance-1906d-protection-pack-white","New Balance 1906D Protection Pack White",1161
2026-07-16T16:37:18.215Z,gid://shopify/Product/15109202280834,"new-balance-1906r-action-bronson-medusa-azul","New Balance 1906R Action Bronson Medusa Azul",1371
2026-07-16T16:37:18.215Z,gid://shopify/Product/15109202968962,"new-balance-1906r-black-phantom","New Balance 1906R Black Phantom",1446
2026-07-16T16:39:20.748Z,gid://shopify/Product/15109203329410,"new-balance-1906r-green","New Balance 1906R Nightwatch Green",1040
2026-07-16T16:39:20.752Z,gid://shopify/Product/15109203853698,"new-balance-1906r-metallic-teal-new-spruce","New Balance 1906R Metallic Teal New Spruce",1113
2026-07-16T16:39:20.752Z,gid://shopify/Product/15109204967810,"new-balance-1906r-the-basement-black-silver","New Balance 1906R The Basement Night Chrome",1020
2026-07-16T16:39:20.753Z,gid://shopify/Product/15109205623170,"new-balance-1906u-triple-black","New Balance 1906U Triple Black",1042
2026-07-16T16:39:20.753Z,gid://shopify/Product/15109206475138,"new-balance-2002r-driftwood-sandstone","New Balance 2002R Driftwood Sandstone",1052
2026-07-16T16:39:20.753Z,gid://shopify/Product/15109206999426,"new-balance-2002r-light-grey","New Balance 2002R Light Grey",925
2026-07-16T16:39:20.753Z,gid://shopify/Product/15109207884162,"new-balance-2002r-navy-castlerock","New Balance 2002R Navy Castlerock",1111
2026-07-16T16:39:20.753Z,gid://shopify/Product/15109209096578,"new-balance-2002r-pink-sand-gs","New Balance 2002R Pink Sand (GS)",1134
2026-07-16T16:39:20.753Z,gid://shopify/Product/15109209391490,"new-balance-2002r-protection-pack-grey","New Balance 2002R Protection Pack Grey",1048
2026-07-16T16:39:20.753Z,gid://shopify/Product/15109210014082,"new-balance-2002r-salehe-bembury-water-be-the-guide","New Balance 2002R Salehe Bembury Water Be The Guide",883
2026-07-16T16:39:20.753Z,gid://shopify/Product/15109210702210,"new-balance-327-black","New Balance 327 Black",1053
2026-07-16T16:39:20.753Z,gid://shopify/Product/15109211062658,"new-balance-327-dark-earth-mushroom","New Balance 327 Dark Earth Mushroom",1136
2026-07-16T16:39:20.753Z,gid://shopify/Product/15109211685250,"new-balance-327-sea-salt-black","New Balance 327 Sea Salt Black",978
2026-07-16T16:39:20.754Z,gid://shopify/Product/15109212438914,"new-balance-452-white-black-w","New Balance 452 White Black (Women's)",939
2026-07-16T16:39:20.754Z,gid://shopify/Product/15109214863746,"new-balance-530-grey-matter-harbor-grey","New Balance 530 Grey Matter Harbor Grey",1172
2026-07-16T16:39:20.754Z,gid://shopify/Product/15109217911170,"new-balance-530-pink-sugar-gs","New Balance 530 Pink Sugar (GS)",1178
2026-07-16T16:39:20.754Z,gid://shopify/Product/15109227643266,"new-balance-530-silver-cream","New Balance 530 Silver Cream",936
2026-07-16T16:39:20.754Z,gid://shopify/Product/15109229150594,"new-balance-530-white-blue-oasis","New Balance 530 White Blue Oasis",1233
2026-07-16T16:39:20.754Z,gid://shopify/Product/15109231182210,"new-balance-530-white-silver-metallic","New Balance 530 White Silver Metallic",1083
2026-07-16T16:39:20.754Z,gid://shopify/Product/15109234426242,"new-balance-550-rattan-sea-salt","New Balance 550 Rattan Sea Salt",936
2026-07-16T16:39:20.754Z,gid://shopify/Product/15109236720002,"new-balance-550-syracuse","New Balance 550 Syracuse",824
2026-07-16T16:39:20.754Z,gid://shopify/Product/15109238456706,"new-balance-550-unc-white-university-blue","New Balance 550 UNC White University Blue",833
2026-07-16T16:39:20.754Z,gid://shopify/Product/15109240816002,"new-balance-550-white-blue","New Balance 550 White Blue",866
2026-07-16T16:39:20.755Z,gid://shopify/Product/15109243371906,"new-balance-550-white-red","New Balance 550 White Red",874
2026-07-16T16:39:20.755Z,gid://shopify/Product/15109244256642,"new-balance-574-black-white-2022","New Balance 574 Black White",1109
2026-07-16T16:39:20.755Z,gid://shopify/Product/15109244748162,"new-balance-574-nimbus-cloud-2022","New Balance 574 Nimbus Cloud",902
2026-07-16T16:39:20.755Z,gid://shopify/Product/15109245436290,"new-balance-725-light-grey","New Balance 725 Light Grey",983
2026-07-16T16:39:20.755Z,gid://shopify/Product/15109245862274,"new-balance-740v2-concord-grape-sun-glow","New Balance 740v2 Concord Grape Sun Glow",1127
2026-07-16T16:39:20.755Z,gid://shopify/Product/15109246747010,"new-balance-860v2-black-white-silver","New Balance 860v2 Black White Silver",1123
2026-07-16T16:39:20.755Z,gid://shopify/Product/15109248450946,"new-balance-9060-blacktop-dark-moss","New Balance 9060 Blacktop Dark Moss",1274
2026-07-16T16:39:20.755Z,gid://shopify/Product/15109248876930,"new-balance-9060-brown-black","New Balance 9060 Brown Black",1003
2026-07-16T16:39:20.755Z,gid://shopify/Product/15109250089346,"new-balance-9060-eclipse","New Balance 9060 Eclipse",1190
2026-07-16T16:39:20.755Z,gid://shopify/Product/15109251006850,"new-balance-9060-grey-jet-black","New Balance 9060 Grey Jet Black",962
2026-07-16T16:39:20.755Z,gid://shopify/Product/15109251596674,"new-balance-9060-linen-dark-juniper","New Balance 9060 Linen Dark Juniper",1092
2026-07-16T16:39:20.755Z,gid://shopify/Product/15109252317570,"new-balance-9060-navy-white","New Balance 9060 Navy White",952
2026-07-16T16:39:20.755Z,gid://shopify/Product/15109253235074,"new-balance-9060-purple-red-blue","New Balance 9060 Neon Nights",1013
2026-07-16T16:39:20.755Z,gid://shopify/Product/15109254119810,"new-balance-9060-sea-salt-bone","New Balance 9060 Sea Salt Bone",1027
2026-07-16T16:39:20.755Z,gid://shopify/Product/15109256151426,"new-balance-9060-sun-glow-team-sky-blue","New Balance 9060 Sun Glow Team Sky Blue",1214
2026-07-16T16:39:20.755Z,gid://shopify/Product/15109256970626,"new-balance-9060-vintage-indigo-heron-blue","New Balance 9060 Vintage Indigo Heron Blue",1186
2026-07-16T16:39:20.755Z,gid://shopify/Product/15109257625986,"new-balance-990v2-made-in-usa-grey","New Balance 990v2 MiUSA Grey",1027
2026-07-16T16:41:16.244Z,gid://shopify/Product/15109258740098,"new-balance-990v3-jjjjound-olive","New Balance 990v3 MiUSA JJJJound Olive",1066
2026-07-16T16:41:16.248Z,gid://shopify/Product/15109259198850,"new-balance-990v4-miusa-joe-freshgoods-intro","New Balance 990v4 MiUSA Joe Freshgoods 1998 Intro",1475
2026-07-16T16:41:16.248Z,gid://shopify/Product/15109260214658,"new-balance-990v6-action-bronson-lapis-lazuli","New Balance 990v6 MiUSA Action Bronson Lapis Lazuli",1139
2026-07-16T16:41:16.248Z,gid://shopify/Product/15109261427074,"new-balance-990v6-miusa-grey-w","New Balance 990v6 MiUSA Grey (Women's)",1126
2026-07-16T16:41:16.248Z,gid://shopify/Product/15109262246274,"new-balance-990v6-miusa-purple","New Balance 990v6 MiUSA Purple",1980
2026-07-16T16:41:16.248Z,gid://shopify/Product/15109262737794,"new-balance-990v6-miusa-workwear-grey","New Balance 990v6 MiUSA Workwear Grey",1382
2026-07-16T16:41:16.248Z,gid://shopify/Product/15109263294850,"new-balance-991v2-miuk-kith-osaka-pack","New Balance 991v2 MiUK Kith Osaka Pack",1355
2026-07-16T16:41:16.248Z,gid://shopify/Product/15109263720834,"new-balance-992-made-in-usa-blue-silver-metallic","New Balance 992 MiUSA Blue Silver Metallic",1082
2026-07-16T16:41:16.248Z,gid://shopify/Product/15109264277890,"new-balance-993-joe-freshgoods-performance-art-sage","New Balance 993 Joe Freshgoods Performance Art Sage",1088
2026-07-16T16:41:16.248Z,gid://shopify/Product/15109264933250,"new-balance-997s-bodega-better-days","New Balance 997S Bodega Better Days",1061
2026-07-16T16:41:16.248Z,gid://shopify/Product/15109265523074,"new-balance-998-ronnie-fieg-frank-lloyd-wright-foundation-broadacre-city-chutney","New Balance 998 Ronnie Fieg & Frank Lloyd Wright Foundation Broadacre City Chutney",1222
2026-07-16T16:41:16.248Z,gid://shopify/Product/15109267620226,"new-balance-numeric-480-kith-madison-square-garden-tan-orange","New Balance Numeric 480 Kith Madison Square Garden Tan Orange",1264
2026-07-16T16:41:16.248Z,gid://shopify/Product/15109269422466,"new-era-x-takashi-murakami-x-mlb-world-tour-tokyo-series-2025-new-era-9fifty-dodgers-snapback-hat-black","New Era x Takashi Murakami x MLB World Tour Tokyo Series 2025 New Era 9Fifty Dodgers Snapback Hat Black",1081
2026-07-16T16:41:16.248Z,gid://shopify/Product/15109271519618,"nike-air-foamposite-one-copper-2024","Nike Air Foamposite One Copper (2024)",1234
2026-07-16T16:41:16.249Z,gid://shopify/Product/15109272928642,"nike-air-force-1-07-essential-beige-w","Nike Air Force 1 Low '07 Essential White Beige (Women's)",1160
2026-07-16T16:41:16.249Z,gid://shopify/Product/15109273616770,"nike-air-force-1-low-07-chinese-new-year-2024","Nike Air Force 1 Low '07 Year of the Dragon (2024)",1403
2026-07-16T16:41:16.249Z,gid://shopify/Product/15109274042754,"nike-air-force-1-low-07-retro-color-of-the-month-white-forest-green","Nike Air Force 1 Low Retro QS Color of the Month White Forest Green",1465
2026-07-16T16:41:16.249Z,gid://shopify/Product/15109275419010,"nike-air-force-1-low-billie-eilish-mushroom","Nike Air Force 1 Low SP Billie Eilish Mushroom",1248
2026-07-16T16:41:16.249Z,gid://shopify/Product/15109277680002,"nike-air-force-1-low-le-triple-white-td","Nike Air Force 1 Low LE Triple White (TD)",1194
2026-07-16T16:41:16.249Z,gid://shopify/Product/15109279744386,"nike-air-force-1-low-off-white-university-gold-metallic-silver","Nike Air Force 1 Low Off-White ICA University Gold",1374
2026-07-16T16:41:16.249Z,gid://shopify/Product/15109281022338,"nike-air-force-1-low-retro-all-star-2025","Nike Air Force 1 Low Retro All-Star (2025)",1348
2026-07-16T16:41:16.249Z,gid://shopify/Product/15109281907074,"nike-air-force-1-low-sp-a-ma-maniere-while-you-were-sleeping","Nike Air Force 1 Low SP A Ma Maniére While You Were Sleeping (Women's)",1282
2026-07-16T16:41:16.249Z,gid://shopify/Product/15110483214722,"nike-air-force-1-low-travis-scott-cactus-jack-ps","Nike Air Force 1 Low Travis Scott Cactus Jack (PS)",1046
2026-07-16T16:41:16.249Z,gid://shopify/Product/15110488162690,"nike-air-force-1-low-year-of-the-snake-womens","Nike Air Force 1 Low Year of the Snake (Women's)",1501
2026-07-16T16:41:16.249Z,gid://shopify/Product/15110490849666,"nike-air-force-1-mid-off-white-sheed","Nike Air Force 1 Mid SP Off-White Sheed",1394
2026-07-16T16:41:16.249Z,gid://shopify/Product/15110492488066,"nike-air-force-1-mid-qs-venice","Nike Air Force 1 Mid QS Venice",939
2026-07-16T16:41:16.249Z,gid://shopify/Product/15110494814594,"nike-air-humara-qs-black-metallic-silver","Nike Air Humara QS Black Metallic Silver",1496
2026-07-16T16:41:16.249Z,gid://shopify/Product/15110498124162,"nike-air-max-1-87-pure-platinum-womens","Nike Air Max 1 '87 Pure Platinum (Women's)",1360
2026-07-16T16:41:16.250Z,gid://shopify/Product/15110504219010,"nike-air-max-1-essential-off-noir-vast-grey","Nike Air Max 1 Essential Off Noir Vast Grey",1282
2026-07-16T16:41:16.250Z,gid://shopify/Product/15110506152322,"nike-air-max-1-essential-white-pure-platinum-black","Nike Air Max 1 Essential White Pure Platinum Black",1236
2026-07-16T16:41:16.250Z,gid://shopify/Product/15110522601858,"nike-air-max-180-qs-joker","Nike Air Max 180 QS Joker",1403
2026-07-16T16:41:16.250Z,gid://shopify/Product/15110530761090,"nike-air-max-90-next-nature-white-black-w","Nike Air Max 90 Next Nature White Black (Women's)",1565
2026-07-16T16:41:16.250Z,gid://shopify/Product/15110533546370,"nike-air-max-90-premium-carbon-fiber-infrared","Nike Air Max 90 Premium Carbon Fiber Infrared",1481
2026-07-16T16:41:16.250Z,gid://shopify/Product/15110542459266,"nike-air-max-95-a-ma-maniere-hand-wash-cold","Nike Air Max 95 A Ma Maniére Hand Wash Cold",1371
2026-07-16T16:41:16.250Z,gid://shopify/Product/15110569492866,"nike-air-max-97-terrascape-off-noir","Nike Air Max 97 Terrascape Off Noir",1481
2026-07-16T16:41:16.250Z,gid://shopify/Product/15110585057666,"nike-air-max-dn8-black-bright-crimson","Nike Air Max Dn8 Black Bright Crimson",1373
2026-07-16T16:41:16.250Z,gid://shopify/Product/15110589546882,"nike-air-max-plus-3-triple-black","Nike Air Max Plus 3 Black Wolf Grey",909
2026-07-16T16:41:16.250Z,gid://shopify/Product/15110621233538,"nike-air-max-terrascape-plus-off-noir","Nike Air Max Terrascape Plus Off Noir",1289
2026-07-16T16:41:16.250Z,gid://shopify/Product/15110625264002,"nike-air-more-uptempo-industrial-blue","Nike Air More Uptempo Industrial Blue",1466
2026-07-16T16:41:16.250Z,gid://shopify/Product/15110627426690,"nike-air-more-uptempo-triple-white","Nike Air More Uptempo Triple White",1187
2026-07-16T16:43:30.211Z,gid://shopify/Product/15110628671874,"nike-air-presto-triple-black-shiny-toe","Nike Air Presto Triple Black Shiny Toe",845
2026-07-16T16:43:30.216Z,gid://shopify/Product/15110629556610,"nike-air-rubber-dunk-off-white-university-blue-ps","Nike Air Rubber Dunk Off-White University Blue (PS)",1248
2026-07-16T16:43:30.216Z,gid://shopify/Product/15110631784834,"nike-air-trainer-1-sp-travis-scott-grey-haze","Nike Air Trainer 1 SP Travis Scott Grey Haze",1061
2026-07-16T16:43:30.216Z,gid://shopify/Product/15110634373506,"nike-air-zoom-alphafly-next-2-hyper-pink-laser-orange","Nike Air Zoom Alphafly Next% 2 Hyper Pink Laser Orange",1305
2026-07-16T16:43:30.217Z,gid://shopify/Product/15110636011906,"nike-air-zoom-gt-cut-3-jewell-loyd-paint","Nike Air Zoom GT Cut 3 Jewell Loyd Paint",1211
2026-07-16T16:43:30.217Z,gid://shopify/Product/15110638403970,"nike-air-zoom-gt-hustle-3-victor-wembanyama-all-star","Nike Air Zoom GT Hustle 3 Black Label Victor Wembanyama All-Star",626
2026-07-16T16:43:30.217Z,gid://shopify/Product/15110643057026,"nike-air-zoom-pegasus-premium-white-volt","Nike Air Zoom Pegasus Premium White Volt",934
2026-07-16T16:43:30.217Z,gid://shopify/Product/15110645580162,"nike-air-zoom-spiridon-undefeated-phantom","Nike Air Zoom Spiridon Undefeated Phantom",1114
2026-07-16T16:43:30.217Z,gid://shopify/Product/15110647611778,"nike-air-zoom-victory-tour-4-the-masters-augusta-azaleas","Nike Air Zoom Victory Tour 4 The Masters Augusta Azaleas",1136
2026-07-16T16:43:30.217Z,gid://shopify/Product/15110649348482,"nike-blazer-mid-77-jumbo-white-black","Nike Blazer Mid 77 Jumbo White Black",1076
2026-07-16T16:43:30.217Z,gid://shopify/Product/15110650265986,"nike-blazer-mid-off-white-wolf-grey","Nike Blazer Mid Off-White Wolf Grey Serena Queen",829
2026-07-16T16:43:30.217Z,gid://shopify/Product/15110653247874,"nike-cortez-white-black","Nike Cortez White Black",906
2026-07-16T16:43:30.217Z,gid://shopify/Product/15110654820738,"nike-dunk-high-ambush-active-fuchsia","Nike Dunk High AMBUSH Active Fuchsia",1061
2026-07-16T16:43:30.217Z,gid://shopify/Product/15110659277186,"nike-dunk-low-disrupt-2-panda-w","Nike Dunk Low Disrupt 2 Panda (Women's)",1010
2026-07-16T16:43:30.217Z,gid://shopify/Product/15110661636482,"nike-dunk-low-jumbo-reverse-panda","Nike Dunk Low Jumbo Reverse Panda",1120
2026-07-16T16:43:30.217Z,gid://shopify/Product/15110663635330,"nike-dunk-low-lx-year-of-the-snake-womens","Nike Dunk Low LX Year Of the Snake (Women's)",1053
2026-07-16T16:43:30.217Z,gid://shopify/Product/15110666682754,"nike-dunk-low-off-white-lot-1","Nike Dunk Low Off-White Lot 1",876
2026-07-16T16:43:30.217Z,gid://shopify/Product/15110668583298,"nike-dunk-low-off-white-lot-18","Nike Dunk Low Off-White Lot 18",1046
2026-07-16T16:43:30.217Z,gid://shopify/Product/15110669828482,"nike-dunk-low-off-white-lot-25","Nike Dunk Low Off-White Lot 25",1077
2026-07-16T16:43:30.217Z,gid://shopify/Product/15110670451074,"nike-dunk-low-off-white-lot-34","Nike Dunk Low Off-White Lot 34",920
2026-07-16T16:43:30.217Z,gid://shopify/Product/15110671597954,"nike-dunk-low-off-white-lot-47","Nike Dunk Low Off-White Lot 47",1058
2026-07-16T16:43:30.217Z,gid://shopify/Product/15110673334658,"nike-dunk-low-off-white-lot-8","Nike Dunk Low Off-White Lot 8",1114
2026-07-16T16:43:30.217Z,gid://shopify/Product/15110674645378,"nike-dunk-low-pink-red-white-gs","Nike Dunk Low Pink Foam Red White (GS)",880
2026-07-16T16:43:30.217Z,gid://shopify/Product/15110678348162,"nike-dunk-low-quilted-wheat-w","Nike Dunk Low Quilted Wheat (Women's)",1071
2026-07-16T16:43:30.217Z,gid://shopify/Product/15110683722114,"nike-dunk-low-reverse-panda","Nike Dunk Low Reverse Panda",910
2026-07-16T16:43:30.218Z,gid://shopify/Product/15110689882498,"nike-dunk-low-sp-undefeated-black-dunk-vs-af1-pack","Nike Dunk Low SP Undefeated 5 On It Black",873
2026-07-16T16:43:30.218Z,gid://shopify/Product/15110696239490,"nike-dunk-low-white-grey-navy-aqua-mini-swoosh","Nike Dunk Low White Grey Navy Aqua Mini Swoosh",1029
2026-07-16T16:43:30.218Z,gid://shopify/Product/15110700138882,"nike-free-metcon-5-white-bright-crimson","Nike Free Metcon 5 White Bright Crimson",1258
2026-07-16T16:43:30.218Z,gid://shopify/Product/15110701220226,"nike-free-rn-2018-white","Nike Free RN 2018 White",920
2026-07-16T16:43:30.218Z,gid://shopify/Product/15110703710594,"nike-hoops-elite-basketball-backpack-32l-football-grey-black-black","Nike Hoops Elite Basketball Backpack (32L) Football Grey/Black/Black",1628
2026-07-16T16:43:30.218Z,gid://shopify/Product/15110705086850,"nike-j-force-1-low-lx-jacquemus-black-womens","Nike J Force 1 Low LX Jacquemus Black (Women's)",842
2026-07-16T16:43:30.218Z,gid://shopify/Product/15110706266498,"nike-ja-2-swarovski-scratch-black-label","Nike Ja 2 Swarovski Scratch Black Label",527
2026-07-16T16:43:30.218Z,gid://shopify/Product/15110708756866,"nike-kd-15-black-royal-tint","Nike KD 15 Refuge",807
2026-07-16T16:43:30.218Z,gid://shopify/Product/15110711574914,"nike-kd-4-easter-2025","Nike KD 4 Easter (2025)",1139
2026-07-16T16:43:30.218Z,gid://shopify/Product/15111463371138,"nike-kobe-5-protro-chaos","Nike Kobe 5 Protro Chaos",973
2026-07-16T16:43:30.218Z,gid://shopify/Product/15111464059266,"nike-kobe-5-protro-undefeated-what-if-multi","Nike Kobe 5 Protro Undefeated What If Multi",1150
2026-07-16T16:43:30.218Z,gid://shopify/Product/15111467008386,"nike-kobe-8-protro-what-the-2025","Nike Kobe 8 Protro What The (2025)",1154
2026-07-16T16:43:30.218Z,gid://shopify/Product/15111467958658,"nike-ld-waffle-sacai-undercover-team-royal","Nike LD Waffle sacai Undercover Night Maroon Team Royal",856
2026-07-16T16:43:30.218Z,gid://shopify/Product/15111468417410,"nike-lebron-21-queen-conch","Nike LeBron 21 Queen Conch",1093
2026-07-16T16:43:30.218Z,gid://shopify/Product/15111468843394,"nike-m2k-tekno-cool-white-w","Nike M2K Tekno Cool White (Women's)",1006
2026-07-16T16:46:02.739Z,gid://shopify/Product/15111469662594,"nike-mercurial-vapor-16-elite-fg-glacier-blue","Nike Mercurial Vapor 16 Elite FG Glacier Blue",894
2026-07-16T16:46:02.745Z,gid://shopify/Product/15111472939394,"nike-reactx-rejuven8-muslin-womens","Nike ReactX Rejuven8 Muslin (Women's)",1081
2026-07-16T16:46:02.745Z,gid://shopify/Product/15111477035394,"nike-sb-dunk-low-burnt-sunrise","Nike SB Dunk Low Burnt Sunrise",1191
2026-07-16T16:46:02.745Z,gid://shopify/Product/15111489159554,"nike-shox-tl-black-metallic-hematite","Nike Shox TL Black Metallic Hematite",886
2026-07-16T16:46:02.746Z,gid://shopify/Product/15111490273666,"nike-sportswear-tech-fleece-windrunner-full-zip-hoodie-dark-grey-heather-black-white","Nike Sportswear Tech Fleece Windrunner Full-Zip Hoodie Dark Grey Heather/Black/White",1063
2026-07-16T16:46:02.746Z,gid://shopify/Product/15111490634114,"nike-sportswear-tech-fleece-windrunner-full-zip-hoodie-light-university-red-heather-black","Nike Sportswear Tech Fleece Windrunner Full-Zip Hoodie Light University Red Heather/Black",1106
2026-07-16T16:46:02.746Z,gid://shopify/Product/15111491125634,"nike-terminator-low-university-blue","Nike Terminator Low University Blue",1218
2026-07-16T16:46:02.747Z,gid://shopify/Product/15111491617154,"nike-vaporwaffle-sacai-tan-navy","Nike Vaporwaffle sacai Sesame Blue Void",827
2026-07-16T16:46:02.747Z,gid://shopify/Product/15111492534658,"nike-wildhorse-8-light-silver-khaki-vintage-coral-velvet-brown","Nike Wildhorse 8 Light Silver Khaki Vintage Coral Velvet Brown",1158
2026-07-16T16:46:02.747Z,gid://shopify/Product/15111493157250,"nike-x-nocta-nrg-short-cobalt-bliss-white","Nike x NOCTA NRG Short Cobalt Bliss/White",1108
2026-07-16T16:46:02.748Z,gid://shopify/Product/15111493517698,"nike-x-off-white-engineered-hoodie-black","Nike x Off-White Engineered Hoodie Black",979
2026-07-16T16:46:02.748Z,gid://shopify/Product/15111494861186,"nike-zoom-fly-6-black-smoke-grey","Nike Zoom Fly 6 Black Smoke Grey",1020
2026-07-16T16:46:02.748Z,gid://shopify/Product/15111495123330,"nike-zoom-freak-4-barely-volt","Nike Zoom Freak 4 Greek Coastline",1214
2026-07-16T16:46:02.749Z,gid://shopify/Product/15111495582082,"nike-zoom-lebron-nxxt-gen-ampd-equity","Nike Zoom LeBron NXXT Gen AMPD Equity",1137
2026-07-16T16:46:02.749Z,gid://shopify/Product/15111496008066,"nike-zoom-terra-kiger-5-off-white-electric-green-w","Nike Zoom Terra Kiger 5 OFF-WHITE Electric Green (Women's)",828
2026-07-16T16:46:02.749Z,gid://shopify/Product/15111496335746,"nike-zoom-vomero-5-baroque-brown-womens","Nike Zoom Vomero 5 Baroque Brown (Women's)",1230
2026-07-16T16:46:02.749Z,gid://shopify/Product/15111496761730,"nike-zoom-vomero-5-black-summit-white-womens","Nike Zoom Vomero 5 Black Summit White (Women's)",1102
2026-07-16T16:46:02.749Z,gid://shopify/Product/15111497449858,"nike-zoom-vomero-5-cosmic-clay","Nike Zoom Vomero 5 Cosmic Clay",1394
2026-07-16T16:46:02.749Z,gid://shopify/Product/15111498957186,"nike-zoom-vomero-5-life-lime","Nike Zoom Vomero 5 Life Lime",1434
2026-07-16T16:46:02.749Z,gid://shopify/Product/15111501316482,"nike-zoom-vomero-5-neutral-olive","Nike Zoom Vomero 5 Neutral Olive",1195
2026-07-16T16:46:02.749Z,gid://shopify/Product/15111502365058,"nike-zoom-vomero-5-platinum-tint-metallic-gold","Nike Zoom Vomero 5 Platinum Tint Metallic Gold",1189
2026-07-16T16:46:02.750Z,gid://shopify/Product/15111503020418,"nike-zoom-vomero-5-royal-tint-w","Nike Zoom Vomero 5 Royal Tint Photon Dust (Women's)",1195
2026-07-16T16:46:02.750Z,gid://shopify/Product/15113567568258,"nike-zoom-vomero-5-usa","Nike Zoom Vomero 5 USA",1098
2026-07-16T16:46:02.750Z,gid://shopify/Product/15113569468802,"nike-zoom-vomero-roam-summit-white-light-bone-light-iron-ore","Nike Zoom Vomero Roam Summit White Light Bone Light Iron Ore",1278
2026-07-16T16:46:02.750Z,gid://shopify/Product/15113569993090,"nike-zoomx-vaporfly-3-fast-pack","Nike ZoomX Vaporfly 3 Fast Pack",985
2026-07-16T16:46:02.750Z,gid://shopify/Product/15113570288002,"nike-zoomx-vaporfly-next-4-ghost-persian-violet-football-grey-blue-void","Nike ZoomX Vaporfly Next% 4 Ghost Persian Violet Football Grey Blue Void",1346
2026-07-16T16:46:02.750Z,gid://shopify/Product/15113571205506,"off-white-arthur-square-frame-sunglasses-black-white-ss22-oeri016c99pla0011007","OFF-WHITE Arthur Square Frame Sunglasses Black/White SS22 (OERI016C99PLA0011007)",1061
2026-07-16T16:46:02.750Z,gid://shopify/Product/15113572450690,"off-white-hand-arrow-boxy-hoodie-black-white","OFF-WHITE Hand Arrow Boxy Hoodie Black/White",1035
2026-07-16T16:46:02.750Z,gid://shopify/Product/15113573859714,"off-white-marfa-rectangular-frame-sunglasses-black-dark-grey-white-oeri010y21pla0011007","OFF-WHITE Marfa Rectangular Frame Sunglasses Black/Dark Grey/White (OERI010Y21PLA0011007)",1213
2026-07-16T16:46:02.750Z,gid://shopify/Product/15113574318466,"off-white-ooo-low-tops-for-walking-white-black-ss21","OFF-WHITE Out Of Office OOO Low Tops For Walking White Black",1246
2026-07-16T16:46:02.750Z,gid://shopify/Product/15113575825794,"off-white-out-of-office-ooo-low-tops-dark-blue-white","OFF-WHITE Out Of Office ""OOO"" Low Tops Dark Blue White",1340
2026-07-16T16:46:02.751Z,gid://shopify/Product/15113577791874,"off-white-oversized-fit-hand-t-shirt-white-beige","OFF-WHITE Slim Fit Tape Arrows T-Shirt White/Beige",1232
2026-07-16T16:46:02.751Z,gid://shopify/Product/15113578742146,"off-white-virgil-square-frame-sunglasses-brown-turtleshell-havana-green","OFF-WHITE Virgil Square Frame Sunglasses Brown Turtleshell/Havana Green",1249
2026-07-16T16:46:02.751Z,gid://shopify/Product/15113579331970,"off-white-vulc-low-canvas-white-light-pink-grey","OFF-WHITE Vulc Low Canvas White Light Pink Grey",1328
2026-07-16T16:46:02.751Z,gid://shopify/Product/15113580380546,"off-white-x-jordan-t-shirt-sail","OFF-WHITE x Jordan T-shirt Sail",744
2026-07-16T16:46:02.751Z,gid://shopify/Product/15113581298050,"off-white-x-nike-006-fleece-hoodie-beige","OFF-WHITE x Nike 006 Fleece Hoodie Beige",1126
2026-07-16T16:46:02.751Z,gid://shopify/Product/15113582969218,"off-white-x-puma-ac-milan-jersey-red","OFF-WHITE x Puma AC Milan Replica Jersey Red",1040
2026-07-16T16:46:02.751Z,gid://shopify/Product/15113589457282,"palace-x-mcdonalds-logo-hood-black","Palace x McDonald's Logo Hood Black",966
2026-07-16T16:46:02.751Z,gid://shopify/Product/15113594634626,"polo-ralph-lauren-double-knit-zip-up-hoodie-light-sport-heather-navy","Polo Ralph Lauren Double Knit Zip-Up Hoodie Light Sport Heather/Navy",1325
2026-07-16T16:46:02.752Z,gid://shopify/Product/15113596109186,"pop-mart-labubu-the-monsters-catch-me-if-you-like-me-figure","Pop Mart Labubu The Monsters Catch Me If You Like Me Figure",1022
2026-07-16T16:47:49.562Z,gid://shopify/Product/15113597026690,"pop-mart-labubu-the-monsters-have-a-seat-sisi-vinyl-plush","Pop Mart Labubu The Monsters Have a Seat SISI Vinyl Plush",520
2026-07-16T16:47:49.564Z,gid://shopify/Product/15113597747586,"pop-mart-labubu-the-monsters-tasty-macarons-green-grape-vinyl-plush-pendant","Pop Mart Labubu The Monsters Exciting Macaron Green Grape Vinyl Plush Pendant",896
2026-07-16T16:47:49.564Z,gid://shopify/Product/15113598534018,"pop-mart-mega-crybaby-the-queen-of-broken-heart-regular-version-400","Pop Mart Mega CryBaby The Queen of Broken Heart (Regular Version) 4",973
2026-07-16T16:47:49.564Z,gid://shopify/Product/15113601778050,"puma-bow-slide-rihanna-fenty-pink-w","Puma Bow Slide Rihanna Fenty Pink (Women's)",944
2026-07-16T16:47:49.564Z,gid://shopify/Product/15113609019778,"puma-future-rider-super-mario-64","Puma Future Rider Super Mario 64",1046
2026-07-16T16:47:49.564Z,gid://shopify/Product/15113610658178,"puma-lamelo-ball-lafrance-amour-red","Puma LaMelo Ball LaFrancé Amour Red",1091
2026-07-16T16:47:49.564Z,gid://shopify/Product/15113611870594,"puma-lamelo-ball-mb01-golden-child","Puma LaMelo Ball MB.01 Golden Child",1087
2026-07-16T16:47:49.565Z,gid://shopify/Product/15113612919170,"puma-lamelo-ball-mb01-white-red","Puma LaMelo Ball MB.01 Lo Team Colors White High Risk Red",919
2026-07-16T16:47:49.565Z,gid://shopify/Product/15113613934978,"puma-lamelo-ball-mb02-nickelodeon-slime-gs","Puma LaMelo Ball MB.02 Nickelodeon Slime (GS)",932
2026-07-16T16:47:49.565Z,gid://shopify/Product/15113614688642,"puma-lamelo-ball-mb02-rookie-of-the-year","Puma LaMelo Ball MB.02 Rookie Of The Year",975
2026-07-16T16:47:49.565Z,gid://shopify/Product/15113615344002,"puma-lamelo-ball-mb03-blue-hive","Puma LaMelo Ball MB.03 Blue Hive",1233
2026-07-16T16:47:49.565Z,gid://shopify/Product/15113616753026,"puma-lamelo-ball-mb03-lafrance-foreverrare","Puma LaMelo Ball MB.03 LaFrancé FOREVER.RARE",1117
2026-07-16T16:47:49.565Z,gid://shopify/Product/15113618424194,"puma-lamelo-ball-mb04-iridescent","Puma LaMelo Ball MB.04 Iridescent",1011
2026-07-16T16:47:49.565Z,gid://shopify/Product/15113620193666,"puma-mb01-lamelo-ball-galaxy","Puma LaMelo Ball MB.01 Galaxy",705
2026-07-16T16:47:49.565Z,gid://shopify/Product/15113620488578,"puma-mb01-lamelo-ball-red-blast-gs","Puma LaMelo Ball MB.01 Not From Here Red Blast (GS)",759
2026-07-16T16:47:49.565Z,gid://shopify/Product/15113625829762,"puma-rs-dreamer-j-cole-blood-sweat-and-tears","Puma RS-Dreamer J. Cole Blood, Sweat and Tears",1275
2026-07-16T16:47:49.565Z,gid://shopify/Product/15113626354050,"puma-rs-harddrive-grey-yellow-red","Puma RS-X Harddrive Grey Yellow Red",987
2026-07-16T16:47:49.565Z,gid://shopify/Product/15113628352898,"puma-speedcat-archive-haute-coffee-frosted-ivory","Puma Speedcat Archive Haute Coffee Frosted Ivory (Frosted Ivory Tongue Logo)",1098
2026-07-16T16:47:49.565Z,gid://shopify/Product/15113632940418,"puma-suede-classic-xxi-black-white","Puma Suede Classic XXI Black White",999
2026-07-16T16:47:49.565Z,gid://shopify/Product/15113638773122,"puma-suede-rhuigi-villasenor","Puma Suede Rhuigi Villasenor",936
2026-07-16T16:47:49.565Z,gid://shopify/Product/15113651650946,"puma-x-pleasures-ac-milan-2023-24-light-version-jersey-multicolor","Puma x Pleasures AC Milan 2023/24 Light Version Jersey Multicolor",961
2026-07-16T16:47:49.565Z,gid://shopify/Product/15113654403458,"reebok-answer-iv-og-20th-anniversary","Reebok Answer IV OG 20th Anniversary",1084
2026-07-16T16:47:49.565Z,gid://shopify/Product/15113655681410,"reebok-question-low-green-toe","Reebok Question Low Green Toe",967
2026-07-16T16:47:49.565Z,gid://shopify/Product/15113656598914,"reebok-question-mid-black-gold","Reebok Question Mid Black Gold",1062
2026-07-16T16:47:49.565Z,gid://shopify/Product/15113657287042,"reebok-question-mid-hot-ones","Reebok Question Mid Hot Ones",1045
2026-07-16T16:47:49.565Z,gid://shopify/Product/15113658139010,"reebok-question-mid-power-rangers-megazord","Reebok Question Mid Power Rangers Megazord",1188
2026-07-16T16:47:49.565Z,gid://shopify/Product/15113659416962,"reebok-the-answer-dmx-black-white-gold-2022","Reebok The Answer DMX Black White Gold (2022)",1294
2026-07-16T16:47:49.565Z,gid://shopify/Product/15113660793218,"salomon-s-lab-xt-6-adv-triple-black","Salomon S/Lab XT-6 Adv Triple Black",885
2026-07-16T16:47:49.565Z,gid://shopify/Product/15113663250818,"seiko-5-srpd55-black","Seiko 5 SRPD55",876
2026-07-16T16:47:49.565Z,gid://shopify/Product/15114982785410,"sony-playstation-5-ps5-pro-console-us-plug","Sony PlayStation 5 PS5 Pro Console (US Plug)",1035
2026-07-16T16:47:49.565Z,gid://shopify/Product/15114983342466,"sp5der-pnk-v2-hoodie-pink","Sp5der P*NK V2 Hoodie Pink",932
2026-07-16T16:47:49.565Z,gid://shopify/Product/15114984128898,"stanley-flamingo-quencher-40oz-tumbler-pink","Stanley Flamingo Quencher 40oz Tumbler Pink",1068
2026-07-16T16:47:49.565Z,gid://shopify/Product/15114984882562,"stanley-flowstate-quencher-40oz-target-exclusive-tumbler-cosmo-pink","Stanley Flowstate Quencher 40oz (Target Valentine's Day Exclusive) Tumbler Cosmo Pink",736
2026-07-16T16:47:49.565Z,gid://shopify/Product/15114985472386,"stanley-flowstate-quencher-40oz-tumbler-copper-tinsel","Stanley Flowstate Quencher 40oz Tumbler Copper Tinsel",1004
2026-07-16T16:47:49.565Z,gid://shopify/Product/15114986389890,"stanley-hammertone-quencher-40oz-tumbler-green","Stanley Hammertone Quencher 40oz Tumbler Green",917
2026-07-16T16:47:49.565Z,gid://shopify/Product/15114987602306,"stanley-the-chroma-collection-flowstate-quencher-30oz-tumbler-black-chroma","Stanley The Black Chroma Collection Flowstate Quencher 30oz Tumbler Black Chroma",930
2026-07-16T16:47:49.565Z,gid://shopify/Product/15114988388738,"stanley-the-clean-slate-flowstate-quencher-40oz-tumbler-mint","Stanley The Clean Slate Flowstate Quencher 40oz Tumbler Mint",1030
2026-07-16T16:47:49.565Z,gid://shopify/Product/15114989109634,"stanley-the-neon-collection-flowstate-quencher-40oz-tumbler-electric-pink","Stanley The Neon Collection Flowstate Quencher 40oz Tumbler Electric Pink",1095
2026-07-16T16:47:49.565Z,gid://shopify/Product/15114989470082,"stanley-tulle-quencher-40oz-tumbler-pink-multicolor","Stanley Tulle Quencher 40oz Tumbler Pink Multicolor",977
2026-07-16T16:47:49.565Z,gid://shopify/Product/15114990780802,"stanley-x-barbie-legends-flowstate-quencher-40oz-tumbler-90s-rockers","Stanley x Barbie Legends Flowstate Quencher 40oz Tumbler 90s Rockers",838
2026-07-16T16:50:06.295Z,gid://shopify/Product/15114991501698,"stanley-x-loveshackfancy-flowstate-quencher-20oz-tumbler-everbloomingrosettes","Stanley x LoveShackFancy Flowstate Quencher 20oz Tumbler EverbloomingRosettes",1354
2026-07-16T16:50:06.297Z,gid://shopify/Product/15114991960450,"stanley-x-loveshackfancy-flowstate-quencher-40oz-tumbler-everbloomingrosettes","Stanley x LoveShackFancy Flowstate Quencher 40oz Tumbler EverbloomingRosettes",1347
2026-07-16T16:50:06.297Z,gid://shopify/Product/15114992386434,"stanley-x-olivia-rodrigo-flowstate-quencher-40oz-tumbler-purple","Stanley x Olivia Rodrigo Flowstate Quencher 40oz Tumbler Purple",1173
2026-07-16T16:50:06.297Z,gid://shopify/Product/15114993172866,"stanley-x-target-exclusive-valentines-day-flowstate-quencher-20oz-tumbler-ruby-hearts","Stanley x Target Exclusive Valentines Day Flowstate Quencher 20oz Tumbler Ruby Hearts",999
2026-07-16T16:50:06.297Z,gid://shopify/Product/15114993762690,"stanley-x-target-x-wicked-flowstate-quencher-20oz-tumbler-elphaba","Stanley x Target x Wicked Flowstate Quencher 20oz Tumbler Elphaba",1131
2026-07-16T16:50:06.297Z,gid://shopify/Product/15114994352514,"supreme-backpack-fw20-black","Supreme Backpack (FW20) Black",699
2026-07-16T16:50:06.297Z,gid://shopify/Product/15114994712962,"supreme-burberry-box-logo-sticker-pack-multi","Supreme Burberry Box Logo Sticker Set",953
2026-07-16T16:50:06.297Z,gid://shopify/Product/15114995532162,"supreme-marithe-francois-girbaud-x-seam-baggy-denim-short-light-indigo","Supreme Marithé + François Girbaud X-Seam Baggy Denim Short Light Indigo",1374
2026-07-16T16:50:06.298Z,gid://shopify/Product/15114996154754,"supreme-nike-track-pant-ss25-yellow","Supreme Nike Track Pant (SS25) Yellow",744
2026-07-16T16:50:06.298Z,gid://shopify/Product/15114996941186,"supreme-star-football-jersey-black","Supreme Star Football Jersey Black",1241
2026-07-16T16:50:06.298Z,gid://shopify/Product/15114998022530,"supreme-world-famous-s-logo-6-panel-navy","Supreme World Famous S Logo 6-Panel Navy",919
2026-07-16T16:50:06.298Z,gid://shopify/Product/15114998448514,"swatch-x-omega-bioceramic-moonswatch-mission-to-the-pink-moon-so33p700-white","Swatch x Omega Bioceramic Moonswatch Mission to the Pink Moon SO33P700",1186
2026-07-16T16:50:06.298Z,gid://shopify/Product/15115002642818,"the-marc-jacobs-the-jacquard-tote-bag-medium-warm-sand","Marc Jacobs The Jacquard Tote Bag Medium Warm Sand",1304
2026-07-16T16:50:06.298Z,gid://shopify/Product/15115004281218,"the-marc-jacobs-the-tote-bag-small-blue-shadow","Marc Jacobs The Tote Bag Small Blue Shadow",1396
2026-07-16T16:50:06.298Z,gid://shopify/Product/15115010572674,"travis-scott-cactus-corp-x-nike-m-nrg-bh-jacket-khaki","Travis Scott CACT.US CORP x Nike M NRG BH Jacket Khaki",1029
2026-07-16T16:50:06.298Z,gid://shopify/Product/15115014603138,"travis-scott-cactus-jack-x-sp5der-days-before-rodeo-i-tee-black","Travis Scott Cactus Jack x Sp5der Days Before Rodeo I Tee Black",1077
2026-07-16T16:50:06.298Z,gid://shopify/Product/15115017322882,"travis-scott-jordan-cactus-jack-highest-hoodie-olive","Travis Scott Jordan Cactus Jack Highest Hoodie Olive",948
2026-07-16T16:50:06.299Z,gid://shopify/Product/15115035476354,"travis-scott-x-brabus-hoodie-black","Travis Scott x Brabus Hoodie Black",1060
2026-07-16T16:50:06.299Z,gid://shopify/Product/15115036197250,"travis-scott-x-reeses-puffs-cereal-family-size-not-fit-for-human-consumption","Travis Scott x Reese's Puffs Cereal Family Size (Not Fit For Human Consumption)",1040
2026-07-16T16:50:06.299Z,gid://shopify/Product/15115046617474,"yeezy-scribble-hand-drawn-crewneck-arctic","Yeezy Scribble Hand Drawn Crewneck Arctic",908
2026-07-16T16:50:06.299Z,gid://shopify/Product/15115047338370,"yeezy-slide-desert-sand-kids","adidas Yeezy Slide Desert Sand (Kids)",1221
2026-07-16T16:50:06.299Z,gid://shopify/Product/15115048092034,"yeezy-x-gap-engineered-by-balenciaga-high-neck-sweater-dark-grey","Yeezy x Gap Engineered by Balenciaga High Neck Sweater Dark Grey",1195
2026-07-16T16:50:06.299Z,gid://shopify/Product/15115049697666,"yeezy-x-gap-long-sleeve-t-shirt-black","Yeezy x Gap Long Sleeve T-shirt Black",1057
2026-07-16T16:50:06.299Z,gid://shopify/Product/15115050713474,"yeezy-x-gap-zip-up-exclusive-hoodie-dark-grey","Yeezy x Gap Zip Up Exclusive Hoodie Dark Grey",1071
2026-07-16T16:50:06.299Z,gid://shopify/Product/15116937265538,"asics-gel-1130-pink-black","ASICS Gel-1130 Pink Black (Women's)",1734
2026-07-16T16:50:06.299Z,gid://shopify/Product/15118783218050,"nike-dunk-low-cactus-plant-flea-market-swamp-sponge-psychic-purple","Nike Dunk Low Cactus Plant Flea Market Swamp Sponge Psychic Purple",1110
2026-07-16T16:50:06.299Z,gid://shopify/Product/15118783742338,"nike-air-force-1-low-supreme-white-black","Nike Air Force 1 Low Supreme White Black",1285
2026-07-16T16:50:06.299Z,gid://shopify/Product/15118784135554,"nike-ja-3-max-volume-gs","Nike Ja 3 Max Volume (GS)",1043
2026-07-16T16:50:06.299Z,gid://shopify/Product/15118784496002,"air-jordan-3-retro-pure-money-2025","Jordan 3 Retro Pure Money (2025)",1550
2026-07-16T16:50:06.300Z,gid://shopify/Product/15118784889218,"ugg-tasman-ii-slipper-rocky-oak-womens","UGG Tasman II Slipper Rocky Oak (Women's)",1163
2026-07-16T16:50:06.300Z,gid://shopify/Product/15118786167170,"ugg-tasman-ii-slipper-moss-green-womens","UGG Tasman II Slipper Moss Green (Women's)",1178
2026-07-16T16:50:06.300Z,gid://shopify/Product/15118787019138,"ugg-tasman-slipper-deep-ocean","UGG Tasman Slipper Deep Ocean",1135
2026-07-16T16:50:06.300Z,gid://shopify/Product/15118788428162,"ugg-tasman-slipper-chocolate","UGG Tasman Slipper Chocolate",1168
2026-07-16T16:50:06.300Z,gid://shopify/Product/15118788952450,"ugg-tasman-slipper-lavender-fog-w","UGG Tasman Slipper Lavender Fog (Women's)",1160
2026-07-16T16:50:06.300Z,gid://shopify/Product/15118790623618,"ugg-tazz-ii-slipper-sand-womens","UGG Tazz II Slipper Sand (Women's)",1071
2026-07-16T16:50:06.300Z,gid://shopify/Product/15118791377282,"ugg-tazz-slipper-heritage-braid-hardwood-womens","UGG Tazz Slipper Heritage Braid Hardwood (Women's)",1344
2026-07-16T16:50:06.300Z,gid://shopify/Product/15118792425858,"ugg-lowmel-rocky-oak-womens","UGG Lowmel Rocky Oak (Women's)",1130
2026-07-16T16:50:06.300Z,gid://shopify/Product/15118794097026,"nike-x-drake-nocta-puffer-jacket-black","Nike x NOCTA Sunset Puffer Jacket Black",936
2026-07-16T16:50:06.300Z,gid://shopify/Product/15118794752386,"nike-sportswear-club-puffer-jacket-iron-grey-white","Nike Sportswear Club Puffer Jacket Iron Grey/White",1119
2026-07-16T16:50:06.300Z,gid://shopify/Product/15118795112834,"moncler-solander-batman-down-jacket-black","Moncler Solander Batman Down Jacket Black",1106
2026-07-16T16:52:33.568Z,gid://shopify/Product/15118795899266,"air-jordan-14-retro-winterized-archaeo-brown","Jordan 14 Retro Winterized Archaeo Brown",856
2026-07-16T16:52:33.573Z,gid://shopify/Product/15118796554626,"saucony-progrid-triumph-4-jae-tips-flowers-grow-uptown-sugar-maple","Saucony ProGrid Triumph 4 Jae Tips Flowers Grow Uptown Sugar Maple",1020
2026-07-16T16:52:33.573Z,gid://shopify/Product/15118797603202,"saucony-progrid-omni-9-black-silver-multi","Saucony ProGrid Omni 9 Black Silver Multi",944
2026-07-16T16:52:33.573Z,gid://shopify/Product/15118799110530,"saucony-progrid-omni-9-white-black-silver-green","Saucony ProGrid Omni 9 Silver Green",965
2026-07-16T16:52:33.574Z,gid://shopify/Product/15121798857090,"ugg-classic-ultra-mini-antilope-w","UGG Classic Ultra Mini Boot Antilope (Women's)",745
2026-07-16T16:52:33.574Z,gid://shopify/Product/15122829345154,"pokemon-scarlet-violet-151-blooming-waters-premium-collection-box-2x-lot","Pokémon Scarlet & Violet 151 Blooming Waters Premium Collection Box 2x Lot",884
2026-07-16T16:52:33.574Z,gid://shopify/Product/15122834555266,"pokemon-scarlet-violet-journey-together-pokemon-center-elite-trainer-box-2x-lot","Pokémon Scarlet & Violet Journey Together Pokemon Center Elite Trainer Box 2x Lot",1083
2026-07-16T16:52:33.574Z,gid://shopify/Product/15122836128130,"pokemon-scarlet-violet-prismatic-evolutions-booster-bundle-4x-lot","Pokémon Scarlet & Violet Prismatic Evolutions Booster Bundle 4x Lot",1149
2026-07-16T16:52:33.574Z,gid://shopify/Product/15122839929218,"pokemon-tcg-scarlet-violet-15-6pk-booster-bundle-4x-lot","Pokémon TCG Scarlet & Violet 151 6pk Booster Bundle 4x Lot",899
2026-07-16T16:52:33.574Z,gid://shopify/Product/15123141755266,"nike-air-zoom-pegasus-premium-summit-white-bright-crimson","Nike Air Zoom Pegasus Premium Summit White Bright Crimson",1703
2026-07-16T16:52:33.574Z,gid://shopify/Product/15123143655810,"nike-air-zoom-pegasus-41-black-anthracite","Nike Air Zoom Pegasus 41 Black Anthracite",928
2026-07-16T16:52:33.574Z,gid://shopify/Product/15123145818498,"nike-pegasus-premium-playful-pink-hyper-pink-womens","Nike Pegasus Premium Playful Pink Hyper Pink (Women's)",1043
2026-07-16T16:52:33.574Z,gid://shopify/Product/15123180093826,"nike-air-zoom-pegasus-premium-cannon","Nike Air Zoom Pegasus Premium Cannon",1609
2026-07-16T16:52:33.574Z,gid://shopify/Product/15123196674434,"nike-air-zoom-pegasus-41-doernbecher-tima","Nike Air Zoom Pegasus 41 Doernbecher Tima",1309
2026-07-16T16:52:33.574Z,gid://shopify/Product/15123208470914,"nike-air-zoom-pegasus-38-barely-volt","Nike Air Zoom Pegasus 38 Barely Volt",1618
2026-07-16T16:52:33.574Z,gid://shopify/Product/15123218137474,"nike-air-zoom-pegasus-39-shield-black","Nike Air Zoom Pegasus 39 Shield Black",1107
2026-07-16T16:52:33.574Z,gid://shopify/Product/15123230753154,"nike-air-zoom-pegasus-37-black-white","Nike Air Zoom Pegasus 37 Black White",1111
2026-07-16T16:52:33.574Z,gid://shopify/Product/15123237011842,"nike-air-pegasus-83-double-swoosh-blue-white","Nike Air Pegasus 83 Double Swoosh Blue White",914
2026-07-16T16:52:33.574Z,gid://shopify/Product/15123243925890,"nike-zoom-pegasus-turbo-2-black-gunsmoke","Nike Zoom Pegasus Turbo 2 Black Gunsmoke",1126
2026-07-16T16:52:33.574Z,gid://shopify/Product/15123253428610,"nike-air-zoom-pegasus-36-trail-gyakusou-red","Nike Air Zoom Pegasus 36 Trail Gyakusou Red",881
2026-07-16T16:52:33.574Z,gid://shopify/Product/15123255755138,"nike-zoomx-dragonfly-hyper-pink","Nike ZoomX Dragonfly Hyper Pink",1439
2026-07-16T16:52:33.574Z,gid://shopify/Product/15123259785602,"nike-zoomx-dragonfly-volt-orange","Nike ZoomX Dragonfly Volt Orange",1176
2026-07-16T16:52:33.574Z,gid://shopify/Product/15123262112130,"nike-maxfly-2-citron-pulse-indigo-burst","Nike Maxfly 2 Citron Pulse Indigo Burst",1008
2026-07-16T16:52:33.574Z,gid://shopify/Product/15123265585538,"nike-air-zoom-maxfly-hyper-pink-laser-orange","Nike Air Zoom Maxfly Hyper Pink Laser Orange",1277
2026-07-16T16:52:33.574Z,gid://shopify/Product/15123267518850,"on-running-cloud-6-all-black","On Running Cloud 6 All Black",982
2026-07-16T16:52:33.574Z,gid://shopify/Product/15123269779842,"nike-cortez-vintage-medium-curry-womens","Nike Cortez Vintage Medium Curry (Women's)",1336
2026-07-16T16:52:33.574Z,gid://shopify/Product/15123271713154,"nike-cortez-se-tiempo-pack-metallic-cool-grey","Nike Cortez SE Tiempo Pack Metallic Cool Grey",1285
2026-07-16T16:52:33.574Z,gid://shopify/Product/15123273613698,"nike-cortez-vintage-pink-foam-womens","Nike Cortez Vintage Pink Foam (Women's)",1179
2026-07-16T16:52:33.574Z,gid://shopify/Product/15123279577474,"nike-cortez-union-grey-blue","Nike Cortez Union Light Smoke",954
2026-07-16T16:52:33.574Z,gid://shopify/Product/15123279937922,"nike-classic-cortez-forrest-gump-2024","Nike Classic Cortez Forrest Gump (2024)",1360
2026-07-16T16:52:33.574Z,gid://shopify/Product/15123285213570,"rigorer-ar2-valentines-day","Rigorer AR2 Valentine's Day",1385
2026-07-16T16:52:33.575Z,gid://shopify/Product/15139793371522,"fear-of-god-3d-silicon-applique-pullover-hoodie-oatmeal-heather","Fear of God Essentials 3D Silicon Applique Pullover Hoodie Oatmeal Heather",967
2026-07-16T16:52:33.575Z,gid://shopify/Product/15139793895810,"fear-of-god-essentials-3d-silicon-applique-pullover-hoodie-heather-oatmeal","Fear of God Essentials 3D Silicon Applique Pullover Hoodie Heather Oatmeal",855
2026-07-16T16:52:33.575Z,gid://shopify/Product/15139794092418,"fear-of-god-essentials-sweatshort-stretch-limo","Fear of God Essentials Core Collection Sweatshort Stretch Limo",1020
2026-07-16T16:52:33.575Z,gid://shopify/Product/15139794518402,"fear-of-god-essentials-fleece-hoodie-black","Fear of God Essentials Fleece Hoodie Black",1166
2026-07-16T16:52:33.575Z,gid://shopify/Product/15139794813314,"fear-of-god-essentials-fleece-hoodie-military","Fear of God Essentials Fleece Hoodie Military",1079
2026-07-16T16:52:33.575Z,gid://shopify/Product/15139795075458,"fear-of-god-essentials-hoodie-cloud-dancer","Fear of God Essentials Hoodie Cloud Dancer",879
2026-07-16T16:52:33.575Z,gid://shopify/Product/15139795501442,"fear-of-god-essentials-knit-pullover-black","Fear of God Essentials Knit Pullover Hoodie (SS21) Black",930
2026-07-16T16:52:33.575Z,gid://shopify/Product/15139795861890,"fear-of-god-essentials-nba-relaxed-sweatpant-black","Fear of God Essentials NBA Relaxed Sweatpant Black",1125
2026-07-16T16:52:33.575Z,gid://shopify/Product/15139796124034,"fear-of-god-essentials-pullover-hoodie-fw23-dark-heather-oatmeal","Fear of God Essentials Pullover Hoodie (FW23) Dark Heather Oatmeal",866
2026-07-16T16:52:33.575Z,gid://shopify/Product/15118797603202,"saucony-progrid-omni-9-black-silver-multi","Saucony ProGrid Omni 9 Black Silver Multi",1750
2026-07-16T16:54:43.951Z,gid://shopify/Product/15139796418946,"fear-of-god-essentials-shorts-ss21-cream-buttercream","Fear of God Essentials Shorts (SS21) Cream/Buttercream",1000
2026-07-16T16:54:43.953Z,gid://shopify/Product/15139796648322,"fear-of-god-essentials-sweatpants-dusty-beige","Fear of God Essentials Sweatpants Dusty Beige",892
2026-07-16T16:54:43.953Z,gid://shopify/Product/15139796976002,"fear-of-god-essentials-sweatshort-off-black","Fear of God Essentials Sweatshort Off Black",1172
2026-07-16T16:54:43.953Z,gid://shopify/Product/15139797205378,"fear-of-god-essentials-tee-jet-black","Fear of God Essentials Small Logo Tee Jet Black",714
2026-07-16T16:54:43.953Z,gid://shopify/Product/15142596182402,"adidas-ae-1-low-metamorphosis","adidas AE 1 Low Metamorphosis",1237
2026-07-16T16:54:43.953Z,gid://shopify/Product/15142596837762,"adidas-campus-00s-dark-green-white-kids","adidas Campus 00s Dark Green White (Kids)",1392
2026-07-16T16:54:43.953Z,gid://shopify/Product/15142597820802,"adidas-forum-84-low-off-white-shadow-navy","adidas Forum 84 Low Off White Shadow Navy",1115
2026-07-16T16:54:43.953Z,gid://shopify/Product/15142600245634,"adidas-gazelle-bold-collegiate-red-lucid-pink-womens","adidas Gazelle Bold Collegiate Red Lucid Pink (Women's)",1188
2026-07-16T16:54:43.953Z,gid://shopify/Product/15142600999298,"adidas-gazelle-bold-pulse-mint-pink-w","adidas Gazelle Bold Pulse Mint Pink (Women's)",1135
2026-07-16T16:54:43.953Z,gid://shopify/Product/15142601458050,"adidas-gazelle-bold-true-pink-semi-lucid-blue-womens","adidas Gazelle Bold True Pink Semi Lucid Blue (Women's)",1163
2026-07-16T16:54:43.953Z,gid://shopify/Product/15142607683970,"adidas-gazelle-indoor-orange-peel-white-w","adidas Gazelle Indoor Orange Peel White (Women's)",1334
2026-07-16T16:54:43.953Z,gid://shopify/Product/15142608667010,"adidas-gazelle-indoor-silver-metallic-core-white","adidas Gazelle Indoor Silver Metallic Core White",1185
2026-07-16T16:54:43.953Z,gid://shopify/Product/15142612402562,"adidas-handball-spezial-clear-pink-solar-orange-womens","adidas Handball Spezial Clear Pink Solar Orange (Women's)",881
2026-07-16T16:54:43.953Z,gid://shopify/Product/15142619775362,"adidas-handball-spezial-shadow-brown-gum","adidas Handball Spezial Shadow Brown Gum",1469
2026-07-16T16:54:43.953Z,gid://shopify/Product/15142843974018,"adidas-japan-better-scarlet-off-white-womens","adidas Japan Better Scarlet Off White (Women's)",1140
2026-07-16T16:54:43.953Z,gid://shopify/Product/15142850920834,"adidas-yeezy-knit-rnr-stone-carbon","adidas Yeezy Knit RNR Stone Carbon",790
2026-07-16T16:54:43.953Z,gid://shopify/Product/15142852264322,"air-jordan-1-high-zoom-air-cmft-2-royal-pulse-alpha-orange","Jordan 1 High Zoom Air CMFT 2 Royal Pulse Alpha Orange",1625
2026-07-16T16:54:43.953Z,gid://shopify/Product/15142853050754,"air-jordan-1-high-zoom-cmft-to-my-first-coach","Jordan 1 High Zoom Air CMFT To My First Coach",1130
2026-07-16T16:54:43.954Z,gid://shopify/Product/15142853837186,"air-jordan-1-low-eastside-golf-out-of-the-mud","Jordan 1 Low Eastside Golf Out of the Mud",1224
2026-07-16T16:54:43.954Z,gid://shopify/Product/15142854787458,"air-jordan-1-low-new-emerald-gs","Jordan 1 Low New Emerald (GS)",960
2026-07-16T16:54:43.954Z,gid://shopify/Product/15142855410050,"air-jordan-1-low-quai-54-2023","Jordan 1 Low Quai 54 (2023)",1412
2026-07-16T16:54:43.954Z,gid://shopify/Product/15142856458626,"air-jordan-1-low-se-black-iced-lilac","Jordan 1 Low SE Black Iced Lilac",1480
2026-07-16T16:54:43.954Z,gid://shopify/Product/15142857671042,"air-jordan-1-low-se-gold-toe-gs","Jordan 1 Low SE Gold Toe (GS)",948
2026-07-16T16:54:43.954Z,gid://shopify/Product/15142858621314,"air-jordan-1-low-se-panda-toe-gs","Jordan 1 Low SE Panda Toe (GS)",1208
2026-07-16T16:54:43.954Z,gid://shopify/Product/15142859407746,"air-jordan-1-low-se-twine-orange-quartz-corduroy-w","Jordan 1 Low SE Twine Orange Quartz Corduroy (Women's)",1033
2026-07-16T16:54:43.954Z,gid://shopify/Product/15142860292482,"air-jordan-1-low-triple-black-2022","Jordan 1 Low Triple Black (2022)",1195
2026-07-16T16:54:43.954Z,gid://shopify/Product/15142861570434,"air-jordan-1-mid-banned-2020-gs","Jordan 1 Mid Banned (2020) (GS)",1015
2026-07-16T16:54:43.954Z,gid://shopify/Product/15142862291330,"air-jordan-1-mid-bred-twist","Jordan 1 Mid Bred Twist",1124
2026-07-16T16:54:43.954Z,gid://shopify/Product/15142863274370,"air-jordan-1-mid-earth-tone","Jordan 1 Mid SE Dark Chocolate",860
2026-07-16T16:54:43.954Z,gid://shopify/Product/15142864322946,"air-jordan-1-mid-satin-grey-toe","Jordan 1 Mid Satin Grey Toe",990
2026-07-16T16:54:43.954Z,gid://shopify/Product/15142865273218,"air-jordan-1-mid-sneaker-school-game-winner-gs","Jordan 1 Mid Sneaker School Game Winner (GS)",1662
2026-07-16T16:54:43.954Z,gid://shopify/Product/15142865928578,"air-jordan-1-retro-high-flyknit-derek-jeter-re2pect","Jordan 1 Retro High Flyknit Derek Jeter RE2PECT",1178
2026-07-16T16:54:43.954Z,gid://shopify/Product/15142866649474,"air-jordan-1-retro-high-re2pect-derek-jeter","Jordan 1 Retro High RE2PECT (Derek Jeter)",1060
2026-07-16T16:54:43.954Z,gid://shopify/Product/15142897058178,"michael-kors-jet-set-east-west-crossbody-bag-large-vanilla-brown","Michael Kors Jet Set East West Crossbody Bag Large Vanilla/Brown",484
2026-07-16T16:54:43.954Z,gid://shopify/Product/15142928712066,"birkenstock-boston-soft-footbed-suede-mocha","Birkenstock Boston Soft Footbed Suede  Mocha",1450
2026-07-16T16:54:43.955Z,gid://shopify/Product/15142933987714,"asics-gel-1130-gravel-pure-silver","ASICS Gel-1130 Gravel Pure Silver",1231
2026-07-16T16:54:43.955Z,gid://shopify/Product/15142940770690,"timberland-field-boot-lace-up-waterproof-black","Timberland Field Boot Lace Up Waterproof Black",1335
2026-07-16T16:54:43.955Z,gid://shopify/Product/15142941622658,"asics-gel-ds-trainer-14-stefon-diggs","ASICS Gel-DS Trainer 14 Stefon Diggs",1178
2026-07-16T16:54:43.955Z,gid://shopify/Product/15142943261058,"adidas-taekwondo-mei-song-for-the-mute-brown-womens","adidas Taekwondo Mei Song for the Mute Brown (Women's)",1213
2026-07-16T16:54:43.955Z,gid://shopify/Product/15142944440706,"converse-shai-001-masi-blue","Converse SHAI 001 Masi Blue",1171
2026-07-16T16:56:24.230Z,gid://shopify/Product/15155286999426,"ugg-classic-mini-dipper-puffer-boot-white-ceramic-womens","UGG Classic Mini Dipper Puffer Boot White Ceramic (Women's)",1132
2026-07-16T16:56:24.233Z,gid://shopify/Product/15158193389954,"fear-of-god-essentials-3d-silicon-applique-pullover-hoodie-dark-slate","Fear of God Essentials 3D Silicon Applique Pullover Hoodie Dark Slate/Stretch Limo/Black",894
2026-07-16T16:56:24.233Z,gid://shopify/Product/15158272819586,"balenciaga-speed-20-lace-up-beige","Balenciaga Speed 2.0 Lace Up Beige",881
2026-07-16T16:56:24.233Z,gid://shopify/Product/15161371427202,"air-jordan-1-low-sport-blue-gym-red-womens","Jordan 1 Low Sport Blue Gym Red (Women's)",1158
2026-07-16T16:56:24.233Z,gid://shopify/Product/15161374015874,"air-jordan-1-centre-court-white-gold","Jordan 1 Centre Court White Gold",1322
2026-07-16T16:56:24.233Z,gid://shopify/Product/15161375850882,"air-jordan-12-retro-royalty-taxi-ps","Jordan 12 Retro Royalty Taxi (PS)",985
2026-07-16T16:56:24.233Z,gid://shopify/Product/15162631750018,"syna-world-og-syna-skull-beanie-black","Syna World OG Syna Skull Beanie Black",717
2026-07-16T16:56:24.233Z,gid://shopify/Product/15162664649090,"2022-panini-prizm-fifa-world-cup-qatar-soccer-blaster-box-2x-lot","2022 Panini Prizm FIFA World Cup Qatar Soccer Blaster Box 2x Lot",823
2026-07-16T16:56:24.233Z,gid://shopify/Product/15162675626370,"travis-scott-reeses-puffs-spoon-silver","Travis Scott Reese's Puffs Spoon Silver",791
2026-07-16T16:56:24.234Z,gid://shopify/Product/15162712228226,"enterbay-1-6-real-masterpiece-collection-michael-jordan-barcelona-92-limited-edition-action-figure","Enterbay 1/6 Real Masterpiece Collection: Michael Jordan Barcelona '92 Limited Edition Action Figure",1223
2026-07-16T16:56:24.234Z,gid://shopify/Product/15162720092546,"puma-rider-fv-pokemon-bulbasaur","Puma Rider FV Pokémon Bulbasaur",788
2026-07-16T16:56:24.234Z,gid://shopify/Product/15162724385154,"air-jordan-3-retro-dark-iris","Jordan 3 Retro Dark Iris",1056
2026-07-16T16:56:24.234Z,gid://shopify/Product/15162724712834,"new-balance-1906l-raincloud","New Balance 1906L Raincloud",1144
2026-07-16T16:56:24.234Z,gid://shopify/Product/15162724942210,"new-balance-9060-silver-metallic-grey","New Balance 9060 Silver Metallic Grey",918
2026-07-16T16:56:24.234Z,gid://shopify/Product/15162725368194,"new-balance-9060-washed-burgundy","New Balance 9060 Washed Burgundy",1308
2026-07-16T16:56:24.234Z,gid://shopify/Product/15162725663106,"new-balance-1906r-action-bronson-scorpius","New Balance 1906R Action Bronson Scorpius",981
2026-07-16T16:56:24.234Z,gid://shopify/Product/15162726318466,"new-balance-9060-dark-alpine-green","New Balance 9060 Dark Alpine Green",1133
2026-07-16T16:56:24.234Z,gid://shopify/Product/15163558134146,"lego-nike-dunk-trickshot-set-43021","LEGO Nike Dunk Trickshot Set 43021",847
2026-07-16T16:56:24.234Z,gid://shopify/Product/15163558396290,"lego-diagon-alley-set-75978","LEGO Harry Potter Diagon Alley Set 75978",697
2026-07-16T16:56:24.234Z,gid://shopify/Product/15163558625666,"lego-icons-the-endurance-set-10335","LEGO Icons The Endurance Set 10335",991
2026-07-16T16:56:24.234Z,gid://shopify/Product/15163558887810,"lego-marvel-daily-bugle-set-76178","LEGO Marvel Daily Bugle Set 76178",934
2026-07-16T16:56:24.234Z,gid://shopify/Product/15163559117186,"lego-star-wars-ucs-republic-gunship-set-75309","LEGO Star Wars Ultimate Collector Series Republic Gunship Set 75309",796
2026-07-16T16:56:24.234Z,gid://shopify/Product/15163559346562,"lego-ideas-nasa-apollo-saturn-v-set-21309","LEGO Ideas NASA Apollo Saturn V Set 21309",1111
2026-07-16T16:56:24.234Z,gid://shopify/Product/15163559575938,"lego-creator-real-madrid-santiago-bernabeu-stadium-set-10299","LEGO Creator Real Madrid - Santiago Bernabeu Stadium Set 10299",713
2026-07-16T16:56:24.234Z,gid://shopify/Product/15163559772546,"lego-transformers-optimus-prime-set-10302","LEGO Transformers Optimus Prime Set 10302",683
2026-07-16T16:56:24.234Z,gid://shopify/Product/15163559969154,"lego-marvel-super-heroes-carnage-set-76199","LEGO Marvel Super Heroes Carnage Set 76199",768
2026-07-16T16:56:24.235Z,gid://shopify/Product/15163560231298,"lego-ideas-dinosaur-fossils-set-21320","LEGO Ideas Dinosaur Fossils Set 21320",608
2026-07-16T16:56:24.235Z,gid://shopify/Product/15163560526210,"lego-star-wars-death-star-set-75419","LEGO Star Wars Death Star Set 75419",844
2026-07-16T16:56:24.235Z,gid://shopify/Product/15163560821122,"lego-star-wars-porg-set-75230","LEGO Star Wars Porg Set 75230",898
2026-07-16T16:56:24.235Z,gid://shopify/Product/15163561247106,"lego-technic-mclaren-p1-set-42172","LEGO Technic McLaren P1 Set 42172",862
2026-07-16T16:56:24.235Z,gid://shopify/Product/15163561443714,"lego-star-wars-venator-class-republic-attack-cruiser-set-75367","LEGO Star Wars Venator-Class Republic Attack Cruiser Set 75367",1032
2026-07-16T16:56:24.235Z,gid://shopify/Product/15163561738626,"lego-icons-jazz-club-set-10312","LEGO Icons Jazz Club Set 10312",1110
2026-07-16T16:56:24.235Z,gid://shopify/Product/15163561935234,"lego-star-wars-jabbas-sail-barge-set-75397","LEGO Star Wars Jabba's Sail Barge Set 75397",880
2026-07-16T16:56:24.235Z,gid://shopify/Product/15163562230146,"lego-city-freight-train-set-60336","LEGO City Freight Train Set 60336",805
2026-07-16T16:56:24.235Z,gid://shopify/Product/15163562459522,"lego-creator-downtown-diner-set-10260","LEGO Creator Downtown Diner Set 10260",881
2026-07-16T16:56:24.235Z,gid://shopify/Product/15163562754434,"lego-technic-liebherr-crawler-crane-lr-13000-set-42146","LEGO Technic Liebherr Crawler Crane LR 13000 Set 42146",1104
2026-07-16T16:56:24.235Z,gid://shopify/Product/15163563082114,"lego-technic-mercedes-benz-g-500-professional-line-set-42177","LEGO Technic Mercedes-Benz G 500 PROFESSIONAL Line Set 42177",1007
2026-07-16T16:56:24.235Z,gid://shopify/Product/15163563278722,"lego-adidas-original-superstar-set-10282","LEGO adidas Original Superstar Set 10282",961
2026-07-16T16:56:24.235Z,gid://shopify/Product/15163563540866,"lego-batman-the-animated-series-gotham-city-set-76271","LEGO Batman: The Animated Series Gotham City Set 76271",1057
2026-07-16T16:56:24.235Z,gid://shopify/Product/15163563737474,"lego-technic-bmw-m-1000-rr-set-42130","LEGO Technic BMW M 1000 RR Motorcycle Set 42130",752
2026-07-16T16:58:13.192Z,gid://shopify/Product/15163563934082,"lego-tower-bridge-set-10214","LEGO Creator Tower Bridge Set 10214",1011
2026-07-16T16:58:13.193Z,gid://shopify/Product/15163564163458,"lego-nasa-space-shuttle-discovery-set-10283","LEGO NASA Space Shuttle Discovery Set 10283",758
2026-07-16T16:58:13.193Z,gid://shopify/Product/15163564392834,"lego-icons-corvette-set-10321","LEGO Icons Corvette Set 10321",1310
2026-07-16T16:58:13.193Z,gid://shopify/Product/15163564687746,"lego-harry-potter-hogwarts-icons-collectors-edition-set-76391-white","LEGO Harry Potter Hogwarts Icons Collectors Edition Set 76391",812
2026-07-16T16:58:13.193Z,gid://shopify/Product/15163565015426,"lego-ideas-medival-blacksmith-set-21325","LEGO Ideas Medieval Blacksmith Set 21325",629
2026-07-16T16:58:13.193Z,gid://shopify/Product/15163565244802,"lego-ship-in-a-bottle-set-92177","LEGO Ideas Ship in a Bottle Set 92177",742
2026-07-16T16:58:13.193Z,gid://shopify/Product/15163565441410,"lego-technic-doms-dodge-charger-set-42111","LEGO Technic Fast & Furious Dom's Dodge Charger Set 42111",799
2026-07-16T16:58:13.193Z,gid://shopify/Product/15163565703554,"lego-technic-6x6-volvo-articulated-hauler-set-42114","LEGO Technic 6x6 Volvo Articulated Hauler Set 42114",863
2026-07-16T16:58:13.193Z,gid://shopify/Product/15163565900162,"lego-ninjago-city-markets-set-71799","LEGO Ninjago City Markets Set 71799",1215
2026-07-16T16:58:13.193Z,gid://shopify/Product/15163566162306,"lego-harry-potter-hogwarts-wizards-chess-set-76392","LEGO Harry Potter Hogwarts Wizard's Chess Set 76392",836
2026-07-16T16:58:13.193Z,gid://shopify/Product/15163566424450,"lego-creator-santas-workshop-set-10245","LEGO Creator Santa's Workshop Set 10245",807
2026-07-16T16:58:13.193Z,gid://shopify/Product/15163566686594,"lego-icons-land-rover-classic-defender-90-set-10317","LEGO Icons Land Rover Classic Defender 90 Set 10317",1112
2026-07-16T16:58:13.193Z,gid://shopify/Product/15163566981506,"lego-architecture-las-vegas-set-21047","LEGO Architecture Las Vegas Set 21047",884
2026-07-16T16:58:13.193Z,gid://shopify/Product/15163567309186,"lego-marvel-captain-americas-shield-set-76262","LEGO Marvel Captain America's Shield Set 76262",1091
2026-07-16T16:58:13.193Z,gid://shopify/Product/15163567833474,"lego-ideas-the-big-bang-theory-set-21302","LEGO Ideas The Big Bang Theory Set 21302",548
2026-07-16T16:58:13.193Z,gid://shopify/Product/15163568423298,"lego-marvel-the-amazing-spider-man-set-31209","LEGO Marvel The Amazing Spider-Man Set 31209",1319
2026-07-16T16:58:13.193Z,gid://shopify/Product/15163568849282,"lego-monkie-kid-the-city-of-lanterns-set-80036","LEGO Monkie Kid The City Of Lanterns Set 80036",780
2026-07-16T16:58:13.193Z,gid://shopify/Product/15163569176962,"lego-creator-town-hall-set-10224","LEGO Creator Town Hall Set 10224",1364
2026-07-16T16:58:13.194Z,gid://shopify/Product/15163569635714,"lego-technic-2022-ford-gt-set-42154","LEGO Technic 2022 Ford GT Set 42154",1488
2026-07-16T16:58:13.194Z,gid://shopify/Product/15163569865090,"lego-super-mario-game-boy-5999","LEGO Super Mario Game Boy Set 72046",1158
2026-07-16T16:58:13.194Z,gid://shopify/Product/15163570192770,"lego-ideas-birds-set-21301","LEGO Ideas Birds Set 21301",671
2026-07-16T16:58:13.194Z,gid://shopify/Product/15163570520450,"lego-jeep-wrangler-set-42122","LEGO Technic Jeep Wrangler Set 42122",729
2026-07-16T16:58:13.194Z,gid://shopify/Product/15163570749826,"lego-star-wars-tantive-iv-set-75244","LEGO Star Wars Tantive IV Set 75244",896
2026-07-16T16:58:13.194Z,gid://shopify/Product/15163571110274,"lego-art-iron-man-set-31199","LEGO Art Marvel Iron Man Set 31199",589
2026-07-16T16:58:13.194Z,gid://shopify/Product/15163571437954,"lego-harry-potter-attack-on-the-burrow-set-75980","LEGO Harry Potter Attack on the Burrow Set 75980",998
2026-07-16T16:58:13.194Z,gid://shopify/Product/15163571700098,"lego-architecture-chicago-set-21033","LEGO Architecture Chicago Set 21033",826
2026-07-16T16:58:13.194Z,gid://shopify/Product/15163571896706,"lego-star-wars-imperial-shuttle-set-75302","LEGO Star Wars Imperial Shuttle Set 75302",875
2026-07-16T16:58:13.194Z,gid://shopify/Product/15163572420994,"lego-icons-medieval-town-square-set-10332","LEGO Icons Medieval Town Square Set 10332",1463
2026-07-16T16:58:13.194Z,gid://shopify/Product/15163572781442,"lego-star-wars-rotj-40th-anniversary-executor-super-star-destroyeer-set-75356","LEGO Star Wars ROTJ 40th Anniversary Executor Super Star Destroyer Set 75356",1315
2026-07-16T16:58:13.194Z,gid://shopify/Product/15163573207426,"lego-ninjago-city-set-70620","LEGO Ninjago City Set 70620",739
2026-07-16T16:58:13.194Z,gid://shopify/Product/15163573567874,"lego-speed-champions-f14-t-scuderia-ferrari-truck-set-75913","LEGO Speed Champions F14 T & Scuderia Ferrari Truck Set 75913",1415
2026-07-16T16:58:13.194Z,gid://shopify/Product/15163573797250,"lego-star-wars-emperors-throne-room-set-75352","LEGO Star Wars Emperor's Throne Room Set 75352",1475
2026-07-16T16:58:13.194Z,gid://shopify/Product/15163574190466,"lego-creator-sopwith-camel-set-10226","LEGO Creator Sopwith Camel Set 10226",1177
2026-07-16T16:58:13.194Z,gid://shopify/Product/15163574681986,"lego-disney-up-house-set-43217","LEGO Disney ""Up"" House Set 43217",1447
2026-07-16T16:58:13.194Z,gid://shopify/Product/15163575206274,"lego-ideas-table-football-set-21337","LEGO Ideas Table Football Set 21337",1267
2026-07-16T16:58:13.194Z,gid://shopify/Product/15163575533954,"lego-technic-rough-terrain-crane-set-42082","LEGO Technic Rough Terrain Crane Set 42082",930
2026-07-16T16:58:13.194Z,gid://shopify/Product/15163575828866,"lego-star-wars-the-mandalorian-helmet-set-75328","LEGO Star Wars The Mandalorian Helmet Set 75328",872
2026-07-16T16:58:13.194Z,gid://shopify/Product/15163576516994,"lego-architecture-shanghai-set-21039","LEGO Architecture Shanghai Set 21039",802
2026-07-16T16:58:13.194Z,gid://shopify/Product/15163577368962,"lego-architecture-new-york-city-set-21028","LEGO Architecture New York City Set 21028",909
2026-07-16T16:58:13.195Z,gid://shopify/Product/15163578319234,"lego-architecture-fallingwater-set-21005","LEGO Architecture Fallingwater Set 21005",1821
2026-07-16T17:00:27.310Z,gid://shopify/Product/15163579695490,"lego-avatar-toruk-makto-tree-of-souls-set-75574","LEGO Avatar Toruk Makto & Tree of Souls Set 75574",1027
2026-07-16T17:00:27.315Z,gid://shopify/Product/15163580711298,"lego-animals-dinosaur-fossils-tyrannosaurus-rex-set-76968","LEGO Animals Dinosaur Fossils: Tyrannosaurus rex Set 76968",1154
2026-07-16T17:00:27.315Z,gid://shopify/Product/15163581563266,"lego-star-wars-general-griecouss-starfighter-set-75286","LEGO Star Wars General Grievous's Starfighter Set 75286",999
2026-07-16T17:00:27.316Z,gid://shopify/Product/15163582218626,"lego-mindstorms-robot-inventor-set-51515","LEGO Mindstorms Robot Inventor Set 51515",868
2026-07-16T17:00:27.316Z,gid://shopify/Product/15163583365506,"lego-icons-santas-post-office-set-10339","LEGO Icons Santa's Post Office Set 10339",1103
2026-07-16T17:00:27.316Z,gid://shopify/Product/15163584708994,"lego-nebulon-b-frigate-sdcc-set-77904","LEGO Star Wars Nebulon-B Frigate SDCC Set 77904",834
2026-07-16T17:00:27.316Z,gid://shopify/Product/15163586675074,"lego-pirates-of-the-caribbean-queen-annes-revenge-set-4195","LEGO Pirates of the Caribbean Queen Anne's Revenge Set 4195",1104
2026-07-16T17:00:27.316Z,gid://shopify/Product/15163589329282,"lego-minecraft-the-crafting-table-set-21265","LEGO Minecraft The Crafting Table Set 21265",997
2026-07-16T17:00:27.316Z,gid://shopify/Product/15163592475010,"lego-marvel-guardians-of-the-galaxy-the-milano-set-76286","LEGO Marvel Guardians of the Galaxy: The Milano Set 76286",1095
2026-07-16T17:00:27.316Z,gid://shopify/Product/15163594277250,"lego-the-lego-batman-movie-arkham-asylum-set-70912","LEGO The Lego Batman Movie Arkham Asylum Set 70912",948
2026-07-16T17:00:27.316Z,gid://shopify/Product/15163595391362,"lego-the-lord-of-the-rings-pirate-ship-ambush-set-79008","LEGO The Lord of the Rings Pirate Ship Ambush Set 79008",1005
2026-07-16T17:00:27.316Z,gid://shopify/Product/15163595948418,"lego-green-grocer-set-10185","LEGO Green Grocer Set 10185",1000
2026-07-16T17:00:27.316Z,gid://shopify/Product/15163596538242,"lego-speed-champions-lamborghini-countach-set-76908","LEGO Speed Champions Lamborghini Countach Set 76908",977
2026-07-16T17:00:27.316Z,gid://shopify/Product/15163601551746,"lego-lion-dance-chinese-new-year-2020-spring-festival-set-80104","LEGO Lion Dance Chinese New Year 2020 Spring Festival Set 80104",1032
2026-07-16T17:00:27.316Z,gid://shopify/Product/15169088127362,"air-jordan-12-retro-taxi-2025","Jordan 12 Retro Taxi (2025)",1427
2026-07-16T17:00:27.316Z,gid://shopify/Product/15169089569154,"adidas-japan-brown-snakeskin","adidas Japan Brown Snakeskin (Women's)",1124
2026-07-16T17:00:27.317Z,gid://shopify/Product/15169090355586,"nike-sabrina-3-blueprint-womens","Nike Sabrina 3 Blueprint (Women's)",1800
2026-07-16T17:00:27.317Z,gid://shopify/Product/15169091699074,"asics-gel-nyc-polar-night-cream","ASICS Gel-NYC Polar Night Cream",1154
2026-07-16T17:00:27.317Z,gid://shopify/Product/15169093140866,"asics-gel-kayano-14-obsidian-grey-cement","ASICS Gel-Kayano 14 Obsidian Grey Cement",1415
2026-07-16T17:00:27.317Z,gid://shopify/Product/15169094254978,"air-jordan-4-retro-black-cat-2025","Jordan 4 Retro Black Cat (2025)",1406
2026-07-16T17:00:27.317Z,gid://shopify/Product/15170253619586,"air-jordan-12-retro-pearl-pink-ps","Jordan 12 Retro Pearl Pink (PS)",1255
2026-07-16T17:00:27.317Z,gid://shopify/Product/15170254012802,"adidas-harden-vol-9-silver-aqua","adidas Harden Vol. 9 Silver Aqua",1438
2026-07-16T17:00:27.317Z,gid://shopify/Product/15170254307714,"nike-air-max-90-miami-dolphins","Nike Air Max 90 Miami Dolphins",1507
2026-07-16T17:00:27.317Z,gid://shopify/Product/15170254537090,"nike-aja-wilson-aone-royal-flame-womens","Nike A'ja Wilson A'One Royal Flame (Women's)",1344
2026-07-16T17:00:27.317Z,gid://shopify/Product/15170255028610,"nike-ja-3-grizzlies-ps","Nike Ja 3 Scratch 3.0 (PS)",1131
2026-07-16T17:00:27.317Z,gid://shopify/Product/15170256011650,"nike-air-force-1-low-kobe-bryant-forever-black","Nike Air Force 1 Low Kobe Bryant Forever Black",1183
2026-07-16T17:00:27.317Z,gid://shopify/Product/15170256306562,"air-jordan-1-low-sail-blue-chill","Jordan 1 Low Sail Blue Chill",1198
2026-07-16T17:00:27.317Z,gid://shopify/Product/15171717628290,"nike-kd-18-wanda","Nike KD 18 Wanda",1349
2026-07-16T17:00:27.317Z,gid://shopify/Product/15171722936706,"new-balance-471-sezane","New Balance 471 Sézane",1243
2026-07-16T17:00:27.318Z,gid://shopify/Product/15171723723138,"new-balance-550-white-incense-driftwood","New Balance 550 White Incense Driftwood",1451
2026-07-16T17:00:27.318Z,gid://shopify/Product/15171724214658,"new-balance-530-turtledove-mushroom","New Balance 530 Turtledove Mushroom",1333
2026-07-16T17:00:27.318Z,gid://shopify/Product/15171724968322,"new-balance-530-silver-metallic-raincloud-polka-dots","New Balance 530 Silver Metallic Raincloud Polka Dots",1186
2026-07-16T17:00:27.318Z,gid://shopify/Product/15173315592578,"new-balance-550-aime-leon-dore-white-grey","New Balance 550 Aime Leon Dore White Grey",1021
2026-07-16T17:00:27.318Z,gid://shopify/Product/15173316018562,"new-balance-990-v5-black","New Balance 990v5 Black",1053
2026-07-16T17:00:27.318Z,gid://shopify/Product/15173316313474,"new-balance-550-white-incense-womens","New Balance 550 White Incense (Women's)",1481
2026-07-16T17:00:27.318Z,gid://shopify/Product/15173316673922,"new-balance-550-aime-leon-dore-white-green","New Balance 550 Aime Leon Dore White Green",1000
2026-07-16T17:00:27.318Z,gid://shopify/Product/15173316936066,"new-balance-550-white-juniper","New Balance 550 White Juniper",1439
2026-07-16T17:00:27.318Z,gid://shopify/Product/15173317362050,"new-balance-992-low-hanging-fruit","New Balance 992 Concepts Low Hanging Fruit",1073
2026-07-16T17:00:27.318Z,gid://shopify/Product/15174846251394,"new-balance-990v3-miusa-marblehead-with-incense","New Balance 990v3 MiUSA Teddy Santis Marblehead Incense",1063
2026-07-16T17:00:27.318Z,gid://shopify/Product/15174846873986,"new-balance-2002r-reflection-sepia","New Balance 2002R Reflection Sepia",1546
2026-07-16T17:02:37.395Z,gid://shopify/Product/15174848872834,"new-balance-550-silver-birch-w","New Balance 550 Silver Birch (Women's)",907
2026-07-16T17:02:37.400Z,gid://shopify/Product/15174850085250,"new-balance-2002r-kith-pistachio","New Balance 2002R Kith Pistachio",897
2026-07-16T17:02:37.400Z,gid://shopify/Product/15176954315138,"air-jordan-4-retro-oil-green-w","Jordan 4 Retro Seafoam (Women's) %",966
2026-07-16T17:02:37.400Z,gid://shopify/Product/15176957002114,"air-jordan-1-retro-high-hyper-royal-smoke-grey-bcfm","Jordan 1 Retro High OG Hyper Royal %",1012
2026-07-16T17:02:37.400Z,gid://shopify/Product/15176959885698,"air-jordan-1-mid-lucky-green-gs-bcfm","Jordan 1 Mid Lucky Green (GS) %",996
2026-07-16T17:02:37.400Z,gid://shopify/Product/15176962802050,"air-jordan-1-mid-sonics-2021-gs-bcfm","Jordan 1 Mid Sonics (2021) (GS) %",961
2026-07-16T17:02:37.400Z,gid://shopify/Product/15176965816706,"air-jordan-4-retro-sb-navy-bcfm","Jordan 4 Retro SB Navy %",986
2026-07-16T17:02:37.400Z,gid://shopify/Product/15176968667522,"air-jordan-1-mid-valentines-day-2023-gs-bcfm","Jordan 1 Mid Valentine's Day (2023) (GS) %",1040
2026-07-16T17:02:37.400Z,gid://shopify/Product/15176972304770,"adidas-campus-00s-better-scarlet-cloud-white-bcfm","adidas Campus 00s Better Scarlet Cloud White %",947
2026-07-16T17:02:37.400Z,gid://shopify/Product/15176976302466,"nike-dunk-low-peach-cream-w-bcfm","Nike Dunk Low Peach Cream (Women's) %",946
2026-07-16T17:02:37.400Z,gid://shopify/Product/15177097511298,"nike-dunk-low-unc-2021-gs","Nike Dunk Low UNC (GS) %",959
2026-07-16T17:02:37.400Z,gid://shopify/Product/15177103769986,"asics-gel-kayano-14-arctic-sky-pure-silver-bcfm","ASICS Gel Kayano 14 Arctic Sky Pure Silver %",933
2026-07-16T17:02:37.400Z,gid://shopify/Product/15177111536002,"ugg-classic-ultra-mini-platform-chestnut-w-bcfm","UGG Classic Ultra Mini Platform Boot Chestnut (Women's) %",741
2026-07-16T17:02:37.400Z,gid://shopify/Product/15180207686018,"the-north-face-1996-retro-nuptse-vest-tnf-black","The North Face 1996 Retro Nuptse Vest TNF Black",853
2026-07-16T17:02:37.400Z,gid://shopify/Product/15180207882626,"skims-x-tnf-2000-retro-nuptse-jacket-onyx","SKIMS x TNF 2000 Retro Nuptse Jacket Onyx",875
2026-07-16T17:02:37.400Z,gid://shopify/Product/15180208177538,"the-north-face-1996-retro-nuptse-700-fill-packable-jacket-beetroot-tnf-black","The North Face 1996 Retro Nuptse 700 Fill Packable Jacket Beetroot/TNF Black",875
2026-07-16T17:02:37.401Z,gid://shopify/Product/15180208406914,"the-north-face-1996-retro-nuptse-700-fill-packable-jacket-shady-blue","The North Face 1996 Retro Nuptse 700 Fill Packable Jacket Summit Navy/TNF Black",955
2026-07-16T17:02:37.401Z,gid://shopify/Product/15180208636290,"the-north-face-high-pile-600-fill-recycled-waterfowl-down-nuptse-jacket-tnf-black","The North Face High Pile 600 Fill Recycled Waterfowl Down Nuptse Jacket TNF Black",986
2026-07-16T17:02:37.401Z,gid://shopify/Product/15180209226114,"travis-scott-ts-waxed-jacket-black","Jordan x Travis Scott TS Waxed Jacket Black",947
2026-07-16T17:02:37.401Z,gid://shopify/Product/15180209684866,"supreme-arc-denim-coaches-jacket-ss25-black","Supreme Arc Denim Coaches Jacket (SS25) Black",795
2026-07-16T17:02:37.401Z,gid://shopify/Product/15180210962818,"arcteryx-macai-jacket-black","Arc'teryx Macai Jacket Black",887
2026-07-16T17:02:37.401Z,gid://shopify/Product/15180211192194,"kith-x-bmw-wool-coaches-jacket-black","Kith x BMW Wool Coaches Jacket Black",827
2026-07-16T17:02:37.401Z,gid://shopify/Product/15180211847554,"new-balance-990v3-kith-steel-blue","New Balance 990v3 MiUSA Kith Steel Blue",859
2026-07-16T17:02:37.401Z,gid://shopify/Product/15180212994434,"new-balance-ct302oa-xld-white","New Balance CT302 White Reflection Violet",884
2026-07-16T17:02:37.401Z,gid://shopify/Product/15184259088770,"air-jordan-1-retro-high-og-unc-toe-gs-bcfm","Jordan 1 Retro High OG UNC Toe (GS) %",973
2026-07-16T17:02:37.401Z,gid://shopify/Product/15184269312386,"new-balance-327-moonbeam-black-gum-womens","New Balance 327 Moonbeam Black Gum (Women's)",989
2026-07-16T17:02:37.401Z,gid://shopify/Product/15184269541762,"new-balance-1000-grey-cream","New Balance 1000 Grey Cream",929
2026-07-16T17:02:37.401Z,gid://shopify/Product/15184269836674,"new-balance-9060-magenta","New Balance 9060 Magenta",902
2026-07-16T17:02:37.401Z,gid://shopify/Product/15184270131586,"new-balance-574-blue-laguna-sea-salt","New Balance 574 Blue Laguna Sea Salt",977
2026-07-16T17:02:37.401Z,gid://shopify/Product/15184270623106,"new-balance-1000-navy-sea-salt","New Balance 1000 Navy Sea Salt",861
2026-07-16T17:02:37.401Z,gid://shopify/Product/15185558503810,"nike-air-force-1-low-le-triple-white-ps","Nike Air Force 1 Low LE Triple White (PS)",983
2026-07-16T17:02:37.401Z,gid://shopify/Product/15185562403202,"nike-mercurial-superfly-10-elite-fg-glacier-blue","Nike Mercurial Superfly 10 Elite FG Glacier Blue",890
2026-07-16T17:02:37.401Z,gid://shopify/Product/15185578951042,"adidas-gazelle-bold-collegiate-orange-gum-womens","adidas Gazelle Bold Collegiate Orange Gum (Women's)",921
2026-07-16T17:02:37.401Z,gid://shopify/Product/15185585930626,"air-jordan-1-mid-se-orange-suede-gs","Jordan 1 Mid SE Orange Suede (GS)",978
2026-07-16T17:02:37.401Z,gid://shopify/Product/15185602052482,"adidas-campus-00s-better-scarlet-cloud-white","adidas Campus 00s Better Scarlet Cloud White",979
2026-07-16T17:02:37.402Z,gid://shopify/Product/15187334136194,"yzy-sl-02-black","YZY SL-02 Black",773
2026-07-16T17:02:37.402Z,gid://shopify/Product/15191110025602,"asics-gel-kayano-14-white-midnight-womens-1","ASICS Gel-Kayano 14 White Midnight (Women's) %",921
2026-07-16T17:02:37.402Z,gid://shopify/Product/15191122936194,"nike-dunk-low-lego-tour-yellow-gs","Nike Dunk Low LEGO Tour Yellow (GS)",984
2026-07-16T17:02:37.402Z,gid://shopify/Product/15191123788162,"lego-ideas-italian-riviera-29999","LEGO Ideas Italian Riviera Set 21359",872
2026-07-16T17:02:37.402Z,gid://shopify/Product/15191124935042,"adidas-ultra-boost-lego-color-pack-blue","adidas Ultra Boost LEGO Color Pack Blue",961
2026-07-16T17:04:46.460Z,gid://shopify/Product/15191127163266,"lego-star-wars-republic-cruiser-limited-edition-with-r2-r7-set-7665-red","LEGO Star Wars Republic Cruiser Limited Edition with R2-R7 Set 7665 Red",595
2026-07-16T17:04:46.464Z,gid://shopify/Product/15191582376322,"2020-pokemon-champions-path-elite-trainer-box","Pokémon TCG Champions Path Elite Trainer Box",842
2026-07-16T17:04:46.465Z,gid://shopify/Product/15191582900610,"2025-magic-the-gathering-marvels-spider-man-collector-booster-box","2025 Magic: The Gathering Marvel's Spider-Man Collector Booster Box",1004
2026-07-16T17:04:46.465Z,gid://shopify/Product/15191583981954,"2025-pokemon-scarlet-violet-black-bolt-elite-trainer-box","2025 Pokémon Scarlet & Violet Black Bolt Elite Trainer Box",922
2026-07-16T17:04:46.465Z,gid://shopify/Product/15191585030530,"2025-pokemon-scarlet-violet-black-bolt-white-flare-pokemon-center-elite-trainer-box","2025 Pokémon Scarlet & Violet Black Bolt & White Flare Pokemon Center Elite Trainer Box",959
2026-07-16T17:04:46.465Z,gid://shopify/Product/15191586210178,"2025-pokemon-scarlet-violet-prismatic-evolutions-super-premium-collection-4x-lot","2025 Pokémon Scarlet & Violet Prismatic Evolutions Super Premium Collection 4x Lot",953
2026-07-16T17:04:46.465Z,gid://shopify/Product/15191586963842,"2025-pokemon-scarlet-violet-white-flare-elite-trainer-box","2025 Pokémon Scarlet & Violet White Flare Elite Trainer Box",935
2026-07-16T17:04:46.465Z,gid://shopify/Product/15191590142338,"adidas-achille-spzl-liam-gallagher-stone-khaki","adidas Achille SPZL Liam Gallagher Stone Khaki",924
2026-07-16T17:04:46.465Z,gid://shopify/Product/15191592206722,"adidas-adilette-jeremy-scott-js-bear-yellow","adidas JS Adilette Jeremy Scott Teddy Yellow",889
2026-07-16T17:04:46.465Z,gid://shopify/Product/15191594566018,"adidas-adizero-adios-pro-4-shock-pink","adidas Adizero Adios Pro 4 Shock Pink",886
2026-07-16T17:04:46.465Z,gid://shopify/Product/15191613702530,"adidas-adizero-evo-sl-silver-metallic","adidas Adizero Evo SL Silver Metallic",943
2026-07-16T17:04:46.465Z,gid://shopify/Product/15191616520578,"adidas-ae-1-all-star","adidas AE 1 All-Star The Future",1100
2026-07-16T17:04:46.466Z,gid://shopify/Product/15191618158978,"adidas-ae-1-low-lucid-lime","adidas AE 1 Low Lucid Lime",1048
2026-07-16T17:04:46.466Z,gid://shopify/Product/15191619207554,"adidas-ae-2-black-white-red","adidas AE 2 Black White Red",896
2026-07-16T17:04:46.466Z,gid://shopify/Product/15191620452738,"adidas-bw-army-black-cracked-leather","adidas BW Army Black Cracked Leather",873
2026-07-16T17:04:46.466Z,gid://shopify/Product/15191621271938,"adidas-campus-00s-better-scarlet-clear-pink","adidas Campus 00s Better Scarlet Clear Pink",1188
2026-07-16T17:04:46.466Z,gid://shopify/Product/15191626613122,"adidas-campus-00s-wonder-white-gum","adidas Campus 00s Wonder White Gum",1370
2026-07-16T17:04:46.466Z,gid://shopify/Product/15191627301250,"adidas-campus-bad-bunny-cream","adidas Campus Light Bad Bunny Cream",903
2026-07-16T17:04:46.466Z,gid://shopify/Product/15191628906882,"adidas-continental-80-white-scarlet-navy","adidas Continental 80 White Scarlet Navy",847
2026-07-16T17:04:46.466Z,gid://shopify/Product/15191629529474,"adidas-crazy-2-all-star","adidas Crazy 2 All-Star",929
2026-07-16T17:04:46.466Z,gid://shopify/Product/15195398340994,"adidas-dame-8-admit-one-core-black","adidas Dame 8 Admit One Core Black",902
2026-07-16T17:04:46.466Z,gid://shopify/Product/15195400307074,"adidas-f50-elite-fg-bape-multi-camo","adidas F50 Elite FG Bape Multi Camo",1057
2026-07-16T17:04:46.466Z,gid://shopify/Product/15195400798594,"adidas-f50-elite-laceless-fg-lamine-yamal-future-icons-pack","adidas F50 Elite Laceless FG Lamine Yamal Future Icons Pack",1115
2026-07-16T17:04:46.466Z,gid://shopify/Product/15195401453954,"adidas-fear-of-god-athletics-i-basketball-carbon-sesame","adidas Fear of God Athletics I Basketball Carbon Sesame",1305
2026-07-16T17:04:46.466Z,gid://shopify/Product/15195402699138,"adidas-forum-hi-wings-40-jeremy-scott-black","adidas Forum Hi Wings 4.0 Jeremy Scott Black",1307
2026-07-16T17:04:46.467Z,gid://shopify/Product/15195403223426,"adidas-forum-low-the-simpsons-treehouse-of-horror","adidas Forum Low The Simpsons Treehouse of Horror",1155
2026-07-16T17:04:46.467Z,gid://shopify/Product/15195419476354,"adidas-gazelle-indoor-sand-strata-premium-brown-womens","adidas Gazelle Indoor Sand Strata Premium Brown (Women's)",1253
2026-07-16T17:04:46.467Z,gid://shopify/Product/15195488092546,"adidas-handball-spezial-maroon-cream-white-womens","adidas Handball Spezial Maroon Cream White (Women's)",1228
2026-07-16T17:04:46.467Z,gid://shopify/Product/15195508474242,"adidas-harden-vol-9-black-warm-vanilla","adidas Harden Vol. 9 Black Warm Vanilla",1179
2026-07-16T17:04:46.467Z,gid://shopify/Product/15195542815106,"adidas-harden-vol-9-pure-ruby","adidas Harden Vol. 9 Pure Ruby",1058
2026-07-16T17:04:46.467Z,gid://shopify/Product/15198188044674,"adidas-japan-mid-yellow-black-womens","adidas Japan Mid Yellow Black (Women's)",942
2026-07-16T17:04:46.467Z,gid://shopify/Product/15198189486466,"adidas-marathon-spzl-noel-gallagher-night-navy","adidas Marathon SPZL Noel Gallagher Night Navy",1006
2026-07-16T17:04:46.467Z,gid://shopify/Product/15198194958722,"adidas-rivalry-86-low-deadpool-wolverine-wolverine","adidas Rivalry 86 Low Deadpool & Wolverine Wolverine",1303
2026-07-16T17:04:46.467Z,gid://shopify/Product/15198205116802,"adidas-samba-disney-101-dalmatians-penny","adidas Samba Disney 101 Dalmatians Penny",1062
2026-07-16T17:04:46.467Z,gid://shopify/Product/15198209442178,"adidas-samba-jane-white-blue-gum-womens","adidas Samba Jane White Blue Gum (Women's)",1093
2026-07-16T17:04:46.467Z,gid://shopify/Product/15198339170690,"adidas-samba-og-crochet-pack-orbit-green-womens","adidas Samba OG Crochet Pack Orbit Green (Women's)",1250
2026-07-16T17:04:46.467Z,gid://shopify/Product/15198342578562,"adidas-samba-og-maroon-off-white-gum-womens","adidas Samba OG Maroon Off White Gum (Women's)",1133
2026-07-16T17:04:46.467Z,gid://shopify/Product/15198344184194,"adidas-samba-og-wonder-quartz-wonder-mauve-womens","adidas Samba OG Wonder Quartz Wonder Mauve (Women's)",1190
2026-07-16T17:04:46.467Z,gid://shopify/Product/15198347854210,"adidas-sl83-spzl-cp-company-dust-green","adidas SL83 SPZL C.P. Company Dust Green",1283
2026-07-16T17:04:46.468Z,gid://shopify/Product/15198348673410,"adidas-stan-smith-the-simpsons-homer-simpson","adidas Stan Smith The Simpsons Homer Simpson",1120
2026-07-16T17:07:02.380Z,gid://shopify/Product/15201446166914,"jordan-4-retro-black-cats","Jordan 4 Retro Black Cat (2006)",1065
2026-07-16T17:07:02.385Z,gid://shopify/Product/15203319284098,"ugg-neumel-platform-chelsea-boot-chestnut-w","UGG Neumel Platform Chelsea Boot Chestnut (Women's)",1035
2026-07-16T17:07:02.385Z,gid://shopify/Product/15203330261378,"uniqlo-x-cpfm-spongebob-squarepants-hoodie-gray","Uniqlo x CPFM Spongebob Squarepants Hoodie Gray",1380
2026-07-16T17:07:02.385Z,gid://shopify/Product/15203331309954,"vans-old-skool-a-tribe-called-quest-black","Vans Old Skool A Tribe Called Quest",949
2026-07-16T17:07:02.386Z,gid://shopify/Product/15203332751746,"vlone-x-never-broke-again-bones-t-shirt-black","Vlone x Never Broke Again Bones T-shirt Black",736
2026-07-16T17:07:02.386Z,gid://shopify/Product/15203341926786,"yeti-carryall-35-tote-bag-wetlands-camo","YETI Carryall 35 Tote Bag Wetlands Camo",984
2026-07-16T17:07:02.386Z,gid://shopify/Product/15209170305410,"air-jordan-6-rings-white-light-blue-fury-cyber","Jordan 6 Rings White Light Blue Fury Cyber",1339
2026-07-16T17:07:02.387Z,gid://shopify/Product/15212162613634,"jordan-4-retro-fear-2025","Jordan 4 Retro Fear (2024) %",1087
2026-07-16T17:07:02.387Z,gid://shopify/Product/15213058195842,"swatch-x-omega-bioceramic-moonswatch-mission-to-earthphase-moonshine-snoopy-gold-so33n702l-white","Swatch x Omega Bioceramic Moonswatch Mission To Earthphase Moonshine Snoopy Gold (Corn Moon) SO33N702L",952
2026-07-16T17:07:02.388Z,gid://shopify/Product/15213058687362,"swatch-x-omega-bioceramic-moonswatch-mission-on-earth-desert-so33t103-grey","Swatch x Omega Bioceramic Moonswatch Mission On Earth Desert SO33T103",1287
2026-07-16T17:07:02.388Z,gid://shopify/Product/15213059080578,"swatch-x-omega-bioceramic-moonswatch-mission-to-jupiter-so33c100-brown","Swatch x Omega Bioceramic Moonswatch Mission to Jupiter SO33C100",753
2026-07-16T17:07:02.388Z,gid://shopify/Product/15213059408258,"swatch-x-omega-bioceramic-moonswatch-mission-to-moonshine-floral-dial-so33m102-106-black","Swatch x Omega Bioceramic Moonswatch Mission To Moonshine Gold Floral SO33M102-106",1109
2026-07-16T17:07:02.388Z,gid://shopify/Product/15213059768706,"swatch-x-omega-bioceramic-moonswatch-mission-to-moonshine-gold-beaver-moon-so33m102-111-black","Swatch x Omega Bioceramic Moonswatch Mission To Moonshine Gold Beaver Moon SO33M102-111",1067
2026-07-16T17:07:02.388Z,gid://shopify/Product/15219317506434,"fear-of-god-essentials-classic-sweatshort-jet-black","Fear of God Essentials Classic Sweatshort Jet Black",1613
2026-07-16T17:07:02.389Z,gid://shopify/Product/15219317735810,"fear-of-god-essentials-sweatpant-cloud-dancer","Fear of God Essentials Sweatpant Cloud Dancer",822
2026-07-16T17:07:02.389Z,gid://shopify/Product/15219317932418,"fear-of-god-essentials-relaxed-fleece-sweatpant-jet-black","Fear of God Essentials Relaxed Fleece Sweatpant Jet Black",1042
2026-07-16T17:07:02.389Z,gid://shopify/Product/15219318194562,"fear-of-god-essentials-fleece-relaxed-sweatpant-heather-gray","Fear of God Essentials Fleece Relaxed Sweatpant Heather Gray",1072
2026-07-16T17:07:02.389Z,gid://shopify/Product/15219318423938,"fear-of-god-essentials-fleece-essential-sweatpant-shell","Fear of God Essentials Fleece Essential Sweatpant Shell",1115
2026-07-16T17:07:02.389Z,gid://shopify/Product/15219318751618,"fear-of-god-essentials-lounge-fleece-sweatpant-heather-stone","Fear of God Essentials Lounge Fleece Sweatpant Heather Stone",1098
2026-07-16T17:07:02.389Z,gid://shopify/Product/15219318980994,"fear-of-god-essentials-lounge-fleece-sweatpant-homestead-heather","Fear of God Essentials Lounge Fleece Sweatpant Homestead Heather",1017
2026-07-16T17:07:02.389Z,gid://shopify/Product/15219319275906,"fear-of-god-essentials-relaxed-fleece-piping-sweatpant-jet-black-cloud-white","Fear of God Essentials Relaxed Fleece Piping Sweatpant Jet Black/Cloud White",1297
2026-07-16T17:07:02.389Z,gid://shopify/Product/15219321045378,"fear-of-god-essentials-kids-classic-fleece-sweatpant-concrete-heather","Fear of God Essentials Kids Classic Fleece Sweatpant Concrete Heather",1320
2026-07-16T17:07:02.389Z,gid://shopify/Product/15219384418690,"new-balance-1000-joe-freshgoods-black-ice","New Balance 1000 Joe Freshgoods When Things Were Pure Black Ice",1382
2026-07-16T17:07:02.389Z,gid://shopify/Product/15219384975746,"new-balance-480-triple-white","New Balance 480 Triple White",1015
2026-07-16T17:07:02.389Z,gid://shopify/Product/15219385303426,"new-balance-9060-sydney-mclaughlin-levrone-linen-black-coffee","New Balance 9060 Sydney McLaughlin-Levrone Linen Black Coffee",1391
2026-07-16T17:07:02.389Z,gid://shopify/Product/15219385729410,"nike-kd-18-aunt-pearl","Nike KD 18 Aunt Pearl",1288
2026-07-16T17:07:02.389Z,gid://shopify/Product/15219385958786,"nike-kobe-6-wnba-gs","Nike Kobe 6 Total Orange (GS)",1618
2026-07-16T17:07:02.389Z,gid://shopify/Product/15219386155394,"nike-air-max-95-og-big-bubble-blue-spark","Nike Air Max 95 OG Big Bubble Blue Spark",1564
2026-07-16T17:07:02.389Z,gid://shopify/Product/15219386352002,"asics-gel-cumulus-16-toga-white-red-pure-silver","ASICS Gel-Cumulus 16 TOGA White Red Pure Silver",1347
2026-07-16T17:07:02.389Z,gid://shopify/Product/15219386614146,"pop-mart-skullpanda-x-wednesday-nevermore-academy-uniform-version-plush","Pop Mart SKULLPANDA x Wednesday (Nevermore Academy Uniform Version) Plush",1283
2026-07-16T17:07:02.390Z,gid://shopify/Product/15219386843522,"nike-air-max-rk61-air-afrique-black","Nike Air Max RK61 Air Afrique Black",1204
2026-07-16T17:07:02.390Z,gid://shopify/Product/15222055371138,"nike-vapor-edge-360-untouchable-mid-white-metallic-silver","Nike Vapor Edge 360 Untouchable Mid White Metallic Silver",1679
2026-07-16T17:07:02.390Z,gid://shopify/Product/15222055567746,"nike-air-force-1-low-07-lv8-black-gum-light-brown-white","Nike Air Force 1 Low '07 LV8 Black Gum Light Brown White",1196
2026-07-16T17:07:02.390Z,gid://shopify/Product/15222055797122,"supreme-snowman-tee-black","Supreme Snowman Tee Black",1059
2026-07-16T17:07:02.390Z,gid://shopify/Product/15222056059266,"nike-ja-2-kool-aid-mixed-berry","Nike Ja 2 Kool-Aid Mixed Berry",1254
2026-07-16T17:07:02.390Z,gid://shopify/Product/15222056255874,"air-jordan-1-retro-high-og-shattered-backboard-2025-gs","Jordan 1 Retro High OG Shattered Backboard (2025) (GS)",1466
2026-07-16T17:07:02.390Z,gid://shopify/Product/15222056452482,"nike-lebron-23-the-chosen-one-and-the-one-who-chose","Nike LeBron 23 The Chosen One and The One Who Chose (Translucent Outsole)",1245
2026-07-16T17:07:02.390Z,gid://shopify/Product/15222056714626,"air-jordan-4-retro-rare-air-ps","Jordan 4 Retro Rare Air (PS)",1700
2026-07-16T17:07:02.390Z,gid://shopify/Product/15222057009538,"air-jordan-3-retro-tex-starfish-womens","Jordan 3 Retro TEX Starfish (Women's)",1761
2026-07-16T17:07:02.390Z,gid://shopify/Product/15222057238914,"aime-leon-dore-x-porsche-fleet-tee-white","Aime Leon Dore x Porsche Fleet Tee White",1165
2026-07-16T17:10:38.702Z,gid://shopify/Product/15222057435522,"converse-chuck-taylor-all-star-70-hi-sketch-black","Converse Chuck Taylor All Star 70 Hi Sketch Black",1108
2026-07-16T17:10:38.707Z,gid://shopify/Product/15222502982018,"nike-calm-slide-black","Nike Calm Slide Black",916
2026-07-16T17:10:38.708Z,gid://shopify/Product/15222503244162,"nike-aone-pearl-womens","Nike A'ja Wilson A'One Pearl (Women's)",1044
2026-07-16T17:10:38.708Z,gid://shopify/Product/15222503473538,"asics-gel-cumulus-16-burgundy-pink","ASICS Gel-Cumulus 16 Burgundy Pink",1089
2026-07-16T17:10:38.708Z,gid://shopify/Product/15222503801218,"reebok-pump-omni-zone-ii-playstation-30th-anniversary","Reebok Pump Omni Zone II PlayStation 30th Anniversary",1116
2026-07-16T17:10:38.708Z,gid://shopify/Product/15222504030594,"nike-ld-waffle-sf-sacai-fragment-grey-blue-void","Nike LD Waffle SF sacai Fragment Blue Void",838
2026-07-16T17:10:38.708Z,gid://shopify/Product/15222504718722,"fear-of-god-essentials-kids-fleece-essential-sweatpant-heather-gray","Fear of God Essentials Kids Fleece Essential Sweatpant Heather Gray",1124
2026-07-16T17:10:38.708Z,gid://shopify/Product/15222504915330,"adidas-tokyo-black-floral-embroidery-womens","adidas Tokyo Black Floral Embroidery (Women's)",1070
2026-07-16T17:10:38.708Z,gid://shopify/Product/15222505111938,"nike-air-max-2017-black-anthracite","Nike Air Max 2017 Black Anthracite",929
2026-07-16T17:10:38.708Z,gid://shopify/Product/15222505308546,"nike-air-trainer-huarache-triple-black","Nike Air Trainer Huarache Triple Black",1411
2026-07-16T17:10:38.708Z,gid://shopify/Product/15222505537922,"supreme-number-nine-mickey-mesh-back-5-panel-black","Supreme Number (N)ine Mickey Mesh Back 5-Panel Black",1008
2026-07-16T17:10:38.708Z,gid://shopify/Product/15222505734530,"converse-chuck-taylor-all-star-70s-hi-black","Converse Chuck Taylor All Star 70 Hi Black",1307
2026-07-16T17:10:38.708Z,gid://shopify/Product/15222505931138,"adidas-taekwondo-mei-ballet-black-gum-womens","adidas Taekwondo Mei Ballet Black Gum (Women's)",1117
2026-07-16T17:10:38.708Z,gid://shopify/Product/15222506127746,"asics-gel-nimbus-101-invincible-http-404-blue","ASICS Gel-Nimbus 10.1 Invincible HTTP 404 Blue",1163
2026-07-16T17:10:38.709Z,gid://shopify/Product/15222506324354,"nike-ava-rover-fossil-canyon-rust","Nike Ava Rover Fossil Canyon Rust",1071
2026-07-16T17:10:38.709Z,gid://shopify/Product/15223795417474,"nike-air-zoom-gt-cut-3-turbo-white-metallic-silver","Nike Air Zoom GT Cut 3 Turbo White Metallic Silver",1215
2026-07-16T17:10:38.709Z,gid://shopify/Product/15223795646850,"supreme-fox-racing-dmx-jersey-black","Supreme Fox Racing DMX Jersey Black",1051
2026-07-16T17:10:38.709Z,gid://shopify/Product/15223795876226,"nike-lunar-force-1-high-duckboot-ale-brown-black","Nike Lunar Force 1 High Duckboot Ale Brown Black",1233
2026-07-16T17:10:38.709Z,gid://shopify/Product/15223796072834,"nike-air-max-1-sp-concepts-denim-tiger-camo","Nike Air Max 1 SP Concepts Heavy",957
2026-07-16T17:10:38.709Z,gid://shopify/Product/15223796334978,"nike-air-force-1-low-07-red-roses-womens","Nike Air Force 1 Low '07 Red Roses (Women's)",1288
2026-07-16T17:10:38.709Z,gid://shopify/Product/15223796531586,"nike-p-6000-metallic-platinum-pure-platinum-metallic-silver-university-blue","Nike P-6000 Metallic Platinum Pure Platinum Metallic Silver University Blue",1234
2026-07-16T17:10:38.709Z,gid://shopify/Product/15223796826498,"nike-zoom-mercurial-vapor-16-elite-fg-air-max-95-white","Nike Zoom Mercurial Vapor 16 Elite FG Air Max 95 White",1051
2026-07-16T17:10:38.709Z,gid://shopify/Product/15223798301058,"supreme-satin-applique-hooded-sweatshirt-fw25-black","Supreme Satin Appliqué Hooded Sweatshirt (FW25) Black",898
2026-07-16T17:10:38.709Z,gid://shopify/Product/15223798792578,"nike-air-max-2-cb-94-black-white-purple-2020","Nike Air Max 2 CB '94 Black White Purple",1194
2026-07-16T17:10:38.709Z,gid://shopify/Product/15223798989186,"nike-air-force-1-flyknit-2-black-pure-platinum","Nike Air Force 1 Flyknit 2 Black Pure Platinum",1322
2026-07-16T17:10:38.709Z,gid://shopify/Product/15223799316866,"nike-air-max-1-patta-waves-noise-aqua-with-bracelet","Nike Air Max 1 Patta Waves Noise Aqua (with Bracelet)",979
2026-07-16T17:10:38.709Z,gid://shopify/Product/15223799513474,"nike-air-max-90-leopard-sanddrift-black-womens","Nike Air Max 90 Leopard Sanddrift Black (Women's)",1756
2026-07-16T17:10:38.709Z,gid://shopify/Product/15223799742850,"nike-gt-cut-3-furious-blue","Nike GT Cut 3 Furious Blue",1400
2026-07-16T17:10:38.709Z,gid://shopify/Product/15223800004994,"on-running-cloudtilt-loewe-all-white-womens","On Running Cloudtilt LOEWE All White (Women's)",1234
2026-07-16T17:10:38.709Z,gid://shopify/Product/15224601903490,"nike-air-max-95-og-big-bubble-black-medium-olive-womens","Nike Air Max 95 OG Big Bubble Black Medium Olive (Women's)",1313
2026-07-16T17:10:38.709Z,gid://shopify/Product/15224602100098,"pop-mart-labubu-the-monsters-big-into-energy-series-id-secret-version-vinyl-plush-pendant","Pop Mart Labubu The Monsters Big into Energy Series ID (Secret Version) Vinyl Plush Pendant",1359
2026-07-16T17:10:38.710Z,gid://shopify/Product/15224602329474,"gymshark-onyx-50-seamless-t-shirt-black-carmine-red","Gymshark Onyx 5.0 Seamless T-shirt Black/Carmine Red",1107
2026-07-16T17:10:38.710Z,gid://shopify/Product/15224602526082,"air-jordan-11-retro-black-barely-volt-gs","Jordan 11 Retro Black Barely Volt (GS)",1389
2026-07-16T17:10:38.710Z,gid://shopify/Product/15224602722690,"pop-mart-labubu-the-monsters-big-into-energy-series-luck-vinyl-plush-pendant","Pop Mart Labubu The Monsters Big into Energy Series Luck Vinyl Plush Pendant",1363
2026-07-16T17:10:38.710Z,gid://shopify/Product/15224602984834,"casio-back-to-the-future-vintage-ca-500webf-1a-black","Casio Back To The Future Vintage CA-500WEBF-1A",1030
2026-07-16T17:10:38.710Z,gid://shopify/Product/15224603181442,"nike-sabrina-3-blueprint-gs","Nike Sabrina 3 Blueprint (GS)",1330
2026-07-16T17:10:38.710Z,gid://shopify/Product/15224603410818,"travis-scott-x-nike-x-fc-barcelona-spray-logo-hoodie-black","Travis Scott x Nike x FC Barcelona Spray Logo Hoodie Black",1112
2026-07-16T17:10:38.710Z,gid://shopify/Product/15224603672962,"new-balance-9060-black-phantom-gs","New Balance 9060 Triple Black (GS)",1759
2026-07-16T17:10:38.710Z,gid://shopify/Product/15224603935106,"nike-kobe-9-em-low-protro-tb-black-university-gold","Nike Kobe 9 EM Low Protro TB Black University Gold",1280
2026-07-16T17:10:38.710Z,gid://shopify/Product/15224604164482,"air-jordan-1-mid-se-white-cave-stone","Jordan 1 Mid SE White Cave Stone",1464
2026-07-16T17:10:38.710Z,gid://shopify/Product/15222057435522,"converse-chuck-taylor-all-star-70-hi-sketch-black","Converse Chuck Taylor All Star 70 Hi Sketch Black",1108
2026-07-16T17:10:38.710Z,gid://shopify/Product/15222502982018,"nike-calm-slide-black","Nike Calm Slide Black",916
2026-07-16T17:10:38.710Z,gid://shopify/Product/15222503244162,"nike-aone-pearl-womens","Nike A'ja Wilson A'One Pearl (Women's)",1044
2026-07-16T17:10:38.710Z,gid://shopify/Product/15222503473538,"asics-gel-cumulus-16-burgundy-pink","ASICS Gel-Cumulus 16 Burgundy Pink",1089
2026-07-16T17:10:38.710Z,gid://shopify/Product/15222503801218,"reebok-pump-omni-zone-ii-playstation-30th-anniversary","Reebok Pump Omni Zone II PlayStation 30th Anniversary",1116
2026-07-16T17:10:38.710Z,gid://shopify/Product/15222504030594,"nike-ld-waffle-sf-sacai-fragment-grey-blue-void","Nike LD Waffle SF sacai Fragment Blue Void",829
2026-07-16T17:10:38.710Z,gid://shopify/Product/15222504718722,"fear-of-god-essentials-kids-fleece-essential-sweatpant-heather-gray","Fear of God Essentials Kids Fleece Essential Sweatpant Heather Gray",1124
2026-07-16T17:10:38.710Z,gid://shopify/Product/15222504915330,"adidas-tokyo-black-floral-embroidery-womens","adidas Tokyo Black Floral Embroidery (Women's)",1070
2026-07-16T17:10:38.711Z,gid://shopify/Product/15222505111938,"nike-air-max-2017-black-anthracite","Nike Air Max 2017 Black Anthracite",929
2026-07-16T17:10:38.711Z,gid://shopify/Product/15222505308546,"nike-air-trainer-huarache-triple-black","Nike Air Trainer Huarache Triple Black",1411
2026-07-16T17:10:38.711Z,gid://shopify/Product/15222505537922,"supreme-number-nine-mickey-mesh-back-5-panel-black","Supreme Number (N)ine Mickey Mesh Back 5-Panel Black",1008
2026-07-16T17:10:38.711Z,gid://shopify/Product/15222505734530,"converse-chuck-taylor-all-star-70s-hi-black","Converse Chuck Taylor All Star 70 Hi Black",1307
2026-07-16T17:10:38.711Z,gid://shopify/Product/15222505931138,"adidas-taekwondo-mei-ballet-black-gum-womens","adidas Taekwondo Mei Ballet Black Gum (Women's)",1117
2026-07-16T17:10:38.711Z,gid://shopify/Product/15222506127746,"asics-gel-nimbus-101-invincible-http-404-blue","ASICS Gel-Nimbus 10.1 Invincible HTTP 404 Blue",1163
2026-07-16T17:10:38.711Z,gid://shopify/Product/15222506324354,"nike-ava-rover-fossil-canyon-rust","Nike Ava Rover Fossil Canyon Rust",1071
2026-07-16T17:10:38.711Z,gid://shopify/Product/15223795417474,"nike-air-zoom-gt-cut-3-turbo-white-metallic-silver","Nike Air Zoom GT Cut 3 Turbo White Metallic Silver",1215
2026-07-16T17:10:38.711Z,gid://shopify/Product/15223795646850,"supreme-fox-racing-dmx-jersey-black","Supreme Fox Racing DMX Jersey Black",1051
2026-07-16T17:10:38.711Z,gid://shopify/Product/15223795876226,"nike-lunar-force-1-high-duckboot-ale-brown-black","Nike Lunar Force 1 High Duckboot Ale Brown Black",1233
2026-07-16T17:10:38.711Z,gid://shopify/Product/15223796072834,"nike-air-max-1-sp-concepts-denim-tiger-camo","Nike Air Max 1 SP Concepts Heavy",957
2026-07-16T17:10:38.711Z,gid://shopify/Product/15223796334978,"nike-air-force-1-low-07-red-roses-womens","Nike Air Force 1 Low '07 Red Roses (Women's)",1288
2026-07-16T17:10:38.711Z,gid://shopify/Product/15223796531586,"nike-p-6000-metallic-platinum-pure-platinum-metallic-silver-university-blue","Nike P-6000 Metallic Platinum Pure Platinum Metallic Silver University Blue",1234
2026-07-16T17:10:38.711Z,gid://shopify/Product/15223796826498,"nike-zoom-mercurial-vapor-16-elite-fg-air-max-95-white","Nike Zoom Mercurial Vapor 16 Elite FG Air Max 95 White",1051
2026-07-16T17:10:38.711Z,gid://shopify/Product/15223798301058,"supreme-satin-applique-hooded-sweatshirt-fw25-black","Supreme Satin Appliqué Hooded Sweatshirt (FW25) Black",898
2026-07-16T17:10:38.711Z,gid://shopify/Product/15223798792578,"nike-air-max-2-cb-94-black-white-purple-2020","Nike Air Max 2 CB '94 Black White Purple",1194
2026-07-16T17:10:38.712Z,gid://shopify/Product/15223798989186,"nike-air-force-1-flyknit-2-black-pure-platinum","Nike Air Force 1 Flyknit 2 Black Pure Platinum",1322
2026-07-16T17:10:38.712Z,gid://shopify/Product/15223799316866,"nike-air-max-1-patta-waves-noise-aqua-with-bracelet","Nike Air Max 1 Patta Waves Noise Aqua (with Bracelet)",979
2026-07-16T17:10:38.712Z,gid://shopify/Product/15223799513474,"nike-air-max-90-leopard-sanddrift-black-womens","Nike Air Max 90 Leopard Sanddrift Black (Women's)",1521
2026-07-16T17:10:38.712Z,gid://shopify/Product/15223799742850,"nike-gt-cut-3-furious-blue","Nike GT Cut 3 Furious Blue",1243
2026-07-16T17:10:38.712Z,gid://shopify/Product/15224604164482,"air-jordan-1-mid-se-white-cave-stone","Jordan 1 Mid SE White Cave Stone",1464
2026-07-16T17:12:29.253Z,gid://shopify/Product/15224604393858,"takashi-murakami-x-dodgers-hoodie-black","Takashi Murakami x Dodgers Hoodie Black",924
2026-07-16T17:12:29.255Z,gid://shopify/Product/15224604590466,"nike-dunk-low-white-midnight-navy","Nike Dunk Low White Midnight Navy",1065
2026-07-16T17:12:29.255Z,gid://shopify/Product/15224604819842,"nike-book-1-solar-red-95","Nike Book 1 Solar Red 95",1023
2026-07-16T17:12:29.255Z,gid://shopify/Product/15224605081986,"air-jordan-1-mid-se-patent-bred-toe","Jordan 1 Mid SE Patent Bred Toe",1027
2026-07-16T17:12:29.255Z,gid://shopify/Product/15225461670274,"new-balance-740-triple-black","New Balance 740 Triple Black",1038
2026-07-16T17:12:29.255Z,gid://shopify/Product/15225461899650,"air-jordan-1-mid-barons","Jordan 1 Mid Barons",1078
2026-07-16T17:12:29.255Z,gid://shopify/Product/15225462161794,"moon-boot-icon-low-nylon-boot-black-white","Moon Boot Icon Low Nylon Boot Black White",1061
2026-07-16T17:12:29.255Z,gid://shopify/Product/15225462555010,"nike-total-90-3-sp-white-metallic-gold","Nike Total 90 3 SP White Metallic Gold",1162
2026-07-16T17:12:29.256Z,gid://shopify/Product/15225462915458,"new-balance-9060-black-ps","New Balance 9060 Black (PS)",1026
2026-07-16T17:12:29.256Z,gid://shopify/Product/15225463144834,"nike-sportswear-tech-fleece-hoodie-glacier-blue","Nike Sportswear Tech Fleece Hoodie Glacier Blue",1053
2026-07-16T17:12:29.256Z,gid://shopify/Product/15225463406978,"bravest-studios-bear-claw-mule-grey","Bravest Studios Bear Claw Mule Grey",1042
2026-07-16T17:12:29.256Z,gid://shopify/Product/15225463734658,"supreme-number-nine-mickey-mesh-back-5-panel-red","Supreme Number (N)ine Mickey Mesh Back 5-Panel Red",965
2026-07-16T17:12:29.256Z,gid://shopify/Product/15225463931266,"nike-kobe-bryant-baseball-jersey-black","Nike Kobe Bryant Baseball Jersey Black",949
2026-07-16T17:12:29.256Z,gid://shopify/Product/15225464226178,"nike-gt-cut-cross-barely-grape","Nike GT Cut Cross Barely Grape",1139
2026-07-16T17:12:29.256Z,gid://shopify/Product/15225464488322,"nike-dunk-low-retro-se-panda-monium-white-black-suede","Nike Dunk Low Retro SE Panda-Monium White Black Suede",1158
2026-07-16T17:12:29.256Z,gid://shopify/Product/15225464750466,"new-balance-992-miusa-black","New Balance 992 MiUSA Black",1137
2026-07-16T17:12:29.256Z,gid://shopify/Product/15225464947074,"air-jordan-1-retro-high-og-shattered-backboard-2025-ps","Jordan 1 Retro High OG Shattered Backboard (2025) (PS)",1177
2026-07-16T17:12:29.256Z,gid://shopify/Product/15225465405826,"nike-dunk-low-retro-camo-olive","Nike Dunk Low Retro Camo Olive",1203
2026-07-16T17:12:29.256Z,gid://shopify/Product/15225465733506,"pop-mart-labubu-the-monsters-wacky-mart-series-vinyl-plush-hanging-card","Pop Mart Labubu The Monsters Wacky Mart Series Vinyl Plush Hanging Card",1005
2026-07-16T17:12:29.256Z,gid://shopify/Product/15227719025026,"nike-kobe-5-protro-caitlin-clark-indiana-fever","Nike Kobe 5 Protro Caitlin Clark Indiana Fever",1330
2026-07-16T17:12:29.256Z,gid://shopify/Product/15227719516546,"supreme-playboi-carti-tee-woodland-camo","Supreme Playboi Carti Tee Woodland Camo",1113
2026-07-16T17:12:29.256Z,gid://shopify/Product/15227720073602,"nike-kobe-4-protro-chbl","Nike Kobe 4 Protro CHBL",1315
2026-07-16T17:12:29.256Z,gid://shopify/Product/15227720565122,"miniso-top-toy-x-chiikawa-pajama-face-changing-series-keychain-sealed-case-6-blind-box","Miniso Top Toy x Chiikawa Pajama Face Changing Series Keychain Sealed Case (6 Blind Box)",1054
2026-07-16T17:12:29.256Z,gid://shopify/Product/15227721089410,"supreme-fox-racing-zip-up-hooded-sweatshirt-realtree-hardwoods-camo","Supreme Fox Racing Zip Up Hooded Sweatshirt Realtree Hardwoods Camo",1095
2026-07-16T17:12:29.257Z,gid://shopify/Product/15227721548162,"supreme-box-logo-hooded-sweatshirt-fw24-green","Supreme Box Logo Hooded Sweatshirt (FW24) Green",1165
2026-07-16T17:12:29.257Z,gid://shopify/Product/15227721908610,"air-jordan-4-retro-white-cement-2025-td","Jordan 4 Retro White Cement (2025) (TD)",1638
2026-07-16T17:12:29.257Z,gid://shopify/Product/15227722269058,"nike-air-zoom-gt-cut-3-royal-pulse","Nike Air Zoom GT Cut 3 Royal Pulse",1354
2026-07-16T17:12:29.257Z,gid://shopify/Product/15227722662274,"supreme-bones-football-jersey-black","Supreme Bones Football Jersey Black",1160
2026-07-16T17:12:29.257Z,gid://shopify/Product/15227723055490,"asics-gel-1130-white-crystal-pink-womens","ASICS Gel-1130 White Crystal Pink (Women's)",1278
2026-07-16T17:12:29.257Z,gid://shopify/Product/15227723415938,"mattel-monster-high-skullector-chucky-and-tiffany-doll-2-pack","Mattel Monster High Skullector Chucky and Tiffany Doll (2-Pack)",1254
2026-07-16T17:12:29.257Z,gid://shopify/Product/15227723972994,"trader-joes-mini-canvas-tote-bag-set-of-4-halloween","Trader Joe's Mini Canvas Tote Bag (Set of 4) Halloween",1005
2026-07-16T17:12:29.257Z,gid://shopify/Product/15227724562818,"supreme-arc-thermal-lined-zip-up-hooded-sweatshirt-brown","Supreme Arc Thermal Lined Zip Up Hooded Sweatshirt Brown",1017
2026-07-16T17:12:29.257Z,gid://shopify/Product/15227724890498,"nike-air-tech-challenge-ii-stone-blue-2025","Nike Air Tech Challenge II Stone Blue (2025)",1742
2026-07-16T17:12:29.257Z,gid://shopify/Product/15227725349250,"nike-dunk-low-se-lottery","Nike Dunk Low SE Lottery Pack Malachite Green",1057
2026-07-16T17:12:29.257Z,gid://shopify/Product/15229813883266,"air-jordan-7-retro-citrus-2022","Jordan 7 Retro Citrus (2022)",866
2026-07-16T17:12:29.257Z,gid://shopify/Product/15229814145410,"crocs-pollex-clog-by-salehe-bembury-tide","Crocs Pollex Clog by Salehe Bembury Tide",909
2026-07-16T17:12:29.257Z,gid://shopify/Product/15229814374786,"bape-abc-camo-by-bathing-ape-tee-black-blue","BAPE ABC Camo By Bathing Ape Tee Black/Blue",812
2026-07-16T17:12:29.257Z,gid://shopify/Product/15229814702466,"anti-social-social-club-playboy-bunny-logo-hoodie-black","Anti Social Social Club Playboy Bunny Logo Hoodie Black",965
2026-07-16T17:12:29.257Z,gid://shopify/Product/15229814964610,"nike-dunk-low-undefeated-canteen-dunk-vs-af1-pack","Nike Dunk Low SP Undefeated Canteen Dunk vs. AF1 Pack",935
2026-07-16T17:12:29.257Z,gid://shopify/Product/15229815292290,"hoka-one-one-clifton-9-triple-black","Hoka One One Clifton 9 Triple Black",1425
2026-07-16T17:14:19.919Z,gid://shopify/Product/15229817225602,"converse-chuck-taylor-all-star-70-hi-plus-canvas-black-white","Converse Chuck Taylor All Star 70 Hi Plus Canvas Black White",988
2026-07-16T17:14:19.922Z,gid://shopify/Product/15229818634626,"nike-air-max-90-black-clear-jade","Nike Air Max 90 Black Clear Jade",1154
2026-07-16T17:14:19.922Z,gid://shopify/Product/15229819945346,"nike-dunk-low-cactus-plant-flea-market-grinch","Nike CPFM Flea 1 Cactus Plant Flea Market Overgrown",1120
2026-07-16T17:14:19.922Z,gid://shopify/Product/15229820895618,"pop-mart-skullpanda-you-found-me-series-plush-doll-pendant-sealed-case-9-blind-boxes","Pop Mart SKULLPANDA You Found Me! Series Plush Doll Pendant Sealed Case (9 Blind Boxes)",957
2026-07-16T17:14:19.922Z,gid://shopify/Product/15229822697858,"air-jordan-4-retro-cave-stone-td","Jordan 4 Retro Cave Stone (TD)",966
2026-07-16T17:14:19.922Z,gid://shopify/Product/15229824663938,"sprayground-checkpoint-royale-backpack-multicolor","Sprayground Checkpoint Royale Backpack Multicolor",833
2026-07-16T17:14:19.922Z,gid://shopify/Product/15229827187074,"supreme-the-exorcist-camp-cap-multicolor","Supreme The Exorcist Camp Cap Multicolor",778
2026-07-16T17:14:19.922Z,gid://shopify/Product/15230946541954,"supreme-faux-shearling-lined-bomber-jacket-fw25-black","Supreme Faux Sherling Lined Bomber Jacket (FW25) Black",836
2026-07-16T17:14:19.922Z,gid://shopify/Product/15230946804098,"nike-sb-dunk-low-verdugo-mountain","Nike SB Dunk Low Verdugo Mountain",1024
2026-07-16T17:14:19.923Z,gid://shopify/Product/15230947066242,"nike-dunk-low-harris-tweed-purple-pink-womens","Nike Dunk Low Harris Tweed Purple Pink (Women's)",1145
2026-07-16T17:14:19.923Z,gid://shopify/Product/15230947262850,"pop-mart-skullpanda-lazy-panda-plush-doll-pendant","Pop Mart SKULLPANDA Lazy Panda Plush Doll Pendant",1003
2026-07-16T17:14:19.923Z,gid://shopify/Product/15230947524994,"nike-sb-dunk-low-dark-team-red-olive-flak","Nike SB Dunk Low Dark Team Red Olive Flak",1292
2026-07-16T17:14:19.923Z,gid://shopify/Product/15230947721602,"air-jordan-1-low-sail-soft-pearl-womens","Jordan 1 Low Sail Soft Pearl (Women's)",1140
2026-07-16T17:14:19.923Z,gid://shopify/Product/15230948016514,"nike-dunk-low-retro-fauna-brown-soft-pearl","Nike Dunk Low Retro Fauna Brown Soft Pearl",1084
2026-07-16T17:14:19.923Z,gid://shopify/Product/15230948573570,"nike-kd-4-mvp","Nike KD 4 MVP",1220
2026-07-16T17:14:19.923Z,gid://shopify/Product/15230948770178,"nike-dunk-low-syracuse-pale-ivory","Nike Dunk Low Syracuse Pale Ivory",1431
2026-07-16T17:14:19.923Z,gid://shopify/Product/15230948966786,"fear-of-god-essentials-sweatshort-dusty-beige","Fear of God Essentials Sweatshort Dusty Beige",873
2026-07-16T17:14:19.923Z,gid://shopify/Product/15231560843650,"asics-gel-ds-trainer-14-temptation-vacation","ASICS Gel-DS Trainer 14 Temptation Vacation",1105
2026-07-16T17:14:19.923Z,gid://shopify/Product/15231561138562,"nike-shox-r4-black-floral-womens","Nike Shox R4 Black Floral (Women's)",1102
2026-07-16T17:14:19.923Z,gid://shopify/Product/15231561367938,"pop-mart-skullpanda-you-found-me-series-buddy-doggie-secret-edition-plush-doll-pendant","Pop Mart SKULLPANDA You Found Me! Series Buddy Doggie Secret Edition Plush Doll Pendant",1171
2026-07-16T17:14:19.924Z,gid://shopify/Product/15231561662850,"nike-sb-dunk-low-wheat-2020","Nike SB Dunk Low Wheat",1025
2026-07-16T17:14:19.924Z,gid://shopify/Product/15231561892226,"nike-sb-air-trainer-1-arts-rec-limestone","Nike SB Air Trainer 1 Arts-Rec Limestone",1251
2026-07-16T17:14:19.924Z,gid://shopify/Product/15231562088834,"nike-air-force-1-low-g-dragon-peaceminusone-para-noise-20","Nike Air Force 1 Low G-Dragon Peaceminusone Para-Noise 2.0",1314
2026-07-16T17:14:19.924Z,gid://shopify/Product/15231562285442,"air-jordan-3-retro-se-fire-red-2020","Jordan 3 Retro SE Fire Red Denim (2020)",1094
2026-07-16T17:14:19.924Z,gid://shopify/Product/15231562482050,"nike-air-rift-leather-triple-black-womens","Nike Air Rift Leather Triple Black (Women's)",1203
2026-07-16T17:14:19.924Z,gid://shopify/Product/15231562776962,"adidas-ultra-boost-10-triple-black-womens","adidas Ultra Boost 1.0 Triple Black (Women's)",1091
2026-07-16T17:14:19.924Z,gid://shopify/Product/15231562973570,"nike-dunk-low-georgetown-suede","Nike Dunk Low Georgetown Suede",1190
2026-07-16T17:14:19.924Z,gid://shopify/Product/15231563170178,"gallery-dept-souvenir-t-shirt-white-black","Gallery Dept. Souvenir T-Shirt White Black",897
2026-07-16T17:14:19.924Z,gid://shopify/Product/15231563399554,"nike-acg-mountain-fly-2-low-gore-tex-dark-smoke-grey","Nike ACG Mountain Fly 2 Low Gore-Tex Dark Smoke Grey",1721
2026-07-16T17:14:19.924Z,gid://shopify/Product/15231563628930,"supreme-devotion-tee-black","Supreme Devotion Tee Black",834
2026-07-16T17:14:19.924Z,gid://shopify/Product/15231563858306,"nike-dunk-low-gorge-green-gold-mini-swoosh-womens","Nike Dunk Low Gorge Green Gold Mini Swoosh (Women's)",1206
2026-07-16T17:14:19.925Z,gid://shopify/Product/15233112998274,"nike-kd-3-easy-money-2023","Nike KD 3 Easy Money (2023)",1492
2026-07-16T17:14:19.925Z,gid://shopify/Product/15233113227650,"air-jordan-1-retro-high-og-self-expression","Jordan 1 Retro High OG Self Expression",1564
2026-07-16T17:14:19.925Z,gid://shopify/Product/15233113457026,"nike-kobe-9-em-low-protro-tb-game-royal","Nike Kobe 9 Elite Low EM Protro Game Royal",1078
2026-07-16T17:14:19.925Z,gid://shopify/Product/15233113751938,"air-jordan-11-retro-low-bred-2025-td","Jordan 11 Retro Low Bred (TD) (2025)",1185
2026-07-16T17:14:19.925Z,gid://shopify/Product/15233114014082,"pokemon-scarlet-violet-prismatic-evolutions-booster-bundle-10x-lot","Pokémon Scarlet & Violet Prismatic Evolutions Booster Bundle 10x Lot",1213
2026-07-16T17:14:19.925Z,gid://shopify/Product/15233114308994,"air-jordan-8-retro-aqua-2025-ps","Jordan 8 Retro Aqua (2025) (PS)",1318
2026-07-16T17:14:19.925Z,gid://shopify/Product/15233114571138,"teenage-engineering-yzy-2019-og-stem-player","Teenage Engineering YZY 2019 OG Stem Player (Unreleased)",1460
2026-07-16T17:14:19.925Z,gid://shopify/Product/15233114833282,"air-jordan-1-low-bulls-gs","Jordan 1 Low Bulls (GS)",1117
2026-07-16T17:14:19.926Z,gid://shopify/Product/15233115029890,"air-jordan-7-retro-barely-grape-gs","Jordan 7 Retro Barely Grape (GS)",1359
2026-07-16T17:16:22.106Z,gid://shopify/Product/15233115292034,"fear-of-god-essentials-classic-short-sleeve-tee-bright-white","Fear of God Essentials Classic Short Sleeve Tee Bright White",1405
2026-07-16T17:16:22.108Z,gid://shopify/Product/15233115521410,"nike-lebron-8-south-beach-2021","Nike LeBron 8 South Beach (2021)",949
2026-07-16T17:16:22.108Z,gid://shopify/Product/15233115718018,"nike-vomero-18-echo-pink-womens","Nike Vomero 18 Echo Pink (Women's)",1099
2026-07-16T17:16:22.108Z,gid://shopify/Product/15233116012930,"nike-phantom-luna-2-elite-fg-blue-fury","Nike Phantom Luna 2 Elite FG Blue Fury",981
2026-07-16T17:16:22.109Z,gid://shopify/Product/15233116406146,"nike-kd-17-bink","Nike KD 17 NRG Bink!",987
2026-07-16T17:16:22.109Z,gid://shopify/Product/15233116766594,"nike-kobe-8-protro-court-purple-ps","Nike Kobe 8 Protro Court Purple (PS)",1107
2026-07-16T17:16:22.109Z,gid://shopify/Product/15233117159810,"nike-air-vapormax-evo-nrg-air-max-day-mashup-2021","Nike Air VaporMax EVO NRG Air Max Day Mashup (2021)",1101
2026-07-16T17:16:22.109Z,gid://shopify/Product/15233117585794,"nike-kyrie-8-chinese-new-year","Nike Kyrie 8 Chinese New Year",1268
2026-07-16T17:16:22.109Z,gid://shopify/Product/15233985839490,"eric-emanuel-ee-nba-hoodie-new-york-knicks","Eric Emanuel EE NBA Hoodie New York Knicks",958
2026-07-16T17:16:22.109Z,gid://shopify/Product/15233986658690,"supreme-aoi-embroidered-hooded-work-jacket-black","Supreme AOI Embroidered Hooded Work Jacket Black",1015
2026-07-16T17:16:22.109Z,gid://shopify/Product/15233987445122,"air-jordan-18-retro-red-suede","Jordan 18 Retro Toro",1003
2026-07-16T17:16:22.109Z,gid://shopify/Product/15233988395394,"bad-bunny-sapo-concho-limited-edition-single-blind-box","Bad Bunny Sapo Concho Limited Edition Single Blind Box",902
2026-07-16T17:16:22.109Z,gid://shopify/Product/15233990230402,"air-jordan-1-low-element-gore-tex-glacier-blue-silver","Jordan 1 Low Element Gore-Tex Glacier Blue Silver",1168
2026-07-16T17:16:22.109Z,gid://shopify/Product/15233991213442,"sony-playstation-duelsense-astro-bot-limited-edition-wirelress-controller","Sony PlayStation DuelSense ASTRO BOT Limited Edition Wirelress Controller",934
2026-07-16T17:16:22.110Z,gid://shopify/Product/15233991770498,"air-jordan-8-retro-sp-solefly-mi-casa-es-su-casa","Jordan 8 Retro SP SoleFly Mi Casa Es Su Casa",1108
2026-07-16T17:16:22.110Z,gid://shopify/Product/15233992360322,"nike-mercurial-superfly-10-elite-fg-black-deep-jungle","Nike Mercurial Superfly 10 Elite FG Black Deep Jungle",1020
2026-07-16T17:16:22.110Z,gid://shopify/Product/15233992753538,"converse-drkshdw-drkstar-hi-rick-owens-black-white","Converse DRKSTAR Hi Rick Owens DRKSHDW Black Egret",1000
2026-07-16T17:16:22.110Z,gid://shopify/Product/15233993343362,"nike-kobe-8-protro-mambacita-ps","Nike Kobe 8 Protro Mambacita (PS)",1008
2026-07-16T17:16:22.110Z,gid://shopify/Product/15233993769346,"air-jordan-8-retro-rui-hachimura","Jordan 8 Retro SE Rui Hachimura Black Samurai",966
2026-07-16T17:16:22.110Z,gid://shopify/Product/15233994228098,"adidas-predator-elite-foldover-tongue-fg-reemergence-pack","adidas Predator Elite Foldover Tongue FG Reemergence Pack",1163
2026-07-16T17:16:22.110Z,gid://shopify/Product/15233994719618,"nike-free-metcon-6-white-elemental-pink-womens","Nike Free Metcon 6 White Elemental Pink (Women's)",1024
2026-07-16T17:16:22.110Z,gid://shopify/Product/15233995571586,"fear-of-god-essentials-heavy-jersey-crewneck-tee-jet-black","Fear of God Essentials Heavy Jersey Crewneck Tee Jet Black",1037
2026-07-16T17:16:22.110Z,gid://shopify/Product/15233996194178,"nike-vomero-18-black-coconut-milk-light-iron-ore-summit-white","Nike Vomero 18 Black Coconut Milk Light Iron Ore Summit White",1103
2026-07-16T17:16:22.110Z,gid://shopify/Product/15233997046146,"fear-of-god-essentials-kids-fleece-hoodie-desert-sand","Fear of God Essentials Kids Fleece Hoodie Desert Sand",931
2026-07-16T17:16:22.110Z,gid://shopify/Product/15238632964482,"nike-dunk-high-electro-purple-midnight-navy-gs","Nike Dunk High Electro Purple Midnight Navy (GS)",1036
2026-07-16T17:16:22.111Z,gid://shopify/Product/15238633587074,"air-jordan-1-low-lv8d-elevated-wolf-grey-w","Jordan 1 Elevate Low Wolf Grey (Women's)",903
2026-07-16T17:16:22.111Z,gid://shopify/Product/15238634733954,"air-jordan-12-retro-taxi-flip-ps","Jordan 12 Retro Taxi Flip (PS)",1359
2026-07-16T17:16:22.111Z,gid://shopify/Product/15238636306818,"nike-lebron-8-lakers","Nike LeBron 8 Lakers",1083
2026-07-16T17:16:22.111Z,gid://shopify/Product/15238637584770,"air-jordan-3-retro-u-fire-red-cement-nike-chi","Jordan 3 Retro SE Unite (Chicago Exclusive)",1127
2026-07-16T17:16:22.111Z,gid://shopify/Product/15238638567810,"new-balance-530-sl-miu-miu-ecru-womens","New Balance 530 SL Miu Miu Ecru (Women's)",1011
2026-07-16T17:16:22.111Z,gid://shopify/Product/15238640009602,"nike-air-force-1-mid-le-triple-white-gs","Nike Air Force 1 Mid LE Triple White (GS)",1113
2026-07-16T17:16:22.111Z,gid://shopify/Product/15238641058178,"nike-dunk-low-obsidian-fierce-pink-gs","Nike Dunk Low Obsidian Fierce Pink (GS)",1381
2026-07-16T17:16:22.111Z,gid://shopify/Product/15238642467202,"jordan-jalen-hurts-love-hurts-pullover-fleece-hoodie-sport-teal","Jordan Jalen Hurts Love Hurts Pullover Fleece Hoodie Sport Teal",1193
2026-07-16T17:16:22.111Z,gid://shopify/Product/15238643384706,"nike-giannis-freak-7-live-wire","Nike Giannis Freak 7 Live Wire",1064
2026-07-16T17:16:22.111Z,gid://shopify/Product/15238644892034,"nike-air-force-3-low-sp-nigo-baroque-brown","Nike Air Force 3 Low SP Nigo Baroque Brown",1116
2026-07-16T17:16:22.111Z,gid://shopify/Product/15238646137218,"air-jordan-5-retro-fire-red-black-tongue-2025-ps","Jordan 5 Retro Fire Red Black Tongue (2025) (PS)",1192
2026-07-16T17:16:22.111Z,gid://shopify/Product/15238648037762,"nike-air-max-tl-25-neon","Nike Air Max TL 2.5 Neon",1090
2026-07-16T17:16:22.111Z,gid://shopify/Product/15238648725890,"air-jordan-7-retro-flint-2021","Jordan 7 Retro Flint (2021)",903
2026-07-16T17:16:22.111Z,gid://shopify/Product/15240944419202,"nike-sabrina-1-ionic-photon-dust-womens","Nike Sabrina 1 Ionic Photon Dust (Women's)",1129
2026-07-16T17:16:22.111Z,gid://shopify/Product/15240944877954,"nike-ja-3-zombie-gs","Nike Ja 3 Zombie (GS)",1046
2026-07-16T17:18:46.035Z,gid://shopify/Product/15240945402242,"nike-ja-1-guava-ice","Nike Ja 1 Guava Ice",1349
2026-07-16T17:18:46.037Z,gid://shopify/Product/15240945762690,"nike-zoom-lebron-nxxt-gen-ampd-miami","Nike Zoom LeBron NXXT Gen AMPD Miami",1012
2026-07-16T17:18:46.037Z,gid://shopify/Product/15240946155906,"arcteryx-bird-head-toque-beanie-arctic-silk-rune","Arc'teryx Bird Head Toque Beanie Arctic Silk/Rune",1050
2026-07-16T17:18:46.037Z,gid://shopify/Product/15240946581890,"nike-air-max-1-light-bone-iron-grey","Nike Air Max 1 Light Bone Iron Grey",1262
2026-07-16T17:18:46.037Z,gid://shopify/Product/15240947073410,"crocs-off-court-clog-star-wars-the-galaxy","Crocs Off Court Clog Star Wars The Galaxy",1326
2026-07-16T17:18:46.037Z,gid://shopify/Product/15240947466626,"asics-gel-1130-white-blue-gs","ASICS Gel-1130 White Blue (GS)",1432
2026-07-16T17:18:46.037Z,gid://shopify/Product/15240947827074,"air-jordan-1-mid-se-phantom-iridescent-womens","Jordan 1 Mid SE Phantom Iridescent",1402
2026-07-16T17:18:46.037Z,gid://shopify/Product/15240948187522,"pop-mart-labubu-the-monsters-have-a-seat-baba-vinyl-plush","Pop Mart Labubu The Monsters Have a Seat BABA Vinyl Plush",1214
2026-07-16T17:18:46.037Z,gid://shopify/Product/15240948515202,"air-jordan-12-retro-utility","Jordan 12 Retro Utility",849
2026-07-16T17:18:46.037Z,gid://shopify/Product/15241902457218,"jordan-1-retro-low-swooshless-black","Jordan 1 Retro Low Swooshless Black (2016)",1446
2026-07-16T17:18:46.037Z,gid://shopify/Product/15241902817666,"nike-air-presto-hello-kitty-2022","Nike Air Presto Hello Kitty (2022)",1059
2026-07-16T17:18:46.037Z,gid://shopify/Product/15241903210882,"sprayground-lights-out-sharks-in-paris-backpack-multicolor","Sprayground Lights Out Sharks In Paris Backpack Multicolor",1114
2026-07-16T17:18:46.038Z,gid://shopify/Product/15241903505794,"reebok-angel-reese-1-paradise-pink","Reebok Angel Reese 1 Mebounds",1211
2026-07-16T17:18:46.038Z,gid://shopify/Product/15241903899010,"nike-killshot-2-leather-light-orewood-brown-sail","Nike Killshot 2 Leather Light Orewood Brown Sail",1439
2026-07-16T17:18:46.038Z,gid://shopify/Product/15241904292226,"air-jordan-39-sol","Jordan 39 Sol",1404
2026-07-16T17:18:46.038Z,gid://shopify/Product/15241904947586,"nike-ja-2-ja-breaker","Nike Ja 2 Ja-Breaker",1305
2026-07-16T17:18:46.038Z,gid://shopify/Product/15241905471874,"air-jordan-3-retro-og-rare-air-td","Jordan 3 Retro OG Rare Air (TD)",1379
2026-07-16T17:18:46.038Z,gid://shopify/Product/15241906356610,"jordan-monogram-duffel-40l-bag-denim","Jordan Monogram Duffel 40L Bag Denim",1221
2026-07-16T17:18:46.038Z,gid://shopify/Product/15241906913666,"nike-air-max-90-summit-white-khaki","Nike Air Max 90 Summit White Khaki",1600
2026-07-16T17:18:46.038Z,gid://shopify/Product/15241907437954,"nike-lebron-23-miami-twice","Nike LeBron 23 Miami Twice (Translucent Outsole)",1418
2026-07-16T17:18:46.038Z,gid://shopify/Product/15241907798402,"meta-x-ray-ban-display-neural-band-ai-glasses-standard-size-1-sk-1001152-01","Meta x Ray-Ban Display & Neural Band AI Glasses (Standard Size 1) SK-1001152-01",1482
2026-07-16T17:18:46.038Z,gid://shopify/Product/15243819024770,"nike-hyperdunk-2017-low-black","Nike Hyperdunk 2017 Low Black",1269
2026-07-16T17:18:46.038Z,gid://shopify/Product/15243819286914,"puma-lamelo-ball-lafrance-amour-3x-black","Puma LaMelo Ball LaFrancé Amour 3x Black",1218
2026-07-16T17:18:46.038Z,gid://shopify/Product/15243820073346,"nike-air-force-1-low-07-lv8-bred","Nike Air Force 1 Low '07 LV8 Bred",1389
2026-07-16T17:18:46.038Z,gid://shopify/Product/15243820335490,"stussy-x-nike-skullcap-multicolor","Stussy x Nike Skullcap Multicolor",1125
2026-07-16T17:18:46.038Z,gid://shopify/Product/15243820630402,"nike-shox-r4-metallic-silver-black-psychic-blue","Nike Shox R4 Metallic Silver Black Psychic Blue",1330
2026-07-16T17:18:46.038Z,gid://shopify/Product/15243820892546,"stanley-1913-x-loveshackfancy-flowstate-quencher-40oz-tumbler-ibiza-sunset","Stanley 1913 x LoveShackFancy Flowstate Quencher 40oz Tumbler Ibiza Sunset",1270
2026-07-16T17:18:46.038Z,gid://shopify/Product/15243821449602,"asics-gel-venture-6-story-mfg-vanilla-violet-quartz","ASICS Gel-Venture 6 Story mfg. Vanilla Violet Quartz Gingham",1421
2026-07-16T17:18:46.038Z,gid://shopify/Product/15243822301570,"adidas-handball-spezial-quilted-stitching-black-off-white-womens","adidas Handball Spezial Quilted Stitching Black Off White (Women's)",1286
2026-07-16T17:18:46.039Z,gid://shopify/Product/15243823186306,"stanley-1913-x-loveshackfancy-flowstate-quencher-20oz-tumbler-with-handle-ibiza-sunset","Stanley 1913 x LoveShackFancy Flowstate Quencher 20oz Tumbler with Handle Ibiza Sunset",1188
2026-07-16T17:18:46.039Z,gid://shopify/Product/15243824136578,"stanley-mesa-rose-collection-flowstate-quencher-40oz-tumbler-blue-corn-paisley","Stanley Mesa Rose Collection Flowstate Quencher 40oz Tumbler Blue Corn Paisley",1026
2026-07-16T17:18:46.039Z,gid://shopify/Product/15245572931970,"adidas-ctt-chinese-track-top-31-gender-neutral-jacket-asia-sizing-purple","adidas CTT Chinese Track Top 3.1 Gender Neutral Jacket (Asia Sizing) Purple",1255
2026-07-16T17:18:46.039Z,gid://shopify/Product/15245573947778,"microsoft-xbox-series-x-series-s-controller-qau-00001-shock-blue","Microsoft Xbox Series X/Series S Controller QAU-00001 Shock Blue",1081
2026-07-16T17:18:46.039Z,gid://shopify/Product/15245574996354,"off-white-quote-passport-holder-for-passport-black-white","OFF-WHITE Quote Passport Holder ""FOR PASSPORT"" Black/White",1021
2026-07-16T17:18:46.039Z,gid://shopify/Product/15245575815554,"dr-martens-1460-quad-leather-sole-pentagram-jumbo-lace-boot-rick-owens-black","Dr. Martens 1460 Quad Leather Sole Pentagram Jumbo Lace Boot Rick Owens Black",1355
2026-07-16T17:18:46.039Z,gid://shopify/Product/15245576864130,"stanley-flowstate-quencher-h20-40oz-tumbler-resort-floral","Stanley Flowstate Quencher H2.0 40oz Tumbler Resort Floral",1302
2026-07-16T17:18:46.039Z,gid://shopify/Product/15245577322882,"kith-quinn-tee-scene","Kith Quinn Tee Scene",635
2026-07-16T17:18:46.039Z,gid://shopify/Product/15245578273154,"kith-quinn-l-s-tee-stadium","Kith Quinn L/S Tee Stadium",1302
2026-07-16T17:18:46.039Z,gid://shopify/Product/15245579878786,"reebok-question-mid-white-ice","Reebok Question Mid White Ice",1176
2026-07-16T17:18:46.039Z,gid://shopify/Product/15245621395842,"kith-star-wars-tatooine-quarter-zip-dusty-quartz","Kith x STAR WARS Tatooine Quarter Zip Dusty Quartz",1432
2026-07-16T17:18:46.039Z,gid://shopify/Product/15241903899010,"nike-killshot-2-leather-light-orewood-brown-sail","Nike Killshot 2 Leather Light Orewood Brown Sail",1337
2026-07-16T17:20:37.273Z,gid://shopify/Product/15247420457346,"reebok-question-mid-blue-toe-2016","Reebok Question Mid Blue Toe (2016)",1051
2026-07-16T17:20:37.276Z,gid://shopify/Product/15247422783874,"new-balance-abzorb-2000-rose-sugar","New Balance Abzorb 2000 Rose Sugar",935
2026-07-16T17:20:37.276Z,gid://shopify/Product/15247423111554,"new-balance-1906r-white-team-royal","New Balance 1906R White Team Royal",957
2026-07-16T17:20:37.277Z,gid://shopify/Product/15247423799682,"skims-x-dolcegabbana-silk-long-robe-leopard","SKIMS x Dolce&Gabbana Silk Long Robe Leopard",802
2026-07-16T17:20:37.277Z,gid://shopify/Product/15247424422274,"supreme-fox-racing-zip-up-hooded-sweatshirt-blue","Supreme Fox Racing Zip Up Hooded Sweatshirt Blue",908
2026-07-16T17:20:37.277Z,gid://shopify/Product/15247424782722,"nike-air-max-uptempo-95-ny-vs-ny","Nike Air Max Uptempo 95 NY vs. NY",1063
2026-07-16T17:20:37.277Z,gid://shopify/Product/15247425274242,"crocs-classic-all-terrain-clog-marvel-spider-man","Crocs Classic All-Terrain Clog Marvel Spider-Man",1121
2026-07-16T17:20:37.277Z,gid://shopify/Product/15247425601922,"nike-dunk-low-what-the-duck-away-university-of-oregon-pe","Nike Dunk Low What the Duck Away University of Oregon PE",1260
2026-07-16T17:20:37.277Z,gid://shopify/Product/15247425929602,"alexander-mcqueen-oversized-white-w","Alexander McQueen Oversized White (Women's)",1126
2026-07-16T17:20:37.278Z,gid://shopify/Product/15247426224514,"nike-air-max-90-black-university-blue","Nike Air Max 90 Black University Blue",1056
2026-07-16T17:20:37.278Z,gid://shopify/Product/15249570431362,"nike-tc-7900-sail-w","Nike TC 7900 Sail (W)",1015
2026-07-16T17:20:37.278Z,gid://shopify/Product/15249570693506,"nike-air-max-97-multi-corduroy-womens","Nike Air Max 97 Multi-Corduroy (Women's)",1399
2026-07-16T17:20:37.279Z,gid://shopify/Product/15249571053954,"nike-air-more-uptempo-low-ambush-black","Nike Air More Uptempo Low AMBUSH Black",1106
2026-07-16T17:20:37.279Z,gid://shopify/Product/15249571611010,"adidas-ultra-boost-10-core-black-cloud-white-womens","adidas Ultra Boost 1.0 Core Black Cloud White (Women's)",974
2026-07-16T17:20:37.279Z,gid://shopify/Product/15249571873154,"new-balance-550-white-pink-w","New Balance 550 White Pink (Women's)",1035
2026-07-16T17:20:37.279Z,gid://shopify/Product/15249572495746,"gucci-ace-bee-w","Gucci Ace Bee (Women's)",1151
2026-07-16T17:20:37.280Z,gid://shopify/Product/15249573085570,"adidas-yeezy-boost-350-v2-desert-sage-infant","adidas Yeezy Boost 350 V2 Desert Sage (Infants)",1095
2026-07-16T17:20:37.280Z,gid://shopify/Product/15249573544322,"supreme-knowledge-reigns-zip-up-hooded-sweatshirt-white","Supreme Knowledge Reigns Zip Up Hooded Sweatshirt White",884
2026-07-16T17:20:37.280Z,gid://shopify/Product/15249573773698,"comme-des-garcons-play-red-heart-zip-up-hoodie-grey","Comme des Garcons Play Red Heart Zip Up Hoodie Grey",520
2026-07-16T17:20:37.280Z,gid://shopify/Product/15249574330754,"nike-dunk-low-prm-bacon-womens","Nike Dunk Low PRM Bacon (Women's)",1160
2026-07-16T17:20:37.280Z,gid://shopify/Product/15249574658434,"nike-dunk-low-light-smoke-grey-w","Nike Dunk Low Light Smoke Grey (Women's)",1088
2026-07-16T17:20:37.280Z,gid://shopify/Product/15249574855042,"nike-air-max-270-sail-gym-red-womens","Nike Air Max 270 Sail Gym Red (Women's)",1199
2026-07-16T17:20:37.280Z,gid://shopify/Product/15249575281026,"nike-dunk-low-lx-light-smoke-grey-womens","Nike Dunk Low LX Light Smoke Grey (Women's)",1349
2026-07-16T17:20:37.280Z,gid://shopify/Product/15250727436674,"nike-air-max-tl-25-comme-des-garcons-homme-plus-black","Nike Air Max TL 2.5 Comme des Garcons Homme Plus Black",1203
2026-07-16T17:20:37.280Z,gid://shopify/Product/15250727895426,"air-jordan-9-retro-dark-charcoal-university-gold","Jordan 9 Retro Dark Charcoal University Gold",897
2026-07-16T17:20:37.280Z,gid://shopify/Product/15250728288642,"nike-air-more-uptempo-low-dark-grey-light-crimson","Nike Air More Uptempo Low Dark Grey Light Crimson",1124
2026-07-16T17:20:37.280Z,gid://shopify/Product/15250728649090,"air-jordan-5-retro-a-ma-maniere-burgundy-crush","Jordan 5 Retro A Ma Maniére Black Collective",1229
2026-07-16T17:20:37.281Z,gid://shopify/Product/15250730582402,"gucci-gg-marmont-matelesse-mini-nude","Gucci GG Marmont Matelasse Mini Camera Bag Dusty Pink",957
2026-07-16T17:20:37.281Z,gid://shopify/Product/15250731794818,"dior-x-rimowa-amenity-kit-aluminium-silver","Dior x RIMOWA Personal Clutch On Strap Aluminium Silver",565
2026-07-16T17:20:37.281Z,gid://shopify/Product/15250732515714,"lululemon-everywhere-belt-bag-crossbody-bag-white-opal","Lululemon Everywhere Belt Bag White Opal with Silver Hardware Logo",813
2026-07-16T17:20:37.281Z,gid://shopify/Product/15250734285186,"lululemon-everywhere-belt-bag-crossbody-bag-silver-drop","Lululemon Everywhere Belt Bag Crossbody Bag Silver Drop",787
2026-07-16T17:20:37.281Z,gid://shopify/Product/15250737267074,"nike-air-force-1-mid-stussy-black-white","Nike Air Force 1 Mid Stussy Black White",989
2026-07-16T17:20:37.281Z,gid://shopify/Product/15250737660290,"nike-air-zoom-pegasus-39-black-white","Nike Air Zoom Pegasus 39 Black White",1197
2026-07-16T17:20:37.281Z,gid://shopify/Product/15250738250114,"nike-air-force-1-mid-flax-2016","Nike Air Force 1 Mid Flax Outdoor Green",1150
2026-07-16T17:20:37.281Z,gid://shopify/Product/15250738938242,"air-jordan-10-retro-steel-2025-gs","Jordan 10 Retro Steel (2025) (GS)",1427
2026-07-16T17:20:37.281Z,gid://shopify/Product/15250739659138,"air-jordan-10-retro-maya-moore-gs","Jordan 10 Retro Maya Moore (GS)",1069
2026-07-16T17:20:37.281Z,gid://shopify/Product/15252503757186,"gucci-matelasse-marmont-shoulder-gg-small-black","Gucci GG Marmont Small Matelasse Bag Black",950
2026-07-16T17:20:37.281Z,gid://shopify/Product/15252505657730,"gucci-arli-shoulder-bag-two-tone-small-red","Gucci Arli Shoulder Bag Two Tone Small Red",489
2026-07-16T17:20:37.281Z,gid://shopify/Product/15252506968450,"travis-scott-x-fc-barcelona-2024-25-match-away-cactus-jack-jersey-black","Travis Scott x FC Barcelona 2024/25 Match Away Cactus Jack Jersey Black",1072
2026-07-16T17:22:50.645Z,gid://shopify/Product/15252507230594,"air-jordan-1-low-yellow-ochre-gs","Jordan 1 Low Yellow Ochre (GS)",1338
2026-07-16T17:22:50.651Z,gid://shopify/Product/15252507722114,"bape-1st-camo-big-ape-head-tee-black-yellow","BAPE 1st Camo Big Ape Head Tee Black/Yellow",788
2026-07-16T17:22:50.651Z,gid://shopify/Product/15252508279170,"air-jordan-jumpman-jack-tr-travis-scott-bright-cactus-ps","Jordan Jumpman Jack TR Travis Scott Bright Cactus (PS)",1754
2026-07-16T17:22:50.651Z,gid://shopify/Product/15252508672386,"new-balance-2002r-protection-pack-dusty-lilac","New Balance 2002R Protection Pack Lunar New Year Dusty Lilac",1188
2026-07-16T17:22:50.651Z,gid://shopify/Product/15252509032834,"nike-vaporwaffle-sacai-tour-yellow-stadium-green","Nike Vaporwaffle sacai Tour Yellow Stadium Green",1075
2026-07-16T17:22:50.652Z,gid://shopify/Product/15252509294978,"maison-mihara-yasuhiro-peterson-og-sole-canvas-low-purple","Maison Mihara Yasuhiro Peterson OG Sole Canvas Low Purple",1556
2026-07-16T17:22:50.652Z,gid://shopify/Product/15252509819266,"air-jordan-1-low-se-wear-away-yellow","Jordan 1 Low SE Wear Away Yellow",1451
2026-07-16T17:22:50.652Z,gid://shopify/Product/15252510310786,"travis-scott-cactus-trails-half-zip-sherpa-hoodie-natural","Travis Scott Cactus Trails Half-Zip Sherpa Hoodie Natural",984
2026-07-16T17:22:50.652Z,gid://shopify/Product/15252510736770,"adidas-nmd-hu-pharrell-extra-eye-yellow","adidas NMD Hu Pharrell Extra Eye Yellow",1067
2026-07-16T17:22:50.652Z,gid://shopify/Product/15252511261058,"air-jordan-luka-1-year-of-the-rabbit","Jordan Luka 1 Year Of The Rabbit",1341
2026-07-16T17:22:50.652Z,gid://shopify/Product/15252511555970,"adidas-y-3-japan-away-authentic-jersey-core-white","adidas Y-3 Japan Away Authentic Jersey Core White",521
2026-07-16T17:22:50.652Z,gid://shopify/Product/15252511818114,"travis-scott-x-fc-barcelona-retro-football-black","Travis Scott x FC Barcelona Retro Football Black",1188
2026-07-16T17:22:50.652Z,gid://shopify/Product/15252512211330,"kith-tokyo-5-year-anniversary-nelson-hoodie-nocturnal","Kith Tokyo 5 Year Anniversary Nelson Hoodie Nocturnal",1251
2026-07-16T17:22:50.652Z,gid://shopify/Product/15254980755842,"travis-scott-x-oakley-day-zero-t-shirt-brown","Travis Scott x Oakley Day Zero T-shirt Brown",1152
2026-07-16T17:22:50.652Z,gid://shopify/Product/15254982328706,"travis-scott-x-yohji-yamamoto-wildside-tee-black","Travis Scott x Yohji Yamamoto Wildside Tee Black",1331
2026-07-16T17:22:50.652Z,gid://shopify/Product/15254983737730,"travis-scott-cactus-jack-utopia-tour-skitzo-circus-maximus-tee-white","Travis Scott Cactus Jack Utopia Tour Skitzo Circus Maximus Tee White",1016
2026-07-16T17:22:50.652Z,gid://shopify/Product/15254985376130,"sony-playstation-ps5-dualsense-ghost-of-yotei-gold-limited-edition","Sony Playstation PS5 DualSense Ghost of Yotei Gold Limited Edition",1200
2026-07-16T17:22:50.652Z,gid://shopify/Product/15254989308290,"supreme-piping-script-logo-new-era-yellow","Supreme x New Era Piping Script Logo Cap Yellow",974
2026-07-16T17:22:50.652Z,gid://shopify/Product/15254991733122,"sony-playstation-5-ps5-slim-ultra-hd-ghost-of-yotei-gold-limited-edition-bundle","Sony PlayStation 5 PS5 Slim Ultra HD Ghost of Yotei Gold Limited Edition Bundle (US Plug)",1135
2026-07-16T17:22:50.652Z,gid://shopify/Product/15254993076610,"travis-scott-action-figure-multi","Travis Scott Action Figure Multi",1103
2026-07-16T17:22:50.652Z,gid://shopify/Product/15254996910466,"kanye-west-kanye-2020-vision-double-layered-hoodie-purple","Kanye West Kanye 2020 Vision Double Layered Hoodie Purple",902
2026-07-16T17:22:50.652Z,gid://shopify/Product/15254997139842,"maison-mihara-yasuhiro-peterson-23-og-sole-canvas-low-cl-blue","Maison Mihara Yasuhiro Peterson 23 OG Sole Canvas Low CL Blue",1600
2026-07-16T17:22:50.653Z,gid://shopify/Product/15254997467522,"new-balance-1906u-butter-yellow","New Balance 1906U Butter Yellow",1410
2026-07-16T17:22:50.653Z,gid://shopify/Product/15254997795202,"nike-dunk-low-industrial-blue-sashiko","Nike Dunk Low Industrial Blue Sashiko",1089
2026-07-16T17:22:50.653Z,gid://shopify/Product/15254998057346,"supreme-canvas-backpack-black","Supreme Canvas Backpack Black",721
2026-07-16T17:22:50.653Z,gid://shopify/Product/15254998319490,"rick-owens-drkshdw-lido-low-sneaks-black-milk-ss24","Rick Owens DRKSHDW Lido Low Sneaks Black Milk",1568
2026-07-16T17:22:50.653Z,gid://shopify/Product/15254998778242,"nike-sportswear-tech-fleece-full-zip-hoodie-jogger-set-glacier-blue","Nike Sportswear Tech Fleece Full Zip Hoodie & Jogger Set Glacier Blue",1266
2026-07-16T17:22:50.653Z,gid://shopify/Product/15254999007618,"sprayground-scarface-point-it-out-backpack-multicolor","Sprayground Scarface Point It Out Backpack Multicolor",1056
2026-07-16T17:22:50.653Z,gid://shopify/Product/15256954405250,"sprayground-naruto-storm-rush-backpack-multicolor","Sprayground Naruto Storm Rush Backpack Multicolor",1225
2026-07-16T17:22:50.653Z,gid://shopify/Product/15256955257218,"nike-air-zoom-gt-cut-3-tb-black-white","Nike Air Zoom GT Cut 3 TB Black White",1182
2026-07-16T17:22:50.653Z,gid://shopify/Product/15256955847042,"nike-zoom-vomero-5-sashiko-pale-ivory","Nike Zoom Vomero 5 Sashiko Pale Ivory",1325
2026-07-16T17:22:50.653Z,gid://shopify/Product/15256956076418,"nike-air-zoom-gt-cut-3-fp-blueprint-pack","Nike Air Zoom GT Cut 3 FP Blueprint Pack",1473
2026-07-16T17:22:50.653Z,gid://shopify/Product/15256956371330,"supreme-polartec-facemask-half-zip-hooded-sweatshirt-fw24-black","Supreme Polartec Facemask Half Zip Hooded Sweatshirt (FW24) Black",1325
2026-07-16T17:22:50.653Z,gid://shopify/Product/15256956600706,"nike-sportswear-tech-fleece-windrunner-full-zip-hoodie-medium-olive-black","Nike Sportswear Tech Fleece Windrunner Full-Zip Hoodie Medium Olive/Black",1570
2026-07-16T17:22:50.653Z,gid://shopify/Product/15256956928386,"bape-baby-milo-fur-backpack-brown","BAPE Baby Milo Fur Mini Backpack Brown",1429
2026-07-16T17:22:50.653Z,gid://shopify/Product/15256957321602,"nike-sb-zoom-blazer-mid-premium-deconstructed-white-university-red-gum","Nike SB Zoom Blazer Mid Premium Deconstructed White University Red Gum",1293
2026-07-16T17:22:50.653Z,gid://shopify/Product/15256957845890,"supreme-box-logo-crewneck-fw22-zebra","Supreme Box Logo Crewneck (FW22) Zebra",1011
2026-07-16T17:22:50.653Z,gid://shopify/Product/15256958140802,"nike-zoom-lebron-nxxt-gen-ampd-first-game","Nike Zoom LeBron NXXT Gen AMPD First Game",1179
2026-07-16T17:22:50.653Z,gid://shopify/Product/15256958468482,"supreme-bb-simon-zip-up-hooded-sweatshirt-black","Supreme b.b. Simon Zip Up Hooded Sweatshirt Black",1231
2026-07-16T17:22:50.653Z,gid://shopify/Product/15256958992770,"denim-tears-the-cotton-wreath-zip-sweatshirt-pink-camo","Denim Tears The Cotton Wreath Zip Sweatshirt Pink Camo",1176
2026-07-16T17:25:10.507Z,gid://shopify/Product/15256959451522,"supreme-hooded-zip-up-thermal-ss25-leopard","Supreme Hooded Zip Up Thermal (SS25) Leopard",957
2026-07-16T17:25:10.513Z,gid://shopify/Product/15256960074114,"supreme-martine-rose-towel-zip-up-hooded-sweatshirt-white","Supreme Martine Rose Towel Zip Up Hooded Sweatshirt White",1419
2026-07-16T17:25:10.513Z,gid://shopify/Product/15257601900930,"nike-air-max-bw-og-marina","Nike Air Max BW OG Marina",1037
2026-07-16T17:25:10.513Z,gid://shopify/Product/15257602130306,"nike-air-max-bw-black-violet-leather","Nike Air Max BW OG Black Persian Violet Leather (2021)",617
2026-07-16T17:25:10.513Z,gid://shopify/Product/15257602490754,"bravest-studios-airpack-backpack-white","Bravest Studios Airpack Backpack White",968
2026-07-16T17:25:10.513Z,gid://shopify/Product/15257602916738,"reebok-pump-omni-zone-ii-celtics","Reebok Pump Omni Zone II Celtics",1087
2026-07-16T17:25:10.513Z,gid://shopify/Product/15257603441026,"nike-air-zoom-alphafly-next-purple-w","Nike Air Zoom Alphafly Next% Purple (Women's)",1219
2026-07-16T17:25:10.513Z,gid://shopify/Product/15257603932546,"supreme-new-era-box-logo-beanie-fw22-zebra","Supreme New Era Box Logo Beanie (FW22) Zebra",1112
2026-07-16T17:25:10.513Z,gid://shopify/Product/15257604325762,"nike-air-max-95-og-big-bubble-bright-mandarin-20-2025","Nike Air Max 95 OG Big Bubble Bright Mandarin 2.0 (2025)",1365
2026-07-16T17:25:10.514Z,gid://shopify/Product/15257604587906,"adidas-forum-low-triple-white","adidas Forum Low Triple White",1264
2026-07-16T17:25:10.514Z,gid://shopify/Product/15257605112194,"adidas-x-bape-football-graphic-slim-jersey-t-shirt-blue-pink","adidas x BAPE Football Graphic Slim Jersey T-shirt Blue/Pink",1428
2026-07-16T17:25:10.514Z,gid://shopify/Product/15257606390146,"adidas-taekwondo-silver-metallic-black-womens","adidas Taekwondo Silver Metallic Black (Women's)",1397
2026-07-16T17:25:10.514Z,gid://shopify/Product/15257606979970,"adidas-ultra-boost-10-dna-cloud-white-green","adidas Ultra Boost 1.0 DNA Cloud White Green",1272
2026-07-16T17:25:10.514Z,gid://shopify/Product/15257607831938,"adidas-nmd-hu-pharrell-nerd-chalk-white","adidas NMD HU Pharrell NERD Chalk White",1217
2026-07-16T17:25:10.514Z,gid://shopify/Product/15257608683906,"adidas-ultra-boost-10-alumina","adidas Ultra Boost 1.0 Alumina",1242
2026-07-16T17:25:10.514Z,gid://shopify/Product/15257609240962,"adidas-samba-lt-cow-print-brown-white-womens","adidas Samba LT Cow Print Brown White (Women's)",1511
2026-07-16T17:25:10.514Z,gid://shopify/Product/15258052198786,"onitsuka-tiger-mexico-66-sd-licorice-brown-champagne","Onitsuka Tiger Mexico 66 SD Licorice Brown Champagne",1528
2026-07-16T17:25:10.514Z,gid://shopify/Product/15258052952450,"asics-gel-k1011-sneaker-politics-live-oak","ASICS Gel-K1011 Sneaker Politics Live Oak",1267
2026-07-16T17:25:10.514Z,gid://shopify/Product/15258053706114,"asics-gt-2160-kith-cream-solar-power-2025","ASICS GT-2160 Kith Cream Solar Power (2025)",1460
2026-07-16T17:25:10.514Z,gid://shopify/Product/15258054754690,"asics-gel-lyte-iii-concepts-salmon","ASICS Gel-Lyte III Concepts Otoro",917
2026-07-16T17:25:10.514Z,gid://shopify/Product/15259300462978,"asics-gel-venture-6-story-mfg-reddish-brown","ASICS Gel-Venture 6 Story mfg. Reddish Brown Gingham",1438
2026-07-16T17:25:10.514Z,gid://shopify/Product/15259302429058,"asics-gel-lyte-iii-afew-beauty-of-imperfection","ASICS Gel-Lyte III AFEW Beauty of Imperfection",1405
2026-07-16T17:25:10.514Z,gid://shopify/Product/15260224061826,"nike-sb-dunk-low-pro-qs-kirkland-signature","Nike SB Dunk Low Pro QS Costco Kirkland Signature",1679
2026-07-16T17:25:10.514Z,gid://shopify/Product/15260525855106,"jordan-12-retro-the-master","Jordan 12 Retro The Master",1119
2026-07-16T17:25:10.514Z,gid://shopify/Product/15261291676034,"new-balance-9060-great-plains-true-red-1","New Balance 9060 Great Plains True Red %",1047
2026-07-16T17:25:10.515Z,gid://shopify/Product/15261304848770,"nike-air-peg-2k5-bicoastal","Nike Air Peg 2K5 Bicoastal %",960
2026-07-16T17:25:10.515Z,gid://shopify/Product/15262134468994,"asics-gel-kayano-14-white-classic-red","ASICS Gel-Kayano 14 White Classic Red",1439
2026-07-16T17:25:10.515Z,gid://shopify/Product/15262137385346,"asics-gel-1130-concrete-teal-pink-womens","ASICS Gel-1130 Concrete Teal Pink (Women's)",1365
2026-07-16T17:25:10.515Z,gid://shopify/Product/15263450300802,"jordan-12-retro-flu-game-2016","Jordan 12 Retro Flu Game (2016)",1125
2026-07-16T17:25:10.515Z,gid://shopify/Product/15263450530178,"nike-air-jordan-air-ship-pe-sp-a-ma-maniere-white-black","Nike Jordan Air Ship PE SP A Ma Maniére White Black",1408
2026-07-16T17:25:10.515Z,gid://shopify/Product/15263450726786,"air-jordan-mvp-raging-bull","Jordan MVP Raging Bull",1430
2026-07-16T17:25:10.516Z,gid://shopify/Product/15263452889474,"asics-gel-nyc-ivy-smoke-grey","ASICS Gel-NYC Ivy Smoke Grey",1643
2026-07-16T17:25:10.516Z,gid://shopify/Product/15277968261506,"timberland-6-premium-waterproof-boot-wheat-womens","Timberland 6"" Premium Waterproof Boot Wheat (Women's) %",1035
2026-07-16T17:25:10.516Z,gid://shopify/Product/15282650481026,"reebok-question-mid-scarlet-red","Reebok Question Mid Heart Over Hype",1438
2026-07-16T17:25:10.516Z,gid://shopify/Product/15282653561218,"nike-kd-10-numbers","Nike KD 10 Numbers",1339
2026-07-16T17:25:10.516Z,gid://shopify/Product/15285488124290,"supreme-max-b-tee-black","Supreme Max B Tee Black",1139
2026-07-16T17:25:10.516Z,gid://shopify/Product/15289387385218,"nike-ja-3-all-star-gs","Nike Ja 3 All-Star (GS)",1103
2026-07-16T17:25:10.516Z,gid://shopify/Product/15304175911298,"adidas-samba-jane-disney-cinderella-crystal-sky-td","adidas Samba Jane Disney Cinderella Crystal Sky (TD)",1079
2026-07-16T17:25:10.516Z,gid://shopify/Product/15308133466498,"air-jordan-13-retro-og-chicago-2026","Jordan 13 Retro OG Chicago (2026)",1260
2026-07-16T17:25:10.516Z,gid://shopify/Product/15308231115138,"sprayground-spongebob-bubble-frenzy-backpack-multicolor","Sprayground Spongebob Bubble Frenzy Backpack Multicolor",1066
