timestamp,product_id,handle,title,chars
2026-07-16T14:10:27.047Z,gid://shopify/Product/14906739655042,"nike-shox-ride-2-supreme-speed-red","Nike Shox Ride 2 SP Supreme Red",865
2026-07-16T14:10:27.047Z,gid://shopify/Product/14929948311938,"nike-air-force-1-low-mushroom-womens","Nike Air Force 1 Low Mushroom (Women's)",1076
2026-07-16T14:10:27.047Z,gid://shopify/Product/14929953358210,"nike-sb-dunk-low-aluminum","Nike SB Dunk Low Black Aluminum",974
2026-07-16T14:10:27.047Z,gid://shopify/Product/14929954898306,"asics-gel-kayano-14-white-fjord-grey","ASICS Gel-Kayano 14 White Fjord Grey",824
2026-07-16T14:10:27.048Z,gid://shopify/Product/14929955848578,"nike-zoom-vomero-5-dark-grey-black-white","Nike Zoom Vomero 5 SE SP Dark Grey Black White",848
2026-07-16T14:10:27.048Z,gid://shopify/Product/14936259985794,"crocs-classic-clog-harbio","Crocs Classic Clog Harbio",669
2026-07-16T14:10:27.048Z,gid://shopify/Product/14936264114562,"crocs-classic-clog-dragon-ball-z-goku","Crocs Classic Clog Dragon Ball Z Goku",748
2026-07-16T14:10:27.048Z,gid://shopify/Product/14936268046722,"nike-sb-dunk-low-riot-skateshop","Nike SB Dunk Low Riot Skateshop",953
2026-07-16T14:10:27.048Z,gid://shopify/Product/14936269291906,"nike-sb-dunk-low-orange-emerald-rise","Nike SB Dunk Low Orange Emerald Rise",1000
2026-07-16T14:10:27.048Z,gid://shopify/Product/14936270471554,"nike-dunk-sb-low-pro-qs-neckface","Nike SB Dunk Low Pro QS Neckface",899
2026-07-16T14:10:27.048Z,gid://shopify/Product/14936270766466,"nike-sb-dunk-high-pineapple","Nike SB Dunk High Pineapple",760
2026-07-16T14:10:27.048Z,gid://shopify/Product/14936271454594,"nike-sb-dunk-low-huf-new-york-city","Nike SB Dunk Low HUF New York City",911
2026-07-16T14:10:27.048Z,gid://shopify/Product/14936272241026,"nike-sb-dunk-low-street-hawker-2021","Nike SB Dunk Low Street Hawker (2021)",780
2026-07-16T14:10:27.048Z,gid://shopify/Product/14936273289602,"nike-sb-dunk-low-strangelove-skateboards","Nike SB Dunk Low StrangeLove Skateboards",868
2026-07-16T14:10:27.048Z,gid://shopify/Product/14936274043266,"nike-sb-dunk-low-crushed-d-c","Nike SB Dunk Low Crushed D.C.",824
2026-07-16T14:10:27.048Z,gid://shopify/Product/14936274534786,"nike-sb-dunk-low-chlorophyll","Nike SB Dunk Low Chlorophyll",774
2026-07-16T14:10:27.048Z,gid://shopify/Product/14936275059074,"nike-sb-dunk-high-rx-0-unicorn-gundam","Nike SB Dunk High RX-0 Unicorn Gundam",741
2026-07-16T14:10:27.048Z,gid://shopify/Product/14936275648898,"nike-sb-dunk-high-doraemon","Nike SB Dunk High Doraemon",797
2026-07-16T14:10:27.048Z,gid://shopify/Product/14936276304258,"nike-sb-dunk-high-decon-gorge-green","Nike SB Dunk High Decon Gorge Green",929
2026-07-16T14:10:27.048Z,gid://shopify/Product/14936277025154,"nike-sb-dunk-low-vx1000","Nike SB Dunk Low VX1000",707
2026-07-16T14:10:27.048Z,gid://shopify/Product/14936277418370,"nike-sb-dunk-low-barcelona","Nike SB Dunk Low Barcelona",1045
2026-07-16T14:10:27.048Z,gid://shopify/Product/14936278008194,"nike-sb-dunk-high-pawnshop-skate-co-old-soul","Nike SB Dunk High Pawnshop Skate Co. Old Soul",1020
2026-07-16T14:10:27.048Z,gid://shopify/Product/14936278466946,"nike-sb-dunk-low-diamond-supply-co-black-diamond","Nike SB Dunk Low Diamond Supply Co. Black Diamond",525
2026-07-16T14:10:27.048Z,gid://shopify/Product/14936279351682,"nike-sb-dunk-low-raygun-tie-dye-white","Nike SB Dunk Low Raygun Tie-Dye White",745
2026-07-16T14:10:27.048Z,gid://shopify/Product/14936280170882,"nike-sb-dunk-high-cali-2014","Nike SB Dunk High Cali (2014)",663
2026-07-16T14:10:27.048Z,gid://shopify/Product/14936280564098,"nike-sb-dunk-low-ben-g","Nike SB Dunk Low Ben-G",734
2026-07-16T14:10:27.048Z,gid://shopify/Product/14936281317762,"nike-sb-dunk-high-pro-iso-orange-label-unbleached-natural","Nike SB Dunk High Pro ISO Orange Label Unbleached Natural",804
2026-07-16T14:10:27.048Z,gid://shopify/Product/14936281809282,"nike-sb-dunk-high-thomas-campbell-what-the-dunk","Nike SB Dunk High Thomas Campbell What the Dunk",1028
2026-07-16T14:10:27.048Z,gid://shopify/Product/14936282530178,"nike-sb-dunk-high-reese-forbes-denim","Nike SB Dunk High Reese Forbes Denim",926
2026-07-16T14:10:27.048Z,gid://shopify/Product/14936283218306,"nike-sb-dunk-low-doernbecher-2018","Nike SB Dunk Low Doernbecher (2018)",819
2026-07-16T14:10:27.048Z,gid://shopify/Product/14936283644290,"nike-sb-dunk-low-familia-first-avenue","Nike SB Dunk Low Familia First Avenue",897
2026-07-16T14:10:27.048Z,gid://shopify/Product/14936284332418,"nike-sb-dunk-low-rivals-pack-east","Nike SB Dunk Low Rivals Pack (East)",701
2026-07-16T14:10:27.048Z,gid://shopify/Product/14936284922242,"nike-sb-dunk-low-raygun-tie-dye-black-td","Nike SB Dunk Low Raygun Tie-Dye Black (TD)",1071
2026-07-16T14:10:27.048Z,gid://shopify/Product/14936285446530,"nike-sb-dunk-low-nba-deep-royal-blue","Nike SB Dunk Low NBA Deep Royal Blue",944
2026-07-16T14:10:27.048Z,gid://shopify/Product/14936286167426,"nike-sb-dunk-low-marty-mcfly","Nike SB Dunk Low Marty McFly",782
2026-07-16T14:10:27.049Z,gid://shopify/Product/14936286790018,"nike-sb-dunk-low-supreme-red-cement-2012","Nike SB Dunk Low Supreme Red Cement (2012)",920
2026-07-16T14:10:27.049Z,gid://shopify/Product/14936287543682,"nike-sb-dunk-low-premier-fish-ladder","Nike SB Dunk Low Premier Fish Ladder",908
2026-07-16T14:10:27.049Z,gid://shopify/Product/14936288264578,"nike-sb-dunk-low-sea-crystal","Nike SB Dunk Low Sea Crystal",829
2026-07-16T14:10:27.049Z,gid://shopify/Product/14936288854402,"nike-sb-dunk-high-black-sheep-paid-in-full","Nike SB Dunk High Black Sheep Paid in Full",865
2026-07-16T14:10:27.049Z,gid://shopify/Product/14936289640834,"nike-sb-dunk-low-premier-northern-lights","Nike SB Dunk Low Premier Northern Lights",1012
2026-07-16T14:12:06.411Z,gid://shopify/Product/14936290623874,"nike-sb-dunk-low-orange-box","Nike SB Dunk Low Orange Box",834
2026-07-16T14:12:06.412Z,gid://shopify/Product/14936291541378,"nike-sb-dunk-low-light-cream-thunderstorm","Nike SB Dunk Low Light Cream Thunderstorm",1139
2026-07-16T14:12:06.415Z,gid://shopify/Product/14936292426114,"nike-sb-dunk-high-brooklyn-projects-paparazzi","Nike SB Dunk High Brooklyn Projects Paparazzi",791
2026-07-16T14:12:06.415Z,gid://shopify/Product/14936293736834,"nike-sb-dunk-low-valentines-day-2014","Nike SB Dunk Low Valentine's Day (2014)",624
2026-07-16T14:12:06.418Z,gid://shopify/Product/14936294982018,"nike-sb-dunk-low-j-pack-bred","Nike SB Dunk Low J Pack Bred",822
2026-07-16T14:12:06.423Z,gid://shopify/Product/14936301371778,"nike-sb-dunk-high-wolf-in-sheeps-clothing","Nike SB Dunk High Wolf In Sheep's Clothing",983
2026-07-16T14:12:06.427Z,gid://shopify/Product/14936303600002,"nike-dunk-low-berlin","Nike Dunk Low Berlin",1147
2026-07-16T14:12:06.427Z,gid://shopify/Product/14936304714114,"nike-dunk-low-undefeated-5-on-it-dunk-vs-af1","Nike Dunk Low Undefeated 5 On It Dunk vs. AF1",835
2026-07-16T14:12:06.429Z,gid://shopify/Product/14936305369474,"nike-dunk-high-ambush-flash-lime","Nike Dunk High AMBUSH Flash Lime",840
2026-07-16T14:12:06.429Z,gid://shopify/Product/14936305664386,"nike-dunk-high-sail-gum-womens","Nike Dunk High Sail Gum (Women's)",618
2026-07-16T14:12:06.430Z,gid://shopify/Product/14936306286978,"nike-dunk-high-moon-fossil-womens","Nike Dunk High Moon Fossil (Women's)",582
2026-07-16T14:12:06.430Z,gid://shopify/Product/14936306712962,"nike-dunk-low-lime-ice-womens","Nike Dunk Low Lime Ice (Women's)",599
2026-07-16T14:12:06.430Z,gid://shopify/Product/14936307401090,"nike-dunk-low-retro-split-deep-jungle","Nike Dunk Low Retro Split Deep Jungle",1266
2026-07-16T14:12:06.430Z,gid://shopify/Product/14936307827074,"nike-dunk-low-white-glacier-blue-gs","Nike Dunk Low White Glacier Blue (GS)",1149
2026-07-16T14:12:06.430Z,gid://shopify/Product/14936308875650,"nike-dunk-low-retro-reverse-panda","Nike Dunk Low Retro Reverse Panda",946
2026-07-16T14:12:06.430Z,gid://shopify/Product/14936312185218,"nike-dunk-high-fls-womens","Nike Dunk High FLS (Women's)",679
2026-07-16T14:12:06.430Z,gid://shopify/Product/14936312873346,"nike-dunk-high-washed-denim-pack-womens","Nike Dunk High Washed Denim Pack (Women's)",604
2026-07-16T14:12:06.430Z,gid://shopify/Product/14936315036034,"nike-dunk-low-team-red","Nike Dunk Low Team Red",803
2026-07-16T14:12:06.432Z,gid://shopify/Product/14936316019074,"nike-dunk-low-qs-lebron-james-fruity-pebbles","Nike Dunk Low QS LeBron James Fruity Pebbles",1015
2026-07-16T14:12:06.443Z,gid://shopify/Product/14936316674434,"nike-dunk-low-redwood","Nike Dunk Low Redwood",1294
2026-07-16T14:12:06.444Z,gid://shopify/Product/14936317526402,"nike-dunk-high-fragment-beijing-2021","Nike Dunk High Fragment Beijing (2021)",634
2026-07-16T14:12:06.444Z,gid://shopify/Product/14936318247298,"nike-dunk-low-racer-blue-white","Nike Dunk Low Racer Blue White",810
2026-07-16T14:12:06.477Z,gid://shopify/Product/14936319689090,"nike-dunk-low-se-medium-ash-violet-snakeskin","Nike Dunk Low SE Medium Ash Violet Snakeskin",1231
2026-07-16T14:12:06.477Z,gid://shopify/Product/14936320606594,"nike-sb-dunk-low-city-of-cinema","Nike SB Dunk Low City of Cinema",1074
2026-07-16T14:12:06.478Z,gid://shopify/Product/14936321524098,"nike-dunk-low-light-armory-blue-denim","Nike Dunk Low Light Armory Blue Denim",1236
2026-07-16T14:12:06.478Z,gid://shopify/Product/14936322179458,"nike-dunk-low-next-nature-pale-coral-womens","Nike Dunk Low Next Nature Pale Coral (Women's)",809
2026-07-16T14:12:06.478Z,gid://shopify/Product/14936322539906,"nike-dunk-low-nola","Nike Dunk Low NOLA",1251
2026-07-16T14:12:06.478Z,gid://shopify/Product/14949937873282,"maison-mihara-yasuhiro-hank-og-sole-canvas-low-black","Maison Mihara Yasuhiro Hank OG Sole Canvas Low Black Black",1483
2026-07-16T14:12:06.478Z,gid://shopify/Product/14963345850754,"off-white-classic-industrial-belt-fw21-yellow-black","OFF-WHITE Classic Industrial Belt (FW21) Yellow/Black",925
2026-07-16T14:12:06.478Z,gid://shopify/Product/14963346342274,"nike-dunk-low-off-white-lot-17","Nike Dunk Low Off-White Lot 17",1164
2026-07-16T14:12:06.478Z,gid://shopify/Product/14963347194242,"off-white-x-nike-hoodie-black","OFF-WHITE x Nike Hoodie Black",703
2026-07-16T14:12:06.480Z,gid://shopify/Product/14963520930178,"asics-gel-kayano-14-monaco-blue","ASICS Gel-Kayano 14 Monaco Blue",1237
2026-07-16T14:12:06.480Z,gid://shopify/Product/14963522175362,"asics-gel-kayano-14-sneaker-politics-just-say-no","ASICS Gel-Kayano 14 Sneaker Politics Just Say No",1135
2026-07-16T14:12:06.484Z,gid://shopify/Product/14963522961794,"asics-gel-nyc-black-black","ASICS Gel-NYC Black Black",1226
2026-07-16T14:12:06.484Z,gid://shopify/Product/14963523453314,"asics-gel-1130-cream-pure-silver-womens","ASICS Gel-1130 Cream Pure Silver (Women's)",1071
2026-07-16T14:12:06.484Z,gid://shopify/Product/14963523944834,"asics-gel-1130-white-arctic-sky-gs","ASICS Gel-1130 White Arctic Sky (GS)",1156
2026-07-16T14:12:06.485Z,gid://shopify/Product/14963524632962,"asics-gel-nyc-black-piedmont-grey","ASICS Gel-NYC Black Piedmont Grey",1293
2026-07-16T14:12:06.485Z,gid://shopify/Product/14963524993410,"asics-gt-2160-white-jasper-green","ASICS GT-2160 White Jasper Green",1233
2026-07-16T14:12:06.485Z,gid://shopify/Product/14963525386626,"asics-gel-nyc-black-fjord-grey","ASICS Gel-NYC Black Fjord Grey",1186
2026-07-16T14:12:06.493Z,gid://shopify/Product/14963525747074,"asics-gel-kayano-14-black-lemon-spark","ASICS Gel-Kayano 14 Black Lemon Spark",1088
2026-07-16T14:13:44.842Z,gid://shopify/Product/14963526631810,"asics-gel-kayano-14-oyster-white-steeple-grey","ASICS Gel-Kayano 14 Oyster White Steeple Grey",1209
2026-07-16T14:13:44.843Z,gid://shopify/Product/14963527188866,"asics-gel-lyte-iii-nice-kicks-spumoni","ASICS Gel-Lyte III Nice Kicks Spumoni",1090
2026-07-16T14:13:44.843Z,gid://shopify/Product/14963527614850,"asics-ub6-s-gt-2160-kiko-kostadinov-grey-floss-brown-storm","ASICS UB6-S GT-2160 Kiko Kostadinov Grey Floss Brown Storm",1150
2026-07-16T14:13:44.843Z,gid://shopify/Product/14963527975298,"asics-gel-nimbus-26-feather-grey-black","ASICS Gel-Nimbus 26 Feather Grey Black",1049
2026-07-16T14:13:44.844Z,gid://shopify/Product/14963528860034,"asics-gel-1130-white-black-silver","ASICS Gel-1130 White Black Silver",1009
2026-07-16T14:13:44.844Z,gid://shopify/Product/14963530400130,"asics-gel-kayano-121-ronnie-fieg-cream","ASICS Gel-Kayano 12.1 Ronnie Fieg Cream",1129
2026-07-16T14:13:44.844Z,gid://shopify/Product/14963530858882,"asics-gel-1130-birch-blue","ASICS Gel-1130 Birch Blue",1173
2026-07-16T14:13:44.844Z,gid://shopify/Product/14963531317634,"asics-gel-kayano-14-black-glacier-grey-silver","ASICS Gel-Kayano 14 Black Glacier Grey Silver",1172
2026-07-16T14:13:44.844Z,gid://shopify/Product/14963531710850,"onitsuka-tiger-mexico-66-vintage-white-directoire-blue-red","Onitsuka Tiger Mexico 66 Vintage White Directoire Blue Red",1090
2026-07-16T14:13:44.844Z,gid://shopify/Product/14963532628354,"asics-gel-lyte-v-kith-salmon-toe","ASICS Gel-Lyte V Kith Salmon Toe",952
2026-07-16T14:13:44.844Z,gid://shopify/Product/14963536462210,"asics-gel-kayano-14-urban-research","ASICS Gel-Kayano 14 Urban Research",1422
2026-07-16T14:13:44.844Z,gid://shopify/Product/14963550912898,"asics-gt-2160-kith-cream-scarab-2024","ASICS GT-2160 Kith Cream Scarab (2024)",1148
2026-07-16T14:13:44.844Z,gid://shopify/Product/14963553796482,"onitsuka-tiger-mexico-66-white-burgundy","Onitsuka Tiger Mexico 66 White Burgundy",1146
2026-07-16T14:13:44.844Z,gid://shopify/Product/14963555303810,"asics-gel-1130-white-dune-womens","ASICS Gel-1130 White Dune (Women's)",1029
2026-07-16T14:13:44.844Z,gid://shopify/Product/14963557466498,"asics-gel-kayano-14-kith-marvel-villains-silver-surfer-opened-box-comic-not-included","ASICS Gel-Kayano 14 Kith Marvel Villains Silver Surfer Opened Box (Comic Not Included)",1083
2026-07-16T14:13:44.844Z,gid://shopify/Product/14963559268738,"asics-gel-1130-piedmont-grey-gs","ASICS Gel-1130 Piedmont Grey (GS)",1062
2026-07-16T14:13:44.844Z,gid://shopify/Product/14963560907138,"asics-gel-1130-hal-studio-glacier","ASICS Gel-1130 HAL Studio Glacier",1052
2026-07-16T14:13:44.844Z,gid://shopify/Product/14963561759106,"asics-gel-1130-white-periwinkle-blue-w","ASICS Gel-1130 White Periwinkle Blue (Women's)",1368
2026-07-16T14:13:44.844Z,gid://shopify/Product/14963562283394,"onitsuka-tiger-mexico-66-birch-kale-red-gold","Onitsuka Tiger Mexico 66 Birch Kale Red Gold",1407
2026-07-16T14:13:44.844Z,gid://shopify/Product/14963563364738,"asics-gel-kayano-14-white-pure-silver-slate-grey","ASICS Gel-Kayano 14 White Pure Silver Slate Grey Sage",1150
2026-07-16T14:13:44.844Z,gid://shopify/Product/14963564970370,"asics-ex89-white-clay-grey","ASICS EX89 White Clay Grey",950
2026-07-16T14:13:44.844Z,gid://shopify/Product/14964031029634,"adidas-top-ten-hi-star-wars-c-3po","adidas Top Ten Hi Star Wars C-3PO",1144
2026-07-16T14:13:44.844Z,gid://shopify/Product/14964032504194,"adidas-ultra-boost-10-dna-off-white-gum","adidas Ultra Boost 1.0 DNA Off White Gum",1447
2026-07-16T14:13:44.844Z,gid://shopify/Product/14964033782146,"adidas-ultra-boost-manchester-united","adidas Ultra Boost Manchester United",1006
2026-07-16T14:13:44.844Z,gid://shopify/Product/14965068661122,"adidas-x-gucci-gazelle-black-gg-monogram","adidas x Gucci Gazelle Black GG Monogram",1141
2026-07-16T14:13:44.844Z,gid://shopify/Product/14965075607938,"adidas-x-nigo-japan-national-soccer-team-special-collection-numbered-jersey-wonder-mauve","adidas x Nigo Japan National Soccer Team Special Collection Numbered Jersey Wonder Mauve",1033
2026-07-16T14:13:44.844Z,gid://shopify/Product/14965079605634,"adidas-y-3-real-madrid-23-24-special-edition-trikot-authentic-jersey-black","adidas Y-3 Real Madrid 23/24 Special Edition Trikot Authentic Jersey Black",1064
2026-07-16T14:13:44.844Z,gid://shopify/Product/14966233006466,"adidas-yeezy-450-dark-slate","adidas Yeezy 450 Dark Slate",668
2026-07-16T14:13:44.844Z,gid://shopify/Product/14966233301378,"adidas-yeezy-450-dark-slate-infant","adidas Yeezy 450 Dark Slate (Infants)",875
2026-07-16T14:13:44.845Z,gid://shopify/Product/14966233596290,"adidas-yeezy-500-desert-rat-moon-yellow","adidas Yeezy 500 Super Moon Yellow",925
2026-07-16T14:13:44.845Z,gid://shopify/Product/14966233858434,"adidas-yeezy-500-high-mist-stone","adidas Yeezy 500 High Mist Stone",745
2026-07-16T14:13:44.845Z,gid://shopify/Product/14966234153346,"adidas-yeezy-500-salt","adidas Yeezy 500 Salt",534
2026-07-16T14:13:44.845Z,gid://shopify/Product/14966234612098,"adidas-yeezy-500-tactical-boot-utility-black","adidas Yeezy 500 High Tactical Boot Utility Black",922
2026-07-16T14:13:44.845Z,gid://shopify/Product/14966235103618,"adidas-yeezy-boost-350-pirate-black-2016","adidas Yeezy Boost 350 Pirate Black (2016)",879
2026-07-16T14:13:44.845Z,gid://shopify/Product/14967181902210,"adidas-yeezy-boost-350-v2-beluga-2-0","adidas Yeezy Boost 350 V2 Beluga 2.0",939
2026-07-16T14:13:44.845Z,gid://shopify/Product/14967182328194,"adidas-yeezy-boost-350-v2-black","adidas Yeezy Boost 350 V2 Black (Non-Reflective)",656
2026-07-16T14:13:44.845Z,gid://shopify/Product/14967182623106,"adidas-yeezy-boost-350-v2-carbon-kids","adidas Yeezy Boost 350 V2 Carbon (Kids)",1099
2026-07-16T14:13:44.845Z,gid://shopify/Product/14967182918018,"adidas-yeezy-boost-350-v2-core-black-copper","adidas Yeezy Boost 350 V2 Core Black Copper",736
2026-07-16T14:13:44.845Z,gid://shopify/Product/14967183278466,"adidas-yeezy-boost-350-v2-core-black-red-kids","adidas Yeezy Boost 350 V2 Core Black Red (Kids)",851
2026-07-16T14:13:44.845Z,gid://shopify/Product/14967183704450,"adidas-yeezy-boost-350-v2-hyperspace","adidas Yeezy Boost 350 V2 Hyperspace",677
2026-07-16T14:15:27.473Z,gid://shopify/Product/14967684268418,"adidas-yeezy-boost-350-v2-salt","adidas Yeezy Boost 350 V2 Salt",773
2026-07-16T14:15:27.474Z,gid://shopify/Product/14967684465026,"adidas-yeezy-boost-350-v2-static-reflective","adidas Yeezy Boost 350 V2 Static Reflective",781
2026-07-16T14:15:27.474Z,gid://shopify/Product/14967684694402,"adidas-yeezy-boost-350-v2-yecheil","adidas Yeezy Boost 350 V2 Yecheil (Non-Reflective)",880
2026-07-16T14:15:27.474Z,gid://shopify/Product/14967684956546,"adidas-yeezy-boost-350-v2-zyon","adidas Yeezy Boost 350 V2 Zyon",875
2026-07-16T14:15:27.475Z,gid://shopify/Product/14967685185922,"adidas-yeezy-boost-380-azure-reflective","adidas Yeezy Boost 380 Azure Reflective",985
2026-07-16T14:15:27.475Z,gid://shopify/Product/14967685448066,"adidas-yeezy-boost-380-lmnte","adidas Yeezy Boost 380 Lmnte",949
2026-07-16T14:15:27.475Z,gid://shopify/Product/14967685677442,"adidas-yeezy-boost-500-bone-white","adidas Yeezy 500 Bone White (2019)",848
2026-07-16T14:15:27.475Z,gid://shopify/Product/14967793615234,"adidas-yeezy-bsktbl-knit-energy-glow","adidas Yeezy BSKTBL Knit Energy Glow",1015
2026-07-16T14:15:27.475Z,gid://shopify/Product/14967793811842,"adidas-yeezy-desert-boot-oil-kids","adidas Yeezy Desert Boot Oil (Kids)",1010
2026-07-16T14:15:27.475Z,gid://shopify/Product/14967794041218,"adidas-yeezy-desert-boot-rock","adidas Yeezy Desert Boot Rock",627
2026-07-16T14:15:27.475Z,gid://shopify/Product/14967795679618,"adidas-yeezy-foam-rnnr-mx-cream-clay","adidas Yeezy Foam RNNR MX Cream Clay",696
2026-07-16T14:15:27.475Z,gid://shopify/Product/14967795941762,"adidas-yeezy-foam-rnnr-stone-sage-infants","adidas Yeezy Foam RNNR Stone Sage (Infants)",1000
2026-07-16T14:15:27.475Z,gid://shopify/Product/14967796171138,"adidas-yeezy-foam-rnnr-mxt-moon-gray","adidas Yeezy Foam RNNR MXT Moon Gray",702
2026-07-16T14:15:27.475Z,gid://shopify/Product/14967796466050,"adidas-yeezy-foam-rnr-desert-sand-kids","adidas Yeezy Foam RNR Desert Sand (Kids)",930
2026-07-16T14:15:27.475Z,gid://shopify/Product/14967796662658,"adidas-yeezy-foam-rnr-clay-taupe","adidas Yeezy Foam RNR Clay Taupe",1069
2026-07-16T14:15:27.475Z,gid://shopify/Product/14967796957570,"adidas-yeezy-knit-rnr-faded-azure","adidas Yeezy Knit RNR Faded Azure",1027
2026-07-16T14:15:27.475Z,gid://shopify/Product/14968123490690,"adidas-yeezy-powerphase-quiet-grey","adidas Yeezy Powerphase Quiet Grey",999
2026-07-16T14:15:27.475Z,gid://shopify/Product/14968123687298,"adidas-yeezy-qntm-cream","adidas Yeezy QNTM Mist Slate",1012
2026-07-16T14:15:27.475Z,gid://shopify/Product/14968123916674,"adidas-yeezy-slide-azure-kids","adidas Yeezy Slide Azure (Kids)",1156
2026-07-16T14:15:27.475Z,gid://shopify/Product/14968124211586,"adidas-yeezy-slide-azure-infants","adidas Yeezy Slide Azure (Infants)",1007
2026-07-16T14:15:27.475Z,gid://shopify/Product/14968124473730,"adidas-yeezy-slide-glow-green-2022","adidas Yeezy Slide Glow Green (2022/2023 Restock)",733
2026-07-16T14:15:27.475Z,gid://shopify/Product/14968124768642,"adidas-yeezy-slide-pure-restock-pair","adidas Yeezy Slide Pure (Restock Pair)",746
2026-07-16T14:15:27.475Z,gid://shopify/Product/14968124998018,"adidas-yzy-bsktbl-knit-3d-slate-blue","adidas Yeezy BSKTBL Knit Slate Blue",722
2026-07-16T14:15:27.475Z,gid://shopify/Product/14968125489538,"adidas-yung-1-dragon-ball-z-frieza","adidas Yung-1 Dragon Ball Z Frieza",659
2026-07-16T14:15:27.475Z,gid://shopify/Product/14969517474178,"air-air-jordan-1-hi-flyease-panda","Jordan 1 High FlyEase Panda",1134
2026-07-16T14:15:27.475Z,gid://shopify/Product/14969521406338,"jordan-1-mid-taxi-gs","Jordan 1 Mid Taxi (GS)",828
2026-07-16T14:15:27.475Z,gid://shopify/Product/14969523634562,"air-air-jordan-1-mid-se-craft-taupe-haze","Air Jordan 1 Mid SE Craft Taupe Haze",1183
2026-07-16T14:15:27.475Z,gid://shopify/Product/14969529893250,"air-jordan-1-elevate-low-atmosphere-womens","Jordan 1 Elevate Low Atmosphere (Women's)",1421
2026-07-16T14:15:27.476Z,gid://shopify/Product/14969532252546,"air-jordan-1-elevate-low-black-white-w","Jordan 1 Elevate Low Panda (Women's)",1094
2026-07-16T14:15:27.476Z,gid://shopify/Product/14969534644610,"air-jordan-1-elevate-low-se-silver-toe-w","Jordan 1 Elevate Low SE Silver Toe (Women's)",1081
2026-07-16T14:15:27.476Z,gid://shopify/Product/14973841473922,"air-jordan-1-high-flyease-turf-orange","Jordan 1 High FlyEase Turf Orange",1179
2026-07-16T14:15:27.476Z,gid://shopify/Product/14973841801602,"air-jordan-1-high-mm-legend-medium-brown-womens","Jordan 1 High Method of Make Legend Medium Brown (Women's)",1322
2026-07-16T14:15:27.476Z,gid://shopify/Product/14973842358658,"air-jordan-1-high-og-electro-orange-gs","Jordan 1 High OG Electro Orange (GS)",992
2026-07-16T14:15:27.476Z,gid://shopify/Product/14973842555266,"air-jordan-1-high-og-seafoam-w","Jordan 1 Retro High OG Seafoam (Women's)",778
2026-07-16T14:15:27.476Z,gid://shopify/Product/14973842817410,"air-jordan-1-high-react-black-noble-red","Jordan 1 High React Black Noble Red",1003
2026-07-16T14:15:27.476Z,gid://shopify/Product/15032882299266,"virgil-abloh-braun-off-white-alarm-clock-orange","Virgil Abloh Braun Off-White Alarm Clock Orange",826
2026-07-16T14:15:27.476Z,gid://shopify/Product/15032884756866,"yeezy-bouclette-socks-3-pack-color-four","Yeezy Bouclette Socks (3 Pack) Color Four",886
2026-07-16T14:15:27.476Z,gid://shopify/Product/15032885707138,"yeezy-bouclette-socks-3-pack-color-three","Yeezy Bouclette Socks (3 Pack) Color Three",919
2026-07-16T14:15:27.476Z,gid://shopify/Product/15032887247234,"yeezy-gap-coated-cotton-overalls-black","Yeezy Gap Coated Cotton Overalls Black",1031
2026-07-16T14:15:27.476Z,gid://shopify/Product/15032887869826,"yeezy-gap-fleece-jogging-pant-black","Yeezy Gap Fleece Jogging Pant Black",816
2026-07-16T14:17:09.148Z,gid://shopify/Product/15034266780034,"air-jordan-1-mid-black-amarillo-orange","Jordan 1 Mid Black Amarillo Orange",800
2026-07-16T14:17:09.149Z,gid://shopify/Product/15034271564162,"adidas-yeezy-boost-350-v2-mx-oat","adidas Yeezy Boost 350 V2 MX Oat",674
2026-07-16T14:17:09.149Z,gid://shopify/Product/15034277069186,"air-jordan-1-high-zoom-air-cmft-fossil-stone","Jordan 1 High Zoom Air CMFT Fossil Stone",777
2026-07-16T14:17:09.149Z,gid://shopify/Product/15034271564162,"adidas-yeezy-boost-350-v2-mx-oat","adidas Yeezy Boost 350 V2 MX Oat",736
2026-07-16T14:17:09.149Z,gid://shopify/Product/15035910324610,"air-jordan-1-low-pastel-purple-w","Jordan 1 Low Pastel Purple (Women's)",876
2026-07-16T14:17:09.149Z,gid://shopify/Product/15036008202626,"salomon-xt-4-og-black-silver-metallic","Salomon XT-4 OG Black Silver Metallic",826
2026-07-16T14:17:09.149Z,gid://shopify/Product/15036012495234,"nike-vapor-edge-kobe-6-se-grinch","Nike Vapor Edge Kobe 6 SE Grinch",741
2026-07-16T14:17:09.149Z,gid://shopify/Product/15036013248898,"air-jordan-12-retro-royalty-taxi-gs","Jordan 12 Retro Royalty Taxi (GS)",754
2026-07-16T14:17:09.149Z,gid://shopify/Product/15036014559618,"nike-dunk-low-off-white-lot-49","Nike Dunk Low Off-White Lot 49",936
2026-07-16T14:17:09.149Z,gid://shopify/Product/15036018229634,"adidas-gazelle-indoor-off-white-preloved-yellow","adidas Gazelle Indoor Off White Preloved Yellow",949
2026-07-16T14:17:09.149Z,gid://shopify/Product/15036024193410,"air-jordan-11-retro-cherry-2022-ps","Jordan 11 Retro Cherry (2022) (PS)",918
2026-07-16T14:17:09.150Z,gid://shopify/Product/15036025766274,"new-balance-530-arid-stone","New Balance 530 Arid Stone",713
2026-07-16T14:17:09.150Z,gid://shopify/Product/15036049621378,"adidas-campus-00s-semi-lucid-blue-cloud-white","adidas Campus 00s Semi Lucid Blue Cloud White",873
2026-07-16T14:17:09.150Z,gid://shopify/Product/15036051390850,"nike-ja-2-tree-topper","Nike Ja 2 Tree Topper",857
2026-07-16T14:17:09.150Z,gid://shopify/Product/15036053062018,"adidas-bermuda-glow-pink","adidas Bermuda Glow Pink",813
2026-07-16T14:17:09.150Z,gid://shopify/Product/15038144905602,"adidas-gazelle-bold-icey-pink-auburn-womens","adidas Gazelle Bold Icey Pink Auburn (Women's)",865
2026-07-16T14:17:09.150Z,gid://shopify/Product/15038146576770,"adidas-samba-og-hazy-green-womens","adidas Samba OG Hazy Green (Women's)",891
2026-07-16T14:17:09.150Z,gid://shopify/Product/15038643470722,"adidas-adifom-q-grey-four","adidas adiFOM Q Grey Four",977
2026-07-16T14:17:09.150Z,gid://shopify/Product/15038645502338,"adidas-gazelle-bold-ivory-bold-gold-womens","adidas Gazelle Bold Ivory Bold Gold (Women's)",865
2026-07-16T14:17:09.150Z,gid://shopify/Product/15039069192578,"adidas-stan-smith-bape-30th-anniversary-white","adidas Stan Smith Bape 30th Anniversary White",1038
2026-07-16T14:17:09.150Z,gid://shopify/Product/15039069520258,"adidas-gazelle-indoor-brown-pink-womens","adidas Gazelle Indoor Brown Pink (Women's)",944
2026-07-16T14:17:09.150Z,gid://shopify/Product/15039070241154,"adidas-handball-spezial-sporty-and-rich-night-indigo","adidas Handball Spezial Sporty & Rich Night Indigo",904
2026-07-16T14:17:09.150Z,gid://shopify/Product/15039071125890,"adidas-gazelle-valentines-day-2024-womens","adidas Gazelle Valentine's Day (2024) (Women's)",956
2026-07-16T14:17:09.150Z,gid://shopify/Product/15042132771202,"adidas-gazelle-better-scarlet-aluminum-gum-womens","adidas Gazelle Better Scarlet Aluminum Gum (Women's)",1032
2026-07-16T14:17:09.150Z,gid://shopify/Product/15042134770050,"adidas-response-cl-bad-bunny-wonder-white","adidas Response CL Bad Bunny Wonder White",980
2026-07-16T14:17:09.150Z,gid://shopify/Product/15042933391746,"adidas-bw-army-lux-black-gum","adidas BW Army Lux Black Gum",815
2026-07-16T14:17:09.150Z,gid://shopify/Product/15042934866306,"adidas-adizero-sl-72-bad-bunny-blue","adidas Adizero SL 72 Bad Bunny Blue",861
2026-07-16T14:17:09.150Z,gid://shopify/Product/15042935947650,"adidas-sambae-black-white-gum-womens","adidas Sambae Black White Gum (Women's)",917
2026-07-16T14:17:09.150Z,gid://shopify/Product/15042943091074,"adidas-campus-00s-crystal-white-dark-green","adidas Campus 00s Crystal White Dark Green (Women's)",944
2026-07-16T14:17:09.150Z,gid://shopify/Product/15042960327042,"adidas-samba-og-mexico-black-gold-metallic","adidas Samba OG Mexico Black Gold Metallic",844
2026-07-16T14:17:09.150Z,gid://shopify/Product/15046131843458,"adidas-campus-80s-south-park-towelie","adidas Campus 80s South Park Towelie",1010
2026-07-16T14:17:09.150Z,gid://shopify/Product/15046132662658,"adidas-samba-og-black-white-gum-womens","adidas Samba OG Black White Gum (Women's)",1030
2026-07-16T14:17:09.150Z,gid://shopify/Product/15046134399362,"adidas-samba-og-white-energy-ink-gum-womens","adidas Samba OG White Energy Ink Gum (Women's)",913
2026-07-16T14:17:09.150Z,gid://shopify/Product/15046137807234,"adidas-gazelle-solid-grey","adidas Gazelle Solid Grey",904
2026-07-16T14:17:09.150Z,gid://shopify/Product/15046961168770,"adidas-gazelle-indoor-wonder-clay-womens","adidas Gazelle Indoor Wonder Clay (Women's)",1003
2026-07-16T14:17:09.150Z,gid://shopify/Product/15046961889666,"adidas-samba-indoor-core-black-cloud-white-vivid-red","adidas Samba Indoor Core Black Cloud White Vivid Red",846
2026-07-16T14:17:09.151Z,gid://shopify/Product/15046962381186,"adidas-gazelle-gucci-original-gg-beige-brown","adidas Gazelle Gucci Original GG Beige Brown",999
2026-07-16T14:17:09.151Z,gid://shopify/Product/15046963822978,"adidas-samba-jonah-hill-craft-ochre","adidas Samba Jonah Hill Craft Ochre",938
2026-07-16T14:17:09.151Z,gid://shopify/Product/15046964674946,"adidas-campus-00s-pantone-cloud-white","adidas Campus 00s Pantone Cloud White",973
2026-07-16T14:17:09.151Z,gid://shopify/Product/15047776829826,"adidas-samba-og-core-black-gum","adidas Samba OG Core Black Gum",897
2026-07-16T14:17:09.151Z,gid://shopify/Product/15048049197442,"adidas-forum-84-low-off-white-silver-pebble-w","adidas Forum 84 Low Off White Silver Pebble (Women's)",1029
2026-07-16T14:19:09.237Z,gid://shopify/Product/15048191607170,"adidas-handball-spezial-collegiate-green-gum","adidas Handball Spezial Collegiate Green Gum",1091
2026-07-16T14:19:09.239Z,gid://shopify/Product/15048192164226,"adidas-samba-og-liberty-london-floral-embroidery-td","adidas Samba OG Liberty London Floral Embroidery (TD)",1027
2026-07-16T14:19:09.239Z,gid://shopify/Product/15048193311106,"adidas-samba-og-notting-hill-carnival","adidas Samba OG Notting Hill Carnival",1105
2026-07-16T14:19:09.239Z,gid://shopify/Product/15056660365698,"air-jordan-1-mid-island-green-w","Jordan 1 Mid Washed Teal (Women's)",929
2026-07-16T14:19:09.239Z,gid://shopify/Product/15056660660610,"air-jordan-12-retro-chris-paul-class-of-2003-gs","Jordan 12 Retro Chris Paul Class Of 2003 (GS)",930
2026-07-16T14:19:09.239Z,gid://shopify/Product/15056661021058,"air-jordan-1-mid-se-flight-club","Jordan 1 Mid SE Flight Club",1014
2026-07-16T14:19:09.239Z,gid://shopify/Product/15056661217666,"air-jordan-11-retro-dmp-defining-moments-2023-td","Jordan 11 Retro DMP Gratitude (2023) (TD)",892
2026-07-16T14:19:09.239Z,gid://shopify/Product/15056661447042,"air-jordan-1-mid-purple-venom-gs","Jordan 1 Mid Purple Venom (GS)",980
2026-07-16T14:19:09.240Z,gid://shopify/Product/15056661709186,"air-jordan-1-mid-white-fierce-pink-td","Jordan 1 Mid White Fierce Pink (TD)",1013
2026-07-16T14:19:09.240Z,gid://shopify/Product/15056661905794,"air-jordan-12-retro-field-purple","Jordan 12 Retro Field Purple",872
2026-07-16T14:19:09.240Z,gid://shopify/Product/15056662266242,"air-jordan-1-retro-low-og-howard-university","Jordan 1 Retro Low OG Howard University",1079
2026-07-16T14:19:09.240Z,gid://shopify/Product/15056662462850,"air-jordan-1-mid-light-smoke-grey-w","Jordan 1 Mid Light Smoke Grey (Women's)",851
2026-07-16T14:19:09.240Z,gid://shopify/Product/15056662921602,"air-jordan-1-retro-high-og-yellow-ochre-gs","Jordan 1 Retro High OG Yellow Ochre (GS)",965
2026-07-16T14:19:09.240Z,gid://shopify/Product/15056667378050,"air-jordan-11-retro-low-derek-jeter-re2pect","Jordan 11 Retro Low Derek Jeter RE2PECT",965
2026-07-16T14:19:09.240Z,gid://shopify/Product/15059025756546,"air-jordan-1-mid-white-pollen-black-gs","Jordan 1 Mid White Pollen Black (GS)",959
2026-07-16T14:19:09.240Z,gid://shopify/Product/15059025953154,"air-jordan-1-mid-university-blue-black-gs","Jordan 1 Mid University Blue Black (GS)",1064
2026-07-16T14:19:09.240Z,gid://shopify/Product/15059026215298,"air-jordan-1-mid-se-south-beach","Jordan 1 Mid SE South Beach",895
2026-07-16T14:19:09.240Z,gid://shopify/Product/15059026411906,"air-jordan-1-mid-se-french-blue-light-steel-gs","Jordan 1 Mid SE French Blue Light Steel (GS)",988
2026-07-16T14:19:09.240Z,gid://shopify/Product/15059026706818,"air-jordan-1-mid-sonics-2021","Jordan 1 Mid Sonics (2021)",1031
2026-07-16T14:19:09.240Z,gid://shopify/Product/15059027132802,"air-jordan-1-mid-wolf-grey-midnight-navy-ps","Jordan 1 Mid Wolf Grey Midnight Navy (PS)",1074
2026-07-16T14:19:09.240Z,gid://shopify/Product/15059027329410,"air-jordan-1-retro-low-golf-white-croc","Jordan 1 Retro Low Golf White Croc",1095
2026-07-16T14:19:09.240Z,gid://shopify/Product/15059027591554,"air-jordan-1-retro-ajko-low-black-white","Jordan 1 Retro AJKO Low Black White",1037
2026-07-16T14:19:09.240Z,gid://shopify/Product/15059027853698,"air-jordan-1-mid-unc-w","Jordan 1 Mid UNC (2022) (Women's)",934
2026-07-16T14:19:09.240Z,gid://shopify/Product/15059028083074,"jordan-1-retro-high-og-black-toe-reimagined-ps-1","Jordan 1 Retro High OG Black Toe Reimagined (PS)",1163
2026-07-16T14:19:09.240Z,gid://shopify/Product/15059028312450,"air-jordan-1-mid-oakland","Jordan 1 Mid Oakland",982
2026-07-16T14:19:09.240Z,gid://shopify/Product/15069044867458,"nike-zoom-mercurial-vapor-16-elite-fg-vini-jr-vini-fly","Nike Zoom Mercurial Vapor 16 Elite FG Vini Jr. Vini Fly",859
2026-07-16T14:19:09.240Z,gid://shopify/Product/15070239129986,"nike-sabrina-2-trust-your-game-womens","Nike Sabrina 2 Trust Your Game (Women's)",960
2026-07-16T14:19:09.240Z,gid://shopify/Product/15072393363842,"jordan-1-retro-low-og-nigel-sylvester-better-with-time","Jordan 1 Retro Low OG Nigel Sylvester Better With Time",1189
2026-07-16T14:19:09.240Z,gid://shopify/Product/15072482099586,"jordan-1-low-white-ice-blue-womens","Jordan 1 Low White Ice Blue (Women's)",861
2026-07-16T14:19:09.240Z,gid://shopify/Product/15072483901826,"air-jordan-1-low-se-strawberry-milkshake-womens","Jordan 1 Low SE Strawberry Milkshake (Women's)",996
2026-07-16T14:19:09.240Z,gid://shopify/Product/15072795984258,"air-jordan-1-mid-triple-black-2022-gs","Jordan 1 Mid Triple Black (GS)",1113
2026-07-16T14:19:09.240Z,gid://shopify/Product/15072796279170,"air-jordan-1-retro-high-bred-toe","Jordan 1 Retro High Bred Toe",989
2026-07-16T14:19:09.240Z,gid://shopify/Product/15072796475778,"air-jordan-1-retro-high-og-team-red-ps","Jordan 1 Retro High OG Artisanal Team Red (PS)",1031
2026-07-16T14:19:09.240Z,gid://shopify/Product/15072796803458,"air-jordan-1-mid-se-fearless-maison-chateau-rouge","Jordan 1 Mid SE Fearless Maison Chateau Rouge",1031
2026-07-16T14:19:09.240Z,gid://shopify/Product/15072797000066,"jordan-1-retro-high-og-lucky-green-1","Jordan 1 Retro High OG Lucky Green",897
2026-07-16T14:19:09.240Z,gid://shopify/Product/15072797720962,"air-jordan-1-mid-pine-green","Jordan 1 Mid Pine Green",926
2026-07-16T14:19:09.240Z,gid://shopify/Product/15072798048642,"air-jordan-11-retro-low-legend-blue-gs","Jordan 11 Retro Low Legend Blue (GS)",900
2026-07-16T14:19:09.240Z,gid://shopify/Product/15072798376322,"air-jordan-1-retro-high-chicago-crystal","Jordan 1 Retro High Spider-Man Origin Story",844
2026-07-16T14:19:09.241Z,gid://shopify/Product/15072798638466,"air-jordan-1-mid-shadow-w","Jordan 1 Mid Shadow (Women's)",967
2026-07-16T14:19:09.241Z,gid://shopify/Product/15072798933378,"air-jordan-1-retro-essentials-sail","Jordan 1 Retro High OG Sail",999
2026-07-16T14:20:56.241Z,gid://shopify/Product/15072799228290,"air-jordan-11-retro-crib-bootie-cool-grey-2021","Jordan 11 Retro Crib Bootie Cool Grey (2021) (I)",1133
2026-07-16T14:20:56.242Z,gid://shopify/Product/15072799490434,"air-jordan-1-retro-high-og-rare-air-gs","Jordan 1 Retro High OG Rare Air (GS)",1101
2026-07-16T14:20:56.242Z,gid://shopify/Product/15072799719810,"air-jordan-1-mid-obsidian-sanded-purple","Jordan 1 Mid Obsidian Sanded Purple",796
2026-07-16T14:20:56.242Z,gid://shopify/Product/15072800047490,"jordan-1-retro-high-og-university-blue-1","Jordan 1 Retro High OG University Blue",972
2026-07-16T14:20:56.242Z,gid://shopify/Product/15072800276866,"air-jordan-1-mid-se-bright-citrus-w","Jordan 1 Mid SE Bright Citrus (Women's)",1084
2026-07-16T14:20:56.242Z,gid://shopify/Product/15072800473474,"air-jordan-1-retro-high-blue-suede","Jordan 1 Retro Blue Suede",1102
2026-07-16T14:20:56.242Z,gid://shopify/Product/15072800670082,"air-jordan-1-mid-white-black-royal","Jordan 1 Mid White Black Racer Blue",719
2026-07-16T14:20:56.242Z,gid://shopify/Product/15072800932226,"air-jordan-11-retro-low-bright-citrus-w","Jordan 11 Retro Low Citrus (2021) (Women's)",877
2026-07-16T14:20:56.242Z,gid://shopify/Product/15072801227138,"jordan-1-retro-high-og-mauve","Jordan 1 Retro High OG Mauve",1230
2026-07-16T14:20:56.242Z,gid://shopify/Product/15072801489282,"air-jordan-1-retro-high-zoom-sisterhood-w","Jordan 1 Retro High Zoom Sisterhood (Women's)",1113
2026-07-16T14:20:56.242Z,gid://shopify/Product/15072801751426,"jordan-1-mid-se-neutral-grey-sail-1","Jordan 1 Mid SE Neutral Grey Sail",1119
2026-07-16T14:20:56.242Z,gid://shopify/Product/15072801980802,"air-jordan-1-retro-high-og-rebellionaire","Jordan 1 Retro High OG Rebellionaire",834
2026-07-16T14:20:56.242Z,gid://shopify/Product/15072802210178,"air-jordan-1-retro-high-white-black-volt-university-gold-gs","Jordan 1 Retro High White Black Volt University Gold (GS)",1096
2026-07-16T14:20:56.242Z,gid://shopify/Product/15072802505090,"air-jordan-1-mid-purple-aqua","Jordan 1 Mid Purple Aqua",1043
2026-07-16T14:20:56.242Z,gid://shopify/Product/15072802734466,"air-jordan-1-retro-high-shadow-2018","Jordan 1 Retro High Shadow (2018)",1062
2026-07-16T14:20:56.242Z,gid://shopify/Product/15072803127682,"air-jordan-1-retro-high-black-game-royal-gs","Jordan 1 Retro High Royal Toe (GS)",792
2026-07-16T14:20:56.242Z,gid://shopify/Product/15072804405634,"jordan-11-retro-jubilee-25th-anniversary-1","Jordan 11 Retro Jubilee 25th Anniversary",1331
2026-07-16T14:20:56.242Z,gid://shopify/Product/15072804897154,"air-jordan-1-retro-high-blue-moon","Jordan 1 Retro High Blue Moon",1081
2026-07-16T14:20:56.242Z,gid://shopify/Product/15072805355906,"air-jordan-11-retro-low-space-jam-ps","Jordan 11 Retro Low Space Jam (PS)",1421
2026-07-16T14:20:56.242Z,gid://shopify/Product/15072805847426,"air-jordan-1-retro-low-og-sp-travis-scott-canary-ps","Jordan 1 Retro Low OG SP Travis Scott Canary (PS)",1539
2026-07-16T14:20:56.242Z,gid://shopify/Product/15072806175106,"air-jordan-12-retro-low-playoffs","Jordan 12 Retro Low Playoffs",1127
2026-07-16T14:20:56.242Z,gid://shopify/Product/15072806764930,"air-jordan-1-retro-high-unc-chicago-leather-td","Jordan 1 Retro High NC to Chi (TD)",1133
2026-07-16T14:20:56.242Z,gid://shopify/Product/15072806994306,"air-jordan-10-retro-russell-westbrook-class-of-2006","Jordan 10 Retro Russell Westbrook Class of 2006",953
2026-07-16T14:20:56.242Z,gid://shopify/Product/15072807223682,"air-jordan-1-retro-high-og-satin-shadow-td","Jordan 1 Retro High OG Satin Shadow (TD)",1041
2026-07-16T14:20:56.243Z,gid://shopify/Product/15072807453058,"air-jordan-1-mid-pink-foam-fire-red-gs","Jordan 1 Mid Pink Foam Fire Red (GS)",1180
2026-07-16T14:20:56.243Z,gid://shopify/Product/15072807649666,"air-jordan-1-mid-td-cleat-panda","Jordan 1 Mid TD Cleat Panda",1177
2026-07-16T14:20:56.243Z,gid://shopify/Product/15072807879042,"air-jordan-1-retro-high-element-gore-tex","Jordan 1 Retro High Element Gore-Tex Black Particle Grey",866
2026-07-16T14:20:56.243Z,gid://shopify/Product/15072808075650,"air-jordan-1-mid-light-smoke-grey-2022-td","Jordan 1 Mid Light Smoke Grey (2022) (TD)",1415
2026-07-16T14:20:56.243Z,gid://shopify/Product/15072808305026,"air-jordan-1-mid-se-red-velvet-womens","Jordan 1 Mid SE Red Velvet (Women's)",1218
2026-07-16T14:20:56.243Z,gid://shopify/Product/15072808501634,"air-jordan-1-mid-se-white-black-royal-gs","Jordan 1 Mid SE White Black Royal (GS)",936
2026-07-16T14:20:56.243Z,gid://shopify/Product/15072808763778,"air-jordan-1-mid-grey-camo","Jordan 1 Mid Grey Camo",982
2026-07-16T14:20:56.243Z,gid://shopify/Product/15072809058690,"air-jordan-1-retro-high-og-sp-utility-stash-quai-54-2022","Jordan 1 Retro High OG SP Utility Quai 54 (2022)",1111
2026-07-16T14:20:56.243Z,gid://shopify/Product/15072809353602,"jordan-1-mid-purple-black-womens","Jordan 1 Mid Purple Black (Women's)",1351
2026-07-16T14:20:56.243Z,gid://shopify/Product/15072809550210,"air-jordan-1-mid-pastel-grind-gs","Jordan 1 Mid SE Pastel Vivid Green Grind (GS)",1074
2026-07-16T14:20:56.243Z,gid://shopify/Product/15072809746818,"air-jordan-1-retro-high-sports-illustrated-gs","Jordan 1 Retro High Sports Illustrated (A Star Is Born) (GS)",1115
2026-07-16T14:20:56.243Z,gid://shopify/Product/15072809976194,"air-jordan-1-mid-se-zen-master","Jordan 1 Mid SE Zen Master",1054
2026-07-16T14:20:56.243Z,gid://shopify/Product/15072810238338,"air-jordan-1-mid-se-zen-master-gs","Jordan 1 Mid SE Zen Master (GS)",1065
2026-07-16T14:20:56.243Z,gid://shopify/Product/15072810500482,"air-jordan-11-retro-crib-bootie-cherry-2022-i","Jordan 11 Retro Crib Bootie Cherry (2022) (I)",1325
2026-07-16T14:20:56.243Z,gid://shopify/Product/15072810762626,"air-jordan-1-mid-se-craft-white-cement-grey-black","Jordan 1 Mid SE Craft White Cement Grey Black",1580
2026-07-16T14:20:56.243Z,gid://shopify/Product/15072811057538,"air-jordan-1-retro-high-pine-green","Jordan 1 Retro High Pine Green",986
2026-07-16T14:22:53.427Z,gid://shopify/Product/15072811352450,"air-jordan-1-mid-iridescent-black-w","Jordan 1 Mid Iridescent Black (Women's)",933
2026-07-16T14:22:53.428Z,gid://shopify/Product/15072811647362,"air-jordan-1-mule-golf-wolf-grey","Jordan 1 Mule Golf Wolf Grey",1059
2026-07-16T14:22:53.428Z,gid://shopify/Product/15072811876738,"air-jordan-1-retro-low-og-game-royal-gs","Jordan 1 Retro Low OG Game Royal (GS)",916
2026-07-16T14:22:53.428Z,gid://shopify/Product/15072812138882,"air-jordan-1-retro-high-igloo","Jordan 1 Retro High Igloo",990
2026-07-16T14:22:53.428Z,gid://shopify/Product/15072812466562,"air-jordan-1-mid-yellow-ochre","Jordan 1 Mid Yellow Ochre",1017
2026-07-16T14:22:53.428Z,gid://shopify/Product/15072812728706,"air-jordan-1-retro-high-court-purple-td-2021","Jordan 1 Retro High Court Purple (2021) (TD)",918
2026-07-16T14:22:53.429Z,gid://shopify/Product/15072812958082,"air-jordan-1-mid-yellow-ochre-gs","Jordan 1 Mid Yellow Ochre (GS)",931
2026-07-16T14:22:53.429Z,gid://shopify/Product/15072813285762,"air-jordan-1-retro-ajko-low-bred","Jordan 1 Retro AJKO Low Bred",975
2026-07-16T14:22:53.429Z,gid://shopify/Product/15072813646210,"jordan-1-retro-high-85-og-bred-2026","Jordan 1 Retro High '85 OG Bred (2025)",722
2026-07-16T14:22:53.429Z,gid://shopify/Product/15072814170498,"air-jordan-1-retro-high-black-metallic-gold-2020-gs","Jordan 1 Retro High Black Metallic Gold (2020) (GS)",947
2026-07-16T14:22:53.429Z,gid://shopify/Product/15072814727554,"air-jordan-1-mid-triple-white-2-2020","Jordan 1 Mid Triple White 2.0 (2020)",895
2026-07-16T14:22:53.429Z,gid://shopify/Product/15072814989698,"air-jordan-1-mid-quai54-2019","Jordan 1 Mid Quai 54 (2019)",1064
2026-07-16T14:22:53.429Z,gid://shopify/Product/15072815251842,"air-jordan-11-retro-low-72-10-gs","Jordan 11 Retro Low 72-10 (GS)",1072
2026-07-16T14:22:53.429Z,gid://shopify/Product/15072815448450,"air-jordan-1-mid-pinksicle-gs","Jordan 1 Mid Pinksicle (GS)",932
2026-07-16T14:22:53.429Z,gid://shopify/Product/15072815710594,"air-jordan-1-retro-high-turbo-green","Jordan 1 Retro High Turbo Green",904
2026-07-16T14:22:53.429Z,gid://shopify/Product/15072815939970,"air-jordan-11-retro-prom-night","Jordan 11 Retro Cap and Gown",979
2026-07-16T14:22:53.429Z,gid://shopify/Product/15072816202114,"air-jordan-1-mid-se-fearless-melody-ehsani-w","Jordan 1 Mid SE Fearless Melody Ehsani (Women's)",1005
2026-07-16T14:22:53.429Z,gid://shopify/Product/15072816431490,"air-jordan-1-mid-french-blue-gym-red-womens","Jordan 1 Mid French Blue Gym Red (Women's)",1330
2026-07-16T14:22:53.429Z,gid://shopify/Product/15072816693634,"air-jordan-1-mid-lucky-green-ps","Jordan 1 Mid Lucky Green (PS)",1124
2026-07-16T14:22:53.429Z,gid://shopify/Product/15072816890242,"air-jordan-1-retro-high-og-starfish-td","Jordan 1 Retro High OG Starfish (TD)",975
2026-07-16T14:22:53.429Z,gid://shopify/Product/15072817119618,"air-jordan-1-mid-reverse-bred-2021","Jordan 1 Mid Reverse Bred (2021)",956
2026-07-16T14:22:53.429Z,gid://shopify/Product/15072817381762,"air-jordan-1-mid-se-usa-gs","Jordan 1 Mid SE USA (GS)",907
2026-07-16T14:22:53.429Z,gid://shopify/Product/15072817578370,"jordan-11-retro-cherry-2023","Jordan 11 Retro Cherry (2022)",606
2026-07-16T14:22:53.429Z,gid://shopify/Product/15072817873282,"air-jordan-11-retro-neapolitan-td","Jordan 11 Retro Neapolitan (TD)",1207
2026-07-16T14:22:53.429Z,gid://shopify/Product/15072818069890,"air-jordan-1-retro-high-og-dark-marine-blue-td","Jordan 1 Retro High OG Dark Marina Blue (TD)",969
2026-07-16T14:22:53.429Z,gid://shopify/Product/15072818266498,"air-jordan-1-retro-high-golf-eastside-golf-1961","Jordan 1 Retro High Golf Eastside Golf 1961",1356
2026-07-16T14:22:53.429Z,gid://shopify/Product/15072818495874,"air-jordan-1-retro-low-og-university-red","Jordan 1 Retro Low OG University Red",1188
2026-07-16T14:22:53.430Z,gid://shopify/Product/15072818790786,"air-jordan-1-retro-high-85-varsity-red","Jordan 1 Retro High '85 Varsity Red",1033
2026-07-16T14:22:53.430Z,gid://shopify/Product/15072819085698,"air-jordan-1-retro-high-og-pollen-ps","Jordan 1 Retro High OG Pollen (PS)",1001
2026-07-16T14:22:53.430Z,gid://shopify/Product/15072819413378,"jordan-1-mid-se-ice-blue-2023","Jordan 1 Mid SE Ice Blue (2023)",992
2026-07-16T14:22:53.430Z,gid://shopify/Product/15072819642754,"air-jordan-12-retro-blueberry-td","Jordan 12 Retro Blueberry (TD)",1128
2026-07-16T14:22:53.430Z,gid://shopify/Product/15072819872130,"air-jordan-1-retro-high-midnight-navy-2020","Jordan 1 Retro High CO.JP Midnight Navy (2020)",1153
2026-07-16T14:22:53.430Z,gid://shopify/Product/15072820101506,"air-jordan-1-retro-high-og-pollen-gs","Jordan 1 Retro High OG Pollen (GS)",1044
2026-07-16T14:22:53.430Z,gid://shopify/Product/15072820396418,"air-jordan-1-retro-high-court-purple-white-gs","Jordan 1 Retro High Court Purple White (GS)",1104
2026-07-16T14:22:53.430Z,gid://shopify/Product/15072820658562,"air-jordan-10-retro-cool-grey","Jordan 10 Retro Cool Grey",1245
2026-07-16T14:22:53.430Z,gid://shopify/Product/15072820887938,"air-jordan-1-retro-high-shattered-backboard-3-gs","Jordan 1 Retro High Shattered Backboard 3.0 (GS)",1038
2026-07-16T14:22:53.430Z,gid://shopify/Product/15072821150082,"air-jordan-1-mid-fat-tongue-black-orange","Jordan 1 Mid Fat Tongue Black Orange",1044
2026-07-16T14:22:53.430Z,gid://shopify/Product/15072821346690,"air-jordan-1-retro-low-golf-shadow","Jordan 1 Retro Low Golf Shadow",934
2026-07-16T14:22:53.430Z,gid://shopify/Product/15074844967298,"asics-gel-quantum-360-viii-cp-company-cement-grey","ASICS Gel-Quantum 360 VIII C.P. Company Cement Grey",1158
2026-07-16T14:22:53.430Z,gid://shopify/Product/15074845589890,"nike-air-foamposite-one-black-volt","Nike Air Foamposite One Black Volt",1120
2026-07-16T14:25:02.372Z,gid://shopify/Product/15074846048642,"adidas-ballerina-bad-bunny-bold-gold","adidas Ballerina Bad Bunny Bold Gold",1637
2026-07-16T14:25:02.374Z,gid://shopify/Product/15074846310786,"new-balance-9060-sea-salt-raincloud","New Balance 9060 Sea Salt Raincloud",1463
2026-07-16T14:25:02.374Z,gid://shopify/Product/15074846572930,"air-jordan-5-retro-og-black-metallic-reimagined-ps","Jordan 5 Retro OG Black Metallic Reimagined (PS)",1280
2026-07-16T14:25:02.374Z,gid://shopify/Product/15074846802306,"supreme-last-supper-leather-belt-multicolor","Supreme Last Supper Leather Belt Multicolor",1180
2026-07-16T14:25:02.374Z,gid://shopify/Product/15074847293826,"adidas-superstar-vintage-bape-white-black","adidas Superstar Vintage Bape White Black",1440
2026-07-16T14:25:02.374Z,gid://shopify/Product/15074847719810,"nike-sb-dunk-low-pro-black-gum","Nike SB Dunk Low Pro Black Gum",1036
2026-07-16T14:25:02.375Z,gid://shopify/Product/15074848014722,"nike-dunk-low-pro-sb-black-white-gum","Nike Dunk Low Pro SB Black White Gum",1456
2026-07-16T14:25:02.375Z,gid://shopify/Product/15074848276866,"bape-x-adidas-shark-fleece-full-zip-hoodie-black","BAPE x adidas Shark Fleece Full Zip Hoodie Black",1337
2026-07-16T14:25:02.375Z,gid://shopify/Product/15075729736066,"arcteryx-beta-lt-jacket-mens-jacket-black","Arc'teryx Beta LT Men's Jacket Black",1032
2026-07-16T14:25:02.375Z,gid://shopify/Product/15075730030978,"crocs-classic-clog-batmobile","Crocs Classic Clog Batmobile",1242
2026-07-16T14:25:02.375Z,gid://shopify/Product/15075730293122,"nike-book-1-blue-blood","Nike Book 1 Blue Blood",1563
2026-07-16T14:25:02.375Z,gid://shopify/Product/15075730555266,"nike-initiator-white-photon-dust-womens","Nike Initiator White Photon Dust (Women's)",1478
2026-07-16T14:25:02.375Z,gid://shopify/Product/15075730817410,"nike-air-max-90-recraft-triple-white","Nike Air Max 90 Recraft Triple White",1064
2026-07-16T14:25:02.375Z,gid://shopify/Product/15075731112322,"nike-air-max-90-slawn-black","Nike Air Max 90 Slawn Black",1436
2026-07-16T14:25:02.375Z,gid://shopify/Product/15075731407234,"bape-abc-camo-shark-full-zip-hoodie-ss23-blue","BAPE ABC Camo Shark Full Zip Hoodie Blue",1047
2026-07-16T14:25:02.375Z,gid://shopify/Product/15075731669378,"nike-astro-grabber-sp-bode-black","Nike Astro Grabber SP Bode Black",1405
2026-07-16T14:25:02.375Z,gid://shopify/Product/15075731931522,"adidas-yeezy-boost-350-v2-blue-tint","adidas Yeezy Boost 350 V2 Blue Tint",850
2026-07-16T14:25:02.375Z,gid://shopify/Product/15075732816258,"jordan-x-nigel-sylvester-bmx-jersey-cinnabar","Jordan x Nigel Sylvester Bmx Jersey Cinnabar",1333
2026-07-16T14:25:02.375Z,gid://shopify/Product/15075733078402,"adidas-superstar-core-black-cloud-white-gold-gs","adidas Superstar Core Black Cloud White Gold (GS)",1441
2026-07-16T14:25:02.375Z,gid://shopify/Product/15075733438850,"air-jordan-6-retro-toro-bravo","Jordan 6 Retro Toro Bravo",1129
2026-07-16T14:25:02.375Z,gid://shopify/Product/15076084679042,"bravest-studios-bear-claw-mule-black","Bravest Studios Bear Claw Mule Black",1150
2026-07-16T14:25:02.375Z,gid://shopify/Product/15076085694850,"yeezy-x-gap-unreleased-zip-sweatshirt-hoodie-black","Yeezy x Gap Unreleased Zip Sweatshirt Hoodie Black",1078
2026-07-16T14:25:02.375Z,gid://shopify/Product/15076086153602,"nike-v2k-run-summit-white-metallic-silver-womens","Nike V2K Run Summit White Metallic Silver (Women's)",1346
2026-07-16T14:25:02.375Z,gid://shopify/Product/15076086481282,"new-balance-740v2-concord-grape","New Balance 740v2 Concord Grape",1234
2026-07-16T14:25:02.375Z,gid://shopify/Product/15076086907266,"air-jordan-9-retro-powder-blue-2024","Jordan 9 Retro Powder Blue (2024)",1480
2026-07-16T14:25:02.375Z,gid://shopify/Product/15076087300482,"nike-kobe-6-protro-dodgers-pe","Nike Kobe 6 Protro Dodgers",1570
2026-07-16T14:25:02.375Z,gid://shopify/Product/15076087693698,"denim-tears-the-cotton-wreath-sweatshirt-grey","Denim Tears The Cotton Wreath Sweatshirt Grey",1231
2026-07-16T14:25:02.375Z,gid://shopify/Product/15076088119682,"nike-sb-dunk-low-dark-smoke-grey","Nike SB Dunk Low Dark Smoke Grey",1268
2026-07-16T14:25:02.375Z,gid://shopify/Product/15076088873346,"nike-reactx-rejuven8-elemental-pink-womens","Nike ReactX Rejuven8 Elemental Pink (Women's)",1303
2026-07-16T14:25:02.375Z,gid://shopify/Product/15076089201026,"nike-sb-dunk-low-classic-green","Nike SB Dunk Low Classic Green",1070
2026-07-16T14:25:02.375Z,gid://shopify/Product/15077684773250,"nike-v2k-run-light-orewood-brown-womens","Nike V2K Run Light Orewood Brown (Women's)",1321
2026-07-16T14:25:02.375Z,gid://shopify/Product/15077866832258,"pop-mart-labubu-the-monsters-x-one-piece-series-sealed-case-12-blind-box","Pop Mart Labubu The Monsters x One Piece Series Sealed Case (12 Blind Boxes)",1512
2026-07-16T14:25:02.375Z,gid://shopify/Product/15077870829954,"nike-hoops-elite-32l-backpack-black-silver","Nike Hoops Elite 32L Backpack Black/Silver",1302
2026-07-16T14:25:02.375Z,gid://shopify/Product/15077878595970,"supreme-new-era-box-logo-beanie-fw21-black","Supreme New Era Box Logo Beanie (FW21) Black",827
2026-07-16T14:25:02.375Z,gid://shopify/Product/15078816514434,"pop-mart-labubu-the-monsters-have-a-seat-dada-vinyl-plush","Pop Mart Labubu The Monsters Have a Seat DADA Vinyl Plush",461
2026-07-16T14:25:02.375Z,gid://shopify/Product/15079000211842,"denim-tears-the-cotton-wreath-shorts-black-1","Denim Tears The Cotton Wreath Shorts Black",1019
2026-07-16T14:25:02.375Z,gid://shopify/Product/15079004832130,"nike-sabrina-2-titan-make-space-womens","Nike Sabrina 2 Titan Make Space (Women's)",1560
2026-07-16T14:25:02.375Z,gid://shopify/Product/15081448505730,"air-jordan-5-retro-what-the","Jordan 5 Retro What The",1554
2026-07-16T14:25:02.375Z,gid://shopify/Product/15081787130242,"nike-vomero-5-pearl-pink-bleached-lilac-summit-white-vast-grey-gs","Nike Vomero 5 Pearl Pink Bleached Lilac Summit White Vast Grey (GS)",1339
2026-07-16T14:25:02.375Z,gid://shopify/Product/15081789915522,"nike-zoom-vomero-5-sail-coconut-milk-womens","Nike Zoom Vomero 5 Sail Coconut Milk (Women's)",1401
2026-07-16T14:26:37.810Z,gid://shopify/Product/15086654554498,"air-jordan-5-retro-earth-womens","Jordan 5 Retro Golden Ticket (Women's)",981
2026-07-16T14:26:37.812Z,gid://shopify/Product/15086655373698,"adidas-samba-og-better-scarlet-womens","adidas Samba OG Better Scarlet (Women's)",900
2026-07-16T14:26:37.812Z,gid://shopify/Product/15086702461314,"nike-zoom-vomero-5-a-cold-wall-silver-iridescent","Nike Zoom Vomero 5 A Cold Wall Solarized",986
2026-07-16T14:26:37.812Z,gid://shopify/Product/15089223664002,"adidas-clarks-8th-street-gazelle-indoor-by-ronnie-fieg-molecule-exclusive","adidas Clarks 8th Street Gazelle Indoor by Ronnie Fieg Molecule Exclusive",980
2026-07-16T14:26:37.812Z,gid://shopify/Product/15089389699458,"adidas-gazelle-bold-wonder-beige-collegiate-orange-womens","adidas Gazelle Bold Wonder Beige Collegiate Orange (Womens)",973
2026-07-16T14:26:37.812Z,gid://shopify/Product/15089456972162,"adidas-gazelle-indoor-off-white-focus-blue","adidas Gazelle Indoor Off White Focus Blue",1027
2026-07-16T14:26:37.812Z,gid://shopify/Product/15091391496578,"adidas-handball-spezial-grey-carbon","adidas Handball Spezial Grey Carbon",889
2026-07-16T14:26:37.812Z,gid://shopify/Product/15092689731970,"adidas-japan-off-white-spark-womens","adidas Japan Off White Spark (Women's)",916
2026-07-16T14:26:37.812Z,gid://shopify/Product/15094181036418,"adidas-samba-consortium-cup-end-past","adidas Samba Consortium Cup END. Past",1056
2026-07-16T14:26:37.812Z,gid://shopify/Product/15094201450882,"adidas-samba-messi-light-pink-black","adidas Samba Messi Light Pink Black",878
2026-07-16T14:26:37.812Z,gid://shopify/Product/15094220947842,"adidas-samba-og-dark-brown-beige-gum","adidas Samba OG Dark Brown Beige Gum",1006
2026-07-16T14:26:37.812Z,gid://shopify/Product/15094242476418,"adidas-samba-og-toy-story-woody-gs","adidas Samba OG Toy Story Woody (GS)",1074
2026-07-16T14:26:37.813Z,gid://shopify/Product/15094252306818,"adidas-samba-team-arsenal","adidas Samba Team Arsenal",1066
2026-07-16T14:26:37.813Z,gid://shopify/Product/15094264103298,"adidas-sambae-ivory-pink-fusion-womens","adidas Sambae Ivory Pink Fusion (Women's)",1118
2026-07-16T14:26:37.813Z,gid://shopify/Product/15097570886018,"adidas-superstar-platform-beyonce-ivy-park-white-black-w","adidas Superstar Platform Beyonce Ivy Park White Black (Women's)",1235
2026-07-16T14:26:37.813Z,gid://shopify/Product/15105227850114,"ugg-tazz-ii-slipper-chestnut-womens","UGG Tazz II Slipper Chestnut (Women's)",938
2026-07-16T14:26:37.813Z,gid://shopify/Product/15105232634242,"ugg-scuffette-ii-slipper-chestnut-w","UGG Scuffette II Slipper Chestnut (Women's)",753
2026-07-16T14:26:37.813Z,gid://shopify/Product/15105233453442,"ugg-goldenstar-clog-sand-womens","UGG Goldenstar Clog Sand (Women's)",1004
2026-07-16T14:26:37.813Z,gid://shopify/Product/15105234403714,"ugg-tasman-slipper-mushroom-womens","UGG Tasman Slipper Mushroom (Women's)",925
2026-07-16T14:26:37.813Z,gid://shopify/Product/15105235353986,"ugg-cozy-slipper-cream-womens","UGG Cozy Slipper Cream (Women's)",1008
2026-07-16T14:26:37.813Z,gid://shopify/Product/15105235845506,"ugg-tasman-weather-hybrid-slipper-chestnut-whitecap","UGG Tasman Weather Hybrid Slipper Chestnut Whitecap",1027
2026-07-16T14:26:37.813Z,gid://shopify/Product/15105236402562,"ugg-tasman-ii-slipper-chestnut","UGG Tasman II Slipper Chestnut",1026
2026-07-16T14:26:37.813Z,gid://shopify/Product/15105237057922,"ugg-funkette-slipper-black","UGG Funkette Slipper Black",990
2026-07-16T14:26:37.813Z,gid://shopify/Product/15105238303106,"ugg-goldenstar-clog-driftwood","UGG Goldenstar Clog Driftwood (Women's)",999
2026-07-16T14:26:37.813Z,gid://shopify/Product/15105241448834,"adidas-samba-classic-black-white-dark-gum","adidas Samba Classic Black White Dark Gum",902
2026-07-16T14:26:37.813Z,gid://shopify/Product/15105243218306,"adidas-samba-indoor-cloud-white-core-black-vivid-red","adidas Samba Indoor Cloud White Core Black Vivid Red",1185
2026-07-16T14:26:37.813Z,gid://shopify/Product/15105246003586,"adidas-samba-off-white-dark-blue-womens","adidas Samba Off White Dark Blue (Women's)",1101
2026-07-16T14:26:37.813Z,gid://shopify/Product/15105248133506,"adidas-samba-og-collegiate-green-cream-white","adidas Samba OG Collegiate Green Cream White",1153
2026-07-16T14:26:37.813Z,gid://shopify/Product/15105255375234,"adidas-samba-og-off-white-earth-strata","adidas Samba OG Off White Earth Strata",1088
2026-07-16T14:26:37.813Z,gid://shopify/Product/15105279459714,"adidas-samba-og-wonder-gold-metallic-womens","adidas Samba OG Wonder Gold Metallic (Women's)",1215
2026-07-16T14:26:37.813Z,gid://shopify/Product/15105287848322,"adidas-samba-sporty-rich-white-bold-gold","adidas Samba Sporty & Rich White Bold Gold",1284
2026-07-16T14:26:37.814Z,gid://shopify/Product/15105298203010,"adidas-sambae-white-collegiate-green-gum-womens","adidas Sambae White Collegiate Green Gum (Women's)",1176
2026-07-16T14:26:37.814Z,gid://shopify/Product/15105299349890,"adidas-sl-72-og-blue-bird-off-white-womens","adidas SL 72 OG Blue Bird Off White (Women's)",1007
2026-07-16T14:26:37.814Z,gid://shopify/Product/15105300955522,"adidas-sl-72-rs-grey-cloud-white-crystal-white","adidas SL 72 RS Grey Cloud White Crystal White",1137
2026-07-16T14:26:37.814Z,gid://shopify/Product/15105737195906,"adidas-yeezy-450-cloud-white","adidas Yeezy 450 Cloud White",1046
2026-07-16T14:26:37.814Z,gid://shopify/Product/15105769177474,"adidas-yeezy-boost-350-v2-mono-cinder","adidas Yeezy Boost 350 V2 Mono Cinder",751
2026-07-16T14:26:37.814Z,gid://shopify/Product/15105774715266,"adidas-yeezy-boost-350-v2-sesame","adidas Yeezy Boost 350 V2 Sesame",757
2026-07-16T14:26:37.814Z,gid://shopify/Product/15105797652866,"adidas-yeezy-boost-700-magnet","adidas Yeezy Boost 700 Magnet",935
2026-07-16T14:26:37.814Z,gid://shopify/Product/15105981350274,"air-jordan-1-flyease-royal","Jordan 1 High FlyEase Royal",974
2026-07-16T14:26:37.814Z,gid://shopify/Product/15106025390466,"air-jordan-1-high-zoom-air-cmft-2-light-iron-ore-womens","Jordan 1 High Zoom Air CMFT 2 Light Iron Ore (Women's)",1413
2026-07-16T14:28:36.024Z,gid://shopify/Product/15106029486466,"air-jordan-1-high-zoom-air-cmft-2-pine-green-orange-blaze-womens","Jordan 1 High Zoom Air CMFT 2 Pine Green Orange Blaze (Women's)",1160
2026-07-16T14:28:36.025Z,gid://shopify/Product/15106036826498,"air-jordan-1-high-zoom-air-cmft-fire-red-hot-curry-w","Jordan 1 High Zoom Air CMFT Fire Red Hot Curry (Women's)",1094
2026-07-16T14:28:36.025Z,gid://shopify/Product/15106041184642,"air-jordan-1-high-zoom-air-cmft-patent-chicago-w","Jordan 1 High Zoom Air CMFT Patent Chicago (Women's)",1091
2026-07-16T14:28:36.025Z,gid://shopify/Product/15106045051266,"air-jordan-1-high-zoom-air-cmft-red-aqua-gold","Jordan 1 High Zoom Air CMFT Anthracite",1006
2026-07-16T14:28:36.025Z,gid://shopify/Product/15106049311106,"air-jordan-1-high-zoom-cmft-stadium-green","Jordan 1 High Zoom Air CMFT Stadium Green",1024
2026-07-16T14:28:36.025Z,gid://shopify/Product/15106058092930,"air-jordan-1-low-aquatone","Jordan 1 Low Aquatone",1088
2026-07-16T14:28:36.025Z,gid://shopify/Product/15106064548226,"air-jordan-1-low-black-light-smoke-grey-gym-red","Jordan 1 Low Black Light Smoke Grey Gym Red",1030
2026-07-16T14:28:36.025Z,gid://shopify/Product/15106069430658,"air-jordan-1-low-black-white-grey","Jordan 1 Low Black White Grey",869
2026-07-16T14:28:36.025Z,gid://shopify/Product/15106074214786,"air-jordan-1-low-bulls","Jordan 1 Low Bulls",986
2026-07-16T14:28:36.025Z,gid://shopify/Product/15106075656578,"air-jordan-1-low-dark-beetroot-black-w","Jordan 1 Low Dark Beetroot Black (Women's)",1013
2026-07-16T14:28:36.025Z,gid://shopify/Product/15106077589890,"air-jordan-1-low-galactic-jade-womens","Jordan 1 Low Galactic Jade (Women's)",1141
2026-07-16T14:28:36.026Z,gid://shopify/Product/15106080211330,"air-jordan-1-low-inside-out-cream-white-light-grey","Jordan 1 Low SE Craft Inside Out White Phantom",912
2026-07-16T14:28:36.026Z,gid://shopify/Product/15106082341250,"air-jordan-1-low-lucky-green-aquatone-womens","Jordan 1 Low Lucky Green Aquatone (Women's)",1072
2026-07-16T14:28:36.026Z,gid://shopify/Product/15106084438402,"air-jordan-1-low-midnight-navy-neutral-grey","Jordan 1 Low Midnight Navy Neutral Grey",1184
2026-07-16T14:28:36.026Z,gid://shopify/Product/15106086044034,"air-jordan-1-low-noble-red","Jordan 1 Low Noble Red",1091
2026-07-16T14:28:36.026Z,gid://shopify/Product/15106089025922,"air-jordan-1-low-og-rookie-of-the-year","Jordan 1 Low OG Rookie of the Year",1106
2026-07-16T14:28:36.026Z,gid://shopify/Product/15106091483522,"air-jordan-1-low-paris","Jordan 1 Low Paris",1005
2026-07-16T14:28:36.026Z,gid://shopify/Product/15106093613442,"air-jordan-1-low-purple-magenta-w","Jordan 1 Low Purple Magenta (Women's)",1056
2026-07-16T14:28:36.026Z,gid://shopify/Product/15106094432642,"air-jordan-1-low-se-all-star-2021","Jordan 1 Low SE All-Star (2021)",1043
2026-07-16T14:28:36.026Z,gid://shopify/Product/15106095448450,"air-jordan-1-low-se-brown-elephant","Jordan 1 Low SE Brown Elephant",1119
2026-07-16T14:28:36.026Z,gid://shopify/Product/15106096693634,"air-jordan-1-low-se-craft-obsidian-french-blue-ashen-slate-white","Jordan 1 Low SE Craft Obsidian French Blue Ashen Slate White",987
2026-07-16T14:28:36.026Z,gid://shopify/Product/15106098725250,"air-jordan-1-low-se-legend-coffee-womens","Jordan 1 Low SE Legend Coffee (Women's)",1194
2026-07-16T14:28:36.026Z,gid://shopify/Product/15106099642754,"air-jordan-1-low-se-pink-blast-womens","Jordan 1 Low SE Pink Blast (Women's)",1166
2026-07-16T14:28:36.026Z,gid://shopify/Product/15106103705986,"air-jordan-1-low-se-utility-white-black-gym-red-w","Jordan 1 Low SE Utility White Black Gym Red (Women's)",991
2026-07-16T14:28:36.026Z,gid://shopify/Product/15106114584962,"air-jordan-1-low-snkrs-day-w","Jordan 1 Low SNKRS Day (Women's)",1082
2026-07-16T14:28:36.026Z,gid://shopify/Product/15106115207554,"air-jordan-1-low-td-cleat-white-grey-fog","Jordan 1 Low TD Cleat White Grey Fog",1120
2026-07-16T14:28:36.026Z,gid://shopify/Product/15106115993986,"air-jordan-1-low-tropical-teal-w","Jordan 1 Low Tropical Teal (Women's)",1010
2026-07-16T14:28:36.026Z,gid://shopify/Product/15106116387202,"air-jordan-1-low-vintage-unc-grey","Jordan 1 Low Vintage UNC Grey",1153
2026-07-16T14:28:36.026Z,gid://shopify/Product/15106116878722,"air-jordan-1-low-white-toe","Jordan 1 Low White Toe",983
2026-07-16T14:28:36.026Z,gid://shopify/Product/15106117271938,"air-jordan-1-mid-action-grape-womens","Jordan 1 Mid Action Grape (Women's)",1323
2026-07-16T14:28:36.026Z,gid://shopify/Product/15106117665154,"air-jordan-1-mid-barely-orange-w","Jordan 1 Mid Barely Orange (Women's)",1006
2026-07-16T14:28:36.026Z,gid://shopify/Product/15106118287746,"air-jordan-1-mid-black-grape-w","Jordan 1 Mid Black Grape (Women's)",1236
2026-07-16T14:28:36.027Z,gid://shopify/Product/15106119238018,"air-jordan-1-mid-black-royal-metallic","Jordan 1 Mid Black Royal Blue",1231
2026-07-16T14:28:36.027Z,gid://shopify/Product/15106119926146,"air-jordan-1-mid-black-white-iron-grey","Jordan 1 Mid Black White Iron Grey",1207
2026-07-16T14:28:36.027Z,gid://shopify/Product/15106667053442,"air-jordan-1-mid-camo-2020","Jordan 1 Mid Camo (2020)",1055
2026-07-16T14:28:36.027Z,gid://shopify/Product/15106667577730,"air-jordan-1-mid-chicago-2020-gs","Jordan 1 Mid Chicago (2020) (GS)",1083
2026-07-16T14:28:36.027Z,gid://shopify/Product/15106668921218,"air-jordan-1-mid-crimson-tint-toe","Jordan 1 Mid Arctic Orange Black Toe",1051
2026-07-16T14:28:36.027Z,gid://shopify/Product/15106669805954,"air-jordan-1-mid-diffused-blue-womens","Jordan 1 Mid Diffused Blue (Women's)",1297
2026-07-16T14:28:36.027Z,gid://shopify/Product/15106674196866,"air-jordan-1-mid-gym-red-off-noir-womens","Jordan 1 Mid Gym Red Off Noir (Women's)",1148
2026-07-16T14:28:36.027Z,gid://shopify/Product/15106677670274,"air-jordan-1-mid-laser-orange-black-w","Jordan 1 Mid Laser Orange Black (Women's)",900
2026-07-16T14:30:54.273Z,gid://shopify/Product/15106681700738,"air-jordan-1-mid-paris-white","Jordan 1 Mid Paris White",996
2026-07-16T14:30:54.275Z,gid://shopify/Product/15106695496066,"air-jordan-1-mid-purple-mocha-gs","Jordan 1 Mid Purple Mocha (GS)",979
2026-07-16T14:30:54.275Z,gid://shopify/Product/15106702901634,"air-jordan-1-mid-se-christmas","Jordan 1 Mid SE Christmas",1042
2026-07-16T14:30:54.275Z,gid://shopify/Product/15106707423618,"air-jordan-1-mid-se-turf-orange","Jordan 1 Mid SE Turf Orange",1034
2026-07-16T14:30:54.275Z,gid://shopify/Product/15106711028098,"air-jordan-1-mid-split-french-blue-w","Jordan 1 Mid Split French Blue (Women's)",1033
2026-07-16T14:30:54.275Z,gid://shopify/Product/15106731442562,"air-jordan-1-mid-valentines-day-2023-ps","Jordan 1 Mid Valentine's Day (2023) (PS)",1252
2026-07-16T14:30:54.275Z,gid://shopify/Product/15106740224386,"air-jordan-1-retro-high-black-gym-red-black-gs","Jordan 1 Retro High Black Gym Red (GS)",1219
2026-07-16T14:30:54.275Z,gid://shopify/Product/15106743009666,"air-jordan-1-retro-high-co-japan-midnight-navy-ps","Jordan 1 Retro High CO.JP Midnight Navy (PS)",1146
2026-07-16T14:30:54.275Z,gid://shopify/Product/15106745663874,"air-jordan-1-retro-high-element-gore-tex-legend-coffee","Jordan 1 Retro High Element Gore-Tex Legend Coffee",1315
2026-07-16T14:30:54.275Z,gid://shopify/Product/15106750677378,"air-jordan-1-retro-high-la-black-gold-gs","Jordan 1 Retro High City of Flight (GS)",908
2026-07-16T14:30:54.275Z,gid://shopify/Product/15106755690882,"air-jordan-1-retro-high-og-brotherhood-gs","Jordan 1 Retro High OG Brotherhood (GS)",1096
2026-07-16T14:30:54.275Z,gid://shopify/Product/15106760540546,"air-jordan-1-retro-high-og-midnight-navy-gs","Jordan 1 Retro High OG Midnight Navy (GS)",1063
2026-07-16T14:30:54.275Z,gid://shopify/Product/15106769355138,"air-jordan-1-retro-high-og-team-red-gs","Jordan 1 Retro High OG Artisanal Team Red (GS)",1154
2026-07-16T14:30:54.275Z,gid://shopify/Product/15106780627330,"air-jordan-1-retro-high-satin-snake-chicago-ps","Jordan 1 Retro High Satin Snake Chicago (PS)",887
2026-07-16T14:30:54.275Z,gid://shopify/Product/15106793144706,"air-jordan-1-retro-high-unc-leather","Jordan 1 Retro High Obsidian",972
2026-07-16T14:30:54.275Z,gid://shopify/Product/15106801959298,"air-jordan-1-retro-low-golf-court-purple","Jordan 1 Retro Low Golf Court Purple",1248
2026-07-16T14:30:54.275Z,gid://shopify/Product/15106903966082,"air-jordan-1-retro-low-og-sp-travis-scott-black-phantom-td","Jordan 1 Retro Low OG SP Travis Scott Black Phantom (TD)",1256
2026-07-16T14:30:54.275Z,gid://shopify/Product/15106908815746,"air-jordan-1-retro-rust-pink","Jordan 1 Retro High Rust Pink",1376
2026-07-16T14:30:54.275Z,gid://shopify/Product/15106911535490,"air-jordan-10-retro-seattle","Jordan 10 Retro Seattle",1054
2026-07-16T14:30:54.275Z,gid://shopify/Product/15106913927554,"air-jordan-11-cmft-low-cherry","Jordan 11 CMFT Low Cherry",941
2026-07-16T14:30:54.275Z,gid://shopify/Product/15106919924098,"air-jordan-11-retro-jubilee-ps","Jordan 11 Retro Jubilee (PS)",1019
2026-07-16T14:30:54.275Z,gid://shopify/Product/15106924020098,"air-jordan-11-retro-low-golf-concord","Jordan 11 Retro Low Golf Concord",911
2026-07-16T14:30:54.275Z,gid://shopify/Product/15106930311554,"air-jordan-11-retro-low-pure-violet-w","Jordan 11 Retro Low Pure Violet (Women's)",898
2026-07-16T14:30:54.275Z,gid://shopify/Product/15106938765698,"air-jordan-12-low-25-years-in-china","Jordan 12 Low 25 Years In China",1103
2026-07-16T14:30:54.275Z,gid://shopify/Product/15106943123842,"air-jordan-12-retro-playoffs-2022-gs","Jordan 12 Retro Playoffs (2022) (GS)",1169
2026-07-16T14:30:54.275Z,gid://shopify/Product/15106944893314,"air-jordan-12-retro-stealth-gs","Jordan 12 Retro Stealth (GS)",1107
2026-07-16T14:30:54.276Z,gid://shopify/Product/15106946040194,"air-jordan-13-retro-chinese-new-year-2020","Jordan 13 Retro Chinese New Year (2020)",983
2026-07-16T14:30:54.276Z,gid://shopify/Product/15106947154306,"air-jordan-13-retro-he-got-game-2018","Jordan 13 Retro He Got Game (2018)",916
2026-07-16T14:30:54.276Z,gid://shopify/Product/15106947973506,"air-jordan-13-retro-reverse-he-got-game","Jordan 13 Retro Reverse He Got Game",924
2026-07-16T14:30:54.276Z,gid://shopify/Product/15106948792706,"air-jordan-13-singles-day-gym-red","Jordan 13 Retro What Is Love Pack",1103
2026-07-16T14:30:54.276Z,gid://shopify/Product/15106950136194,"air-jordan-18-retro-black-sport-royal","Jordan 18 Retro Black Sport Royal (2018)",811
2026-07-16T14:30:54.276Z,gid://shopify/Product/15106952266114,"air-jordan-2-retro-low-chicago-twist-womens","Jordan 2 Retro Low Chicago Twist (Women's)",1368
2026-07-16T14:30:54.276Z,gid://shopify/Product/15106953773442,"air-jordan-2-retro-low-sp-off-white-black-blue","Jordan 2 Retro Low SP Off-White Black Blue",1023
2026-07-16T14:30:54.276Z,gid://shopify/Product/15106956919170,"air-jordan-2011-white-black","Jordan 2011 White Black",1243
2026-07-16T14:30:54.276Z,gid://shopify/Product/15106961932674,"air-jordan-3-retro-black-cement-gold-w","Jordan 3 Retro Black Cement Gold (Women's)",1020
2026-07-16T14:30:54.276Z,gid://shopify/Product/15106966749570,"air-jordan-3-retro-fear-pack-2023-gs","Jordan 3 Retro Fear Pack (2023) (GS)",1191
2026-07-16T14:30:54.276Z,gid://shopify/Product/15106972385666,"air-jordan-3-retro-lucky-green-w","Jordan 3 Retro Lucky Green (Women's)",963
2026-07-16T14:30:54.276Z,gid://shopify/Product/15106974548354,"air-jordan-3-retro-quai-54-2024","Jordan 3 Retro Quai 54 (2024)",1316
2026-07-16T14:30:54.276Z,gid://shopify/Product/15106977366402,"air-jordan-3-retro-true-blue-2016","Jordan 3 Retro True Blue (2016)",1025
2026-07-16T14:30:54.276Z,gid://shopify/Product/15106987032962,"air-jordan-37-oreo","Jordan 37 Oreo",1536
2026-07-16T14:32:49.182Z,gid://shopify/Product/15106990408066,"air-jordan-4-retro-black-cat-2020-gs","Jordan 4 Retro Black Cat (2020) (GS)",896
2026-07-16T14:32:49.191Z,gid://shopify/Product/15106992669058,"air-jordan-4-retro-bred-2019-gs","Jordan 4 Retro Bred (2019) (GS)",744
2026-07-16T14:32:49.191Z,gid://shopify/Product/15106995290498,"air-jordan-4-retro-cacao-wow-ps","Jordan 4 Retro Cacao Wow (PS)",870
2026-07-16T14:32:49.191Z,gid://shopify/Product/15106999058818,"air-jordan-4-retro-fear-2024-td","Jordan 4 Retro Fear (2024) (TD)",914
2026-07-16T14:32:49.191Z,gid://shopify/Product/15107001188738,"air-jordan-4-retro-fire-red-2020-td","Jordan 4 Retro Fire Red (2020) (TD)",893
2026-07-16T14:32:49.191Z,gid://shopify/Product/15107003679106,"air-jordan-4-retro-golf-black-cat-pony-hair","Jordan 4 Retro Golf Black Cat Pony Hair",895
2026-07-16T14:32:49.191Z,gid://shopify/Product/15107005546882,"air-jordan-4-retro-hot-punch-w","Jordan 4 Retro Hot Punch (Women's)",821
2026-07-16T14:32:49.191Z,gid://shopify/Product/15107007709570,"air-jordan-4-retro-kaws-black","Jordan 4 Retro Kaws Black",894
2026-07-16T14:32:49.191Z,gid://shopify/Product/15107009118594,"air-jordan-4-retro-levis-black-gs-blank-tag","Jordan 4 Retro Levi's Black (GS) (Blank Tag)",1091
2026-07-16T14:32:49.191Z,gid://shopify/Product/15107010691458,"air-jordan-4-retro-lightning-2021","Jordan 4 Retro Lightning (2021)",787
2026-07-16T14:32:49.191Z,gid://shopify/Product/15107012919682,"air-jordan-4-retro-messy-room-td","Jordan 4 Retro Messy Room (TD)",1021
2026-07-16T14:32:49.191Z,gid://shopify/Product/15107016294786,"air-jordan-4-retro-military-black-td","Jordan 4 Retro Military Black (TD)",975
2026-07-16T14:32:49.191Z,gid://shopify/Product/15107019014530,"air-jordan-4-retro-motorsports-gs","Jordan 4 Retro Motorsports (2017) (GS)",1009
2026-07-16T14:32:49.191Z,gid://shopify/Product/15107024060802,"air-jordan-4-retro-oxidized-green-ps","Jordan 4 Retro Oxidized Green (PS)",996
2026-07-16T14:32:49.191Z,gid://shopify/Product/15107027370370,"air-jordan-4-retro-raptors","Jordan 4 Retro Raptors (2018)",827
2026-07-16T14:32:49.191Z,gid://shopify/Product/15107031662978,"air-jordan-4-retro-red-thunder-ps","Jordan 4 Retro Red Thunder (PS)",929
2026-07-16T14:32:49.191Z,gid://shopify/Product/15107035988354,"air-jordan-4-retro-se-craft-medium-olive-td","Jordan 4 Retro SE Craft Medium Olive (TD)",1033
2026-07-16T14:32:49.191Z,gid://shopify/Product/15107051716994,"air-jordan-4-retro-se-neon-td","Jordan 4 Retro SE 95 Neon (TD)",961
2026-07-16T14:32:49.191Z,gid://shopify/Product/15107053781378,"air-jordan-4-retro-sp-30th-anniversary-union-taupe-haze","Jordan 4 Retro SP 30th Anniversary Union Taupe Haze",818
2026-07-16T14:32:49.191Z,gid://shopify/Product/15107054928258,"air-jordan-4-retro-tex-denim-worn-blue-womens","Jordan 4 Retro TEX Denim Worn Blue (Women's)",1086
2026-07-16T14:32:49.191Z,gid://shopify/Product/15107057058178,"air-jordan-4-retro-true-berry-ps","Jordan 4 Retro Valentine's Day (2019) (PS)",942
2026-07-16T14:32:49.191Z,gid://shopify/Product/15107060367746,"air-jordan-4-retro-what-the","Jordan 4 Retro What The",937
2026-07-16T14:32:49.191Z,gid://shopify/Product/15107060760962,"air-jordan-4-retro-where-the-wild-things-are-ps","Jordan 4 Retro Where the Wild Things Are (PS)",1078
2026-07-16T14:32:49.191Z,gid://shopify/Product/15107061547394,"air-jordan-4-retro-white-lemon-pink-gs","Jordan 4 Retro White Lemon Pink (GS)",925
2026-07-16T14:32:49.192Z,gid://shopify/Product/15107063316866,"air-jordan-4-retro-white-university-red","Jordan 4 Retro Metallic Red",966
2026-07-16T14:32:49.192Z,gid://shopify/Product/15107064365442,"air-jordan-4-rm-black-metallic","Jordan 4 RM Black Metallic",1022
2026-07-16T14:32:49.192Z,gid://shopify/Product/15107066233218,"air-jordan-4-rm-legend-light-brown-womens","Jordan 4 RM Legend Light Brown (Women's)",1031
2026-07-16T14:32:49.192Z,gid://shopify/Product/15107069215106,"air-jordan-5-low-arctic-pink-w","Jordan 5 Retro Low Girls That Hoop (Women's)",835
2026-07-16T14:32:49.192Z,gid://shopify/Product/15107071181186,"air-jordan-5-retro-anthracite","Jordan 5 Retro Anthracite",1225
2026-07-16T14:32:49.192Z,gid://shopify/Product/15107072917890,"air-jordan-5-retro-blue-suede","Jordan 5 Retro Blue Suede",868
2026-07-16T14:32:49.192Z,gid://shopify/Product/15107074785666,"air-jordan-5-retro-dark-concord-ps","Jordan 5 Retro Dark Concord (PS)",1029
2026-07-16T14:32:49.192Z,gid://shopify/Product/15107076260226,"air-jordan-5-retro-dunk-on-mars-w","Jordan 5 Retro Dunk on Mars (Women's)",1062
2026-07-16T14:32:49.192Z,gid://shopify/Product/15107078193538,"air-jordan-5-retro-fire-red-silver-tongue-2020-gs","Jordan 5 Retro Fire Red Silver Tongue (2020) (GS)",884
2026-07-16T14:32:49.192Z,gid://shopify/Product/15107080847746,"air-jordan-5-retro-grape-2025","Jordan 5 Retro Grape (2025)",1063
2026-07-16T14:32:49.192Z,gid://shopify/Product/15107082289538,"air-jordan-5-retro-green-bean-2022-td","Jordan 5 Retro Green Bean (2022) (TD)",1060
2026-07-16T14:32:49.192Z,gid://shopify/Product/15107083338114,"air-jordan-5-retro-laney-varsity-royal","Jordan 5 Retro JSP Laney Varsity Royal",770
2026-07-16T14:32:49.192Z,gid://shopify/Product/15107084779906,"air-jordan-5-retro-low-crafted-for-her-desert-berry-gs","Jordan 5 Retro Low Crafted For Her Desert Berry (GS)",1136
2026-07-16T14:32:49.192Z,gid://shopify/Product/15107085730178,"air-jordan-5-retro-low-golf-grape-ice","Jordan 5 Retro Low Golf Grape Ice",947
2026-07-16T14:32:49.192Z,gid://shopify/Product/15107087401346,"air-jordan-5-retro-medium-soft-pink","Jordan 5 Retro Medium Soft Pink",986
2026-07-16T14:32:49.192Z,gid://shopify/Product/15107088384386,"air-jordan-5-retro-off-white-black","Jordan 5 Retro Off-White Muslin",1055
2026-07-16T14:35:02.857Z,gid://shopify/Product/15107089662338,"air-jordan-5-retro-olive-2024-gs","Jordan 5 Retro Olive (2024) (GS)",1028
2026-07-16T14:35:02.860Z,gid://shopify/Product/15107090743682,"air-jordan-5-retro-racer-blue","Jordan 5 Retro Racer Blue",726
2026-07-16T14:35:02.861Z,gid://shopify/Product/15107091595650,"air-jordan-5-retro-raging-bulls-red-2021-td","Jordan 5 Retro Raging Bull Red (2021) (TD)",985
2026-07-16T14:35:02.861Z,gid://shopify/Product/15107092676994,"air-jordan-5-retro-satin-bred-gs","Jordan 5 Retro Satin Bred (GS)",921
2026-07-16T14:35:02.861Z,gid://shopify/Product/15107093922178,"air-jordan-5-retro-shattered-backboard","Jordan 5 Retro Shattered Backboard",884
2026-07-16T14:35:02.861Z,gid://shopify/Product/15107095232898,"air-jordan-5-retro-top-3-td","Jordan 5 Retro Top 3 (TD)",866
2026-07-16T14:35:02.861Z,gid://shopify/Product/15107096609154,"air-jordan-5-retro-white-laser-crimson-voltage-purple-gs","Jordan 5 Retro Easter (2020) (GS)",1016
2026-07-16T14:35:02.861Z,gid://shopify/Product/15107097756034,"air-jordan-5-retro-wings","Jordan 5 Retro Wings",758
2026-07-16T14:35:02.861Z,gid://shopify/Product/15107100213634,"air-jordan-6-retro-all-star-2017-gs","Jordan 6 Retro All-Star Chameleon (2017) (GS)",850
2026-07-16T14:35:02.861Z,gid://shopify/Product/15107101393282,"air-jordan-6-retro-atmosphere-td","Jordan 6 Retro Atmosphere (TD)",1073
2026-07-16T14:35:02.861Z,gid://shopify/Product/15107102605698,"air-jordan-6-retro-bordeaux","Jordan 6 Retro Bordeaux",781
2026-07-16T14:35:02.861Z,gid://shopify/Product/15107103097218,"air-jordan-6-retro-carmine-2020-td","Jordan 6 Retro Carmine (2021) (TD)",796
2026-07-16T14:35:02.862Z,gid://shopify/Product/15107103916418,"air-jordan-6-retro-cool-grey","Jordan 6 Retro Cool Grey",829
2026-07-16T14:35:02.862Z,gid://shopify/Product/15107105161602,"air-jordan-6-retro-diffused-blue","Jordan 6 Retro Diffused Blue",673
2026-07-16T14:35:02.862Z,gid://shopify/Product/15107106537858,"air-jordan-6-retro-electric-green-ps","Jordan 6 Retro Electric Green (PS)",1027
2026-07-16T14:35:02.862Z,gid://shopify/Product/15107107586434,"air-jordan-6-retro-georgetown-2022","Jordan 6 Retro Georgetown (2022)",915
2026-07-16T14:35:02.862Z,gid://shopify/Product/15107108602242,"air-jordan-6-retro-hare-td","Jordan 6 Retro Hare (TD)",1096
2026-07-16T14:35:02.862Z,gid://shopify/Product/15107110306178,"air-jordan-6-retro-low-golf-us-open-2023","Jordan 6 Retro Low Golf US Open (2023)",1154
2026-07-16T14:35:02.862Z,gid://shopify/Product/15107111584130,"air-jordan-6-retro-midnight-navy-2022","Jordan 6 Retro Midnight Navy (2022)",863
2026-07-16T14:35:02.862Z,gid://shopify/Product/15107113845122,"air-jordan-6-retro-olympic-2024-ps","Jordan 6 Retro Olympic (2024) (PS)",1230
2026-07-16T14:35:02.862Z,gid://shopify/Product/15107115286914,"air-jordan-6-retro-quai54-sail-black-2020","Jordan 6 Retro Quai 54 (2020)",845
2026-07-16T14:35:02.862Z,gid://shopify/Product/15107116859778,"air-jordan-6-retro-reverse-oreo-gs","Jordan 6 Retro Reverse Oreo (GS)",1113
2026-07-16T14:35:02.863Z,gid://shopify/Product/15107118072194,"air-jordan-6-retro-toro-bravo-gs","Jordan 6 Retro Toro Bravo (GS)",983
2026-07-16T14:35:02.863Z,gid://shopify/Product/15107119513986,"air-jordan-6-retro-travis-scott-gs","Jordan 6 Retro Travis Scott (GS)",1018
2026-07-16T14:35:02.863Z,gid://shopify/Product/15107120464258,"air-jordan-6-retro-unc-white","Jordan 6 Retro UNC White",881
2026-07-16T14:35:02.863Z,gid://shopify/Product/15107123085698,"air-jordan-6-retro-wheat-gs","Jordan 6 Retro Wheat (GS)",806
2026-07-16T14:35:02.863Z,gid://shopify/Product/15107215196546,"air-jordan-6-rings-lucky-green","Jordan 6 Rings Lucky Green",1193
2026-07-16T14:35:02.863Z,gid://shopify/Product/15107219685762,"air-jordan-6-rings-white-cool-grey","Jordan 6 Rings White Cool Grey",946
2026-07-16T14:35:02.863Z,gid://shopify/Product/15107222405506,"air-jordan-6-rings-winterized-rocky-tan-2023","Jordan 6 Rings Winterized Rocky Tan (2023)",1125
2026-07-16T14:35:02.863Z,gid://shopify/Product/15107223585154,"air-jordan-8-retro-winterized-gunsmoke","Jordan 8 Retro Winterized Gunsmoke",970
2026-07-16T14:35:02.863Z,gid://shopify/Product/15107224732034,"air-jordan-9-retro-low-golf-cool-grey","Jordan 9 Retro Low Golf Cool Grey",1010
2026-07-16T14:35:02.863Z,gid://shopify/Product/15107226730882,"air-jordan-adg-4-golf-white-black","Jordan ADG 4 Golf White Black",1052
2026-07-16T14:35:02.863Z,gid://shopify/Product/15107228926338,"air-jordan-cmft-era-white-varsity-red-sail-black","Jordan CMFT Era White Varsity Red Sail Black",848
2026-07-16T14:35:02.863Z,gid://shopify/Product/15107233481090,"air-jordan-hydro-4-slide-thunder","Jordan Hydro 4 Slide Thunder",1003
2026-07-16T14:35:02.864Z,gid://shopify/Product/15107236397442,"air-jordan-jumpman-jack-tr-travis-scott-dark-mocha-ps","Jordan Jumpman Jack TR Travis Scott Dark Mocha (PS)",939
2026-07-16T14:35:02.864Z,gid://shopify/Product/15107238625666,"air-jordan-legacy-312-low-black-royal","Jordan Legacy 312 Low Black Royal",1156
2026-07-16T14:35:02.864Z,gid://shopify/Product/15107241083266,"air-jordan-lift-off-south-beach","Jordan Lift Off South Beach",813
2026-07-16T14:35:02.864Z,gid://shopify/Product/15107242459522,"air-jordan-luka-1-university-red","Jordan Luka 1 University Red",1348
2026-07-16T14:35:02.864Z,gid://shopify/Product/15107250782594,"air-jordan-nu-retro-1-low-golf-black-white","Jordan Nu Retro 1 Low Golf Black White",1297
2026-07-16T14:35:02.864Z,gid://shopify/Product/15107256385922,"air-jordan-spizike-low-black-cat-gs","Jordan Spizike Low Black Cat (GS)",1053
2026-07-16T14:36:50.960Z,gid://shopify/Product/15107257532802,"air-jordan-spizike-low-houston-oilers","Jordan Spizike Low Houston Oilers",1431
2026-07-16T14:36:50.962Z,gid://shopify/Product/15107259826562,"air-jordan-tatum-2-easter","Jordan Tatum 2 Easter",1092
2026-07-16T14:36:50.962Z,gid://shopify/Product/15107273621890,"air-jordan-6-retro-washed-denim-gs","Jordan 6 Retro Washed Denim (GS)",1336
2026-07-16T14:36:50.962Z,gid://shopify/Product/15107275817346,"air-jordan-6-rings-black-gym-red-white","Jordan 6 Rings Black Gym Red White",1076
2026-07-16T14:36:50.962Z,gid://shopify/Product/15107277848962,"air-jordan-6-rings-concord-2018","Jordan 6 Rings Concord",1005
2026-07-16T14:36:50.962Z,gid://shopify/Product/15108215701890,"air-jordan-why-not-zer05-honor-the-gift","Jordan Why Not 0.5 HTG Honor the Gift",1166
2026-07-16T14:36:50.962Z,gid://shopify/Product/15108219109762,"air-jordan-xxxiv-eclipse","Jordan XXXIV Eclipse",1007
2026-07-16T14:36:50.962Z,gid://shopify/Product/15108221665666,"air-jordan-xxxiv-low-pure-money","Jordan XXXIV Low Pure Money",899
2026-07-16T14:36:50.963Z,gid://shopify/Product/15108223500674,"air-jordan-xxxiv-zion-williamson-coloring-book-gs","Jordan XXXIV Zion Williamson Coloring Book (GS)",1147
2026-07-16T14:36:50.963Z,gid://shopify/Product/15108225237378,"air-jordan-xxxv-clot-terra-cotta","Jordan XXXV CLOT Terra Cotta",1298
2026-07-16T14:36:50.963Z,gid://shopify/Product/15108228153730,"air-jordan-xxxv-low-metallic-silver","Jordan XXXV Low Metallic Silver",1564
2026-07-16T14:36:50.963Z,gid://shopify/Product/15108230611330,"air-jordan-xxxxv-dynasties","Jordan XXXV Dynasties",1320
2026-07-16T14:36:50.963Z,gid://shopify/Product/15108234576258,"anti-social-social-club-partly-cloudy-t-shirt-blue","Anti Social Social Club Partly Cloudy T-shirt Blue",937
2026-07-16T14:36:50.963Z,gid://shopify/Product/15108243882370,"bape-abc-camo-shark-full-zip-hoodie-ss23-pink","BAPE ABC Camo Shark Full Zip Hoodie Pink",862
2026-07-16T14:36:50.963Z,gid://shopify/Product/15108252336514,"bearbrick-allen-iverson-philadelphia-76ers-100-400-set","Bearbrick Allen Iverson (Philadelphia 76ers) 100% & 400% Set",722
2026-07-16T14:36:50.963Z,gid://shopify/Product/15108254466434,"bearbrick-michael-jordan-1992-team-usa-dream-team-100-400-set-gold-chrome","Bearbrick Michael Jordan 1992 Team USA (Dream Team) 100% & 400% Set Gold Chrome",1081
2026-07-16T14:36:50.963Z,gid://shopify/Product/15108267147650,"burberry-icon-stripe-trim-cotton-t-shirt-white","Burberry Icon Stripe Trim Cotton T-shirt White",1126
2026-07-16T14:36:50.963Z,gid://shopify/Product/15108272357762,"chrome-hearts-love-you-rib-tank-white-black","Chrome Hearts Love You Rib Tank White/Black",973
2026-07-16T14:36:50.963Z,gid://shopify/Product/15108278419842,"converse-chuck-taylor-all-star-70s-ox-comme-des-garcons-play-white","Converse Chuck Taylor All Star 70 Ox Comme des Garcons PLAY White",1091
2026-07-16T14:36:50.963Z,gid://shopify/Product/15108290445698,"crocs-pollex-clog-by-salehe-bembury-sasquatch","Crocs Pollex Clog by Salehe Bembury Sasquatch",949
2026-07-16T14:36:50.963Z,gid://shopify/Product/15108293034370,"denim-tears-the-cotton-wreath-sweatshirt-royal-blue","Denim Tears The Cotton Wreath Sweatshirt Royal Blue",1142
2026-07-16T14:36:50.963Z,gid://shopify/Product/15108297359746,"eric-emanuel-ee-basic-short-nyc-sunset-yellow-ee","Eric Emanuel EE Basic Short NYC Sunset Yellow EE",1108
2026-07-16T14:36:50.963Z,gid://shopify/Product/15108316889474,"funko-pop-basketball-michael-jordan-chicago-bills-red-jersey-target-exclusive-figure-56","Funko Pop! Basketball Michael Jordan Chicago Bulls Red Jersey Target Exclusive Figure #56",622
2026-07-16T14:36:50.963Z,gid://shopify/Product/15108317839746,"funko-pop-basketball-utah-all-stars-weekend-michael-jordan-funko-exclusive-figure-100","Funko Pop! Basketball Utah All-Star Weekend Michael Jordan Funko Exclusive Figure #100",926
2026-07-16T14:36:50.963Z,gid://shopify/Product/15108324360578,"gucci-gg-canvas-wide-brim-hat-blue-ivory","Gucci GG Canvas Wide Brim Hat Blue/Ivory",1056
2026-07-16T14:36:50.963Z,gid://shopify/Product/15108326195586,"gucci-slide-interlocking-g-black","Gucci Slide Interlocking G Black",1221
2026-07-16T14:36:50.963Z,gid://shopify/Product/15108338418050,"jordan-1-retro-unc","Jordan 1 Retro High OG UNC",1026
2026-07-16T14:36:50.963Z,gid://shopify/Product/15108343726466,"jordan-10-retro-doernbecher","Jordan 10 Retro Doernbecher",1295
2026-07-16T14:36:50.964Z,gid://shopify/Product/15108346282370,"jordan-10-retro-los-angeles","Jordan 10 Retro Los Angeles",1065
2026-07-16T14:36:50.964Z,gid://shopify/Product/15108348608898,"jordan-10-retro-stealth-2012","Jordan 10 Retro Stealth (2012)",1399
2026-07-16T14:36:50.964Z,gid://shopify/Product/15108350509442,"jordan-11-retro-concord-2011","Jordan 11 Retro Concord (2011)",1065
2026-07-16T14:36:50.964Z,gid://shopify/Product/15108352213378,"jordan-11-retro-low-cherry-2016","Jordan 11 Retro Low Cherry (2016)",1260
2026-07-16T14:36:50.964Z,gid://shopify/Product/15108353491330,"jordan-11-retro-low-midnight-navy","Jordan 11 Retro Low Midnight Navy",1163
2026-07-16T14:36:50.964Z,gid://shopify/Product/15108355064194,"jordan-13-retro-grey-toe-2014","Jordan 13 Retro Grey Toe (2014)",1100
2026-07-16T14:36:50.964Z,gid://shopify/Product/15108356833666,"jordan-2-retro-quai-54","Jordan 2 Retro Quai 54",1334
2026-07-16T14:36:50.964Z,gid://shopify/Product/15108359356802,"jordan-4-retro-alternate-89-gs","Jordan 4 Retro Alternate 89 (GS)",1462
2026-07-16T14:36:50.964Z,gid://shopify/Product/15108361257346,"jordan-4-retro-doernbecher","Jordan 4 Retro Doernbecher",1184
2026-07-16T14:36:50.964Z,gid://shopify/Product/15108363092354,"jordan-4-retro-green-glow","Jordan 4 Retro Green Glow",1135
2026-07-16T14:36:50.964Z,gid://shopify/Product/15108365418882,"jordan-4-retro-pony-hair-black","Jordan 4 Retro Pony Hair Black",1404
2026-07-16T14:36:50.964Z,gid://shopify/Product/15108367614338,"jordan-4-retro-toro-bravo","Jordan 4 Retro Toro Bravo",1024
2026-07-16T15:27:23.472Z,gid://shopify/Product/15108369088898,"jordan-5-retro-3lab5","Jordan 5 Retro 3Lab5",1296
2026-07-16T15:27:23.475Z,gid://shopify/Product/15108370334082,"jordan-5-retro-black-metallic-2011","Jordan 5 Retro Black Metallic (2011)",1254
2026-07-16T15:27:23.475Z,gid://shopify/Product/15108371710338,"jordan-5-retro-fear-pack","Jordan 5 Retro Fear Pack",1221
2026-07-16T15:27:23.475Z,gid://shopify/Product/15108373676418,"jordan-5-retro-green-bean","Jordan 5 Retro Green Bean",1197
2026-07-16T15:27:23.475Z,gid://shopify/Product/15108375642498,"jordan-5-retro-low-fire-red","Jordan 5 Retro Low Fire Red",1243
2026-07-16T15:27:23.475Z,gid://shopify/Product/15108377149826,"jordan-5-retro-poison-green","Jordan 5 Retro Poison Green",998
2026-07-16T15:27:23.475Z,gid://shopify/Product/15108380131714,"jordan-5-retro-wolf-grey","Jordan 5 Retro Wolf Grey",1227
2026-07-16T15:27:23.475Z,gid://shopify/Product/15108383113602,"jordan-6-retro-champagne","Jordan 6 Retro Champagne",1185
2026-07-16T15:27:23.475Z,gid://shopify/Product/15108387307906,"jordan-6-retro-infrared-black-2014-gs","Jordan 6 Retro Infrared Black (2014) (GS)",1221
2026-07-16T15:27:23.475Z,gid://shopify/Product/15108390748546,"jordan-6-retro-low-infrared-white","Jordan 6 Retro Low Infrared White",1299
2026-07-16T15:27:23.475Z,gid://shopify/Product/15108393632130,"jordan-6-retro-slam-dunk","Jordan 6 Retro Slam Dunk",1170
2026-07-16T15:27:23.475Z,gid://shopify/Product/15109136843138,"jordan-golden-moments-pack-6-7","Jordan Golden Moments Pack (6/7)",1293
2026-07-16T15:27:23.476Z,gid://shopify/Product/15109143495042,"jordan-ultimate-gift-of-flight-11-29","Jordan Ultimate Gift of Flight (11/29)",1158
2026-07-16T15:27:23.476Z,gid://shopify/Product/15109146837378,"jordan-x-travis-scott-full-zip-hoodie-sail-sail","Jordan x Travis Scott Pullover Hoodie Sail/Sail",1393
2026-07-16T15:27:23.476Z,gid://shopify/Product/15109153030530,"kaws-sesame-street-uniqlo-elmo-plush-toy-red","KAWS Sesame Street Uniqlo Elmo Plush Toy Red",840
2026-07-16T15:27:23.476Z,gid://shopify/Product/15109154505090,"kaws-x-uniqlo-ut-short-sleeve-graphic-t-shirt-black","KAWS x Uniqlo UT Short Sleeve Graphic T-shirt (US Sizing) Black",1117
2026-07-16T15:27:23.476Z,gid://shopify/Product/15109158699394,"kith-long-sleeve-quinn-tee-reality","Kith Long Sleeve Quinn Tee Reality",1210
2026-07-16T15:27:23.476Z,gid://shopify/Product/15109160731010,"kith-quinn-tee-white","Kith Quinn Tee White",616
2026-07-16T15:27:23.476Z,gid://shopify/Product/15109166399874,"kith-x-peanuts-doghouse-classic-logo-tee-black","Kith x Peanuts Doghouse Classic Logo Tee Black",1256
2026-07-16T15:27:23.476Z,gid://shopify/Product/15109172199810,"kobe-10-elite-elite-high-team-pack","Nike Kobe 10 Elite Elite High Team Pack",1138
2026-07-16T15:27:23.476Z,gid://shopify/Product/15109175443842,"kobe-10-independence-day","Nike Kobe 10 Independence Day",1139
2026-07-16T15:27:23.476Z,gid://shopify/Product/15109181276546,"lebron-x-ext-denim","Nike LeBron X EXT Denim",1334
2026-07-16T15:27:23.476Z,gid://shopify/Product/15109187502466,"lego-creator-haunted-house-set-10273","LEGO Creator Haunted House Set 10273",749
2026-07-16T15:27:23.477Z,gid://shopify/Product/15109189173634,"lego-ghostbusters-firehouse-headquarters-set-75827","LEGO Ghostbusters Firehouse Headquarters Set 75827",767
2026-07-16T15:27:23.477Z,gid://shopify/Product/15109190091138,"lego-ideas-home-alone-set-21330","LEGO Ideas Home Alone Set 21330",719
2026-07-16T15:27:23.477Z,gid://shopify/Product/15109191008642,"lego-parisian-restaurant-set-10243","LEGO Creator Parisian Restaurant Set 10243",805
2026-07-16T15:27:23.477Z,gid://shopify/Product/15109191696770,"lego-star-wars-slave-i-set-75060","LEGO Star Wars Slave I Set 75060",884
2026-07-16T15:27:23.477Z,gid://shopify/Product/15109192450434,"lego-the-lego-movie-metalbeards-sea-cow-set-70810","LEGO The LEGO Movie MetalBeard's Sea Cow Set 70810",1123
2026-07-16T15:27:23.477Z,gid://shopify/Product/15109193204098,"louis-vuitton-pochette-cle-key-pouch-damier-graphite-black-gray","Louis Vuitton Pochette Cle Key Pouch Damier Graphite Black/Gray",1415
2026-07-16T15:27:23.477Z,gid://shopify/Product/15109194219906,"maison-margiela-replica-dark-wash","Maison Margiela Replica German Army Trainer GAT",1463
2026-07-16T15:27:23.477Z,gid://shopify/Product/15109194645890,"maison-mihara-yasuhiro-peterson-og-sole-canvas-low-cl-blue","Maison Mihara Yasuhiro Peterson OG Sole Canvas Low CL Blue",1208
2026-07-16T15:27:23.477Z,gid://shopify/Product/15109195891074,"meta-quest-3s-128gb-vr-headset-us-plug-sk-1000203-01","Meta Quest 3S 128GB VR Headset (US Plug) SK-1000203-01",1301
2026-07-16T15:27:23.477Z,gid://shopify/Product/15109196284290,"microsoft-xbox-series-x-series-s-controller-starfield-limited-edition-qau-00107","Microsoft Xbox Series X/Series S Controller Starfield Limited Edition QAU-00107 / QAU-00108",1201
2026-07-16T15:27:23.478Z,gid://shopify/Product/15109197496706,"mihara-yasuhiro-peterson-og-sole-canvas-low-white","Maison Mihara Yasuhiro Peterson OG Sole Canvas Low White",1135
2026-07-16T15:27:23.478Z,gid://shopify/Product/15109198283138,"new-balance-1000-incense-black","New Balance 1000 Incense Black",1141
2026-07-16T15:27:23.478Z,gid://shopify/Product/15109199790466,"new-balance-1000-tan-pink-green","New Balance 1000 Real Pink Sandstone",1403
2026-07-16T15:27:23.478Z,gid://shopify/Product/15109200511362,"new-balance-1906a-inkwell-sea-salt","New Balance 1906A Inkwell Sea Salt",1587
2026-07-16T15:27:23.478Z,gid://shopify/Product/15109201068418,"new-balance-1906d-protection-pack-reflection","New Balance 1906D Protection Pack Reflection",1081
2026-07-16T15:27:23.478Z,gid://shopify/Product/15109201985922,"new-balance-1906l-magnet","New Balance 1906L Magnet",1387
2026-07-16T15:27:23.478Z,gid://shopify/Product/15109202706818,"new-balance-1906r-black-grey-white","New Balance 1906R Black Grey White",1407
2026-07-16T15:29:15.900Z,gid://shopify/Product/15109203132802,"new-balance-1906r-cordura-black-magnet","New Balance 1906R Cordura Black Magnet",1004
2026-07-16T15:29:15.904Z,gid://shopify/Product/15109203591554,"new-balance-1906r-licorice","New Balance 1906R Licorice",1045
2026-07-16T15:29:15.904Z,gid://shopify/Product/15109204509058,"new-balance-1906r-silver-metallic-blue-agate","New Balance 1906R Silver Metallic Blue Agate",949
2026-07-16T15:29:15.904Z,gid://shopify/Product/15109205197186,"new-balance-1906r-volt-black","New Balance 1906R Volt Black",1088
2026-07-16T15:29:15.905Z,gid://shopify/Product/15109206180226,"new-balance-2002r-bordeaux","New Balance 2002R Bordeaux",1034
2026-07-16T15:29:15.905Z,gid://shopify/Product/15109206704514,"new-balance-2002r-gore-tex-jjjjound-pine","New Balance 2002R Gore-Tex JJJJound Pine",1200
2026-07-16T15:29:15.905Z,gid://shopify/Product/15109207589250,"new-balance-2002r-mesh-black-metallic","New Balance 2002R Mesh Black Metallic",969
2026-07-16T15:29:15.905Z,gid://shopify/Product/15109208637826,"new-balance-2002r-olive-brown","New Balance 2002R Olive Brown",1065
2026-07-16T15:29:15.905Z,gid://shopify/Product/15109209227650,"new-balance-2002r-protection-pack-dark-navy","New Balance 2002R Protection Pack Dark Navy",1036
2026-07-16T15:29:15.905Z,gid://shopify/Product/15109209653634,"new-balance-2002r-protection-pack-navy-grey","New Balance 2002R Protection Pack Navy Grey",1009
2026-07-16T15:29:15.905Z,gid://shopify/Product/15109210276226,"new-balance-2002r-triple-black-suede","New Balance 2002R Triple Black Suede",1130
2026-07-16T15:29:15.905Z,gid://shopify/Product/15109210898818,"new-balance-327-black-white-gum-w","New Balance 327 Black White Gum (Women's)",1041
2026-07-16T15:29:15.905Z,gid://shopify/Product/15109211292034,"new-balance-327-moonbeam-true-blue-womens","New Balance 327 Moonbeam True Blue (Women's)",1062
2026-07-16T15:29:15.906Z,gid://shopify/Product/15109211816322,"new-balance-327-turtledove-womens","New Balance 327 Turtledove (Women's)",1131
2026-07-16T15:29:15.906Z,gid://shopify/Product/15109213553026,"new-balance-480-navy-linen","New Balance 480 Navy Linen",1002
2026-07-16T15:29:15.906Z,gid://shopify/Product/15109215945090,"new-balance-530-ivory","New Balance 530 Ivory",976
2026-07-16T15:29:15.906Z,gid://shopify/Product/15109219877250,"new-balance-530-salehe-bembury-prosperity-be-the-prize","New Balance 530 Salehe Bembury Prosperity Be The Prize",1101
2026-07-16T15:29:15.906Z,gid://shopify/Product/15109228396930,"new-balance-530-triple-black-leather","New Balance 530 Triple Black Leather",1034
2026-07-16T15:29:15.906Z,gid://shopify/Product/15109230231938,"new-balance-530-white-nightwatch-green","New Balance 530 White Nightwatch Green",966
2026-07-16T15:29:15.906Z,gid://shopify/Product/15109232656770,"new-balance-550-aime-leon-dore-grey-suede","New Balance 550 Aime Leon Dore Grey Suede",1035
2026-07-16T15:29:15.906Z,gid://shopify/Product/15109235507586,"new-balance-550-sea-salt-pack-blue-agate","New Balance 550 Sea Salt Pack Blue Agate",1091
2026-07-16T15:29:15.906Z,gid://shopify/Product/15109237408130,"new-balance-550-turtledove","New Balance 550 Turtledove",1121
2026-07-16T15:29:15.907Z,gid://shopify/Product/15109239505282,"new-balance-550-vintage-teal","New Balance 550 Vintage Teal",1014
2026-07-16T15:29:15.907Z,gid://shopify/Product/15109242388866,"new-balance-550-white-linen-womens","New Balance 550 White Linen (Women's)",1105
2026-07-16T15:29:15.907Z,gid://shopify/Product/15109243896194,"new-balance-550-white-university-blue-grey-toe","New Balance 550 White Blue Haze Rain Cloud",1025
2026-07-16T15:29:15.907Z,gid://shopify/Product/15109244551554,"new-balance-574-legacy-stone-island-dark-green","New Balance 574 Legacy Stone Island Dark Green",1278
2026-07-16T15:29:15.907Z,gid://shopify/Product/15109245043074,"new-balance-574-triple-black-2022","New Balance 574 Triple Black",1068
2026-07-16T15:29:15.907Z,gid://shopify/Product/15109245665666,"new-balance-740v2-amine-benson-tech","New Balance 740v2 Aminé Benson Tech",1159
2026-07-16T15:29:15.907Z,gid://shopify/Product/15109246255490,"new-balance-850-mono-pack-off-white","New Balance 850 Mono Pack Off White",932
2026-07-16T15:29:15.907Z,gid://shopify/Product/15109248221570,"new-balance-9060-black-grey-gs","New Balance 9060 Black Grey (GS)",1032
2026-07-16T15:29:15.907Z,gid://shopify/Product/15109248647554,"new-balance-9060-blue-oasis-real-pink","New Balance 9060 Blue Oasis Real Pink",1070
2026-07-16T15:29:15.907Z,gid://shopify/Product/15109249433986,"new-balance-9060-concrete","New Balance 9060 Concrete",1044
2026-07-16T15:29:15.908Z,gid://shopify/Product/15109250744706,"new-balance-9060-great-plains-true-red","New Balance 9060 Great Plains True Red",1074
2026-07-16T15:29:15.908Z,gid://shopify/Product/15109251170690,"new-balance-9060-grey-matter-timberwolf","New Balance 9060 Grey Matter Timberwolf",1120
2026-07-16T15:29:15.908Z,gid://shopify/Product/15109252022658,"new-balance-9060-moonrock-linen-gs","New Balance 9060 Moonrock Linen (GS)",1246
2026-07-16T15:29:15.908Z,gid://shopify/Product/15109252972930,"new-balance-9060-phantom-rich-oak","New Balance 9060 Phantom Rich Oak",1049
2026-07-16T15:29:15.908Z,gid://shopify/Product/15109253661058,"new-balance-9060-reflection-gs","New Balance 9060 Reflection (GS)",1198
2026-07-16T15:29:15.908Z,gid://shopify/Product/15109254840706,"new-balance-9060-sea-salt-yellow","New Balance 9060 Sea Salt Yellow",1058
2026-07-16T15:29:15.908Z,gid://shopify/Product/15109256544642,"new-balance-9060-team-forest-green","New Balance 9060 Team Forest Green",1180
2026-07-16T15:29:15.908Z,gid://shopify/Product/15109257396610,"new-balance-9060-white-red","New Balance 9060 White Red",1098
2026-07-16T15:31:02.157Z,gid://shopify/Product/15109257920898,"new-balance-990v3-bodega-here-to-stay","New Balance 990v3 MiUSA Bodega Here To Stay",1134
2026-07-16T15:31:02.162Z,gid://shopify/Product/15109258936706,"new-balance-990v3-made-in-usa-navy-denim","New Balance 990v3 MiUSA Navy Denim",1068
2026-07-16T15:31:02.163Z,gid://shopify/Product/15109259428226,"new-balance-990v4-miusa-teddy-santis-grey-black-cream","New Balance 990v4 MiUSA Teddy Santis Grey Black Cream",1435
2026-07-16T15:31:02.163Z,gid://shopify/Product/15109261099394,"new-balance-990v6-miusa-black-grey-white","New Balance 990v6 MiUSA Black Grey White",1376
2026-07-16T15:31:02.163Z,gid://shopify/Product/15109262016898,"new-balance-990v6-miusa-magenta-pop","New Balance 990v6 MiUSA Magenta Pop",1360
2026-07-16T15:31:02.163Z,gid://shopify/Product/15109262475650,"new-balance-990v6-miusa-teddy-santis-grey-black-grey","New Balance 990v6 MiUSA Teddy Santis Grey Black",1460
2026-07-16T15:31:02.163Z,gid://shopify/Product/15109263098242,"new-balance-991-aime-leon-dore-miuk-tan","New Balance 991 Aime Leon Dore MiUK Tan",854
2026-07-16T15:31:02.163Z,gid://shopify/Product/15109263458690,"new-balance-991v2-miuk-salehe-bembury-purple","New Balance 991v2 MiUK Salehe Bembury Colors Be The Palette",963
2026-07-16T15:31:02.163Z,gid://shopify/Product/15109264081282,"new-balance-993-aime-leon-dore-taupe","New Balance 993 Aime Leon Dore Taupe",927
2026-07-16T15:31:02.163Z,gid://shopify/Product/15109264408962,"new-balance-993-miusa-teddy-santis-sea-salt-black","New Balance 993 MiUSA Teddy Santis Sea Salt Black",1279
2026-07-16T15:31:02.163Z,gid://shopify/Product/15109265228162,"new-balance-998-miusa-grey-navy","New Balance 998 MiUSA Navy Grey",1204
2026-07-16T15:31:02.163Z,gid://shopify/Product/15109267292546,"new-balance-m2002-protection-pack-sea-salt","New Balance 2002R Protection Pack Sea Salt",812
2026-07-16T15:31:02.163Z,gid://shopify/Product/15109268701570,"new-era-x-nigel-sylvester-x-new-york-mets-59fifty-fitted-cap-red","New Era x Nigel Sylvester x New York Mets 59Fifty Fitted Cap Red",1087
2026-07-16T15:31:02.163Z,gid://shopify/Product/15109269619074,"nike-acg-rufus-triple-black","Nike ACG Rufus Triple Black",1328
2026-07-16T15:31:02.163Z,gid://shopify/Product/15109272437122,"nike-air-foamposite-one-team-gold","Nike Air Foamposite One Light Orewood Brown",1368
2026-07-16T15:31:02.164Z,gid://shopify/Product/15109273092482,"nike-air-force-1-07-white-black-pebbled-leather","Nike Air Force 1 Low '07 White Black Pebbled Leather",825
2026-07-16T15:31:02.164Z,gid://shopify/Product/15109273780610,"nike-air-force-1-low-07-qs-purple-skeleton-halloween-2021","Nike Air Force 1 Low '07 QS Purple Skeleton Halloween (2021)",889
2026-07-16T15:31:02.164Z,gid://shopify/Product/15109274304898,"nike-air-force-1-low-07-white-roses-womens","Nike Air Force 1 Low '07 White Roses (Women's)",1469
2026-07-16T15:31:02.164Z,gid://shopify/Product/15109276369282,"nike-air-force-1-low-escape-2025","Nike Air Force 1 Low Escape (2025)",1612
2026-07-16T15:31:02.164Z,gid://shopify/Product/15109279220098,"nike-air-force-1-low-off-white-black-white","Nike Air Force 1 Low Off-White Black White",810
2026-07-16T15:31:02.164Z,gid://shopify/Product/15109280498050,"nike-air-force-1-low-qs-black-white","Nike Air Force 1 Low QS Black White",967
2026-07-16T15:31:02.164Z,gid://shopify/Product/15109281448322,"nike-air-force-1-low-retro-qs-west-indies-2023","Nike Air Force 1 Low Retro QS West Indies (2023)",1425
2026-07-16T15:31:02.164Z,gid://shopify/Product/15109282365826,"nike-air-force-1-low-sp-undefeated-multi-patent-pink-prime","Nike Air Force 1 Low SP Undefeated Multi-Patent Pink Prime",1149
2026-07-16T15:31:02.165Z,gid://shopify/Product/15110486065538,"nike-air-force-1-low-waterproof-white-university-gold-gum-yellow","Nike Air Force 1 Low Retro QS Color Of The Month White University Gold",1406
2026-07-16T15:31:02.165Z,gid://shopify/Product/15110489145730,"nike-air-force-1-mid-jewel-nyc-cool-grey","Nike Air Force 1 Mid QS Jewel NYC Cool Grey",1027
2026-07-16T15:31:02.165Z,gid://shopify/Product/15110491472258,"nike-air-force-1-mid-qs-independence-day","Nike Air Force 1 Mid QS Independence Day",1031
2026-07-16T15:31:02.165Z,gid://shopify/Product/15110493667714,"nike-air-force-1-shadow-triple-white-w","Nike Air Force 1 Low Shadow Triple White (Women's)",757
2026-07-16T15:31:02.165Z,gid://shopify/Product/15110495306114,"nike-air-jordan-6-retro-dmp-td","Jordan 6 Retro DMP (TD)",1469
2026-07-16T15:31:02.165Z,gid://shopify/Product/15110500647298,"nike-air-max-1-athletic-department-light-bone-university-gold","Nike Air Max 1 Athletic Department Light Bone University Gold",1217
2026-07-16T15:31:02.165Z,gid://shopify/Product/15110504939906,"nike-air-max-1-essential-summit-white-black","Nike Air Max 1 Essential Summit White Black",1511
2026-07-16T15:31:02.165Z,gid://shopify/Product/15110514442626,"nike-air-max-1-summit-white-phantom-w","Nike Air Max 1 '87 Safari Summit White Phantom (Women's)",1222
2026-07-16T15:31:02.165Z,gid://shopify/Product/15110527648130,"nike-air-max-90-glacier-blue","Nike Air Max 90 Glacier Blue",1673
2026-07-16T15:31:02.165Z,gid://shopify/Product/15110532071810,"nike-air-max-90-off-white-desert-ore","Nike Air Max 90 Off-White Desert Ore",901
2026-07-16T15:31:02.166Z,gid://shopify/Product/15110540755330,"nike-air-max-90-triple-white-2022-w","Nike Air Max 90 Triple White (2022) (Women's)",1240
2026-07-16T15:31:02.166Z,gid://shopify/Product/15110567625090,"nike-air-max-97-off-white","Nike Air Max 97 Off-White",1429
2026-07-16T15:31:02.166Z,gid://shopify/Product/15110571688322,"nike-air-max-bw-city-pack-lyon","Nike Air Max BW QS City Pack Lyon",1306
2026-07-16T15:31:02.166Z,gid://shopify/Product/15110586892674,"nike-air-max-goadome-black","Nike Air Max Goadome 865031 Black",1061
2026-07-16T15:31:02.166Z,gid://shopify/Product/15110614188418,"nike-air-max-plus-supreme-black","Nike Air Max Plus Supreme University Red",1161
2026-07-16T15:31:02.166Z,gid://shopify/Product/15110623986050,"nike-air-max-waffle-racer-sp-black-anthracite","Nike Air Max Waffle Racer SP Black Anthracite",1428
2026-07-16T15:31:02.166Z,gid://shopify/Product/15110626705794,"nike-air-more-uptempo-quilted-wheat-gum-light-brown-w","Nike Air More Uptempo Quilted Wheat Gum Light Brown (Women's)",1460
2026-07-16T15:33:02.110Z,gid://shopify/Product/15110627950978,"nike-air-presto-off-white","Nike Air Presto Off-White",907
2026-07-16T15:33:02.112Z,gid://shopify/Product/15110629130626,"nike-air-rift-triple-black-womens","Nike Air Rift Triple Black (Women's)",1048
2026-07-16T15:33:02.113Z,gid://shopify/Product/15110631162242,"nike-air-terra-forma-off-white-mantra-orange","Nike Air Terra Forma Off-White Mantra Orange",1172
2026-07-16T15:33:02.113Z,gid://shopify/Product/15110633095554,"nike-air-vapormax-off-white-2018","Nike Air VaporMax Off-White (2018)",956
2026-07-16T15:33:02.113Z,gid://shopify/Product/15110635094402,"nike-air-zoom-alphafly-next-3-fp-white-purple-agate","Nike Air Zoom Alphafly Next% 3 FP White Purple Agate",1139
2026-07-16T15:33:02.113Z,gid://shopify/Product/15110637257090,"nike-air-zoom-gt-cut-think-pink","Nike Air Zoom GT Cut Think Pink",1307
2026-07-16T15:33:02.113Z,gid://shopify/Product/15110640894338,"nike-air-zoom-pegasus-41-black-white","Nike Air Zoom Pegasus 41 Black White",866
2026-07-16T15:33:02.113Z,gid://shopify/Product/15110643745154,"nike-air-zoom-spiridon-fragment-design-white-blue-void","Nike Air Zoom Spiridon Fragment Design White Blue Void",1162
2026-07-16T15:33:02.113Z,gid://shopify/Product/15110646301058,"nike-air-zoom-tiger-woods-20-white-black-wide","Nike Air Zoom Tiger Woods 20 White Black (Wide)",1256
2026-07-16T15:33:02.113Z,gid://shopify/Product/15110648758658,"nike-benassi-stussy-off-noir","Nike Benassi Stussy Off Noir",918
2026-07-16T15:33:02.113Z,gid://shopify/Product/15110650036610,"nike-blazer-mid-off-white","Nike Blazer Mid Off-White",1005
2026-07-16T15:33:02.113Z,gid://shopify/Product/15110651019650,"nike-book-1-ep-ashen-slate-white-outsole","Nike Book 1 EP Mirage V2 (White Outsole)",1261
2026-07-16T15:33:02.113Z,gid://shopify/Product/15110654230914,"nike-dunk-genesis-low-rtfkt-void","Nike Dunk Genesis Low RTFKT Void (Edition of 11394)",1276
2026-07-16T15:33:02.113Z,gid://shopify/Product/15110657245570,"nike-dunk-low-black-white-2022","Nike Dunk Low Black White (2022)",812
2026-07-16T15:33:02.113Z,gid://shopify/Product/15110660489602,"nike-dunk-low-grey-black-orange-mini-swoosh","Nike Dunk Low Black Total Orange Mini Swoosh",1108
2026-07-16T15:33:02.113Z,gid://shopify/Product/15110662488450,"nike-dunk-low-light-orewood-brown-sashiko","Nike Dunk Low Light Orewood Brown Sashiko",977
2026-07-16T15:33:02.114Z,gid://shopify/Product/15110665273730,"nike-dunk-low-needlework-sail-aura-w","Nike Dunk Low Needlework Sail Aura (Women's)",1153
2026-07-16T15:33:02.114Z,gid://shopify/Product/15110667010434,"nike-dunk-low-off-white-lot-12","Nike Dunk Low Off-White Lot 12",1053
2026-07-16T15:33:02.114Z,gid://shopify/Product/15110668943746,"nike-dunk-low-off-white-lot-20","Nike Dunk Low Off-White Lot 20",1101
2026-07-16T15:33:02.114Z,gid://shopify/Product/15110670221698,"nike-dunk-low-off-white-lot-3","Nike Dunk Low Off-White Lot 3",1230
2026-07-16T15:33:02.114Z,gid://shopify/Product/15110671073666,"nike-dunk-low-off-white-lot-42","Nike Dunk Low Off-White Lot 42",1159
2026-07-16T15:33:02.114Z,gid://shopify/Product/15110672777602,"nike-dunk-low-off-white-lot-50","Nike Dunk Low Off-White Lot 50",887
2026-07-16T15:33:02.114Z,gid://shopify/Product/15110673793410,"nike-dunk-low-off-white-pine-green","Nike Dunk Low Off-White Pine Green",988
2026-07-16T15:33:02.114Z,gid://shopify/Product/15110676873602,"nike-dunk-low-purple-pulse-w","Nike Dunk Low Purple Pulse (Women's)",891
2026-07-16T15:33:02.114Z,gid://shopify/Product/15110680805762,"nike-dunk-low-retro-prm-year-of-the-rabbit-white-crimson-varsity-royal","Nike Dunk Low Retro PRM Year of the Rabbit White Rabbit (2023)",1172
2026-07-16T15:33:02.114Z,gid://shopify/Product/15110684672386,"nike-dunk-low-sail-iridescent-swoosh-womens","Nike Dunk Low Sail Iridescent Swoosh (Women's)",1295
2026-07-16T15:33:02.114Z,gid://shopify/Product/15110692700546,"nike-dunk-low-union-argon","Nike Dunk Low Union Passport Pack Argon",976
2026-07-16T15:33:02.114Z,gid://shopify/Product/15110699286914,"nike-everyday-plus-cushioned-crew-socks-6-pairs-white","Nike Everyday Plus Cushioned Crew Socks (3 Paires) White",801
2026-07-16T15:33:02.114Z,gid://shopify/Product/15110700532098,"nike-free-metcon-6-white-metallic-silver-light-smoke-grey-black-womens","Nike Free Metcon 6 White Metallic Silver Light Smoke Grey Black (Women's)",1156
2026-07-16T15:33:02.114Z,gid://shopify/Product/15110702989698,"nike-hoops-elite-32l-backpack-game-royal-black-white","Nike Hoops Elite 32L Backpack Game Royal/Black/White",1085
2026-07-16T15:33:02.114Z,gid://shopify/Product/15110704628098,"nike-hot-step-air-terra-drake-nocta-snakeskin","Nike Hot Step Air Terra Drake NOCTA Snakeskin",1369
2026-07-16T15:33:02.114Z,gid://shopify/Product/15110705709442,"nike-ja-2-heart-eyes","Nike Ja 2 Heart Eyes",1040
2026-07-16T15:33:02.115Z,gid://shopify/Product/15110708068738,"nike-kd-10-blackout","Nike KD 10 Blackout (GS)",1114
2026-07-16T15:33:02.115Z,gid://shopify/Product/15110710526338,"nike-kd-17-penny","Nike KD 17 Penny",1152
2026-07-16T15:33:02.115Z,gid://shopify/Product/15111463043458,"nike-kobe-5-protro-big-stage-parade-pe","Nike Kobe 5 Protro Big Stage/Parade",897
2026-07-16T15:33:02.115Z,gid://shopify/Product/15111463633282,"nike-kobe-5-protro-pe-zebra","Nike Kobe 5 Protro Zebra PE",985
2026-07-16T15:33:02.115Z,gid://shopify/Product/15111466385794,"nike-kobe-8-lakers-away-gs","Nike Kobe 8 Lakers Away (GS)",987
2026-07-16T15:33:02.115Z,gid://shopify/Product/15111467630978,"nike-kobe-9-em-low-protro-kay-yow-think-pink","Nike Kobe 9 EM Low Protro Kay Yow Think Pink",996
2026-07-16T15:33:02.115Z,gid://shopify/Product/15111468122498,"nike-lebron-15-zip-kith-rose-gold","Nike LeBron 15 Performance KITH Rose Gold",1348
2026-07-16T15:33:02.115Z,gid://shopify/Product/15111468614018,"nike-lebron-22-monopoly-deep-royal-blue","Nike LeBron 22 Monopoly Deep Royal Blue",1352
2026-07-16T15:35:19.601Z,gid://shopify/Product/15111468974466,"nike-mac-attack-og-light-smoke-grey","Nike Mac Attack QS SP Light Smoke Grey",1214
2026-07-16T15:35:19.604Z,gid://shopify/Product/15111470449026,"nike-p-6000-cave-stone-medium-ash-flat-pewter-metallic-silver","Nike P-6000 Cave Stone Medium Ash Flat Pewter Metallic Silver",1108
2026-07-16T15:35:19.604Z,gid://shopify/Product/15111474119042,"nike-sb-blazer-mid-qs-supreme-black","Nike SB Blazer Mid QS Supreme Black",1068
2026-07-16T15:35:19.604Z,gid://shopify/Product/15111488176514,"nike-sb-zoom-blazer-mid-qs-welcome-skateboarding","Nike SB Zoom Blazer Mid QS Welcome Skateboarding",1167
2026-07-16T15:35:19.604Z,gid://shopify/Product/15111490109826,"nike-sportswear-tech-fleece-full-zip-hoodie-joggers-set-light-university-red-heather-black-black","Nike Sportswear Tech Fleece Full-Zip Hoodie & Joggers Set Light University Red Heather/Black/Black",1247
2026-07-16T15:35:19.604Z,gid://shopify/Product/15111490437506,"nike-sportswear-tech-fleece-windrunner-full-zip-hoodie-joggers-set-anthracite-black","Nike Sportswear Tech Fleece Windrunner Full Zip Hoodie & Joggers Set Anthracite/Black",1052
2026-07-16T15:35:19.604Z,gid://shopify/Product/15111491027330,"nike-tech-fleece-full-zip-hoodie-black-dark-grey-heather-white","Nike Sportswear Tech Fleece Full-Zip Hoodie Black/Dark Grey Heather/White",913
2026-07-16T15:35:19.604Z,gid://shopify/Product/15111491486082,"nike-vapor-street-off-white-black-laser-fuchsia-w","Nike Vapor Street Off-White Black Laser Fuchsia (Women's)",1079
2026-07-16T15:35:19.604Z,gid://shopify/Product/15111492436354,"nike-waffle-racer-off-white-black-w","Nike Waffle Racer Off-White Black (Women's)",867
2026-07-16T15:35:19.604Z,gid://shopify/Product/15111492960642,"nike-x-nocta-lu-home-jersey-top-blue-glow-white","Nike x NOCTA Distant Regards Jersey Blue Glow/White",989
2026-07-16T15:35:19.604Z,gid://shopify/Product/15111493386626,"nike-x-nocta-opal-deep-cover-gore-tex-jacket-off-white-night-silver","Nike x NOCTA Opal Deep Cover GORE-TEX Jacket Off White/Night Silver",1304
2026-07-16T15:35:19.604Z,gid://shopify/Product/15111494402434,"nike-x-off-white-short-sleeve-top-green","Nike x Off-White Short Sleeve Top Green",1020
2026-07-16T15:35:19.604Z,gid://shopify/Product/15111494992258,"nike-zoom-fly-off-white","Nike Zoom Fly Off-White",1006
2026-07-16T15:35:19.604Z,gid://shopify/Product/15111495221634,"nike-zoom-gt-cut-3-ep-hyper-pink","Nike Zoom GT Cut 3 EP Hyper Pink",1348
2026-07-16T15:35:19.605Z,gid://shopify/Product/15111495713154,"nike-zoom-mercurial-vapor-15-elite-fg-mad-ready-pack","Nike Zoom Mercurial Vapor 15 Elite FG Mad Ready Pack",1051
2026-07-16T15:35:19.605Z,gid://shopify/Product/15111496237442,"nike-zoom-vomero-5-520-pack-white-pink-womens","Nike Zoom Vomero 5 520 Pack White Pink (Women's)",1143
2026-07-16T15:35:19.605Z,gid://shopify/Product/15111496565122,"nike-zoom-vomero-5-black-metallic-university-red","Nike Zoom Vomero 5 Black Metallic University Red",1260
2026-07-16T15:35:19.605Z,gid://shopify/Product/15111496958338,"nike-zoom-vomero-5-bright-crimson-metallic-silver","Nike Zoom Vomero 5 Bright Crimson Metallic Silver",1071
2026-07-16T15:35:19.605Z,gid://shopify/Product/15111498105218,"nike-zoom-vomero-5-gundam-womens","Nike Zoom Vomero 5 Gundam (Women's)",1232
2026-07-16T15:35:19.605Z,gid://shopify/Product/15111501119874,"nike-zoom-vomero-5-metallic-silver-black","Nike Zoom Vomero 5 Metallic Silver Black",1119
2026-07-16T15:35:19.605Z,gid://shopify/Product/15111502070146,"nike-zoom-vomero-5-photon-dust-black-womens","Nike Zoom Vomero 5 Photon Dust Black (Women's)",1227
2026-07-16T15:35:19.605Z,gid://shopify/Product/15111502692738,"nike-zoom-vomero-5-red-stardust","Nike Zoom Vomero 5 Red Stardust",1035
2026-07-16T15:35:19.605Z,gid://shopify/Product/15111503380866,"nike-zoom-vomero-5-spider-gs","Nike Zoom Vomero 5 Spider (GS)",1162
2026-07-16T15:35:19.605Z,gid://shopify/Product/15113568387458,"nike-zoom-vomero-5-white-phantom-summit-white-womens","Nike Zoom Vomero 5 White Phantom Summit White (Women's)",1048
2026-07-16T15:35:19.605Z,gid://shopify/Product/15113569796482,"nike-zoomx-invincible-run-3-white","Nike ZoomX Invincible Run 3 White Photon Dust",1234
2026-07-16T15:35:19.605Z,gid://shopify/Product/15113570189698,"nike-zoomx-vaporfly-3-white-particle-grey","Nike ZoomX Vaporfly 3 White Particle Grey",1090
2026-07-16T15:35:19.605Z,gid://shopify/Product/15113570615682,"nvidia-geforce-rtx-5090-32gb-graphics-card-900-1g144-2530-000","NVIDIA GeForce RTX 5090 32GB Graphics Card 900-1G144-2530-000",1115
2026-07-16T15:35:19.605Z,gid://shopify/Product/15113571697026,"off-white-cady-cut-out-rectangular-frame-sunglasses-black-white-grey-ss22-oeri006c99pla0011007","OFF-WHITE Cady Cut-Out Rectangular Frame Sunglasses Black/White/Grey (SS22) (OERI006C99PLA0011007)",1261
2026-07-16T15:35:19.605Z,gid://shopify/Product/15113572876674,"off-white-industrial-belt-slides-black-yellow","OFF-WHITE Industrial Belt Slides Black Yellow",735
2026-07-16T15:35:19.605Z,gid://shopify/Product/15113573990786,"off-white-mini-industrial-belt-ss19-yellow-black","OFF-WHITE Mini Industrial Belt (SS19) Yellow/Black",681
2026-07-16T15:35:19.606Z,gid://shopify/Product/15113574973826,"off-white-out-of-office-ooo-for-walking-low-tops-black-white-ss22","OFF-WHITE Out Of Office OOO ""For Walking"" Low Tops Black White",1208
2026-07-16T15:35:19.606Z,gid://shopify/Product/15113575924098,"off-white-out-of-office-ooo-low-tops-grey-white","OFF-WHITE Out Of Office ""OOO"" Low Tops Grey White",1429
2026-07-16T15:35:19.606Z,gid://shopify/Product/15113578021250,"off-white-scratch-arrow-t-shirt-white","Off-White Scratch Arrow Slim Fit T-Shirt White",1059
2026-07-16T15:35:19.606Z,gid://shopify/Product/15113578905986,"off-white-vulc-low-black-white-white","OFF-WHITE Vulc Low Black White White",902
2026-07-16T15:35:19.606Z,gid://shopify/Product/15113579823490,"off-white-x-jordan-hoodie-black-fw21","OFF-WHITE x Jordan Hoodie Black (FW21)",723
2026-07-16T15:35:19.606Z,gid://shopify/Product/15113580970370,"off-white-x-nike-001-soccer-jersey-blue","OFF-WHITE x Nike 001 Soccer Jersey Blue",1205
2026-07-16T15:35:19.606Z,gid://shopify/Product/15113581986178,"off-white-x-nike-spray-dot-t-shirt-black","OFF-WHITE x Nike Spray Dot T-shirt Black",960
2026-07-16T15:35:19.606Z,gid://shopify/Product/15113583952258,"on-running-cloudtilt-black-eclipse","On Running Cloudtilt Black Eclipse",1089
2026-07-16T15:35:19.606Z,gid://shopify/Product/15113594077570,"polo-ralph-lauren-double-knit-full-zip-hoodie-and-double-knit-jogger-pant-set-aviator-navy","Polo Ralph Lauren Double-Knit Full-Zip Hoodie and Double-Knit Jogger Pant Set Aviator Navy",1099
2026-07-16T15:35:19.606Z,gid://shopify/Product/15113595912578,"pop-mart-labubu-happy-halloween-party-series-sitting-pumpkin-vinyl-plush-pendant","Pop Mart Labubu Happy Halloween Party Series-Sitting Pumpkin Vinyl Plush Pendant",1259
2026-07-16T15:37:06.459Z,gid://shopify/Product/15113596797314,"pop-mart-labubu-the-monsters-good-luck-to-you-vinyl-plush-hanging-card-vinyl-plush","Pop Mart Labubu The Monsters Good Luck to You Vinyl Plush Hanging Card Vinyl Plush",911
2026-07-16T15:37:06.465Z,gid://shopify/Product/15113597485442,"pop-mart-labubu-the-monsters-mokoko-twinkly-fairy-tale-pop-land-exclusive-vinyl-plush-doll-pendant","Pop Mart Labubu The Monsters Mokoko Twinkly Fairy Tale (Pop Land Exclusive) Vinyl Plush Doll Pendant",935
2026-07-16T15:37:06.465Z,gid://shopify/Product/15113598042498,"pop-mart-labubu-the-monsters-tasty-macarons-toffee-vinyl-plush-pendant","Pop Mart Labubu The Monsters Exciting Macaron Toffee Vinyl Plush Pendant",1019
2026-07-16T15:37:06.466Z,gid://shopify/Product/15113599189378,"pop-smoke-x-vlone-faith-t-shirt-black","Pop Smoke x Vlone Faith T-shirt Black",829
2026-07-16T15:37:06.466Z,gid://shopify/Product/15113602662786,"puma-clyde-hardwood-white-black","Puma Clyde Hardwood White Black",1098
2026-07-16T15:37:06.466Z,gid://shopify/Product/15113610166658,"puma-lamelo-ball-lafrance-amour-1-of-1-gs","Puma LaMelo Ball LaFrancé Amour 1 of 1 (GS)",877
2026-07-16T15:37:06.466Z,gid://shopify/Product/15113611444610,"puma-lamelo-ball-mb01-black-white-gs","Puma LaMelo Ball MB.01 Black White (GS)",1010
2026-07-16T15:37:06.466Z,gid://shopify/Product/15113612394882,"puma-lamelo-ball-mb01-lo-black-white","Puma LaMelo Ball MB.01 Lo Black White",924
2026-07-16T15:37:06.466Z,gid://shopify/Product/15113613312386,"puma-lamelo-ball-mb02-honeycomb","Puma LaMelo Ball MB.02 Honeycomb",1083
2026-07-16T15:37:06.466Z,gid://shopify/Product/15113614524802,"puma-lamelo-ball-mb02-puma-black-sunset-glow","Puma LaMelo Ball MB.02 Puma Black Sunset Glow",1045
2026-07-16T15:37:06.466Z,gid://shopify/Product/15113614819714,"puma-lamelo-ball-mb02-supernova-gs","Puma LaMelo Ball MB.02 Supernova (GS)",1099
2026-07-16T15:37:06.466Z,gid://shopify/Product/15113616327042,"puma-lamelo-ball-mb03-guttermelo","Puma LaMelo Ball MB.03 GutterMelo",1149
2026-07-16T15:37:06.466Z,gid://shopify/Product/15113617736066,"puma-lamelo-ball-mb03-miami","Puma LaMelo Ball MB.03 Miami",1013
2026-07-16T15:37:06.466Z,gid://shopify/Product/15113619145090,"puma-lamelo-ball-mb04-scooby-doo","Puma LaMelo Ball MB.04 Scooby-Doo",1181
2026-07-16T15:37:06.466Z,gid://shopify/Product/15113620291970,"puma-mb01-lamelo-ball-iridescent-dreams-gs","Puma MB.01 LaMelo Ball Iridescent Dreams (GS)",1071
2026-07-16T15:37:06.466Z,gid://shopify/Product/15113620619650,"puma-mb01-lo-ufo","Puma LaMelo Ball MB.01 Lo UFO",1000
2026-07-16T15:37:06.466Z,gid://shopify/Product/15113626091906,"puma-rs-dreamer-j-cole-lime-green","Puma RS-Dreamer J Cole Lime Green",991
2026-07-16T15:37:06.466Z,gid://shopify/Product/15113626747266,"puma-rs-trophies","Puma RS-X Trophies Black Gold",1200
2026-07-16T15:37:06.467Z,gid://shopify/Product/15113629434242,"puma-speedcat-og-pele-yellow-black","Puma Speedcat OG Pelé Yellow Black",883
2026-07-16T15:37:06.467Z,gid://shopify/Product/15113637331330,"puma-suede-one-piece-red-hair-pirates","Puma Suede One Piece Red-Haired Shanks",1289
2026-07-16T15:37:06.467Z,gid://shopify/Product/15113644147074,"puma-suede-xl-pleasures-black-frosted-ivory","Puma Suede XL Pleasures Black Frosted Ivory",1191
2026-07-16T15:37:06.467Z,gid://shopify/Product/15113652633986,"reebok-answer-5-black-silver","Reebok Answer 5 Black Silver",1245
2026-07-16T15:37:06.467Z,gid://shopify/Product/15113655157122,"reebok-answer-iv-the-tunnel","Reebok Answer IV The Tunnel",912
2026-07-16T15:37:06.467Z,gid://shopify/Product/15113656140162,"reebok-question-low-patent-toe-orange","Reebok Question Low Patent Toe Orange",897
2026-07-16T15:37:06.467Z,gid://shopify/Product/15113656893826,"reebok-question-mid-denver-nuggets","Reebok Question Mid Denver Nuggets",1185
2026-07-16T15:37:06.467Z,gid://shopify/Product/15113657549186,"reebok-question-mid-maison-margiela-memory-of-white","Reebok Question Mid Maison Margiela Memory Of White",1307
2026-07-16T15:37:06.467Z,gid://shopify/Product/15113658728834,"reebok-question-mid-tyrell-winston","Reebok Question Mid Tyrrell Winston",714
2026-07-16T15:37:06.467Z,gid://shopify/Product/15113659875714,"revenge-xxxtentacion-kill-hoodie-black-red","Revenge XXXTentacion Kill Hoodie Black/Red",1065
2026-07-16T15:37:06.467Z,gid://shopify/Product/15113661743490,"salomon-xt-6-mahogany-rose-earth-brown","Salomon XT-6 Mahogany Rose Earth Brown",969
2026-07-16T15:37:06.467Z,gid://shopify/Product/15113663971714,"sonny-angel-store-cherry-blossom-hanami-edition-sealed-case-6-blind-box","Sonny Angel Cherry Blossom Hanami Edition Sealed Case (6 Blind Boxes)",1093
2026-07-16T15:37:06.467Z,gid://shopify/Product/15114983145858,"sony-playstation-ps5-dualsense-helldrivers-2-limited-edition-wireless-controller","Sony Playstation PS5 DualSense HELLDIVERS 2 Limited Edition Wireless Controller",1031
2026-07-16T15:37:06.467Z,gid://shopify/Product/15114983768450,"sprayground-shark-central-rose-dlxsv-backpack-white-black","Sprayground Shark Central Rose DLXSV Backpack White/Black",1105
2026-07-16T15:37:06.467Z,gid://shopify/Product/15114984653186,"stanley-flowstate-quencher-30oz-tumbler-pink-parade","Stanley Flowstate Quencher 30oz Tumbler Pink Parade",1253
2026-07-16T15:37:06.468Z,gid://shopify/Product/15114985177474,"stanley-flowstate-quencher-40oz-tumbler-aster","Stanley Flowstate Quencher 40oz Tumbler Aster",1183
2026-07-16T15:37:06.468Z,gid://shopify/Product/15114985800066,"stanley-flowstate-quencher-40oz-tumbler-midnight-glitz","Stanley Flowstate Quencher 40oz Tumbler Midnight Glitz",1309
2026-07-16T15:37:06.468Z,gid://shopify/Product/15114986815874,"stanley-rei-exclusive-flowstate-quencher-40oz-tumbler-hazy-horizon","Stanley REI Exclusive Flowstate Quencher 40oz Tumbler Hazy Horizon",1258
2026-07-16T15:37:06.468Z,gid://shopify/Product/15114988093826,"stanley-the-clean-slate-flowstate-quencher-30oz-tumbler-warm-serene-brushstroke","Stanley The Clean Slate Flowstate Quencher 30oz Tumbler Warm Serene Brushstroke",1279
2026-07-16T15:37:06.468Z,gid://shopify/Product/15114988585346,"stanley-the-lunar-new-year-flowstate-quencher-40oz-tumbler-lunar-red","Stanley The Lunar New Year Flowstate Quencher 40oz Tumbler Lunar Red",1066
2026-07-16T15:37:06.468Z,gid://shopify/Product/15114989207938,"stanley-the-valentines-day-flowstate-quencher-20oz-tumbler-berry-truffle","Stanley The Valentines Day Flowstate Quencher 20oz Tumbler Berry Truffle",982
2026-07-16T15:37:06.468Z,gid://shopify/Product/15114989896066,"stanley-x-barbie-legends-flowstate-quencher-40oz-tumbler-1959-original","Stanley x Barbie Legends Flowstate Quencher 40oz Tumbler 1959 Original",1065
2026-07-16T15:38:48.287Z,gid://shopify/Product/15114991239554,"stanley-x-lainey-wilson-watermelon-moonshine-quencher-40oz-tumbler-copper-green","Stanley x Lainey Wilson ""Watermelon Moonshine"" Quencher 40oz Tumbler Copper/Green",904
2026-07-16T15:38:48.291Z,gid://shopify/Product/15114991731074,"stanley-x-loveshackfancy-flowstate-quencher-20oz-tumbler-pink-mink","Stanley x LoveShackFancy Flowstate Quencher 20oz Tumbler Pink Mink",964
2026-07-16T15:38:48.291Z,gid://shopify/Product/15114992124290,"stanley-x-loveshackfancy-flowstate-quencher-40oz-tumbler-pink-mink","Stanley x LoveShackFancy Flowstate Quencher 40oz Tumbler Pink Mink",1111
2026-07-16T15:38:48.291Z,gid://shopify/Product/15114992746882,"stanley-x-starbucks-exclusive-flowstate-quencher-40oz-tumbler-olive-green","Stanley x Starbucks Exclusive Flowstate Quencher 40oz Tumbler Olive Green",1071
2026-07-16T15:38:48.291Z,gid://shopify/Product/15114993303938,"stanley-x-target-exclusive-valentines-day-flowstate-quencher-30oz-tumbler-sweet-hearts","Stanley x Target Exclusive Valentines Day Flowstate Quencher 30oz Tumbler Sweet Hearts",1006
2026-07-16T15:38:48.291Z,gid://shopify/Product/15114993992066,"stanley-x-tyla-tyger-flowstate-quencher-40oz-tumbler-bronze","Stanley x TYLA TYGER Flowstate Quencher 40oz Tumbler Bronze",1008
2026-07-16T15:38:48.291Z,gid://shopify/Product/15114994483586,"supreme-backpack-ss25-snow-camo","Supreme Logo Backpack (SS25) Snow Camo",918
2026-07-16T15:38:48.291Z,gid://shopify/Product/15114995302786,"supreme-jordan-biggie-s-s-top-black","Supreme Jordan Biggie S S Top Black",851
2026-07-16T15:38:48.291Z,gid://shopify/Product/15114995827074,"supreme-new-era-box-logo-beanie-fw22-black","Supreme New Era Box Logo Beanie (FW22) Black",815
2026-07-16T15:38:48.292Z,gid://shopify/Product/15114996351362,"supreme-pentel-presto-correction-pen-red","Supreme Pentel Presto Correction Pen Red",902
2026-07-16T15:38:48.292Z,gid://shopify/Product/15114997137794,"supreme-umbro-gore-tex-hooded-jacket-black","Supreme Umbro GORE-TEX Hooded Jacket Black",1010
2026-07-16T15:38:48.292Z,gid://shopify/Product/15114998284674,"swatch-x-omega-bioceramic-moonswatch-mission-to-moonphase-snoopy-so33w700-white","Swatch x Omega Bioceramic Moonswatch Mission To Moonphase Snoopy SO33W700",857
2026-07-16T15:38:48.292Z,gid://shopify/Product/15114998874498,"telfar-medium-denim-shopping-bag-blue","Telfar Medium Denim Shopping Bag Blue",813
2026-07-16T15:38:48.292Z,gid://shopify/Product/15115003232642,"the-marc-jacobs-the-medium-tote-bag-beige","Marc Jacobs The Medium Tote Bag Beige",916
2026-07-16T15:38:48.292Z,gid://shopify/Product/15115008213378,"timberland-6-premium-waterproof-boot-wheat-w","Timberland 6"" Premium Waterproof Boot Wheat (Women's)",1246
2026-07-16T15:38:48.292Z,gid://shopify/Product/15115012145538,"travis-scott-cactus-jack-fortnite-12-action-figure-duo-set","Travis Scott Cactus Jack Fortnite 12"" Action Figure Duo Set",751
2026-07-16T15:38:48.292Z,gid://shopify/Product/15115016896898,"travis-scott-england-soccer-jersey-white","Travis Scott England Soccer Jersey White",1008
2026-07-16T15:38:48.292Z,gid://shopify/Product/15115027382658,"travis-scott-mexico-soccer-jersey-multicolor","Travis Scott Mexico Soccer Jersey Multicolor",1086
2026-07-16T15:38:48.292Z,gid://shopify/Product/15115035902338,"travis-scott-x-mcdonalds-apple-pie-hoodie-washed-black","Travis Scott x McDonald's Apple Pie Hoodie Washed Black",812
2026-07-16T15:38:48.292Z,gid://shopify/Product/15115045208450,"yeezy-gap-round-jacket-2-black","Yeezy Gap Round Jacket 2 Black",799
2026-07-16T15:38:48.292Z,gid://shopify/Product/15115047010690,"yeezy-slide-bone-kids","adidas Yeezy Slide Bone (Kids)",1022
2026-07-16T15:38:48.292Z,gid://shopify/Product/15115047600514,"yeezy-slide-resin-infants","adidas Yeezy Slide Resin (Infants)",924
2026-07-16T15:38:48.292Z,gid://shopify/Product/15115048583554,"yeezy-x-gap-hoodie-light-brown","Yeezy Gap Hoodie Light Brown",945
2026-07-16T15:38:48.293Z,gid://shopify/Product/15115050385794,"yeezy-x-gap-unreleased-zip-sweatshirt-hoodie-light-gray","Yeezy x Gap Unreleased Zip Sweatshirt Hoodie Light Gray",870
2026-07-16T15:38:48.293Z,gid://shopify/Product/15115051204994,"yeezy-x-mowalola-wet-tank-white","Yeezy x Mowalola Wet Tank White",727
2026-07-16T15:38:48.293Z,gid://shopify/Product/15118783086978,"nike-dunk-low-cactus-plant-flea-market-swamp-sponge-sequoia","Nike Dunk Low Cactus Plant Flea Market Swamp Sponge Sequoia",963
2026-07-16T15:38:48.293Z,gid://shopify/Product/15118783349122,"nike-air-force-1-low-supreme-black-white","Nike Air Force 1 Low Supreme Black White",971
2026-07-16T15:38:48.293Z,gid://shopify/Product/15118784004482,"nike-p-6000-black-cool-grey-celestine-blue","Nike P-6000 Black Cool Grey Celestine Blue",945
2026-07-16T15:38:48.293Z,gid://shopify/Product/15118784332162,"nike-ja-3-ny-vs-ny","Nike Ja 3 NY vs. NY",1629
2026-07-16T15:38:48.293Z,gid://shopify/Product/15118784692610,"ugg-tasman-ii-slipper-pink-dawn-womens","UGG Tasman II Slipper Pink Dawn (Women's)",955
2026-07-16T15:38:48.293Z,gid://shopify/Product/15118785085826,"ugg-tasman-maxi-curly-slipper-natural-womens","UGG Tasman Maxi Curly Slipper Natural (Women's)",973
2026-07-16T15:38:48.293Z,gid://shopify/Product/15118786396546,"ugg-tasman-slipper-palace-chestnut","UGG Tasman Slipper Palace Chestnut",1083
2026-07-16T15:38:48.293Z,gid://shopify/Product/15118788067714,"ugg-tasman-slipper-sand-tnl-womens","UGG Tasman Slipper Sand TNL (Women's)",1102
2026-07-16T15:38:48.293Z,gid://shopify/Product/15118788657538,"ugg-tasman-slipper-oyster","UGG Tasman Slipper Oyster",904
2026-07-16T15:38:48.293Z,gid://shopify/Product/15118789050754,"ugg-tazz-ii-slipper-dusted-cocoa-womens","UGG Tazz II Slipper Dusted Cocoa (Women's)",1069
2026-07-16T15:38:48.293Z,gid://shopify/Product/15118791180674,"ugg-tazz-slipper-pumice-womens","UGG Tazz Slipper Pumice (Women's)",921
2026-07-16T15:38:48.293Z,gid://shopify/Product/15118792163714,"ugg-tazz-slipper-burnt-cedar-womens","UGG Tazz Slipper Burnt Cedar (Women's)",1079
2026-07-16T15:38:48.293Z,gid://shopify/Product/15118793834882,"nike-sportswear-club-puffer-jacket-black-white","Nike Sportswear Club Puffer Jacket Black/White",982
2026-07-16T15:38:48.293Z,gid://shopify/Product/15118794195330,"nike-x-drake-nocta-sunset-puffer-red","Nike x Drake NOCTA Sunset Puffer Jacket Red",934
2026-07-16T15:38:48.293Z,gid://shopify/Product/15118794981762,"palace-x-cp-company-puffer-jacket-bright-cobalt","Palace x C.P. Company Puffer Jacket Bright Cobalt",1066
2026-07-16T15:40:33.319Z,gid://shopify/Product/15118795637122,"adidas-campus-00s-winter-low-magic-beige-womens","adidas Campus 00s Winter Low Magic Beige (Women's)",1046
2026-07-16T15:40:33.324Z,gid://shopify/Product/15118796390786,"saucony-progrid-omni-9-white-black-silver-purple","Saucony ProGrid Omni 9 White Black Silver Purple",964
2026-07-16T15:40:33.324Z,gid://shopify/Product/15118796718466,"saucony-progrid-omni-9-white-black-silver-pink","Saucony ProGrid Omni 9 Silver Pink",896
2026-07-16T15:40:33.324Z,gid://shopify/Product/15118798061954,"saucony-progrid-omni-9-gold","Saucony ProGrid Omni 9 Gold",886
2026-07-16T15:40:33.324Z,gid://shopify/Product/15121793515906,"ugg-classic-ultra-mini-chestnut","UGG Classic Ultra Mini Boot Chestnut",878
2026-07-16T15:40:33.324Z,gid://shopify/Product/15122829115778,"pokemon-scarlet-and-violet-prismatic-evolutions-elite-trainer-box","Pokémon Scarlet & Violet Prismatic Evolutions Elite Trainer Box",861
2026-07-16T15:40:33.324Z,gid://shopify/Product/15122834096514,"pokemon-scarlet-violet-journey-together-eliite-trainer-box","Pokémon Scarlet & Violet Journey Together Elite Trainer Box",872
2026-07-16T15:40:33.324Z,gid://shopify/Product/15122834653570,"pokemon-scarlet-violet-prismatic-evolution-binder-collection","Pokémon Scarlet & Violet Prismatic Evolutions Binder Collection",1098
2026-07-16T15:40:33.324Z,gid://shopify/Product/15122839830914,"pokemon-scarlet-violet-surging-sparks-booster-display-box","Pokémon Scarlet & Violet Surging Sparks Booster Display Box",1063
2026-07-16T15:40:33.324Z,gid://shopify/Product/15123141493122,"nike-air-zoom-pegasus-premium-anthracite","Nike Air Zoom Pegasus Premium Anthracite",921
2026-07-16T15:40:33.324Z,gid://shopify/Product/15123141984642,"nike-air-zoom-pegasus-premium-black-metallic-silver","Nike Air Zoom Pegasus Premium Black Metallic Silver",982
2026-07-16T15:40:33.324Z,gid://shopify/Product/15123145425282,"nike-react-pegasus-trail-5-gore-tex-black-anthracite","Nike React Pegasus Trail 5 Gore-Tex Black Anthracite",827
2026-07-16T15:40:33.325Z,gid://shopify/Product/15123175408002,"nike-air-zoom-pegasus-premium-white-photo-blue","Nike Air Zoom Pegasus Premium White Photo Blue",828
2026-07-16T15:40:33.325Z,gid://shopify/Product/15123184910722,"nike-pegasus-trail-4-gore-tex-black-wolf-grey","Nike React Pegasus Trail 4 Gore-Tex Black Wolf Grey",970
2026-07-16T15:40:33.325Z,gid://shopify/Product/15123202670978,"nike-air-zoom-pegasus-41-coffee-bean","Nike Air Zoom Pegasus 41 Coffee Bean",944
2026-07-16T15:40:33.325Z,gid://shopify/Product/15123212534146,"nike-pegasus-trail-3-gore-tex-black-dark-smoke-grey","Nike Pegasus Trail 3 Gore-Tex Black Dark Smoke Grey",1004
2026-07-16T15:40:33.325Z,gid://shopify/Product/15123228524930,"nike-air-zoom-pegasus-38-white-black-pure-platinum","Nike Air Zoom Pegasus 38 White Black Pure Platinum",1045
2026-07-16T15:40:33.325Z,gid://shopify/Product/15123232653698,"nike-air-pegasus-89-grey","Nike Air Pegasus '89 Grey",987
2026-07-16T15:40:33.325Z,gid://shopify/Product/15123243008386,"nike-air-zoom-pegasus-40-familia","Nike Air Zoom Pegasus 40 Familia",944
2026-07-16T15:40:33.325Z,gid://shopify/Product/15123247792514,"nike-air-pegasus-89-golf-nrg-accept-and-embrace","Nike Air Pegasus '89 Golf NRG Accept and Embrace",934
2026-07-16T15:40:33.325Z,gid://shopify/Product/15123253887362,"nike-zoomx-vaporfly-3-fast-pack-womens","Nike ZoomX Vaporfly 3 Fast Pack (Women's)",953
2026-07-16T15:40:33.325Z,gid://shopify/Product/15123255918978,"nike-zoomx-vaporfly-3-black-metallic-gold-grain","Nike ZoomX Vaporfly 3 Black Metallic Gold Grain",1111
2026-07-16T15:40:33.325Z,gid://shopify/Product/15123261849986,"nike-victory-2-white-bright-spruce-electric-algae-black","Nike Victory 2 White Bright Spruce Electric Algae Black",1045
2026-07-16T15:40:33.325Z,gid://shopify/Product/15123263848834,"nike-air-zoom-maxfly-2-electric-pack-olympic-safari","Nike Air Zoom Maxfly 2 Electric Pack Olympic Safari",1072
2026-07-16T15:40:33.326Z,gid://shopify/Product/15123265749378,"nike-air-zoom-maxfly-more-uptempo-white-black-red","Nike Air Zoom Maxfly More Uptempo White Black University Red",981
2026-07-16T15:40:33.326Z,gid://shopify/Product/15123267715458,"on-running-cloud-6-all-black-womens","On Running Cloud 6 All Black (Women's)",782
2026-07-16T15:40:33.326Z,gid://shopify/Product/15123269878146,"nike-cortez-basic-black-white-2023","Nike Cortez Basic Black White (2023)",968
2026-07-16T15:40:33.326Z,gid://shopify/Product/15123271844226,"nike-cortez-txt-midnight-navy","Nike Cortez TXT Midnight Navy",1073
2026-07-16T15:40:33.326Z,gid://shopify/Product/15123275874690,"nike-cortez-los-angeles","Nike Cortez Los Angeles",918
2026-07-16T15:40:33.326Z,gid://shopify/Product/15123279774082,"nike-cortez-vintage-chlorophyll-suede-womens","Nike Cortez Vintage Chlorophyll Suede (Women's)",1127
2026-07-16T15:40:33.326Z,gid://shopify/Product/15123283411330,"nike-cortez-basic-slip-kendrick-lamar-white","Nike Cortez Basic Slip Kendrick Lamar White",920
2026-07-16T15:40:33.326Z,gid://shopify/Product/15123287277954,"rigorer-ar2-milky-way","Rigorer AR2 Milky Way",1029
2026-07-16T15:40:33.326Z,gid://shopify/Product/15139793764738,"fear-of-god-essentials-3d-silicon-applique-boxy-t-shirt-dark-slate","Fear of God Essentials 3D Silicon Applique Boxy T-Shirt Dark Slate/Stretch Limo/Black",748
2026-07-16T15:40:33.326Z,gid://shopify/Product/15139793994114,"fear-of-god-essentials-core-collection-pullover-hoodie-light-heather-oatmeal","Fear of God Essentials Core Collection Pullover Hoodie Light Heather Oatmeal",914
2026-07-16T15:40:33.326Z,gid://shopify/Product/15139794321794,"fear-of-god-essentials-fleece-essential-sweatpant-black","Fear of God Essentials Fleece Essential Sweatpant Black",959
2026-07-16T15:40:33.326Z,gid://shopify/Product/15139794649474,"fear-of-god-essentials-fleece-hoodie-fw24-heather-gray","Fear of God Essentials Fleece Hoodie (FW24) Heather Gray",988
2026-07-16T15:40:33.326Z,gid://shopify/Product/15139794944386,"fear-of-god-essentials-fleece-relaxed-sweatpant-dark-heather","Fear of God Essentials Fleece Relaxed Sweatpant Dark Heather",1039
2026-07-16T15:40:33.326Z,gid://shopify/Product/15139795173762,"fear-of-god-essentials-hoodie-light-heather-grey","Fear of God Essentials Hoodie Light Heather Grey",1389
2026-07-16T15:40:33.327Z,gid://shopify/Product/15139795698050,"fear-of-god-essentials-nba-hoodie-black","Fear of God Essentials NBA Hoodie Black",912
2026-07-16T15:40:33.327Z,gid://shopify/Product/15139796025730,"fear-of-god-essentials-nylon-fleece-hoodie-ink-jet-black","Fear of God Essentials Nylon Fleece Hoodie Ink/Jet Black",1005
2026-07-16T15:42:09.565Z,gid://shopify/Product/15139796255106,"fear-of-god-essentials-pullover-hoodie-mint-leaf","Fear of God Essentials Pullover Hoodie Mint Leaf",867
2026-07-16T15:42:09.569Z,gid://shopify/Product/15139796550018,"fear-of-god-essentials-ss-tee-seal","Fear of God Essentials SS Tee Seal",754
2026-07-16T15:42:09.569Z,gid://shopify/Product/15139796877698,"fear-of-god-essentials-sweatshort-black","Fear of God Essentials Cream Drawstring Sweatshort Jet Black",767
2026-07-16T15:42:09.569Z,gid://shopify/Product/15139797074306,"fear-of-god-essentials-tee-cloud-dancer","Fear of God Essentials Tee Cloud Dancer",696
2026-07-16T15:42:09.569Z,gid://shopify/Product/15142595690882,"adidas-adifom-q-white-grey","adidas adiFOM Q White Grey",715
2026-07-16T15:42:09.569Z,gid://shopify/Product/15142596379010,"adidas-am4ldn-london","adidas Speedfactory AM4LDN London",725
2026-07-16T15:42:09.569Z,gid://shopify/Product/15142597296514,"adidas-clarks-8th-street-samba-by-ronnie-fieg-shadow-green","adidas Clarks 8th Street Samba by Ronnie Fieg Shadow Green",767
2026-07-16T15:42:09.569Z,gid://shopify/Product/15142599950722,"adidas-gazelle-bold-bright-red-velvet-womens","adidas Gazelle Bold Bright Red Velvet (Women's)",829
2026-07-16T15:42:09.569Z,gid://shopify/Product/15142600540546,"adidas-gazelle-bold-green-lucid-pink-womens","adidas Gazelle Bold Green Lucid Pink (Women's)",778
2026-07-16T15:42:09.569Z,gid://shopify/Product/15142601294210,"adidas-gazelle-bold-solar-orange-solar-green-w","adidas Gazelle Bold Solar Orange Solar Green (Women's)",772
2026-07-16T15:42:09.569Z,gid://shopify/Product/15142603227522,"adidas-gazelle-gucci-original-gg-biege-brown-w","adidas Gazelle Gucci Original GG Beige Brown (Women's)",773
2026-07-16T15:42:09.570Z,gid://shopify/Product/15142608339330,"adidas-gazelle-indoor-semi-blue-burst-almost-yellow-womens","adidas Gazelle Indoor Semi Blue Burst Almost Yellow (Women's)",853
2026-07-16T15:42:09.570Z,gid://shopify/Product/15142610829698,"adidas-gazelle-sky-blue","adidas Gazelle Sky Blue",729
2026-07-16T15:42:09.570Z,gid://shopify/Product/15142615712130,"adidas-handball-spezial-off-white-earth-strata-gum-womens","adidas Handball Spezial Off-White Earth Strata Gum (Women's)",811
2026-07-16T15:42:09.570Z,gid://shopify/Product/15142841942402,"adidas-handball-spezial-sporty-rich-green","adidas Handball Spezial Sporty & Rich Green",816
2026-07-16T15:42:09.570Z,gid://shopify/Product/15142845907330,"adidas-samba-adv-cardboard-black","adidas Samba ADV Cardboard Black",824
2026-07-16T15:42:09.570Z,gid://shopify/Product/15142851281282,"adidas-zx-8000-sean-wotherspoon-superearth","adidas ZX 8000 Sean Wotherspoon Superearth",988
2026-07-16T15:42:09.570Z,gid://shopify/Product/15142852657538,"air-jordan-1-high-zoom-air-cmft-25-years-in-china","Jordan 1 High Zoom Air CMFT 25 Years In China",836
2026-07-16T15:42:09.570Z,gid://shopify/Product/15142853476738,"air-jordan-1-low-crimson-tint","Jordan 1 Low Crimson Tint",858
2026-07-16T15:42:09.570Z,gid://shopify/Product/15142854427010,"air-jordan-1-low-golf-cool-grey-gamma-blue","Jordan 1 Low Golf Cool Grey Gamma Blue",879
2026-07-16T15:42:09.570Z,gid://shopify/Product/15142855115138,"air-jordan-1-low-prm-sail-cashmere","Jordan 1 Low PRM Sail Cashmere",908
2026-07-16T15:42:09.570Z,gid://shopify/Product/15142855770498,"air-jordan-1-low-sb-desert-ore","Jordan 1 Low SB QS Lance Mountain Desert Ore",848
2026-07-16T15:42:09.570Z,gid://shopify/Product/15142857146754,"air-jordan-1-low-se-dark-pony","Jordan 1 Low SE Dark Pony",850
2026-07-16T15:42:09.570Z,gid://shopify/Product/15142858195330,"air-jordan-1-low-se-homage-split-gym-red-cement-grey-w","Jordan 1 Low SE Homage Split Gym Red Cement Grey (Women's)",925
2026-07-16T15:42:09.570Z,gid://shopify/Product/15142859080066,"air-jordan-1-low-se-psychic-purple-hyper-jade","Jordan 1 Low SE Psychic Purple Hyper Jade",841
2026-07-16T15:42:09.570Z,gid://shopify/Product/15142859866498,"air-jordan-1-low-sky-j-purple","Jordan 1 Low Sky J Purple",889
2026-07-16T15:42:09.570Z,gid://shopify/Product/15142860915074,"air-jordan-1-mid-alternate-bred-2022-gs","Jordan 1 Mid Alternate Bred (2022) (GS)",913
2026-07-16T15:42:09.570Z,gid://shopify/Product/15142861865346,"air-jordan-1-mid-barely-grape-gs","Jordan 1 Mid Barely Grape (GS)",881
2026-07-16T15:42:09.570Z,gid://shopify/Product/15142862979458,"air-jordan-1-mid-diamond-shorts","Jordan 1 Mid Diamond Shorts",770
2026-07-16T15:42:09.570Z,gid://shopify/Product/15142863700354,"air-jordan-1-mid-holiday-gs","Jordan 1 Mid SE Ugly Christmas Sweater (GS)",893
2026-07-16T15:42:09.570Z,gid://shopify/Product/15142864716162,"air-jordan-1-mid-se-earth-tone-gs","Jordan 1 Mid SE Dark Chocolate (GS)",958
2026-07-16T15:42:09.570Z,gid://shopify/Product/15142865633666,"air-jordan-1-mid-white-laser-orange-deep-royal-blue-gs","Jordan 1 Mid White Laser Orange Deep Royal Blue (GS)",998
2026-07-16T15:42:09.570Z,gid://shopify/Product/15142866256258,"air-jordan-1-retro-high-j-balvin","Jordan 1 Retro High J Balvin",970
2026-07-16T15:42:09.571Z,gid://shopify/Product/15142868681090,"air-jordan-4-retro-flyknit-red","Jordan 4 Retro Flyknit Red",879
2026-07-16T15:42:09.571Z,gid://shopify/Product/15142928023938,"puma-speedcat-premium-rose-black","Puma Speedcat Premium Rosé Black",718
2026-07-16T15:42:09.571Z,gid://shopify/Product/15142930219394,"birkenstock-boston-soft-footbed-suede-mink","Birkenstock Boston Soft Footbed Suede Mink",845
2026-07-16T15:42:09.571Z,gid://shopify/Product/15142940213634,"timberland-6-waterproof-boot-ice-studios","Timberland 6"" Waterproof Boot Ice Studios",664
2026-07-16T15:42:09.571Z,gid://shopify/Product/15142941229442,"adidas-adistar-jellyfish-pharrell-williams-real-green","adidas Adistar Jellyfish Pharrell Williams Real Green",723
2026-07-16T15:42:09.571Z,gid://shopify/Product/15142942638466,"nike-air-max-95-og-big-bubble-solar-red-20-2025","Nike Air Max 95 OG Big Bubble Solar Red 2.0 (2025)",864
2026-07-16T15:42:09.571Z,gid://shopify/Product/15142943752578,"new-balance-abzorb-2010-wtaps-grey-green-smoke","New Balance Abzorb 2010 WTAPS Agave Green",661
2026-07-16T15:43:49.234Z,gid://shopify/Product/15147860132226,"timberland-6-premium-waterproof-patent-boots-finch-wheat","Timberland 6"" Premium Waterproof Patent Boots Finch Wheat",1047
2026-07-16T15:43:49.238Z,gid://shopify/Product/15157817180546,"nike-ja-3-zombie","Nike Ja 3 Zombie",1058
2026-07-16T15:43:49.238Z,gid://shopify/Product/15158259843458,"ugg-tasman-slipper-gallery-dept-chestnut","UGG Tasman Slipper Gallery Dept. Chestnut",996
2026-07-16T15:43:49.238Z,gid://shopify/Product/15160662983042,"air-jordan-4-retro-infrared","Jordan 4 Retro Infrared",962
2026-07-16T15:43:49.238Z,gid://shopify/Product/15161371656578,"air-jordan-1-mid-rare-air","Jordan 1 Mid Rare Air",1224
2026-07-16T15:43:49.238Z,gid://shopify/Product/15161375523202,"air-jordan-9-retro-boot-wheat","Jordan 9 Retro Boot Wheat",759
2026-07-16T15:43:49.238Z,gid://shopify/Product/15161376145794,"air-jordan-2-retro-melo-2018","Jordan 2 Retro Melo (2018)",1014
2026-07-16T15:43:49.238Z,gid://shopify/Product/15162653475202,"2025-topps-series-1-baseball-hobby-box","2025 Topps Series 1 Baseball Hobby Box",850
2026-07-16T15:43:49.238Z,gid://shopify/Product/15162665599362,"daniel-arsham-all-gone-2023-quartz-hardcover-book-edition-of-2000","Daniel Arsham All Gone 2023 ""Quartz"" Hardcover Book (Edition of 2000)",928
2026-07-16T15:43:49.238Z,gid://shopify/Product/15162677100930,"bratz-x-mean-girls-collector-doll-cady","Bratz x Mean Girls Collector Doll Cady",918
2026-07-16T15:43:49.238Z,gid://shopify/Product/15162718585218,"puma-slipstream-lo-pokemon-charmander","Puma Slipstream Lo PokÃ©mon Charmander",957
2026-07-16T15:43:49.238Z,gid://shopify/Product/15162724155778,"air-jordan-1-mid-se-cozy-girl-womens","Jordan 1 Mid SE Cozy Girl (Women's)",1078
2026-07-16T15:43:49.238Z,gid://shopify/Product/15162724516226,"new-balance-1000-salehe-bembury","New Balance 1000 Salehe Bembury",1054
2026-07-16T15:43:49.238Z,gid://shopify/Product/15162724843906,"new-balance-2002r-magnent-lead","New Balance 2002R Magnent Lead",1249
2026-07-16T15:43:49.238Z,gid://shopify/Product/15162725171586,"new-balance-990v6-miusa-rich-oak","New Balance 990v6 MiUSA Rich Oak",1107
2026-07-16T15:43:49.238Z,gid://shopify/Product/15162725466498,"new-balance-990v6-miusa-inkwell","New Balance 990v6 MiUSA Inkwell",884
2026-07-16T15:43:49.238Z,gid://shopify/Product/15162725925250,"new-balance-480-navy-sea-salt","New Balance 480 Navy Sea Salt",1032
2026-07-16T15:43:49.239Z,gid://shopify/Product/15162726482306,"new-balance-327-linen-sea-salt-olivine-womens","New Balance 327 Linen Sea Salt Olivine (Women's)",1070
2026-07-16T15:43:49.239Z,gid://shopify/Product/15163558232450,"lego-batman-batmobile-tumbler-set-76240-black","LEGO Batman Batmobile Tumbler Set 76240 Black",735
2026-07-16T15:43:49.239Z,gid://shopify/Product/15163558527362,"lego-porsche-911-gt3-rs-set-42056","LEGO Technic Porsche 911 GT3 RS Set 42056",809
2026-07-16T15:43:49.239Z,gid://shopify/Product/15163558789506,"lego-super-mario-nintendo-entertainment-system-set-71374","LEGO Super Mario Nintendo Entertainment System Set 71374",689
2026-07-16T15:43:49.239Z,gid://shopify/Product/15163558986114,"lego-icons-fairground-collection-loop-coaster-set-10303","LEGO Icons Fairground Collection Loop Coaster Set 10303",871
2026-07-16T15:43:49.239Z,gid://shopify/Product/15163559248258,"lego-the-kwik-e-mart-set-71016","LEGO The Simpsons The Kwik-E Mart Set 71016",694
2026-07-16T15:43:49.239Z,gid://shopify/Product/15163559477634,"lego-detectives-office-set-10246","LEGO Creator Detective's Office Set 10246",993
2026-07-16T15:43:49.239Z,gid://shopify/Product/15163559674242,"lego-millennium-falcon-set-75257","LEGO Star Wars Millennium Falcon Set 75257",737
2026-07-16T15:43:49.239Z,gid://shopify/Product/15163559870850,"lego-star-wars-coruscant-guard-gunship-set-75354","LEGO Star Wars Coruscant Guard Gunship Set 75354",891
2026-07-16T15:43:49.239Z,gid://shopify/Product/15163560100226,"lego-star-wars-inquisitor-transport-scythe-set-75336","LEGO Star Wars Inquisitor Transport Scythe Set 75336",1018
2026-07-16T15:43:49.239Z,gid://shopify/Product/15163560395138,"lego-andy-warhol-marilyn-monroe-set-31197","LEGO Andy Warhol Marilyn Monroe Set 31197",696
2026-07-16T15:43:49.239Z,gid://shopify/Product/15163560657282,"lego-disney-the-ice-castle-set-43197","LEGO Disney The Ice Castle Set 43197",802
2026-07-16T15:43:49.239Z,gid://shopify/Product/15163561116034,"lego-ideas-typewriter-set-21327","LEGO Ideas Typewriter Set 21327",697
2026-07-16T15:43:49.239Z,gid://shopify/Product/15163561345410,"lego-batcave-shadow-box-set-76252","LEGO Batcave Shadow Box Set 76252",1037
2026-07-16T15:43:49.239Z,gid://shopify/Product/15163561607554,"lego-harry-potter-hogwarts-castle-set-71043","LEGO Harry Potter Hogwarts Castle Set 71043",944
2026-07-16T15:43:49.239Z,gid://shopify/Product/15163561836930,"lego-back-to-the-future-time-machine-set-10300","LEGO Back to the Future Delorean Time Machine Set 10300",851
2026-07-16T15:43:49.239Z,gid://shopify/Product/15163562033538,"lego-ninjago-city-gardens-set-71741","LEGO Ninjago City Gardens Set 71741",844
2026-07-16T15:43:49.239Z,gid://shopify/Product/15163562328450,"lego-fornite-battle-bus-set-77073","LEGO Fornite Battle Bus Set 77073",991
2026-07-16T15:43:49.239Z,gid://shopify/Product/15163562590594,"lego-creator-assembly-square-set-10255","LEGO Creator Assembly Square Set 10255",834
2026-07-16T15:43:49.239Z,gid://shopify/Product/15163562951042,"lego-1969-chevrolet-camaro-z28-set-10304","LEGO 1969 Chevrolet Camaro Z28 Set 10304",868
2026-07-16T15:43:49.239Z,gid://shopify/Product/15163563180418,"lego-technic-heavy-duty-tow-truck-set-42128","LEGO Technic Heavy-Duty Tow Truck Set 42128",840
2026-07-16T15:43:49.239Z,gid://shopify/Product/15163563442562,"lego-ideas-the-orient-express-train-set-21344","LEGO Ideas The Orient Express Train Set 21344",966
2026-07-16T15:43:49.239Z,gid://shopify/Product/15163563639170,"lego-friends-the-apartments-set-10292","LEGO Friends The Apartments Set 10292",908
2026-07-16T15:45:27.368Z,gid://shopify/Product/15163563835778,"lego-city-ski-and-climbing-center-set-60366","LEGO City Ski and Climbing Center Set 60366",966
2026-07-16T15:45:27.371Z,gid://shopify/Product/15163564065154,"lego-star-wars-scout-trooper-set-75305","LEGO Star Wars Scout Trooper Set 75305",684
2026-07-16T15:45:27.371Z,gid://shopify/Product/15163564294530,"lego-marvel-studios-infinity-saga-hulkbuster-set-76210","LEGO Marvel Studios Infinity Saga Hulkbuster Set 76210",832
2026-07-16T15:45:27.372Z,gid://shopify/Product/15163564491138,"lego-architecture-united-states-capitol-set-21030","LEGO Architecture United States Capitol Building Set 21030",676
2026-07-16T15:45:27.372Z,gid://shopify/Product/15163564818818,"lego-grand-piano-set-21323","LEGO Ideas Grand Piano Set 21323",801
2026-07-16T15:45:27.372Z,gid://shopify/Product/15163565146498,"lego-dungeons-dragons-legend-of-the-red-dragon-set-21348","LEGO Dungeons & Dragons: Legend of the Red Dragon Set 21348",1013
2026-07-16T15:45:27.372Z,gid://shopify/Product/15163565343106,"lego-star-wars-death-star-set-75159","LEGO Star Wars Death Star Set 75159",846
2026-07-16T15:45:27.372Z,gid://shopify/Product/15163565572482,"lego-star-wars-dagobah-jedi-training-diorama-set-75330","LEGO Star Wars Dagobah Jedi Training Diorama Set 75330",726
2026-07-16T15:45:27.372Z,gid://shopify/Product/15163565801858,"lego-art-the-beatles-set-31198","LEGO Art The Beatles Set 31198",764
2026-07-16T15:45:27.372Z,gid://shopify/Product/15163566031234,"lego-grand-emporium-set-10211","LEGO Creator Grand Emporium Set 10211",614
2026-07-16T15:45:27.372Z,gid://shopify/Product/15163566326146,"lego-star-wars-the-sith-set-31200","LEGO Star Wars The Sith Set 31200",581
2026-07-16T15:45:27.372Z,gid://shopify/Product/15163566522754,"lego-star-wars-rotj-40th-anniversary-death-star-ii-set-40591","LEGO Star Wars ROTJ 40th Anniversary Death Star II Set 40591",1033
2026-07-16T15:45:27.373Z,gid://shopify/Product/15163566883202,"lego-taj-mahal-set-10256","LEGO Creator Taj Mahal Set 10256",783
2026-07-16T15:45:27.373Z,gid://shopify/Product/15163567112578,"lego-creator-harley-davidson-fat-boy-set-10269","LEGO Creator Harley-Davidson Fat Boy Set 10269",682
2026-07-16T15:45:27.373Z,gid://shopify/Product/15163567571330,"lego-dc-comics-super-heroes-batman-classic-tv-series-batcave-set-76052","LEGO DC Comics Super Heroes Batman Classic TV Series Batcave Set 76052",993
2026-07-16T15:45:27.373Z,gid://shopify/Product/15163568128386,"lego-bonsai-tree-set-10281-sponsored-true","LEGO Botanical Collection Bonsai Tree Set 10281",638
2026-07-16T15:45:27.373Z,gid://shopify/Product/15163568619906,"lego-harry-potter-12-grimmauld-place-set-76408","LEGO Harry Potter 12 Grimmauld Place Set 76408",1083
2026-07-16T15:45:27.373Z,gid://shopify/Product/15163569045890,"lego-flower-bouqet-set-10280","LEGO Botanical Collection Flower Bouquet Set 10280",632
2026-07-16T15:45:27.373Z,gid://shopify/Product/15163569439106,"lego-star-wars-luke-skywalkers-x-wing-fighter-set-75301-sponsored-true","LEGO Star Wars Luke Skywalker's X-Wing Fighter Set 75301",789
2026-07-16T15:45:27.373Z,gid://shopify/Product/15163569734018,"lego-technic-ford-raptor-f-150-set-42126","LEGO Technic Ford Raptor F-150 Set 42126",699
2026-07-16T15:45:27.373Z,gid://shopify/Product/15163570028930,"lego-star-wars-dath-vader-set-75304","LEGO Star Wars Darth Vader Helmet Set 75304",799
2026-07-16T15:45:27.373Z,gid://shopify/Product/15163570389378,"lego-star-wars-jango-fetts-firespray-class-starship-set-75409","LEGO Star Wars Jango Fett's Firespray-Class Starship Set 75409",895
2026-07-16T15:45:27.373Z,gid://shopify/Product/15163570618754,"lego-ideas-tuxedo-cat-set-21349","LEGO Ideas Tuxedo Cat Set 21349",1032
2026-07-16T15:45:27.374Z,gid://shopify/Product/15163570913666,"lego-icons-over-the-moon-with-pharrell-williams-set-10391","LEGO Icons Over the Moon with Pharrell Williams Set 10391",811
2026-07-16T15:45:27.374Z,gid://shopify/Product/15163571306882,"lego-creator-maersk-train-set-10219","LEGO Creator Maersk Train Set 10219",881
2026-07-16T15:45:27.374Z,gid://shopify/Product/15163571536258,"lego-star-wars-red-five-x-wing-starfighter-set-10240","LEGO Star Wars Red Five X-wing Starfighter Set 10240",710
2026-07-16T15:45:27.374Z,gid://shopify/Product/15163571798402,"lego-mclaren-senna-gtr-set-42123","LEGO Technic McLaren Senna GTR Set 42123",577
2026-07-16T15:45:27.374Z,gid://shopify/Product/15163572257154,"lego-disney-pirates-of-the-caribbean-dead-man-tell-no-tales-silent-mary-set-71042","LEGO Disney Pirates of the Caribbean Dead Man Tell No Tales Silent Mary Set 71042",862
2026-07-16T15:45:27.374Z,gid://shopify/Product/15163572683138,"lego-technic-airbus-h175-rescue-helicopter-set-42145","LEGO Technic Airbus H175 Rescue Helicopter Set 42145",1218
2026-07-16T15:45:27.374Z,gid://shopify/Product/15163573010818,"lego-creator-london-bus-set-10258","LEGO Creator London Bus Set 10258",754
2026-07-16T15:45:27.374Z,gid://shopify/Product/15163573338498,"lego-architecture-tokyo-set-21051","LEGO Architecture Tokyo Set 21051",733
2026-07-16T15:45:27.374Z,gid://shopify/Product/15163573666178,"lego-monster-fighters-haunted-house-set-10228","LEGO Monster Fighters Haunted House Set 10228",1024
2026-07-16T15:45:27.374Z,gid://shopify/Product/15163573993858,"lego-bespin-duel-star-wars-celebration-exclusive-set-75294","LEGO Star Wars Bespin Duel Star Wars Celebration Exclusive Set 75294",693
2026-07-16T15:45:27.374Z,gid://shopify/Product/15163574452610,"lego-marvel-super-heros-x-men-wolverines-chopper-showdown-set-6866","LEGO Marvel Super Heros X-Men Wolverine's Chopper Showdown Set 6866",696
2026-07-16T15:45:27.375Z,gid://shopify/Product/15163574911362,"lego-creator-pirate-ship-set-31109","LEGO Creator Pirate Ship Set 31109",944
2026-07-16T15:45:27.375Z,gid://shopify/Product/15163575370114,"lego-technic-class-xerion-5000-trac-vc-set-42054","LEGO Technic CLASS XERION 5000 TRAC VC Set 42054",957
2026-07-16T15:45:27.375Z,gid://shopify/Product/15163575665026,"lego-pirates-of-the-caribbean-the-black-pearl-set-4184","LEGO Pirates of the Caribbean The Black Pearl Set 4184",918
2026-07-16T15:45:27.375Z,gid://shopify/Product/15163576222082,"lego-architecture-great-pyramid-of-giza-set-21058","LEGO Architecture Great Pyramid of Giza Set 21058",731
2026-07-16T15:45:27.375Z,gid://shopify/Product/15163576746370,"lego-ideas-ship-in-a-bottle-set-21313","LEGO Ideas Ship in a Bottle Set 21313",753
2026-07-16T15:45:27.375Z,gid://shopify/Product/15163577598338,"lego-art-hokusai-the-great-wave-set-31208","LEGO Art Hokusai The Great Wave Set 31208",756
2026-07-16T15:47:01.698Z,gid://shopify/Product/15163578909058,"lego-star-wars-christmas-x-wing-set-4002019","LEGO Star Wars Christmas X-Wing Set 4002019",830
2026-07-16T15:47:01.701Z,gid://shopify/Product/15163579892098,"lego-harry-potter-hogwarts-astronomy-tower-set-75969","LEGO Harry Potter Hogwarts Astronomy Tower Set 75969",797
2026-07-16T15:47:01.701Z,gid://shopify/Product/15163581301122,"lego-friends-andreas-modern-mansion-set-42639","LEGO Friends Andrea's Modern Mansion Set 42639",839
2026-07-16T15:47:01.701Z,gid://shopify/Product/15163582022018,"lego-ninjago-destinys-bounty-set-70618","LEGO Ninjago Destiny's Bounty Set 70618",903
2026-07-16T15:47:01.701Z,gid://shopify/Product/15163582873986,"lego-star-wars-at-st-raider-set-75254","LEGO Star Wars AT-ST Raider Set 75254",755
2026-07-16T15:47:01.701Z,gid://shopify/Product/15163583922562,"lego-taskmasters-ambush-set-77905","LEGO Marvel Black Widow Taskmaster's Ambush Set 77905",705
2026-07-16T15:47:01.701Z,gid://shopify/Product/15163585036674,"lego-star-wars-jabbas-palace-set-9516","LEGO Star Wars Jabba's Palace Set 9516",848
2026-07-16T15:47:01.701Z,gid://shopify/Product/15163587690882,"lego-speed-champions-nissan-gt-r-nismo-set-76896","LEGO Speed Champions Nissan GT-R NISMO Set 76896",961
2026-07-16T15:47:01.701Z,gid://shopify/Product/15163589722498,"lego-architecture-the-eiffel-tower-set-21019","LEGO Architecture The Eiffel Tower Set 21019",744
2026-07-16T15:47:01.701Z,gid://shopify/Product/15163593916802,"lego-star-wars-imperial-star-destroyer-set-75055","LEGO Star Wars Imperial Star Destroyer Set 75055",688
2026-07-16T15:47:01.701Z,gid://shopify/Product/15163594899842,"lego-technic-mobile-crane-set-42108","LEGO Technic Mobile Crane Set 42108",652
2026-07-16T15:47:01.701Z,gid://shopify/Product/15163595653506,"lego-mindstorms-ev3-set-31313","LEGO Mindstorms EV3 Set 31313",848
2026-07-16T15:47:01.701Z,gid://shopify/Product/15163596407170,"lego-everyone-is-awesome-set-40516","LEGO Everyone Is Awesome Set 40516",670
2026-07-16T15:47:01.701Z,gid://shopify/Product/15163597422978,"lego-vintage-taxi-set-40532","LEGO Vintage Taxi Set 40532",616
2026-07-16T15:47:01.701Z,gid://shopify/Product/15164804628866,"lego-technic-ferrari-daytona-sp3-the-sense-of-perfection-book-edition-of-5000","LEGO Technic Ferrari Daytona SP3 The Sense of Perfection Book (Edition of 5000)",842
2026-07-16T15:47:01.701Z,gid://shopify/Product/15169088520578,"nike-shox-mr4-mule-martine-rose-metallic-platinum-varsity-red-womens","Nike Shox MR4 Mule Martine Rose Metallic Platinum Varsity Red (Women's)",1049
2026-07-16T15:47:01.701Z,gid://shopify/Product/15169089995138,"air-jordan-40-chicago","Jordan 40 Chicago",1076
2026-07-16T15:47:01.702Z,gid://shopify/Product/15169091305858,"asics-gel-nyc-rgd-ironclad-black","ASICS Gel-NYC RGD Ironclad Black",1041
2026-07-16T15:47:01.702Z,gid://shopify/Product/15169092354434,"asics-gel-nyc-white-smoke-grey","ASICS Gel-NYC White Smoke Grey",1090
2026-07-16T15:47:01.702Z,gid://shopify/Product/15169093796226,"asics-gel-kayano-14-jjjjound-white-blue","ASICS Gel-Kayano 14 JJJJound White Blue",1394
2026-07-16T15:47:01.702Z,gid://shopify/Product/15169095696770,"air-jordan-4-retro-black-cat-2025-gs","Jordan 4 Retro Black Cat (2025) (GS)",1077
2026-07-16T15:47:01.702Z,gid://shopify/Product/15170253914498,"nike-vomero-premium-hyper-pink-womens","Nike Vomero Premium Hyper Pink (Women's)",1079
2026-07-16T15:47:01.702Z,gid://shopify/Product/15170254176642,"nike-air-max-90-new-england-patriots","Nike Air Max 90 New England Patriots",1102
2026-07-16T15:47:01.702Z,gid://shopify/Product/15170254406018,"nike-book-1-aurora","Nike Book 1 Aurora",1011
2026-07-16T15:47:01.702Z,gid://shopify/Product/15170254864770,"nike-air-max-waffle-racer-sp-sail-black-gum","Nike Air Max Waffle Racer SP Sail Black Gum",1134
2026-07-16T15:47:01.702Z,gid://shopify/Product/15170255585666,"new-balance-2002r-protection-pack-black","New Balance 2002R Protection Pack Black",1154
2026-07-16T15:47:01.702Z,gid://shopify/Product/15170256142722,"nike-dunk-low-gore-tex-light-bone","Nike Dunk Low Gore-Tex Light Bone",1164
2026-07-16T15:47:01.702Z,gid://shopify/Product/15170256404866,"air-jordan-4-retro-cozy-girl-ps","Jordan 4 Retro Cozy Girl (PS)",1041
2026-07-16T15:47:01.702Z,gid://shopify/Product/15171719070082,"adidas-superstar-wales-bonner-white-brown-croc","adidas Superstar Wales Bonner White Brown Croc",1202
2026-07-16T15:47:01.702Z,gid://shopify/Product/15171723329922,"new-balance-ct302-moonbeam-black-red","New Balance CT302 Moonbeam Black Red",1012
2026-07-16T15:47:01.702Z,gid://shopify/Product/15171723886978,"new-balance-1906r-rose-sugar-silver","New Balance 1906R Rose Sugar Silver",1060
2026-07-16T15:47:01.702Z,gid://shopify/Product/15171724509570,"new-balance-990v3-black-white","New Balance 990v3 MiUSA Black White",999
2026-07-16T15:47:01.702Z,gid://shopify/Product/15171725197698,"new-balance-480-white-black","New Balance 480 Black White",999
2026-07-16T15:47:01.702Z,gid://shopify/Product/15173315854722,"new-balance-574-black-grey-white","New Balance 574 Legacy Black Marblehead",1095
2026-07-16T15:47:01.703Z,gid://shopify/Product/15173316182402,"new-balance-998-ronnie-fieg-frank-lloyd-wright-foundation-broadacre-city-aloe-wolf","New Balance 998 Ronnie Fieg & Frank Lloyd Wright Foundation Broadacre City Aloe Wash",1064
2026-07-16T15:47:01.703Z,gid://shopify/Product/15173316510082,"new-balance-990v4-miusa-white-green","New Balance 990v4 MiUSA White Green",1274
2026-07-16T15:47:01.703Z,gid://shopify/Product/15173316837762,"new-balance-9060-blue-beige","New Balance 9060 Blue Beige",1086
2026-07-16T15:47:01.703Z,gid://shopify/Product/15173317099906,"new-balance-fuelcell-rebel-v4-cyber-jade","New Balance FuelCell Rebel v4 Cyber Jade",1301
2026-07-16T15:47:01.703Z,gid://shopify/Product/15173317460354,"new-balance-990v2-miusa-brown-purple","New Balance 990v2 MiUSA Brown Purple",1161
2026-07-16T15:47:01.703Z,gid://shopify/Product/15174846611842,"new-balance-warped-runner-white-beige-black","New Balance WRPD Runner Sea Salt Sandstone Blacktop",1087
2026-07-16T15:48:49.154Z,gid://shopify/Product/15174848250242,"new-balance-57-40-rain-cloud","New Balance 57/40 Rain Cloud",1102
2026-07-16T15:48:49.158Z,gid://shopify/Product/15174849692034,"new-balance-827-abzorb-aime-leon-dore","New Balance 827 Abzorb Aime Leon Dore White Multi",862
2026-07-16T15:48:49.159Z,gid://shopify/Product/15176952807810,"air-jordan-4-retro-military-black-bcfm","Jordan 4 Retro Military Black %",690
2026-07-16T15:48:49.159Z,gid://shopify/Product/15176955167106,"new-balance-997s-bodega-better-days-bcfm","New Balance 997S Bodega Better Days %",919
2026-07-16T15:48:49.159Z,gid://shopify/Product/15176958542210,"air-jordan-1-low-bulls-gs-bcfm","Jordan 1 Low Bulls (GS) %",1068
2026-07-16T15:48:49.160Z,gid://shopify/Product/15176961950082,"air-jordan-1-mid-ice-blue","Jordan 1 Mid Ice Blue (2022) (GS) %",1125
2026-07-16T15:48:49.160Z,gid://shopify/Product/15176964571522,"new-balance-2002r-protection-pack-mirage-grey-bcfm","New Balance 2002R Protection Pack Mirage Grey %",1091
2026-07-16T15:48:49.160Z,gid://shopify/Product/15176967356802,"air-jordan-1-low-se-reverse-ice-blue-w-bcfm","Jordan 1 Low SE Reverse Ice Blue (Women's) %",982
2026-07-16T15:48:49.160Z,gid://shopify/Product/15176969814402,"air-jordan-1-mid-syracuse-w","Jordan 1 Mid Syracuse (Women's) %",1181
2026-07-16T15:48:49.160Z,gid://shopify/Product/15176975122818,"nike-dunk-low-archeo-pink-w-bcfm","Nike Dunk Low Archeo Pink (Women's) %",759
2026-07-16T15:48:49.160Z,gid://shopify/Product/15177095709058,"nike-dunk-low-harvest-moon-w-bcfm","Nike Dunk Low Harvest Moon (Women's) %",740
2026-07-16T15:48:49.160Z,gid://shopify/Product/15177099542914,"nike-sb-dunk-low-supreme-barkroot-brown-bcfm","Nike SB Dunk Low Supreme Stars Barkroot Brown (2021) %",1237
2026-07-16T15:48:49.160Z,gid://shopify/Product/15177108095362,"nike-reactx-rejuven8-light-orewood-brown-bcfm","Nike ReactX Rejuven8 Light Orewood Brown %",1257
2026-07-16T15:48:49.160Z,gid://shopify/Product/15177111961986,"nike-dunk-low-move-to-zero-pale-coral-w","Nike Dunk Low Next Nature Pale Coral (Women's) %",850
2026-07-16T15:48:49.160Z,gid://shopify/Product/15180207784322,"the-north-face-womens-1996-retro-nuptse-700-fill-packable-jacket-recycled-tnf-black","The North Face Womens 1996 Retro Nuptse 700 Fill Packable Jacket Recycled TNF Black",1079
2026-07-16T15:48:49.160Z,gid://shopify/Product/15180208013698,"supreme-the-north-face-g-shock-watch-black","Supreme The North Face G-SHOCK Watch Black",1033
2026-07-16T15:48:49.160Z,gid://shopify/Product/15180208308610,"skims-x-tnf-2000-retro-nuptse-jacket-coca","SKIMS x TNF 2000 Retro Nuptse Jacket Cocoa",1212
2026-07-16T15:48:49.160Z,gid://shopify/Product/15180208537986,"supreme-the-north-face-split-waist-bag-black","Supreme The North Face Split Waist Bag Black",1142
2026-07-16T15:48:49.160Z,gid://shopify/Product/15180208898434,"the-north-face-1996-retro-nuptse-700-fill-packable-jacket-harbor-blue-linear-mountain-print","The North Face 1996 Retro Nuptse 700 Fill Packable Jacket Harbor Blue/Linear Mountain Print",462
2026-07-16T15:48:49.160Z,gid://shopify/Product/15180209488258,"supreme-umbro-gradient-track-jacket-pink","Supreme Umbro Gradient Track Jacket Pink",902
2026-07-16T15:48:49.160Z,gid://shopify/Product/15180209848706,"supreme-umbro-gore-tex-hooded-jacket-white","Supreme Umbro GORE-TEX Hooded Jacket White",1129
2026-07-16T15:48:49.161Z,gid://shopify/Product/15180211093890,"supreme-number-nine-mickey-varsity-jacket-red","Supreme Number (N)ine Mickey Varsity Jacket Red",927
2026-07-16T15:48:49.161Z,gid://shopify/Product/15180211356034,"supreme-reflective-arc-hooded-work-jacket-red","Supreme Reflective Arc Hooded Work Jacket Red",824
2026-07-16T15:48:49.161Z,gid://shopify/Product/15180212699522,"new-balance-327-nimbus-cloud","New Balance 327 Nimbus Cloud",1057
2026-07-16T15:48:49.161Z,gid://shopify/Product/15180213322114,"new-balance-57-40-bape-grey","New Balance 57/40 BAPE Grey",1013
2026-07-16T15:48:49.161Z,gid://shopify/Product/15184268558722,"new-balance-992-miusa-action-bronson-cosmic-rose","New Balance 992 MiUSA Action Bronson Digitalis Purpurea",1210
2026-07-16T15:48:49.161Z,gid://shopify/Product/15184269443458,"new-balance-991v2-miuk-kith-madison-square-garden","New Balance 991v2 MiUK Kith Madison Square Garden",1448
2026-07-16T15:48:49.161Z,gid://shopify/Product/15184269640066,"new-balance-990v4-miusa-auralee-blue","New Balance 990v4 MiUSA Auralee Blue",1376
2026-07-16T15:48:49.161Z,gid://shopify/Product/15184269967746,"new-balance-550-white-rain-cloud-womens","New Balance 550 White Rain Cloud (Women's)",1401
2026-07-16T15:48:49.161Z,gid://shopify/Product/15184270459266,"new-balance-fuelcell-rebel-v4-bleached-lime-glo-hot-mango","New Balance FuelCell Rebel v4 Bleached Lime Glo Hot Mango",1642
2026-07-16T15:48:49.161Z,gid://shopify/Product/15184270754178,"new-balance-860v2-white-team-royal-silver","New Balance 860v2 White Team Royal Silver",961
2026-07-16T15:48:49.161Z,gid://shopify/Product/15185560764802,"nike-dunk-low-pink-velvet-gs","Nike Dunk Low Pink Velvet (GS)",814
2026-07-16T15:48:49.161Z,gid://shopify/Product/15185568924034,"jordan-5-retro-oreo-gs","Jordan 5 Retro Oreo (GS) (2013)",1139
2026-07-16T15:48:49.161Z,gid://shopify/Product/15185584718210,"air-jordan-1-mid-true-blue-cement-gs","Jordan 1 Mid True Blue Cement (GS)",1007
2026-07-16T15:48:49.161Z,gid://shopify/Product/15185589993858,"air-jordan-4-retro-white-pine-green","Jordan 4 Retro Metallic Green",1153
2026-07-16T15:48:49.161Z,gid://shopify/Product/15185605951874,"fear-of-god-essentials-jersey-crewneck-t-shirt-heather-gray","Fear of God Essentials Jersey Crewneck T-Shirt Heather Gray",1155
2026-07-16T15:48:49.161Z,gid://shopify/Product/15188348600706,"jordan-1-low-og-starfish","Jordan 1 Low OG Starfish %",486
2026-07-16T15:48:49.161Z,gid://shopify/Product/15191122608514,"nike-x-lego-collection-basketball-red","Nike x LEGO Collection Basketball Red",1103
2026-07-16T15:48:49.161Z,gid://shopify/Product/15191123263874,"lego-stranger-things-mike-dustin-lucas-and-will-figures-3999","LEGO Stranger Things Mike, Dustin, Lucas and Will Figures Set 40801",1027
2026-07-16T15:48:49.161Z,gid://shopify/Product/15191124017538,"adidas-ultra-boost-dna-lego-multi","adidas Ultra Boost DNA LEGO Multi",1206
2026-07-16T15:50:56.635Z,gid://shopify/Product/15191125688706,"lego-the-lord-of-the-rings-the-battle-of-helms-deep-set-9474","LEGO The Lord of the Rings The Battle of Helm's Deep Set 9474",911
2026-07-16T15:50:56.637Z,gid://shopify/Product/15191134536066,"lego-money-tree-set-40648","LEGO Money Tree Set 40648",638
2026-07-16T15:50:56.638Z,gid://shopify/Product/15191582605698,"2024-pokemon-scarlet-violet-paldean-fates-pokemon-center-elite-trainer-box","2024 Pokémon Scarlet & Violet Paldean Fates Pokemon Center Elite Trainer Box",1149
2026-07-16T15:50:56.638Z,gid://shopify/Product/15191583785346,"2025-pokemon-prismatic-evolutions-mini-tins-8-pack-costco-exclusive","2025 Pokémon Prismatic Evolutions Mini Tins 8-Pack (Costco Exclusive)",1046
2026-07-16T15:50:56.639Z,gid://shopify/Product/15191584637314,"2025-pokemon-scarlet-violet-black-bolt-white-flare-booster-bundle","2025 Pokémon Scarlet & Violet Black Bolt & White Flare Booster Bundle",964
2026-07-16T15:50:56.639Z,gid://shopify/Product/15191585685890,"2025-pokemon-scarlet-violet-prismatic-evolutions-lucario-ex-tyranitar-ex-premium-collection-sams-club-exclusive","2025 Pokémon Scarlet & Violet Prismatic Evolutions Lucario ex & Tyranitar ex Premium Collection (Sam's Club Exclusive)",1268
2026-07-16T15:50:56.639Z,gid://shopify/Product/15191586406786,"2025-pokemon-scarlet-violet-surging-sparks-elite-trainer-box-booster-bundle-costco-2-pack","2025 Pokémon Scarlet & Violet Surging Sparks Elite Trainer Box & Booster Bundle Costco 2-Pack",1164
2026-07-16T15:50:56.639Z,gid://shopify/Product/15191587160450,"2025-topps-chrome-spongebob-25th-anniversary-hobby-box","2025 Topps Chrome SpongeBob 25th Anniversary Hobby Box",1043
2026-07-16T15:50:56.639Z,gid://shopify/Product/15191591616898,"adidas-adifom-superstar-black-white","adidas adiFOM Superstar Black White",1440
2026-07-16T15:50:56.639Z,gid://shopify/Product/15191593681282,"adidas-adizero-adios-pro-3-black-spark","adidas Adizero Adios Pro 3 Black Spark",1362
2026-07-16T15:50:56.639Z,gid://shopify/Product/15191595123074,"adidas-adizero-aruku-core-black-carbon","adidas Adizero Aruku Core Black Carbon",1167
2026-07-16T15:50:56.639Z,gid://shopify/Product/15191614161282,"adidas-adizero-f50-elite-fg-bad-bunny-lionel-messi-la-voz-de-los-fans","adidas Adizero F50 Elite FG Bad Bunny Lionel Messi La Voz De Los Fans",1281
2026-07-16T15:50:56.639Z,gid://shopify/Product/15191617765762,"adidas-ae-1-low-best-of-adi-20","adidas AE 1 Low Best of adi 2.0 (GS)",1222
2026-07-16T15:50:56.639Z,gid://shopify/Product/15191618879874,"adidas-ae-1-new-wave-gs","adidas AE 1 New Wave (GS)",1365
2026-07-16T15:50:56.639Z,gid://shopify/Product/15191619764610,"adidas-ae-2-with-love-gs","adidas AE 2 With Love (GS)",1084
2026-07-16T15:50:56.639Z,gid://shopify/Product/15191620780418,"adidas-bw-army-earth-strata-cracked-leather","adidas BW Army Earth Strata Cracked Leather",1310
2026-07-16T15:50:56.639Z,gid://shopify/Product/15191622451586,"adidas-campus-00s-charcoal-black","adidas Campus 00s Charcoal Black",1383
2026-07-16T15:50:56.639Z,gid://shopify/Product/15191626875266,"adidas-campus-80-jeremy-scott-bones-pink","adidas Campus 80s Jeremy Scott Bones Pink",1516
2026-07-16T15:50:56.639Z,gid://shopify/Product/15191628513666,"adidas-climacool-25-kith-off-white-light-brown","adidas Climacool 25 Kith Off White Light Brown",1369
2026-07-16T15:50:56.639Z,gid://shopify/Product/15191629267330,"adidas-country-og-song-for-the-mute-black","adidas Country OG Song For The Mute Black",1215
2026-07-16T15:50:56.639Z,gid://shopify/Product/15195397751170,"kodak-charmera-digital-camera-keychain-single-blind-box","Kodak CHARMERA Digital Camera Keychain Single Blind Box",1159
2026-07-16T15:50:56.639Z,gid://shopify/Product/15195399881090,"adidas-don-issue-7-camp","adidas D.O.N. Issue #7 Camp",1226
2026-07-16T15:50:56.639Z,gid://shopify/Product/15195400634754,"adidas-f50-elite-fg-turbo-aurora-black-platinum-metallic","adidas F50 Elite FG Turbo Aurora Black Platinum Metallic",1496
2026-07-16T15:50:56.640Z,gid://shopify/Product/15195401355650,"adidas-fear-of-god-athletics-86-lo-talc","adidas Fear of God Athletics '86 Lo Talc",1382
2026-07-16T15:50:56.640Z,gid://shopify/Product/15195402011010,"adidas-fear-of-god-athletics-los-angeles-hikers-carbon","adidas Fear of God Athletics Los Angeles Hikers Carbon",1384
2026-07-16T15:50:56.640Z,gid://shopify/Product/15195402994050,"adidas-forum-low-m-ms","adidas Forum Low M&M's Yellow",1176
2026-07-16T15:50:56.640Z,gid://shopify/Product/15195413053826,"adidas-gazelle-indoor-bad-bunny-wonder-clay","adidas Gazelle Indoor Bad Bunny Cabo Rojo",1712
2026-07-16T15:50:56.640Z,gid://shopify/Product/15195432976770,"adidas-gazelle-super-neighborhood-triple-black","adidas Gazelle Super Neighborhood Triple Black",1267
2026-07-16T15:50:56.640Z,gid://shopify/Product/15195506934146,"adidas-harden-vol-8-luxury-green","adidas Harden Vol. 8 Luxury Green",1254
2026-07-16T15:50:56.640Z,gid://shopify/Product/15195541471618,"adidas-harden-vol-9-glow-blue","adidas Harden Vol. 9 Glow Blue",1364
2026-07-16T15:50:56.640Z,gid://shopify/Product/15198187225474,"adidas-jabbar-low-bruce-lee-game-of-death","adidas Jabbar Low Bruce Lee Game of Death",1292
2026-07-16T15:50:56.640Z,gid://shopify/Product/15198188700034,"adidas-japan-vh-black-white-womens","adidas Japan VH Black White (Women's)",1326
2026-07-16T15:50:56.640Z,gid://shopify/Product/15198193222018,"adidas-real-madrid-24-25-home-authentic-jersey-white","adidas Real Madrid 24/25 Home Authentic Jersey White",1305
2026-07-16T15:50:56.640Z,gid://shopify/Product/15198196597122,"adidas-rod-laver-white-fairway","adidas Rod Laver White Fairway",1385
2026-07-16T15:50:56.640Z,gid://shopify/Product/15198208721282,"adidas-samba-jane-cream-black-gum-womens","adidas Samba Jane Cream Black Gum (Women's)",1138
2026-07-16T15:50:56.640Z,gid://shopify/Product/15198238343554,"adidas-samba-og-better-scarlet-white","adidas Samba OG Better Scarlet White",1443
2026-07-16T15:50:56.640Z,gid://shopify/Product/15198341104002,"adidas-samba-og-gold-metallic-cracked-leather-womens","adidas Samba OG Gold Metallic Cracked Leather (Women's)",1332
2026-07-16T15:50:56.640Z,gid://shopify/Product/15198343004546,"adidas-samba-og-sand-strata-magic-beige","adidas Samba OG Sand Strata Magic Beige",1132
2026-07-16T15:50:56.640Z,gid://shopify/Product/15198346346882,"adidas-sambae-liberty-london-floral-embroidery-blue-cream-white-womens","adidas Sambae Liberty London Floral Embroidery Blue Cream White (Women's)",1253
2026-07-16T15:50:56.640Z,gid://shopify/Product/15198348214658,"adidas-stan-smith-bape-abc-camo","adidas Stan Smith Bape ABC Camo",1373
2026-07-16T15:52:49.145Z,gid://shopify/Product/15198348935554,"adidas-supersleek-72-ivy-park-icy-park-w","adidas Super Sleek 72 Beyonce Ivy Park Icy Park (Women's)",952
2026-07-16T15:52:49.147Z,gid://shopify/Product/15201446855042,"stanley-flowstate-quencher-30oz-tumbler-camelia","Stanley Flowstate Quencher 30oz Tumbler Camelia",974
2026-07-16T15:52:49.147Z,gid://shopify/Product/15203329147266,"under-armour-curry-11-champions-mindset","Under Armour Curry 11 Champions Mindset",1025
2026-07-16T15:52:49.147Z,gid://shopify/Product/15203331047810,"vans-old-skool-36-lx-souvenir-burgundy","Vans Old Skool 36 LX Souvenir Burgundy",925
2026-07-16T15:52:49.147Z,gid://shopify/Product/15203332456834,"virgil-abloh-x-nike-the-ten-book","Virgil Abloh x Nike ICONS ""The Ten"" Something's Off Book",881
2026-07-16T15:52:49.148Z,gid://shopify/Product/15203335209346,"yeezy-gap-engineered-by-balenciaga-dove-l-s-tee-dark-grey","Yeezy Gap Engineered by Balenciaga Dove L/S Tee Dark Grey",961
2026-07-16T15:52:49.148Z,gid://shopify/Product/15203342254466,"youngla-x-superman-compression-tee-charcoal","YoungLA x Superman Compression Tee Charcoal",907
2026-07-16T15:52:49.148Z,gid://shopify/Product/15209173451138,"nike-zoom-kobe-5-protro-kay-yow","Nike Zoom Kobe 5 Protro Kay Yow",1313
2026-07-16T15:52:49.148Z,gid://shopify/Product/15212186009986,"adidas-superstar-clot-white-crystal-sand","adidas Superstar CLOT By Edison Chen White Crystal Sand",946
2026-07-16T15:52:49.148Z,gid://shopify/Product/15213058523522,"swatch-x-omega-bioceramic-moonswatch-mission-to-neptune-so33n100-blue","Swatch x Omega Bioceramic Moonswatch Mission to Neptune SO33N100",550
2026-07-16T15:52:49.148Z,gid://shopify/Product/15213058916738,"swatch-x-omega-bioceramic-moonswatch-mission-to-the-super-blue-moonphase-so33n700-silver","Swatch x Omega Bioceramic Moonswatch Mission to the Super Blue Moonphase SO33N700",1398
2026-07-16T15:52:49.148Z,gid://shopify/Product/15213059277186,"swatch-x-omega-bioceramic-moonswatch-mission-to-earth-so33g100-navy","Swatch x Omega Bioceramic Moonswatch Mission to Earth SO33G100",821
2026-07-16T15:52:49.148Z,gid://shopify/Product/15213059637634,"swatch-x-omega-bioceramic-moonswatch-mission-to-the-sun-so33j100-yellow","Swatch x Omega Bioceramic Moonswatch Mission to the Sun SO33J100",511
2026-07-16T15:52:49.148Z,gid://shopify/Product/15213121536386,"adidas-ultra-boost-dna-python","adidas Ultra Boost DNA Python",1184
2026-07-16T15:52:49.148Z,gid://shopify/Product/15219317637506,"fear-of-god-essentials-sweatpant-fw23-dark-heather-oatmeal","Fear of God Essentials Sweatpant (FW23) Dark Heather Oatmeal",863
2026-07-16T15:52:49.148Z,gid://shopify/Product/15219317834114,"fear-of-god-essentials-sweatpant-ink","Fear of God Essentials Sweatpant Ink",760
2026-07-16T15:52:49.148Z,gid://shopify/Product/15219318030722,"fear-of-god-essentials-core-collection-sweatpants-ss24-heather-grey","Fear of God Essentials Core Collection Sweatpants (SS24) Heather Grey",1209
2026-07-16T15:52:49.148Z,gid://shopify/Product/15219318292866,"fear-of-god-essentials-heavy-fleece-lounge-sweatpant-vintage-black","Fear of God Essentials Heavy Fleece Lounge Sweatpant Vintage Black",968
2026-07-16T15:52:49.149Z,gid://shopify/Product/15219318555010,"fear-of-god-essentials-heavy-fleece-flare-sweatpant-vintage-black","Fear of God Essentials Heavy Fleece Flare Sweatpant Vintage Black",905
2026-07-16T15:52:49.149Z,gid://shopify/Product/15219318849922,"fear-of-god-essentials-heavy-fleece-lounge-sweatpant-smoke-grey","Fear of God Essentials Heavy Fleece Lounge Sweatpant Smoke Grey",988
2026-07-16T15:52:49.149Z,gid://shopify/Product/15219319112066,"fear-of-god-essentials-fleece-essential-sweatpant-crimson","Fear of God Essentials Fleece Essential Sweatpant Crimson",946
2026-07-16T15:52:49.149Z,gid://shopify/Product/15219320095106,"fear-of-god-essentials-nba-sweatshorts-ss25-black","Fear of God Essentials NBA Sweatshorts (SS25) Black",1206
2026-07-16T15:52:49.149Z,gid://shopify/Product/15219384222082,"new-balance-1906r-white-metallic-gold-gs","New Balance 1906R White Metallic Gold (GS)",1072
2026-07-16T15:52:49.149Z,gid://shopify/Product/15219384680834,"new-balance-327-grey","New Balance 327 Grey",775
2026-07-16T15:52:49.149Z,gid://shopify/Product/15219385139586,"new-balance-990v2-miusa-teddy-santis-sea-salt","New Balance 990v2 MiUSA Teddy Santis Sea Salt",851
2026-07-16T15:52:49.149Z,gid://shopify/Product/15219385598338,"nike-air-max-95-og-big-bubble-blue-tint-womens","Nike Air Max 95 OG Big Bubble Blue Tint (Women's)",1090
2026-07-16T15:52:49.149Z,gid://shopify/Product/15219385827714,"crocs-classic-clog-marvel-spider-man-neo","Crocs Classic Clog Marvel Spider-Man Neo",882
2026-07-16T15:52:49.149Z,gid://shopify/Product/15219386057090,"air-jordan-4-retro-rare-air-gold-lettering","Jordan 4 Retro Rare Air (Gold Lettering)",1758
2026-07-16T15:52:49.149Z,gid://shopify/Product/15219386253698,"nike-air-force-1-low-retro-houseflies","Nike Air Force 1 Low Retro Houseflies",1270
2026-07-16T15:52:49.149Z,gid://shopify/Product/15219386483074,"nike-aone-pink-aura-womens","Nike A'ja Wilson A'One Pink A'ura (Women's)",1445
2026-07-16T15:52:49.149Z,gid://shopify/Product/15219386745218,"air-jordan-12-retro-french-blue-2025-gs","Jordan 12 Retro French Blue (2025) (GS)",1731
2026-07-16T15:52:49.149Z,gid://shopify/Product/15222055240066,"air-jordan-1-low-aluminum-w","Jordan 1 Low White Aluminum (Women's)",941
2026-07-16T15:52:49.150Z,gid://shopify/Product/15222055469442,"nike-zegamadome-sp-sacai-matte-silver-yellow","Nike Zegamadome SP sacai Matte Silver Yellow",1483
2026-07-16T15:52:49.150Z,gid://shopify/Product/15222055666050,"nike-air-diamond-turf-emerald","Nike Air Diamond Turf Emerald",1012
2026-07-16T15:52:49.150Z,gid://shopify/Product/15222055928194,"nike-air-max-plus-black-dusty-cactus","Nike Air Max Plus Black Dusty Cactus",1770
2026-07-16T15:52:49.150Z,gid://shopify/Product/15222056157570,"nike-air-max-95-og-big-bubble-pink-foam-womens","Nike Air Max 95 OG Big Bubble Pink Foam (Women's)",1579
2026-07-16T15:52:49.150Z,gid://shopify/Product/15222056354178,"new-balance-abzorb-2000-amine-biblioteca","New Balance Abzorb 2000 Aminé Biblioteca",1133
2026-07-16T15:52:49.150Z,gid://shopify/Product/15222056583554,"nike-air-vapormax-2023-flyknit-anthracite","Nike Air VaporMax 2023 Flyknit Anthracite",1111
2026-07-16T15:52:49.150Z,gid://shopify/Product/15222056911234,"supreme-all-dogs-go-to-heaven-tee-black","Supreme All Dogs Go To Heaven Tee Black",939
2026-07-16T15:52:49.150Z,gid://shopify/Product/15222057107842,"asics-gel-nyc-cream-cloud-grey-blue","ASICS Gel-NYC Cream Cloud Grey Blue",1313
2026-07-16T15:55:04.811Z,gid://shopify/Product/15222057337218,"nike-air-max-95-og-levis-black","Nike Air Max 95 OG Levis Black",1615
2026-07-16T15:55:04.815Z,gid://shopify/Product/15222057533826,"supreme-number-nine-mickey-raglan-l-s-top-black","Supreme Number (N)ine Mickey Raglan L/S Top Black",812
2026-07-16T15:55:04.815Z,gid://shopify/Product/15222503080322,"nike-air-max-90-light-bone-neutral-olive","Nike Air Max 90 Light Bone Neutral Olive",1383
2026-07-16T15:55:04.815Z,gid://shopify/Product/15222503375234,"anta-kai-2-triple-black","Anta Kai 2 Triple Black",993
2026-07-16T15:55:04.815Z,gid://shopify/Product/15222503604610,"supreme-satin-applique-sweatpant-fw25-black","Supreme Satin Appliqué Sweatpant (FW25) Black",912
2026-07-16T15:55:04.815Z,gid://shopify/Product/15222503932290,"air-jordan-3-retro-og-rare-air-gs","Jordan 3 Retro OG Rare Air (GS)",1357
2026-07-16T15:55:04.815Z,gid://shopify/Product/15222504161666,"nike-air-zoom-gt-cut-3-smoke-grey-hot-fuchsia","Nike Air Zoom GT Cut 3 Smoke Grey Hot Fuchsia",1188
2026-07-16T15:55:04.815Z,gid://shopify/Product/15222504817026,"nike-air-zoom-alphafly-next-3-bright-crimson-lime-blast-mint-foam-cave-purple","Nike Air Zoom Alphafly Next% 3 Bright Crimson Lime Blast Mint Foam Cave Purple",978
2026-07-16T15:55:04.815Z,gid://shopify/Product/15222505013634,"salomon-xt-mm-6-mm6-maison-margiela-black-silver","Salomon XT-MM-6 MM6 Maison Margiela Black Silver",1297
2026-07-16T15:55:04.815Z,gid://shopify/Product/15222505210242,"nike-p-6000-metallic-silver-summit-white-wolf-grey","Nike P-6000 Metallic Silver Summit White-Wolf Grey",1090
2026-07-16T15:55:04.815Z,gid://shopify/Product/15222505406850,"nike-vomero-plus-speckle-anthracite-dark-obsidian","Nike Vomero Plus Speckle Anthracite Dark Obsidian",1092
2026-07-16T15:55:04.816Z,gid://shopify/Product/15222505636226,"supreme-new-era-old-english-beanie-black","Supreme New Era Old English Beanie Black",951
2026-07-16T15:55:04.816Z,gid://shopify/Product/15222505832834,"nike-air-max-1-premium-cave-stone","Nike Air Max 1 Premium Cave Stone",1418
2026-07-16T15:55:04.816Z,gid://shopify/Product/15222506029442,"air-jordan-1-low-shattered-backboard-alternate","Jordan 1 Low Shattered Backboard Alternate",1126
2026-07-16T15:55:04.816Z,gid://shopify/Product/15222506226050,"nike-air-max-dn8-laser-fuchsia-black-womens","Nike Air Max Dn8 Laser Fuchsia Black (Women's)",1116
2026-07-16T15:55:04.816Z,gid://shopify/Product/15222506422658,"nike-air-rift-botanical-stitch-team-red-womens","Nike Air Rift Botanical Stitch Team Red (Women's)",1104
2026-07-16T15:55:04.816Z,gid://shopify/Product/15223795548546,"microsoft-rog-xbox-ally-x-1tb-6642253","Microsoft ROG Xbox Ally X 1TB 6642253 (US Plug)",974
2026-07-16T15:55:04.816Z,gid://shopify/Product/15223795745154,"air-jordan-3-retro-sp-nina-chanel-abney-bicoastal-womens","Jordan 3 Retro SP Nina Chanel Abney Bicoastal (Women's)",1253
2026-07-16T15:55:04.816Z,gid://shopify/Product/15223795974530,"nike-total-90-brazil-ronaldinho-2004-reissue-jersey-opti-yellow-apple-green","Nike Total 90 Brazil Ronaldinho 2004 Reissue Jersey Opti Yellow/Apple Green",1371
2026-07-16T15:55:04.816Z,gid://shopify/Product/15223796203906,"nike-air-max-90-sail-burgundy-crush","Nike Air Max 90 PRM Sail Burgundy Crush",1078
2026-07-16T15:55:04.816Z,gid://shopify/Product/15223796433282,"nike-air-max-90-tan-snakeskin","Nike Air Max 90 SE Tan Snakeskin (Women's)",1012
2026-07-16T15:55:04.816Z,gid://shopify/Product/15223796629890,"nike-air-zoom-gt-cut-3-washed-coral-dusty-cactus-metallic-silver-chalk","Nike Air Zoom GT Cut 3 Washed Coral Dusty Cactus Metallic Silver Chalk",1067
2026-07-16T15:55:04.816Z,gid://shopify/Product/15223797711234,"nike-air-max-270-gym-red-black","Nike Air Max 270 Gym Red Black",1013
2026-07-16T15:55:04.816Z,gid://shopify/Product/15223798628738,"supreme-satin-applique-hooded-sweatshirt-fw25-heather-grey","Supreme Satin Appliqué Hooded Sweatshirt (FW25) Heather Grey",1009
2026-07-16T15:55:04.816Z,gid://shopify/Product/15223798890882,"air-jordan-1-mid-new-love-2025","Jordan 1 Mid New Love (2025)",1425
2026-07-16T15:55:04.816Z,gid://shopify/Product/15223799218562,"adidas-superstar-wales-bonner-white-croc","adidas Superstar Wales Bonner White Croc",1361
2026-07-16T15:55:04.816Z,gid://shopify/Product/15223799415170,"pop-mart-labubu-the-monsters-pin-for-love-series-vinyl-plush-pendant-a-m-n-z-sealed-cases-set-28-blind-box","Pop Mart Labubu The Monsters Pin for Love Series Vinyl Plush Pendant (A-M) & (N-Z) Unsealed Cases Set (28 Blind Box)",1135
2026-07-16T15:55:04.816Z,gid://shopify/Product/15224601772418,"pokemon-tcg-25th-anniversary-collection-golden-box-traditional-chinese","Pokémon TCG 25th Anniversary Collection Golden Box (Traditional Chinese)",1118
2026-07-16T15:55:04.816Z,gid://shopify/Product/15224602001794,"supreme-breast-cancer-awareness-football-jersey-black","Supreme Breast Cancer Awareness Football Jersey Black",923
2026-07-16T15:55:04.816Z,gid://shopify/Product/15224602198402,"new-balance-bb-hesi-low-v2-cooper-flagg","New Balance BB Hesi Low v2 Cooper Flagg",1081
2026-07-16T15:55:04.816Z,gid://shopify/Product/15224602427778,"gymshark-onyx-50-seamless-t-shirt-black-onyx-grey","Gymshark Onyx 5.0 Seamless T-shirt Black/Light Grey",1122
2026-07-16T15:55:04.816Z,gid://shopify/Product/15224602624386,"pop-mart-labubu-the-monsters-big-into-energy-series-loyalty-vinyl-plush-pendant","Pop Mart Labubu The Monsters Big into Energy Series Loyalty Vinyl Plush Pendant",1127
2026-07-16T15:55:04.816Z,gid://shopify/Product/15224602886530,"pop-mart-x-bikini-bottom-buddies-plush-sealed-case-6-blind-box","Pop Mart x Bikini Bottom Buddies Plush Sealed Case (6 Blind Box)",1195
2026-07-16T15:55:04.816Z,gid://shopify/Product/15224603083138,"air-jordan-11-retro-black-barely-volt-ps","Jordan 11 Retro Black Barely Volt (PS)",1275
2026-07-16T15:55:04.816Z,gid://shopify/Product/15224603279746,"pop-mart-labubu-the-monsters-big-into-energy-series-serenity-vinyl-plush-pendant","Pop Mart Labubu The Monsters Big into Energy Series Serenity Vinyl Plush Pendant",1384
2026-07-16T15:55:04.816Z,gid://shopify/Product/15224603541890,"converse-shai-001-butter","Converse SHAI 001 Butter",1054
2026-07-16T15:55:04.817Z,gid://shopify/Product/15224603804034,"supreme-jordan-hooded-sweatshirt-fw24-black","Supreme Jordan Hooded Sweatshirt (FW24) Black",1011
2026-07-16T15:55:04.817Z,gid://shopify/Product/15224604066178,"new-balance-9060-sea-salt-castlerock","New Balance 9060 Sea Salt Castlerock",1664
2026-07-16T15:57:06.732Z,gid://shopify/Product/15224604295554,"bape-college-tee-black","BAPE College Tee Black",843
2026-07-16T15:57:06.741Z,gid://shopify/Product/15224604492162,"nike-free-run-50-black-off-noir","Nike Free Run 5.0 Black Off Noir",1419
2026-07-16T15:57:06.741Z,gid://shopify/Product/15224604688770,"nike-p-6000-white-elemental-pink-womens","Nike P-6000 White Elemental Pink (Women's)",1207
2026-07-16T15:57:06.741Z,gid://shopify/Product/15224604950914,"nike-go-flyease-triple-black-womens","Nike Go FlyEase Triple Black (Women's)",1044
2026-07-16T15:57:06.741Z,gid://shopify/Product/15224605180290,"nike-zoom-gt-cut-3-barely-volt","Nike Zoom GT Cut 3 Barely Volt",1242
2026-07-16T15:57:06.741Z,gid://shopify/Product/15225461801346,"nike-vaporwaffle-sacai-black-gum","Nike Vaporwaffle sacai Black Gum",889
2026-07-16T15:57:06.741Z,gid://shopify/Product/15225462030722,"salomon-xt-6-jjjjound-nautical-blue-lemon","Salomon XT-6 JJJJound Nautical Blue Lemon",1248
2026-07-16T15:57:06.741Z,gid://shopify/Product/15225462423938,"supreme-breast-cancer-awareness-football-jersey-green","Supreme Breast Cancer Awareness Football Jersey Green",1145
2026-07-16T15:57:06.741Z,gid://shopify/Product/15225462784386,"supreme-hanes-boxer-briefs-2-pack-heather-grey","Supreme Hanes Boxer Briefs (2 Pack) Heather Grey",1311
2026-07-16T15:57:06.741Z,gid://shopify/Product/15225463046530,"kaws-x-cactus-plant-flea-market-t-shirt-black","KAWS x Cactus Plant Flea Market T-shirt Black",829
2026-07-16T15:57:06.741Z,gid://shopify/Product/15225463275906,"supreme-sequin-football-jersey-black","Supreme Sequin Football Jersey Black",1055
2026-07-16T15:57:06.741Z,gid://shopify/Product/15225463603586,"pop-mart-labubu-the-monsters-pin-for-love-series-letter-pendant-n-z-sealed-case-14-blind-box","Pop Mart Labubu The Monsters Pin for Love Series Letter Pendant (N-Z) Sealed Case (14 Blind Box)",1343
2026-07-16T15:57:06.741Z,gid://shopify/Product/15225463832962,"crocs-classic-clog-black","Crocs Classic Clog Black",959
2026-07-16T15:57:06.741Z,gid://shopify/Product/15225464062338,"nike-p-6000-light-orewood-brown","Nike P-6000 Light Orewood Brown",1662
2026-07-16T15:57:06.741Z,gid://shopify/Product/15225464357250,"fc-barcelona-x-travis-scott-limited-edition-2024-25-jersey-blue-scarlet","FC Barcelona x Travis Scott Limited Edition Match Home 2024/25 Jersey Blue/Scarlet",1261
2026-07-16T15:57:06.741Z,gid://shopify/Product/15225464619394,"travis-scott-x-fc-barcelona-washed-spray-logo-tee-black","Travis Scott x FC Barcelona Washed Spray Logo Tee Black",1080
2026-07-16T15:57:06.741Z,gid://shopify/Product/15225464848770,"pop-mart-mega-space-molly-400-jon-burgerman-400","Pop Mart Mega Space Molly 400% Jon Burgerman 400%",1096
2026-07-16T15:57:06.741Z,gid://shopify/Product/15225465274754,"new-balance-740v2-cyber-jade","New Balance 740v2 Cyber Jade",1366
2026-07-16T15:57:06.741Z,gid://shopify/Product/15225465635202,"crocs-classic-clog-mater","Crocs Classic Clog Mater",1046
2026-07-16T15:57:06.741Z,gid://shopify/Product/15227718926722,"pop-mart-the-monsters-labubu-forest-fairy-tale-series-vinyl-plush-hanging-card","Pop Mart The Monsters Labubu Forest Fairy Tale Series Vinyl Plush Hanging Card",1389
2026-07-16T15:57:06.742Z,gid://shopify/Product/15227719287170,"puma-speedcat-ttf-dark-chocolate-frosted-ivory","Puma Speedcat TTF Dark Chocolate Frosted Ivory",1154
2026-07-16T15:57:06.742Z,gid://shopify/Product/15227719844226,"converse-chuck-70-low-isabel-marant-vanilla-ice-red","Converse Chuck 70 Low Isabel Marant Vanilla Ice Red",1148
2026-07-16T15:57:06.742Z,gid://shopify/Product/15227720401282,"pop-mart-mega-royal-molly-childishness-400","Pop Mart MEGA Royal Molly Childishness 400%",1059
2026-07-16T15:57:06.742Z,gid://shopify/Product/15227720860034,"anti-social-social-club-self-conclusion-hoodie-pink","Anti Social Social Club Self Conclusion Hoodie Pink",1115
2026-07-16T15:57:06.742Z,gid://shopify/Product/15227721286018,"crocs-pollex-clog-by-salehe-bembury-niagara","Crocs Pollex Clog by Salehe Bembury Niagara",1492
2026-07-16T15:57:06.742Z,gid://shopify/Product/15227721777538,"nike-kobe-8-protro-mambacita-gs","Nike Kobe 8 Protro Mambacita (GS)",1345
2026-07-16T15:57:06.742Z,gid://shopify/Product/15227722137986,"bape-1st-camo-shark-full-zip-hoodie-fw18-green","BAPE 1st Camo Shark Full Zip Hoodie Green",1214
2026-07-16T15:57:06.742Z,gid://shopify/Product/15227722531202,"supreme-playboi-carti-tee-red","Supreme Playboi Carti Tee Red",1251
2026-07-16T15:57:06.742Z,gid://shopify/Product/15227722826114,"miniso-disney-mickey-head-in-clouds-vinyl-plush-pendant-sealed-case-6-blind-box","Miniso Disney Mickey Head In Clouds Vinyl Plush Pendant Sealed Case (6 Blind Box)",1330
2026-07-16T15:57:06.742Z,gid://shopify/Product/15227723186562,"common-projects-original-achilles-black","Common Projects Original Achilles Black",1333
2026-07-16T15:57:06.742Z,gid://shopify/Product/15227723776386,"reebok-club-c-85-chalk-alabaster-maroon","Reebok Club C 85 Chalk Alabaster Maroon",1434
2026-07-16T15:57:06.742Z,gid://shopify/Product/15227724136834,"pop-mart-skullpanda-you-found-me-series-chomp-plush-doll-pendant","Pop Mart SKULLPANDA You Found Me! Series Chomp Plush Doll Pendant",1062
2026-07-16T15:57:06.742Z,gid://shopify/Product/15227724759426,"nike-dunk-low-championship-court-purple","Nike Dunk Low Championship Court Purple",801
2026-07-16T15:57:06.742Z,gid://shopify/Product/15227725119874,"nike-dunk-low-tweed-midnight-navy-corduroy","Nike Dunk Low Tweed Midnight Navy Corduroy",1686
2026-07-16T15:57:06.742Z,gid://shopify/Product/15227725611394,"converse-chuck-taylor-all-star-70-hi-comme-des-garcons-play-multi-heart-milk","Converse Chuck Taylor All Star 70 Hi Comme des Garcons PLAY Multi-Heart Milk",1404
2026-07-16T15:57:06.742Z,gid://shopify/Product/15229814014338,"fear-of-god-essentials-hoodie-core-heather","Fear of God Essentials Hoodie Core Heather",865
2026-07-16T15:57:06.742Z,gid://shopify/Product/15229814276482,"adidas-predator-elite-foldover-tongue-fg-core-black-carbon-gold-metallic","adidas Predator Elite Foldover Tongue FG Core Black Carbon Gold Metallic",1375
2026-07-16T15:57:06.742Z,gid://shopify/Product/15229814604162,"nike-air-max-muse-veneda-carter-white-hyper-pink-womens","Nike Air Max Muse Veneda Carter White Hyper Pink (Women's)",1500
2026-07-16T15:57:06.742Z,gid://shopify/Product/15229814866306,"li-ning-way-of-wade-10-low-cherry-blossom","Li-Ning Way of Wade 10 Low Cherry Blossom",1332
2026-07-16T15:57:06.742Z,gid://shopify/Product/15229815095682,"nike-astro-grabber-sp-bode-black-coconut-milk","Nike Astro Grabber SP Bode Black Coconut Milk",1406
2026-07-16T16:16:22.802Z,gid://shopify/Product/15223799644546,"fear-of-god-essentials-hoodie-gold-heather","Fear of God Essentials Hoodie Gold Heather",853
2026-07-16T16:16:22.805Z,gid://shopify/Product/15223799841154,"nike-air-max-uptempo-95-white-photo-blue-black","Nike Air Max Uptempo 95 White Photo Blue Black",1041
2026-07-16T16:16:22.805Z,gid://shopify/Product/15229816471938,"new-balance-990v6-miusa-community-navy","New Balance 990v6 MiUSA Community Navy",1002
2026-07-16T16:16:22.805Z,gid://shopify/Product/15229817815426,"nike-phantom-gx-2-elite-fg-mad-energy-pack","Nike Phantom GX 2 Elite FG Mad Energy Pack",784
2026-07-16T16:16:22.805Z,gid://shopify/Product/15229819224450,"nike-air-max-90-futura-cow-print-womens","Nike Air Max 90 Futura Cow Print (Women's)",1207
2026-07-16T16:16:22.805Z,gid://shopify/Product/15229820502402,"pokemon-mega-evolution-mega-lucario-mega-gardevoir-pokemon-center-elite-trainer-box-2x-lot","Pokémon Mega Evolution Mega Lucario & Mega Gardevoir (Pokemon Center) Elite Trainer Box 2x Lot",978
2026-07-16T16:16:22.805Z,gid://shopify/Product/15229821944194,"nike-lebron-22-immortalized-pack","Nike LeBron 22 Immortalized Pack",805
2026-07-16T16:16:22.805Z,gid://shopify/Product/15229823811970,"supreme-kate-moss-hooded-sweatshirt-olive","Supreme Kate Moss Hooded Sweatshirt Light Olive",872
2026-07-16T16:16:22.805Z,gid://shopify/Product/15229826007426,"new-balance-9060-x-black-cement","New Balance 9060 X Black Cement",924
2026-07-16T16:16:22.805Z,gid://shopify/Product/15229827645826,"nike-air-force-1-low-realtree-black-camo","Nike Air Force 1 Low Realtree Black Camo",986
2026-07-16T16:16:22.805Z,gid://shopify/Product/15230946705794,"nike-kobe-6-dodgers-gs","Nike Kobe 6 Dodgers (GS)",1015
2026-07-16T16:16:22.805Z,gid://shopify/Product/15230946967938,"nike-dunk-low-harris-tweed-sesame-womens","Nike Dunk Low Harris Tweed Sesame (Women's)",1033
2026-07-16T16:16:22.805Z,gid://shopify/Product/15230947164546,"air-jordan-1-retro-high-light-madder-root-womens","Jordan 1 Retro High OG Light Madder Root (Women's)",1027
2026-07-16T16:16:22.805Z,gid://shopify/Product/15230947426690,"air-jordan-11-retro-low-igloo-womens","Jordan 11 Retro Low Igloo (Women's)",1463
2026-07-16T16:16:22.805Z,gid://shopify/Product/15230947623298,"nike-sb-dunk-low-red-stardust","Nike SB Dunk Low Red Stardust",1082
2026-07-16T16:16:22.805Z,gid://shopify/Product/15230947852674,"pop-mart-skullpanda-you-found-me-series-darkness-plush-doll-pendant","Pop Mart SKULLPANDA You Found Me! Series Darkness Plush Doll Pendant",1021
2026-07-16T16:16:22.805Z,gid://shopify/Product/15230948409730,"nike-air-force-1-low-supreme-goodenough","Nike Air Force 1 Low Supreme GOODENOUGH",1549
2026-07-16T16:16:22.805Z,gid://shopify/Product/15230948671874,"nike-dunk-low-what-the-duck-home-university-of-oregon-pe","Nike Dunk Low What the Duck Home University of Oregon PE",1255
2026-07-16T16:16:22.805Z,gid://shopify/Product/15230948868482,"nike-kd-15-photon-dust-teal","Nike KD 15 Photon Dust Teal",1105
2026-07-16T16:16:22.805Z,gid://shopify/Product/15230949065090,"stussy-8-ball-pigment-dyed-tee-black","Stussy 8 Ball Pigment Dyed Tee Black",966
2026-07-16T16:16:22.805Z,gid://shopify/Product/15231560941954,"sprayground-pink-panther-diamond-bite-backpack-multicolor","Sprayground Pink Panther Diamond Bite Backpack Multicolor",929
2026-07-16T16:16:22.805Z,gid://shopify/Product/15231561236866,"nike-air-max-1-87-velvet-brown-womens","Nike Air Max 1 '87 Velvet Brown (Women's)",1318
2026-07-16T16:16:22.805Z,gid://shopify/Product/15231561466242,"supreme-yarn-applique-beanie-brown","Supreme Yarn Applique Beanie Brown",924
2026-07-16T16:16:22.805Z,gid://shopify/Product/15231561793922,"alexander-mcqueen-oversized-ivory-black","Alexander McQueen Oversized White Black (Women's)",1072
2026-07-16T16:16:22.805Z,gid://shopify/Product/15231561990530,"nike-kd-18-eybl","Nike KD 18 EYBL",1116
2026-07-16T16:16:22.805Z,gid://shopify/Product/15231562187138,"adidas-ultra-boost-10-dna-triple-white","adidas Ultra Boost 1.0 DNA Triple White (Women's)",1462
2026-07-16T16:16:22.805Z,gid://shopify/Product/15231562383746,"nike-dunk-low-next-nature-viintage-green-womens","Nike Dunk Low Next Nature Viintage Green (Women's)",1171
2026-07-16T16:16:22.805Z,gid://shopify/Product/15231562678658,"sprayground-ready-to-rip-dlxsv-backpack-multicolor","Sprayground Ready To Rip DLXSV Backpack Multicolor",956
2026-07-16T16:16:22.805Z,gid://shopify/Product/15231562875266,"stanley-the-halloween-quencher-h20-flowstate-40oz-tumbler-deadly-damask","Stanley The Halloween Quencher H2.0 FlowState 40oz Tumbler Deadly Damask",912
2026-07-16T16:16:22.806Z,gid://shopify/Product/15231563071874,"supreme-new-era-box-logo-beanie-fw24-pink","Supreme New Era Box Logo Beanie (FW24) Dusty Pink",977
2026-07-16T16:16:22.806Z,gid://shopify/Product/15231563268482,"nike-air-max-1-sofvi-womens","Nike Air Max 1 Sofvi (Women's)",1211
2026-07-16T16:16:22.806Z,gid://shopify/Product/15231563497858,"nike-blazer-low-77-jumbo-white-black-sail-w","Nike Blazer Low 77 Jumbo White Black Sail (Women's)",1053
2026-07-16T16:16:22.806Z,gid://shopify/Product/15231563760002,"supreme-new-era-box-logo-beanie-fw23-white","Supreme New Era Box Logo Beanie (FW23) White",1069
2026-07-16T16:16:22.806Z,gid://shopify/Product/15233112834434,"supreme-intarsia-s-s-top-ss25-black","Supreme Intarsia S/S Top (SS25) Black",1105
2026-07-16T16:16:22.806Z,gid://shopify/Product/15233113096578,"air-jordan-12-retro-white-dark-grey","Jordan 12 Retro White Dark Grey",1030
2026-07-16T16:16:22.806Z,gid://shopify/Product/15233113325954,"pop-mart-why-so-serious-series-labubu-moonlit-mask-secret-edition-vinyl-plush-pendant","Pop Mart WHY SO SERIOUS Series Labubu Moonlit Mask Secret Edition Vinyl Plush Pendant",1179
2026-07-16T16:16:22.806Z,gid://shopify/Product/15233113653634,"nike-kobe-8-university-red-gs","Nike Kobe 8 University Red (GS)",1234
2026-07-16T16:16:22.806Z,gid://shopify/Product/15233113883010,"pokemon-mega-evolution-base-set-booster-box-36-boosters","Pokémon Mega Evolution - Base Set Booster Box (36 Boosters)",1078
2026-07-16T16:16:22.806Z,gid://shopify/Product/15233114177922,"nike-air-max-1-essential-light-bone-psychic-blue","Nike Air Max 1 Essential Light Bone/Psychic Blue",1314
2026-07-16T16:16:22.806Z,gid://shopify/Product/15233114407298,"nike-hoops-elite-pro-basketball-backpack-black","Nike Hoops Elite Pro Basketball Backpack Black",970
2026-07-16T16:18:33.064Z,gid://shopify/Product/15233114669442,"fear-of-god-essentials-sweatshort-plum","Fear of God Essentials Sweatshort Plum",1020
2026-07-16T16:18:33.069Z,gid://shopify/Product/15233114931586,"nike-alpha-elite-batting-gloves-blue","Nike Kobe Baseball Alpha Elite Batting Gloves Blue",885
2026-07-16T16:18:33.070Z,gid://shopify/Product/15233115193730,"fear-of-god-essentials-mariners-sport-hoodie-midnight-navy","Fear of God Essentials Mariners Sport Hoodie Midnight Navy",1001
2026-07-16T16:18:33.070Z,gid://shopify/Product/15233115390338,"nike-zoom-fly-6-eliud-kipchoge-its-just-the-start","Nike Zoom Fly 6 Eliud Kipchoge It's Just The Start",1150
2026-07-16T16:18:33.070Z,gid://shopify/Product/15233115619714,"nike-air-zoom-alphafly-next-3-premium-ekiden-pack","Nike Air Zoom Alphafly Next% 3 Premium Ekiden Pack",1149
2026-07-16T16:18:33.070Z,gid://shopify/Product/15233115849090,"supreme-new-era-box-logo-beanie-fw23-heather-grey","Supreme New Era Box Logo Beanie (FW23) Heather Grey",1019
2026-07-16T16:18:33.070Z,gid://shopify/Product/15233116242306,"fear-of-god-essentials-core-collection-hoodie-heather-grey","Fear of God Essentials Core Collection Hoodie Heather Grey",1074
2026-07-16T16:18:33.070Z,gid://shopify/Product/15233116602754,"pokemon-tcg-sword-shield-lost-origin-elite-trainer-box","Pokémon TCG Sword & Shield Lost Origin Elite Trainer Box",1124
2026-07-16T16:18:33.070Z,gid://shopify/Product/15233116930434,"bandai-one-piece-emperors-in-the-new-world-hobby-box-op-09","Bandai One Piece Emperors In The New World Hobby Box (OP-09)",1067
2026-07-16T16:18:33.070Z,gid://shopify/Product/15233117454722,"nike-kobe-8-protro-college-navy-gs","Nike Kobe 8 Protro College Navy (GS)",968
2026-07-16T16:18:33.070Z,gid://shopify/Product/15233115849090,"supreme-new-era-box-logo-beanie-fw23-heather-grey","Supreme New Era Box Logo Beanie (FW23) Heather Grey",898
2026-07-16T16:18:33.070Z,gid://shopify/Product/15233986134402,"pokemon-charizard-ex-special-collection-box","Pokémon Charizard Ex Special Collection Box",971
2026-07-16T16:18:33.070Z,gid://shopify/Product/15233987051906,"nike-hoops-elite-backpack-32l-black-anthracite-stadium-green","Nike Hoops Elite Backpack (32L) Black/Anthracite/Stadium Green",991
2026-07-16T16:18:33.070Z,gid://shopify/Product/15233987838338,"nike-phantom-6-low-elite-fg-fear-nothing-pack","Nike Phantom 6 Low Elite FG Fear Nothing Pack",1003
2026-07-16T16:18:33.070Z,gid://shopify/Product/15233989083522,"adidas-predator-elite-foldover-tongue-fg-road-to-glory-pack","adidas Predator Elite Foldover Tongue FG Road to Glory Pack",1171
2026-07-16T16:18:33.070Z,gid://shopify/Product/15233990590850,"ovo-x-new-era-mlb-toronto-blue-jays-varsity-jacket-blue","OVO x New Era MLB Toronto Blue Jays Varsity Jacket Blue",915
2026-07-16T16:18:33.071Z,gid://shopify/Product/15233991508354,"nike-air-zoom-alphafly-next-2-ekiden-scream-green","Nike Air Zoom Alphafly Next% 2 Ekiden Scream Green",1306
2026-07-16T16:18:33.071Z,gid://shopify/Product/15233991967106,"nike-air-force-1-low-retro-easter-basket","Nike Air Force 1 Low Retro Easter Basket",1113
2026-07-16T16:18:33.071Z,gid://shopify/Product/15233992622466,"nike-reactx-rejuven8-glacier-blue-gs","Nike ReactX Rejuven8 Glacier Blue (GS)",1250
2026-07-16T16:18:33.071Z,gid://shopify/Product/15233992950146,"nike-kyrie-8-eagle","Nike Kyrie 8 Eagle",1307
2026-07-16T16:18:33.071Z,gid://shopify/Product/15233993507202,"eric-emanuel-ee-basic-short-los-angeles-lakers","Eric Emanuel EE Basic Short Los Angeles Lakers",1073
2026-07-16T16:18:33.071Z,gid://shopify/Product/15233993933186,"nike-everyday-plus-cushioned-crew-socks-6-pairs-black","Nike Everyday Plus Cushioned Crew Socks (6 Pairs) Black",952
2026-07-16T16:18:33.071Z,gid://shopify/Product/15233994391938,"air-jordan-3-retro-white-red-stardust-gs","Jordan 3 Retro Vintage Floral (GS)",1208
2026-07-16T16:18:33.071Z,gid://shopify/Product/15233995145602,"nike-x-nocta-nrg-tech-fleece-open-hem-pants-citron-tint-vivid-sulfur","Nike x NOCTA NRG Tech Fleece Open Hem Pants Citron Tint/Vivid Sulfur",1252
2026-07-16T16:18:33.071Z,gid://shopify/Product/15233995866498,"nike-hoops-elite-basketball-backpack-32l-blue-void-black-black","Nike Hoops Elite Basketball Backpack (32L) Blue Void/Black/Black",1015
2026-07-16T16:18:33.071Z,gid://shopify/Product/15233997832578,"nike-air-max-1-essential-soft-pearl-smokey-blue","Nike Air Max 1 Essential Soft Pearl Smokey Blue",1169
2026-07-16T16:18:33.071Z,gid://shopify/Product/15238633095554,"nike-nba-los-angeles-lakers-2020-lebron-james-classic-edition-swingman-jersey-rush-blue","Nike NBA Los Angeles Lakers 2020 Lebron James Classic Edition Swingman Jersey Rush Blue",991
2026-07-16T16:18:33.071Z,gid://shopify/Product/15238633980290,"pokemon-scarlet-violet-prismatic-evolutions-surprise-box","Pokémon Scarlet & Violet Prismatic Evolutions Surprise Box",975
2026-07-16T16:18:33.071Z,gid://shopify/Product/15238635127170,"crocs-classic-clog-elf","Crocs Classic Clog Elf",1106
2026-07-16T16:18:33.072Z,gid://shopify/Product/15238636798338,"nike-tiempo-legend-10-elite-fg-soar-white","Nike Tiempo Legend 10 Elite FG Soar White",1477
2026-07-16T16:18:33.072Z,gid://shopify/Product/15238638109058,"supreme-aoi-embroidered-camp-cap-red","Supreme AOI Embroidered Camp Cap Red",849
2026-07-16T16:18:33.072Z,gid://shopify/Product/15238639288706,"air-jordan-8-paprika-gs","Jordan 8 Paprika (GS)",1187
2026-07-16T16:18:33.072Z,gid://shopify/Product/15238640337282,"eric-emanuel-ee-basic-short-black-black","Eric Emanuel EE Basic Short Black/Black",993
2026-07-16T16:18:33.072Z,gid://shopify/Product/15238641648002,"nike-kobe-8-protro-halo-ps","Nike Kobe 8 Protro Halo (PS)",1018
2026-07-16T16:18:33.072Z,gid://shopify/Product/15238643024258,"air-jordan-14-retro-ferrari-2025-gs","Jordan 14 Retro Ferrari (2025) (GS)",1720
2026-07-16T16:18:33.072Z,gid://shopify/Product/15238644302210,"nike-air-foamposite-pro-pine-green-2025","Nike Air Foamposite Pro Pine Green (2025)",1129
2026-07-16T16:18:33.072Z,gid://shopify/Product/15238645186946,"air-jordan-14-retro-bred","Jordan 14 Retro Black White",1523
2026-07-16T16:18:33.072Z,gid://shopify/Product/15238647316866,"gymshark-onyx-midnight-50-seamless-t-shirt-black-black","Gymshark Onyx Midnight 5.0 Seamless T-shirt Black/Black",1066
2026-07-16T16:18:33.072Z,gid://shopify/Product/15238648365442,"nike-air-force-1-low-jason-voorhees","Nike Air Force 1 Low Jason Voorhees",1323
2026-07-16T16:20:31.796Z,gid://shopify/Product/15240943862146,"air-jordan-14-retro-flint-grey","Jordan 14 Retro Flint Grey",1026
2026-07-16T16:20:31.801Z,gid://shopify/Product/15240944714114,"nike-lebron-23-40k-gold","Nike LeBron 23 40K Gold",908
2026-07-16T16:20:31.801Z,gid://shopify/Product/15240945205634,"nike-total-90-3-white-gym-red","Nike Total 90 3 White Gym Red",891
2026-07-16T16:20:31.801Z,gid://shopify/Product/15240945598850,"nike-lebron-21-multi-color-gs","Nike LeBron 21 Optimism (GS)",959
2026-07-16T16:20:31.801Z,gid://shopify/Product/15240945893762,"air-jordan-1-mid-se-black-metallic-silver-sail-metallic-gold-gs","Jordan 1 Mid SE Black Metallic Silver Sail Metallic Gold (GS)",1055
2026-07-16T16:20:31.801Z,gid://shopify/Product/15240946385282,"nike-air-max-90-wolf-grey-hyper-pink","Nike Air Max 90 Wolf Grey Hyper Pink",1075
2026-07-16T16:20:31.801Z,gid://shopify/Product/15240946745730,"asics-gel-nimbus-101-vandy-the-pink-x-atmos-banana-split-banana","ASICS Gel-Nimbus 10.1 Vandy The Pink x atmos Banana Split Banana",1122
2026-07-16T16:20:31.801Z,gid://shopify/Product/15240947335554,"air-jordan-5-retro-grape-2025-ps","Jordan 5 Retro Grape (2025) (PS)",1015
2026-07-16T16:20:31.801Z,gid://shopify/Product/15240947663234,"air-jordan-1-low-hemp-white","Jordan 1 Low Gum White",1113
2026-07-16T16:20:31.801Z,gid://shopify/Product/15240947990914,"air-jordan-2-retro-union-rattan","Jordan 2 Retro SP Union Rattan",1032
2026-07-16T16:20:31.801Z,gid://shopify/Product/15240948384130,"air-jordan-7-retro-white-infrared","Jordan 7 Retro White Infrared",977
2026-07-16T16:20:31.801Z,gid://shopify/Product/15240948744578,"air-jordan-13-retro-starfish","Jordan 13 Retro Starfish",1047
2026-07-16T16:20:31.801Z,gid://shopify/Product/15241902588290,"air-jordan-1-retro-low-swooshless-black-2025","Jordan 1 Retro Low Swooshless Black (2025)",1048
2026-07-16T16:20:31.801Z,gid://shopify/Product/15241903047042,"new-balance-574-legacy-stone-island-steel-blue","New Balance 574 Legacy Stone Island",962
2026-07-16T16:20:31.801Z,gid://shopify/Product/15241903374722,"nike-air-max-1-premium-white-snakeskin","Nike Air Max 1 Premium White Snakeskin",1104
2026-07-16T16:20:31.801Z,gid://shopify/Product/15241903767938,"adidas-x-oasis-tour-3-stripes-longsleeve-tee-black","adidas x Oasis Tour 3-Stripes Longsleeve Tee Black",865
2026-07-16T16:20:31.801Z,gid://shopify/Product/15241904062850,"air-jordan-tatum-3-pink","Jordan Tatum 3 Pink",1018
2026-07-16T16:20:31.801Z,gid://shopify/Product/15241904521602,"air-jordan-39-lumiere","Jordan 39 Lumiere",1083
2026-07-16T16:20:31.801Z,gid://shopify/Product/15241905144194,"air-jordan-3-retro-katrina","Jordan 3 Retro Hall of Fame",989
2026-07-16T16:20:31.801Z,gid://shopify/Product/15241905996162,"onitsuka-tiger-runspark-beige-olive-green-mustard-yellow","Onitsuka Tiger Runspark Beige Olive Green Mustard Yellow",1006
2026-07-16T16:20:31.801Z,gid://shopify/Product/15241906717058,"pop-mart-why-so-serious-series-twinkle-twinkle-rainbow-jelly-bean-vinyl-plush-pendant","Pop Mart WHY SO SERIOUS Series Twinkle Twinkle Rainbow Jelly Bean Vinyl Plush Pendant",963
2026-07-16T16:20:31.801Z,gid://shopify/Product/15241907175810,"asics-gel-kayano-14-birch-pure-silver-teal-gold","ASICS Gel-Kayano 14 Birch Pure Silver Teal Gold",1058
2026-07-16T16:20:31.801Z,gid://shopify/Product/15241907569026,"nike-lebron-22-moonlight","Nike LeBron 22 Moonlight (Translucent Outsole)",962
2026-07-16T16:20:31.801Z,gid://shopify/Product/15243818926466,"nike-air-max-plus-triple-black-leather","Nike Air Max Plus Triple Black Leather",1120
2026-07-16T16:20:31.801Z,gid://shopify/Product/15243819123074,"nike-air-force-1-low-07-orange-white-patent","Nike Air Force 1 Low '07 Orange White Patent",1143
2026-07-16T16:20:31.801Z,gid://shopify/Product/15243819483522,"nike-lebron-22-blacklight","Nike LeBron 22 Blacklight",985
2026-07-16T16:20:31.802Z,gid://shopify/Product/15243820204418,"nike-air-max-90-premium-skunk","Nike Air Max 90 Premium Skunk",1095
2026-07-16T16:20:31.802Z,gid://shopify/Product/15243820466562,"nike-vomero-plus-orange-pulse","Nike Vomero Plus Orange Pulse",1048
2026-07-16T16:20:31.802Z,gid://shopify/Product/15243820761474,"nike-vomero-plus-run","Nike Vomero Plus Run",1052
2026-07-16T16:20:31.802Z,gid://shopify/Product/15243821252994,"supreme-dickies-quilted-lined-zip-up-hooded-sweatshirt-fw25-black","Supreme Dickies Quilted Lined Zip Up Hooded Sweatshirt (FW25) Black",990
2026-07-16T16:20:31.802Z,gid://shopify/Product/15243821744514,"dr-martens-1460-drkshdw-quad-sole-steel-toe-boot-rick-owens-black","Dr. Martens 1460 DRKSHDW Quad Sole Steel Toe Boot Rick Owens Black",939
2026-07-16T16:20:31.802Z,gid://shopify/Product/15243822498178,"reebok-answer-5-bbc-ice-cream","Reebok Answer 5 BBC Ice Cream",947
2026-07-16T16:20:31.802Z,gid://shopify/Product/15243823743362,"stanley-dia-de-muertos-quencher-h20-flowstate-40oz-tumbler-sunrise-catrina","Stanley Dia de Muertos Quencher H2.0 FlowState 30oz Tumbler Sunrise Catrina",1025
2026-07-16T16:20:31.802Z,gid://shopify/Product/15245572604290,"nike-air-max-goadome-deep-burgundy-suede","Nike Air Max Goadome Deep Burgundy Suede",1025
2026-07-16T16:20:31.802Z,gid://shopify/Product/15245573030274,"adidas-ctt-chinese-year-of-the-snake-neutral-jacket-jacket-asia-sizing-miracle-bauxite-brown","adidas CTT Chinese Year of the Snake Track Top 3.1 Gender Neutral Jacket Jacket (Asia Sizing) Miracle Bauxite Brown",969
2026-07-16T16:20:31.802Z,gid://shopify/Product/15245574635906,"stanley-flowstate-quencher-40oz-tumbler-pumpkin-spice","Stanley Flowstate Quencher 40oz Tumbler Pumpkin Spice",925
2026-07-16T16:20:31.802Z,gid://shopify/Product/15245575258498,"stanley-mesa-rose-collection-flowstate-quencher-40oz-tumbler-polished-rose-gold","Stanley Mesa Rose Collection Flowstate Quencher 40oz Tumbler Polished Rose Gold",1005
2026-07-16T16:20:31.802Z,gid://shopify/Product/15245576307074,"supreme-lee-quinones-lee-logo-skateboard-red","Supreme Lee Quinones Lee Logo Skateboard Deck Red",924
2026-07-16T16:20:31.802Z,gid://shopify/Product/15245576962434,"stanley-flowstate-quencher-40oz-tumbler-plum","Stanley Flowstate Quencher 40oz Tumbler Plum",935
2026-07-16T16:20:31.802Z,gid://shopify/Product/15245577879938,"kith-quinn-tee-machine","Kith Quinn Tee Machine",967
2026-07-16T16:22:34.516Z,gid://shopify/Product/15245579518338,"air-jordan-1-mid-quilted-white-w","Jordan 1 Mid Quilted White (Women's)",1353
2026-07-16T16:22:34.520Z,gid://shopify/Product/15245597213058,"stanley-comforting-quencher-30oz-tumbler-purple","Stanley Comforting Quencher 30oz Tumbler Purple",1165
2026-07-16T16:22:34.520Z,gid://shopify/Product/15247419769218,"reebok-answer-dmx-white-red-2018","Reebok Answer DMX White Red (2018)",853
2026-07-16T16:22:34.520Z,gid://shopify/Product/15247421702530,"supreme-zip-off-sleeve-quilted-bomber-jacket-black","Supreme Zip-Off Sleeve Quilted Bomber Jacket Black",1245
2026-07-16T16:22:34.520Z,gid://shopify/Product/15247422947714,"nike-zoomx-invincible-run-3-black","Nike ZoomX Invincible Run 3 Black",1019
2026-07-16T16:22:34.520Z,gid://shopify/Product/15247423472002,"nike-reactx-infinity-run-4-white","Nike ReactX Infinity Run 4 White",1400
2026-07-16T16:22:34.520Z,gid://shopify/Product/15247424094594,"nike-shox-r4-se-black-seaweed","Nike Shox R4 SE Black Seaweed",860
2026-07-16T16:22:34.520Z,gid://shopify/Product/15247424520578,"nike-air-force-1-low-triple-red","Nike Air Force 1 Low Triple Red",954
2026-07-16T16:22:34.520Z,gid://shopify/Product/15247425077634,"supreme-arc-thermal-lined-zip-up-hooded-sweatshirt-yellow","Supreme Arc Thermal Lined Zip Up Hooded Sweatshirt Yellow",947
2026-07-16T16:22:34.520Z,gid://shopify/Product/15247425438082,"nike-dunk-low-union-midnight-navy","Nike Dunk Low Union Passport Pack Pistachio",1552
2026-07-16T16:22:34.520Z,gid://shopify/Product/15247425732994,"nike-field-general-union-la-ivory","Nike Field General Union LA Ivory",921
2026-07-16T16:22:34.520Z,gid://shopify/Product/15247426027906,"nike-dunk-high-ambush-deep-royal","Nike Dunk High AMBUSH Deep Royal",1122
2026-07-16T16:22:34.520Z,gid://shopify/Product/15247949136258,"ugg-lowmel-sand-womens-1","UGG Lowmel Sand (Women's) %",910
2026-07-16T16:22:34.520Z,gid://shopify/Product/15249570529666,"nike-air-force-1-low-sp-ambush-black","Nike Air Force 1 Low SP AMBUSH Black",983
2026-07-16T16:22:34.520Z,gid://shopify/Product/15249570791810,"timberland-field-boot-mid-lace-up-waterproof-black","Timberland Field Boot Mid Lace Up Waterproof Black",1035
2026-07-16T16:22:34.520Z,gid://shopify/Product/15249571381634,"nike-air-max-1-burgundy-crush-w","Nike Air Max 1 Burgundy Crush (Women's)",965
2026-07-16T16:22:34.521Z,gid://shopify/Product/15249571774850,"ugg-classic-tall-ii-boot-chestnut-w","UGG Classic Tall II Boot Chestnut (Women's)",1096
2026-07-16T16:22:34.521Z,gid://shopify/Product/15249572135298,"air-jordan-2-3-unc-to-chicago","Jordan 2/3 UNC To Chicago",1044
2026-07-16T16:22:34.521Z,gid://shopify/Product/15249572790658,"nike-air-more-uptempo-triple-white-2021-gs","Nike Air More Uptempo White Midnight Navy (GS)",1160
2026-07-16T16:22:34.521Z,gid://shopify/Product/15249573216642,"adidas-ultra-boost-10-valentines-day","adidas Ultra Boost 1.0 Valentine’s Day (Women's)",1038
2026-07-16T16:22:34.521Z,gid://shopify/Product/15249573642626,"adidas-ultra-boost-10-white-core-black","adidas Ultra Boost 1.0 White Core Black",1033
2026-07-16T16:22:34.521Z,gid://shopify/Product/15249574003074,"nike-air-max-uptempo-95-black-volt","Nike Air Max Uptempo 95 Black Volt",1054
2026-07-16T16:22:34.521Z,gid://shopify/Product/15249574527362,"nike-dunk-low-lx-dark-team-red-croc-womens","Nike Dunk Low LX Dark Team Red Croc (Women's)",1204
2026-07-16T16:22:34.521Z,gid://shopify/Product/15249574756738,"air-jordan-12-retro-brilliant-orange-womens","Jordan 12 Retro WNBA All-Star Brilliant Orange (Women's)",1482
2026-07-16T16:22:34.521Z,gid://shopify/Product/15249574986114,"nike-air-max-1-87-malachite-womens","Nike Air Max 1 '87 Malachite (Women's)",1327
2026-07-16T16:22:34.521Z,gid://shopify/Product/15250727338370,"nike-air-max-90-multi-corduroy-womens","Nike Air Max 90 Multi-Corduroy (Women's)",1388
2026-07-16T16:22:34.521Z,gid://shopify/Product/15250727666050,"new-balance-990v3-patta-keep-your-family-close","New Balance 990v3 MiUSA Patta Keep Your Family Close",909
2026-07-16T16:22:34.521Z,gid://shopify/Product/15250728092034,"nike-dunk-low-retro-sun-club-multi-w","Nike Dunk Low Retro Sun Club Multi (Women's)",1186
2026-07-16T16:22:34.521Z,gid://shopify/Product/15250728419714,"nike-field-general-union-la-shimmer","Nike Field General Union LA Shimmer",1315
2026-07-16T16:22:34.521Z,gid://shopify/Product/15250729140610,"air-jordan-5-retro-sunblush-gs","Jordan 5 Retro Sunblush (GS)",914
2026-07-16T16:22:34.521Z,gid://shopify/Product/15250731434370,"telfar-x-melissa-large-jelly-shopper-clear","Telfar x Melissa Large Jelly Shopper Clear",1028
2026-07-16T16:22:34.521Z,gid://shopify/Product/15250732253570,"gucci-shoulder-matellase-gg-marmont-mini-calfskin-black-brass","Gucci GG Marmont Matelasse Mini Black",767
2026-07-16T16:22:34.521Z,gid://shopify/Product/15250733302146,"lululemon-everywhere-belt-bag-crossbody-bag-red-merlot","Lululemon Everywhere Belt Bag Crossbody Bag Red Merlot",845
2026-07-16T16:22:34.521Z,gid://shopify/Product/15250735464834,"gucci-dionysus-chain-wallet-beige-white","Gucci Dionysus Chain Wallet Beige/White",509
2026-07-16T16:22:34.522Z,gid://shopify/Product/15250737365378,"nike-woodside-black","Nike Woodside Black",972
2026-07-16T16:22:34.522Z,gid://shopify/Product/15250737889666,"nike-sb-zoom-nyjah-4-white-black","Nike SB Zoom Nyjah 4 White Black",897
2026-07-16T16:22:34.522Z,gid://shopify/Product/15250738643330,"stussy-x-wales-bonner-ocean-song-tee-ivory","Stussy x Wales Bonner Ocean Song Tee Ivory",979
2026-07-16T16:22:34.522Z,gid://shopify/Product/15250739200386,"kith-x-wilson-tennis-ball-set-3-pack-yellow","Kith x Wilson Tennis Ball Set (3-Pack) Yellow",962
2026-07-16T16:22:34.522Z,gid://shopify/Product/15250742739330,"dior-x-erl-lingot-50-bag-black","Dior x ERL Lingot 50 Bag Black",586
2026-07-16T16:24:26.718Z,gid://shopify/Product/15252504707458,"kate-spade-jackson-top-zip-crossbody-bag-soft-taupe","Kate Spade Jackson Top Zip Crossbody Bag Soft Taupe",627
2026-07-16T16:24:26.722Z,gid://shopify/Product/15252506378626,"gucci-dionysus-shoulder-bag-gg-supreme-taupe-canvas-small","Gucci Dionysus Shoulder Bag GG Supreme Small Taupe",804
2026-07-16T16:24:26.724Z,gid://shopify/Product/15252507066754,"travis-scott-rodeo-tee-white","Travis Scott Rodeo Tee White",829
2026-07-16T16:24:26.725Z,gid://shopify/Product/15252507558274,"nike-x-yu-gi-oh-destroyer-jacket-blue-void-off-white","Nike x Yu-Gi-Oh! Destroyer Jacket Blue Void/Off White",914
2026-07-16T16:24:26.725Z,gid://shopify/Product/15252508082562,"supreme-hooded-logo-half-zip-pullover-yellow-camo","Supreme Hooded Logo Half Zip Pullover Yellow Camo",873
2026-07-16T16:24:26.725Z,gid://shopify/Product/15252508410242,"nike-air-zoom-gt-cut-3-year-of-the-snake","Nike Air Zoom GT Cut 3 Year of the Snake",1012
2026-07-16T16:24:26.725Z,gid://shopify/Product/15252508868994,"sp5der-x-travis-scott-cactus-jack-airbrush-t-shirt-black","Sp5der x Travis Scott Cactus Jack Airbrush T-shirt Black",916
2026-07-16T16:24:26.726Z,gid://shopify/Product/15252509163906,"nike-dunk-low-yellow-strike-w","Nike Dunk Low Yellow Strike (Women's)",905
2026-07-16T16:24:26.730Z,gid://shopify/Product/15252509557122,"supreme-hanes-boxer-briefs-2-pack-fluorescent-yellow","Supreme Hanes Boxer Briefs (2 Pack) Fluorescent Yellow",843
2026-07-16T16:24:26.730Z,gid://shopify/Product/15252509983106,"travis-scott-utopia-annihilator-hoodie-black","Travis Scott Utopia Annihilator Hoodie Black",913
2026-07-16T16:24:26.730Z,gid://shopify/Product/15252510540162,"nike-dunk-low-retro-prm-year-of-the-rabbit-blue-orange-cream","Nike Dunk Low Retro PRM Year of the Rabbit Blue Orange Cream",1130
2026-07-16T16:24:26.731Z,gid://shopify/Product/15252511162754,"godspeed-mankind-vs-ai-iii-t-shirt-black-yellow","Godspeed Mankind vs AI III T-shirt Black/Yellow",875
2026-07-16T16:24:26.731Z,gid://shopify/Product/15252511424898,"new-era-new-york-yankees-59fifty-fitted-hat-grey-white","New Era New York Yankees 59Fifty Fitted Hat Grey/White",845
2026-07-16T16:24:26.732Z,gid://shopify/Product/15252511687042,"adidas-yeezy-boost-350-v2-yecheil-infants","adidas Yeezy Boost 350 V2 Yecheil (Infants)",929
2026-07-16T16:24:26.732Z,gid://shopify/Product/15252512014722,"travis-scott-x-nike-nrg-ag-utility-sweatpants-black","Travis Scott x Nike NRG AG Utility Sweatpants Black",901
2026-07-16T16:24:26.735Z,gid://shopify/Product/15252512342402,"adidas-yeezy-boost-350-v2-zyon-infants","adidas Yeezy Boost 350 V2 Zyon (Infants)",898
2026-07-16T16:24:26.737Z,gid://shopify/Product/15254981378434,"pop-mart-skullpanda-you-found-me-series-moldy-muffin-plush-doll-pendant","Pop Mart SKULLPANDA You Found Me! Series Moldy Muffin Plush Doll Pendant",1077
2026-07-16T16:24:26.737Z,gid://shopify/Product/15254983049602,"supreme-nba-youngboy-tee-royal","Supreme NBA Youngboy Tee Royal",911
2026-07-16T16:24:26.737Z,gid://shopify/Product/15254984851842,"supreme-ys-by-yohji-yamamoto-grommet-6-panel-multicolor","Supreme Y's by Yohji Yamamoto Grommet 6-Panel Multicolor",878
2026-07-16T16:24:26.738Z,gid://shopify/Product/15254986359170,"eric-emanuel-ee-basic-short-purple-tie-dye-yellow","Eric Emanuel EE Basic Short Purple Tie Dye/Yellow",1068
2026-07-16T16:24:26.738Z,gid://shopify/Product/15254990946690,"bape-1st-camo-pullover-hoodie-fw22-yellow","BAPE 1St Camo Pullover Hoodie (FW22) Yellow",908
2026-07-16T16:24:26.738Z,gid://shopify/Product/15254992355714,"supreme-ys-by-yohji-yamamoto-sweater-black","Supreme Y's by Yohji Yamamoto Sweater Black",913
2026-07-16T16:24:26.741Z,gid://shopify/Product/15254995566978,"supreme-ys-by-yohji-yamamoto-silver-bracelet-silver","Supreme Y's by Yohji Yamamoto Silver Bracelet Silver",829
2026-07-16T16:24:26.741Z,gid://shopify/Product/15254997041538,"new-balance-740-lunar-new-year-2025","New Balance 740 Lunar New Year (2025)",1025
2026-07-16T16:24:26.741Z,gid://shopify/Product/15254997303682,"travis-scott-cactus-jack-for-fragment-manifest-t-shirt-cream","Travis Scott Cactus Jack For Fragment Manifest T-shirt White",921
2026-07-16T16:24:26.741Z,gid://shopify/Product/15254997598594,"sprayground-all-systems-go-dlxsv-backpack-multicolor","Sprayground All Systems Go DLXSV Backpack Multicolor",765
2026-07-16T16:24:26.741Z,gid://shopify/Product/15254997893506,"nike-air-zoom-alphafly-next-3-fp-blueprint-pack-womens","Nike Air Zoom Alphafly Next% 3 FP Blueprint Pack (Women's)",989
2026-07-16T16:24:26.742Z,gid://shopify/Product/15254998188418,"sprayground-world-wide-web-dlxsv-backpack-multicolor","Sprayground World Wide Web DLXSV Backpack Multicolor",837
2026-07-16T16:24:26.742Z,gid://shopify/Product/15254998548866,"nike-zoom-gt-cut-3-be-true-to-her-school","Nike Air Zoom GT Cut 3 Be True to Her School",1184
2026-07-16T16:24:26.742Z,gid://shopify/Product/15254998909314,"supreme-leather-zip-card-holder-red","Supreme Leather Zip Card Holder Red",871
2026-07-16T16:24:26.742Z,gid://shopify/Product/15254999171458,"sprayground-sharks-in-paris-thunderdrip-backpack-multicolor","Sprayground Sharks In Paris Thunderdrip Backpack Multicolor",855
2026-07-16T16:24:26.742Z,gid://shopify/Product/15256954667394,"sprayground-x-the-godfather-strictly-business-backpack-multicolor","Sprayground x The Godfather Strictly Business Backpack Multicolor",914
2026-07-16T16:24:26.742Z,gid://shopify/Product/15256955650434,"nike-air-zoom-alphafly-next-3-obsidian-persian-violet","Nike Air Zoom Alphafly Next% 3 Obsidian Persian Violet",1105
2026-07-16T16:24:26.742Z,gid://shopify/Product/15256955978114,"nike-zoom-vomero-5-premium-olive-flak-picante-red","Nike Zoom Vomero 5 Premium Olive Flak Picante Red",1392
2026-07-16T16:24:26.742Z,gid://shopify/Product/15256956207490,"nike-sportswear-tech-fleece-windrunner-full-zip-hoodie-anthracite-black","Nike Sportswear Tech Fleece Windrunner Full-Zip Hoodie Anthracite/Black",1095
2026-07-16T16:24:26.742Z,gid://shopify/Product/15256956502402,"nike-zoom-gt-cut-3-vapor-green","Nike Air Zoom GT Cut 3 Vapor Green",1168
2026-07-16T16:24:26.742Z,gid://shopify/Product/15256956830082,"sp5der-og-web-v2-phantom-zip-up-hoodie-black","Sp5der OG Web V2 Phantom Zip Up Hoodie Black",931
2026-07-16T16:24:26.742Z,gid://shopify/Product/15256957157762,"supreme-logo-backpack-blue","Supreme Logo Backpack Blue",902
2026-07-16T16:24:26.742Z,gid://shopify/Product/15256957583746,"supreme-frazetta-zip-up-hooded-sweatshirt-faded-royal","Supreme Frazetta Zip Up Hooded Sweatshirt Washed Navy",1040
2026-07-16T16:24:26.742Z,gid://shopify/Product/15256957976962,"nike-zoom-2k-white-black","Nike Zoom 2K White Black",951
2026-07-16T16:29:03.610Z,gid://shopify/Product/15256958337410,"air-jordan-1-zoom-cmft-neutral-olive","Jordan 1 Zoom CMFT Neutral Olive",1066
2026-07-16T16:29:03.616Z,gid://shopify/Product/15256958665090,"sprayground-shark-central-lax-backpack-multicolor","Sprayground Shark Central Lax Backpack Multicolor",663
2026-07-16T16:29:03.617Z,gid://shopify/Product/15256959287682,"louis-vuitton-lv-clash-square-sunglasses-black-gold-z1579ew","Louis Vuitton LV Clash Square Sunglasses Black/Gold (Z1579E/W)",786
2026-07-16T16:29:03.617Z,gid://shopify/Product/15256959844738,"nike-acg-air-zoom-gaiadome-gore-tex-trails-end-brown","Nike ACG Air Zoom Gaiadome Gore-Tex Trails End Brown",964
2026-07-16T16:29:03.617Z,gid://shopify/Product/15256960336258,"nike-sportswear-tech-fleece-full-zip-hoodie-brown","Nike Sportswear Tech Fleece Full-Zip Hoodie Cacao Wow/Black",811
2026-07-16T16:29:03.617Z,gid://shopify/Product/15257601999234,"nike-air-max-bw-white-persian-violet","Nike Air Max BW White Persian Violet",899
2026-07-16T16:29:03.617Z,gid://shopify/Product/15257602228610,"nike-air-max-97-bw-metallic-silver-persian-violet","Nike Air Max 97/BW Metallic Silver Persian Violet",1055
2026-07-16T16:29:03.617Z,gid://shopify/Product/15257602720130,"sprayground-spongebob-stencil-wall-dlxr-backpack-multicolor","Sprayground Spongebob Stencil Wall DLXR Backpack Multicolor",743
2026-07-16T16:29:03.617Z,gid://shopify/Product/15257603211650,"nike-zoom-vomero-5-college-grey-cave-stone","Nike Zoom Vomero 5 College Grey Cave Stone",925
2026-07-16T16:29:03.617Z,gid://shopify/Product/15257603703170,"nike-air-zoom-alphafly-next-3-bright-crimson-lime-blast-womens","Nike Air Zoom Alphafly Next% 3 Bright Crimson Lime Blast (Women's)",959
2026-07-16T16:29:03.617Z,gid://shopify/Product/15257604227458,"air-jordan-dub-zero-black-fossil-stone","Jordan Dub Zero Black Fossil Stone",1080
2026-07-16T16:29:03.618Z,gid://shopify/Product/15257604489602,"adidas-tobacco-night-indigo","adidas Tobacco Night Indigo",1079
2026-07-16T16:29:03.618Z,gid://shopify/Product/15257604751746,"adidas-xlg-runner-deluxe-grey-silver-white","adidas XLG Runner Deluxe Grey Silver White",972
2026-07-16T16:29:03.618Z,gid://shopify/Product/15257605636482,"adidas-samba-lux-maroon-off-white","adidas Samba Lux Maroon Off White",1010
2026-07-16T16:29:03.618Z,gid://shopify/Product/15257606750594,"adidas-forum-low-white-royal-blue","adidas Forum Low White Royal Blue",852
2026-07-16T16:29:03.618Z,gid://shopify/Product/15257607242114,"adidas-ultra-boost-leather-black","adidas Ultra Boost Leather Black",983
2026-07-16T16:29:03.618Z,gid://shopify/Product/15257608028546,"adidas-forum-low-home-alone","adidas Forum Low Home Alone",1150
2026-07-16T16:29:03.618Z,gid://shopify/Product/15257608847746,"adidas-ultra-boost-20-white-iridescent","adidas Ultra Boost 20 White Iridescent",1101
2026-07-16T16:29:03.618Z,gid://shopify/Product/15294491754882,"onitsuka-tiger-mexico-66-dragon-fruit-black","Onitsuka Tiger Mexico 66 Dragon Fruit Black",1122
2026-07-16T16:29:03.618Z,gid://shopify/Product/15258052493698,"asics-gel-1130-white-dried-leaf-green-womens","ASICS Gel-1130 White Dried Leaf Green (Women's)",996
2026-07-16T16:29:03.618Z,gid://shopify/Product/15258053116290,"onitsuka-tiger-mexico-66-sd-beige-beet-juice","Onitsuka Tiger Mexico 66 SD Beige Beet Juice",1144
2026-07-16T16:29:03.618Z,gid://shopify/Product/15258053869954,"asics-gel-1090-v2-cream","ASICS Gel-1090 V2 Cream",957
2026-07-16T16:29:03.618Z,gid://shopify/Product/15259299938690,"asics-gel-lyte-iii-gi-joe-storm-shadow","ASICS Gel-Lyte III GI Joe Storm Shadow",1176
2026-07-16T16:29:03.618Z,gid://shopify/Product/15259300725122,"asics-gel-kayano-121-brown-blue","ASICS Gel-Kayano 12.1 Brown Blue",1030
2026-07-16T16:29:03.618Z,gid://shopify/Product/15260222194050,"nike-mind-001-slide-light-bone","Nike Mind 001 Slide Light Bone",1012
2026-07-16T16:29:03.618Z,gid://shopify/Product/15260523725186,"asics-gel-venture-6-black-black","ASICS Gel-Venture 6 Black Black",928
2026-07-16T16:29:03.618Z,gid://shopify/Product/15260526674306,"asics-gt-2160-cecilie-bahnsen-mary-jane-metallic-silver","ASICS GT-2160 Cecilie Bahnsen Mary Jane Pure Silver",1042
2026-07-16T16:29:03.618Z,gid://shopify/Product/15261297017218,"nike-lebron-22-monopoly-deep-royal-blue-1","Nike LeBron 22 Monopoly Deep Royal Blue %",921
2026-07-16T16:29:03.619Z,gid://shopify/Product/15262134043010,"asics-gel-kayano-121-black-pure-silver","ASICS Gel-Kayano 12.1 Black Pure Silver",1058
2026-07-16T16:29:03.619Z,gid://shopify/Product/15262136107394,"asics-gel-kayano-14-kith-cream-scarab","ASICS Gel-Kayano 14 Kith Cream Scarab (2023)",1168
2026-07-16T16:29:03.619Z,gid://shopify/Product/15263450136962,"air-jordan-tatum-3-welcome-to-the-garden-alternate","Jordan Tatum 3 Welcome to the Garden Alternate",1026
2026-07-16T16:29:03.619Z,gid://shopify/Product/15263450399106,"air-jordan-1-mule-golf-chicago","Jordan 1 Mule Golf Chicago",1206
2026-07-16T16:29:03.619Z,gid://shopify/Product/15263450628482,"air-jordan-13-retro-playoffs-2017","Jordan 13 Retro Bred (2017)",963
2026-07-16T16:29:03.619Z,gid://shopify/Product/15263450857858,"air-jordan-14-retro-white-hyper-royal","Jordan 14 Retro White Hyper Royal",1151
2026-07-16T16:29:03.619Z,gid://shopify/Product/15273214837122,"meta-quest-3-512gb-vr-headset-uk-plug-899-00583-01","Meta Quest 3 512GB VR Headset (UK) Plug 899-00585-01",1017
2026-07-16T16:29:03.619Z,gid://shopify/Product/15280157458818,"fear-of-god-essentials-fleece-relaxed-sweatpant-crimson","Fear of God Essentials Fleece Relaxed Sweatpant Crimson",969
2026-07-16T16:29:03.619Z,gid://shopify/Product/15282650710402,"stanley-flowstate-quencher-20oz-tumbler-peach-whip-cabana-gloss","Stanley Flowstate Quencher 20oz Tumbler Peach Whip Cabana Gloss",930
2026-07-16T16:29:03.619Z,gid://shopify/Product/15282659492226,"bape-space-camo-shark-full-zip-double-hoodie-black-multi","BAPE Space Camo Shark Full Zip Double Hoodie Black Multi",1100
2026-07-16T16:29:03.619Z,gid://shopify/Product/15289387090306,"nike-ja-3-cobalt-bliss-metallic-silver","Nike Ja 3 All-Star",1000
2026-07-16T16:29:03.619Z,gid://shopify/Product/15294491754882,"onitsuka-tiger-mexico-66-dragon-fruit-black","Onitsuka Tiger Mexico 66 Dragon Fruit Black",1144
2026-07-16T16:30:50.988Z,gid://shopify/Product/15305738944898,"nike-air-foamposite-pro-university-blue-2026","Nike Air Foamposite Pro University Blue (2026)",931
2026-07-16T16:30:50.990Z,gid://shopify/Product/15308218171778,"playboi-carti-yvl-cap-white-blue","Playboi Carti YVL Cap White/Blue",772
2026-07-16T16:30:50.990Z,gid://shopify/Product/15308418417026,"jordan-4-retro-deep-royal-blue-gs","Jordan 4 Retro Deep Royal Blue (GS)",1039
2026-07-16T16:30:50.990Z,gid://shopify/Product/15308434768258,"nike-mind-001-slide-sail","Nike Mind 001 Slide Sail",894
2026-07-16T16:30:50.990Z,gid://shopify/Product/15309680935298,"kaws-x-uniqlo-longsleeve-sweatshirt-set-asia-sizing-off-white-black","KAWS x Uniqlo Longsleeve Sweatshirt Set (Asia Sizing) Off White/Black",674
2026-07-16T16:30:50.990Z,gid://shopify/Product/15321790775682,"air-jordan-4-retro-iced-carmine-womens","Jordan 4 Retro Iced Carmine (Women's)",977
2026-07-16T16:30:50.990Z,gid://shopify/Product/15322120651138,"adidas-taekwondo-mei-ballet-basketweave-cream-white-womens","adidas Taekwondo Mei Ballet Basketweave Cream White (Women's)",993
2026-07-16T16:30:50.991Z,gid://shopify/Product/15324669968770,"puma-speedcat-ballet-black-white-womens","Puma Speedcat Ballet Black White (Women's)",709
2026-07-16T16:30:50.991Z,gid://shopify/Product/15325856727426,"new-balance-abzorb-2000-silver-metallic","New Balance Abzorb 2000 Silver Metallic",752
2026-07-16T16:30:50.991Z,gid://shopify/Product/15327859540354,"air-jordan-4-retro-toro-bravo-2026","Jordan 4 Retro Toro Bravo (2026)",859
2026-07-16T16:30:50.991Z,gid://shopify/Product/15332196319618,"michael-jordan-1990-fleer-all-stars-5","Michael Jordan 1990 Fleer All-Stars #5 (PSA or BGS Graded)",846
2026-07-16T16:30:50.991Z,gid://shopify/Product/15333101732226,"asics-gel-nyc-white-glacier-grey-1","ASICS Gel-NYC White Glacier Grey %",918
2026-07-16T16:30:50.991Z,gid://shopify/Product/15333108842882,"nike-dunk-high-game-royal-gs-1","Nike Dunk High Game Royal (GS) %",745
2026-07-16T16:30:50.991Z,gid://shopify/Product/15333114413442,"new-balance-550-white-pink-gs","New Balance 550 White Pink Sea Salt (GS)",869
2026-07-16T16:30:50.991Z,gid://shopify/Product/15333184831874,"nike-react-pegasus-trail-4-cobblestone-volt-1","Nike React Pegasus Trail 4 Cobblestone Volt %",850
2026-07-16T16:30:50.991Z,gid://shopify/Product/15333188796802,"jordan-1-mid-black-metallic-gold","Jordan 1 Mid Black Metallic Gold %",841
2026-07-16T16:30:50.991Z,gid://shopify/Product/15340288803202,"air-jordan-1-retro-low-og-sp-travis-scott-shy-pink","Jordan 1 Retro Low OG SP Travis Scott Shy Pink",1259
2026-07-16T16:30:50.991Z,gid://shopify/Product/15340411126146,"fear-of-god-essentials-jersey-crewneck-t-shirt-light-heather-gray","Fear of God Essentials Jersey Crewneck T-Shirt Light Heather Gray",803
2026-07-16T16:30:50.991Z,gid://shopify/Product/15340415844738,"bape-college-tee-ss24-white","BAPE College Tee (SS24) White",833
2026-07-16T16:30:50.991Z,gid://shopify/Product/15342417641858,"nike-moon-shoe-sp-jacquemus-aluminum-pink-womens","Nike Moon Shoe SP Jacquemus Aluminum Pink (Women's)",971
2026-07-16T16:30:50.991Z,gid://shopify/Product/15342417969538,"nike-air-humara-lx-jacquemus-brown-w","Nike Air Humara LX Jacquemus Ale Brown Gold (Women's)",975
2026-07-16T16:30:50.991Z,gid://shopify/Product/15342418231682,"jacquemus-x-nike-le-sac-swoosh-small-dark-navy","Jacquemus x Nike Le Sac Swoosh Small Dark Navy",666
2026-07-16T16:30:50.991Z,gid://shopify/Product/15342418559362,"nike-x-jacquemus-le-swoosh-crossbody-bag-white-white-shiny-silver","Nike x Jacquemus Le Swoosh Crossbody Bag White/White/Shiny Silver",928
2026-07-16T16:30:50.991Z,gid://shopify/Product/15344310354306,"nike-ja-3-jurassic-park-anthracite","Nike Ja 3 Jurassic Park Raptor",852
2026-07-16T16:30:50.992Z,gid://shopify/Product/15344737452418,"ami-paris-ami-de-coeur-t-shirt-black-red","Ami Paris Ami De Coeur T-Shirt Black/Red",850
2026-07-16T16:30:50.992Z,gid://shopify/Product/15344740336002,"ami-paris-ami-de-coeur-merino-wool-oversize-cardigan-black-red","Ami Paris Ami De Coeur Merino Wool Oversize Cardigan Black/Red",807
2026-07-16T16:30:50.992Z,gid://shopify/Product/15344786276738,"sp5der-og-web-v2-hoodie-black","Sp5der OG Web V2 Hoodie Black",740
2026-07-16T16:30:50.992Z,gid://shopify/Product/15344786506114,"sp5der-beluga-hoodie-cream","Sp5der Beluga Hoodie Cream",759
2026-07-16T16:30:50.992Z,gid://shopify/Product/15344786735490,"sp5der-og-web-v2-hoodie-red","Sp5der OG Web V2 Hoodie Red",810
2026-07-16T16:30:50.992Z,gid://shopify/Product/15344786932098,"sp5der-aop-web-sweatpants-heather-grey","Sp5der AOP Web Sweatpants Heather Grey",817
2026-07-16T16:30:50.992Z,gid://shopify/Product/15344787194242,"adidas-x-sp5der-t-shirt-black","adidas x Sp5der T-shirt Black",827
2026-07-16T16:30:50.992Z,gid://shopify/Product/15344787456386,"sp5der-og-web-v2-phantom-sweatshort-black","Sp5der OG Web V2 Phantom Sweatshort Black",756
2026-07-16T16:30:50.992Z,gid://shopify/Product/15344787652994,"sp5der-og-logo-v2-shiesty-mask-black-black","Sp5der OG Logo V2 Shiesty Mask Black/Black",845
2026-07-16T16:30:50.992Z,gid://shopify/Product/15344787849602,"sp5der-beluga-hoodie-dark-grey-heather","Sp5der Beluga Hoodie Dark Grey Heather",838
2026-07-16T16:30:50.992Z,gid://shopify/Product/15344788046210,"sp5der-pnk-v2-sweatpant-pink","Sp5der P*NK V2 Sweatpant Pink",853
2026-07-16T16:30:50.992Z,gid://shopify/Product/15344788308354,"sp5der-sp5-mint-hoodie-mint","Sp5der SP5 Mint Hoodie Mint",618
2026-07-16T16:30:50.992Z,gid://shopify/Product/15344788603266,"sp5der-pro-double-layer-short-blue","Sp5der Pro Double Layer Short Blue",794
2026-07-16T16:30:50.993Z,gid://shopify/Product/15344788799874,"sp5der-aop-web-v2-zip-up-hoodie-black","Sp5der AOP Web V2 Zip Up Hoodie Black",836
2026-07-16T16:30:50.993Z,gid://shopify/Product/15344789127554,"sp5der-diffused-collegiate-tee-black","Sp5der Diffused Collegiate Tee Black",799
2026-07-16T16:30:50.993Z,gid://shopify/Product/15344789488002,"sp5der-legacy-sweatpant-orange","Sp5der Legacy Sweatpant Orange",823
2026-07-16T16:33:05.696Z,gid://shopify/Product/15344789848450,"sp5der-og-web-v2-hoodie-cream","Sp5der OG Web V2 Hoodie Cream",876
2026-07-16T16:33:05.704Z,gid://shopify/Product/15344790339970,"sp5der-beluga-sweatpant-dark-grey-heather","Sp5der Beluga Sweatpant Dark Grey Heather",825
2026-07-16T16:33:05.704Z,gid://shopify/Product/15344791093634,"chrome-hearts-horseshoe-crewneck-black","Chrome Hearts Horseshoe Crewneck Black",1094
2026-07-16T16:33:05.704Z,gid://shopify/Product/15344791355778,"chrome-hearts-ch-new-york-city-trucker-hat-black-black","Chrome Hearts CH New York City Trucker Hat Black/Black",1025
2026-07-16T16:33:05.704Z,gid://shopify/Product/15344791552386,"chrome-hearts-deadly-doll-hoodie-black","Chrome Hearts Deadly Doll Hoodie Black",817
2026-07-16T16:33:05.704Z,gid://shopify/Product/15344791847298,"chrome-hearts-ch-silver-button-hat-red-yellow","Chrome Hearts CH Silver Button Hat Red/Yellow",1014
2026-07-16T16:33:05.704Z,gid://shopify/Product/15344792043906,"chrome-hearts-logo-sweatpants-black","Chrome Hearts Logo Sweatpants Black",1025
2026-07-16T16:33:05.704Z,gid://shopify/Product/15344792306050,"chrome-hearts-american-flag-dagger-t-shirt-black","Chrome Hearts American Flag Dagger T-shirt Black",1000
2026-07-16T16:33:05.704Z,gid://shopify/Product/15344792600962,"chrome-hearts-las-vegas-exclusive-t-shirt-color-print-black","Chrome Hearts Las Vegas Exclusive T-Shirt (Color Print) Black",1218
2026-07-16T16:33:05.704Z,gid://shopify/Product/15344792895874,"chrome-hearts-malibu-exclusive-l-s-t-shirt-black","Chrome Hearts Malibu Exclusive L/S T-shirt Black",1177
2026-07-16T16:33:05.704Z,gid://shopify/Product/15344793190786,"chrome-hearts-love-you-crewneck-sweatshirt-white","Chrome Hearts Love You Crewneck Sweatshirt White",1102
2026-07-16T16:33:05.704Z,gid://shopify/Product/15344793485698,"chrome-hearts-ch-aspen-exclusive-trucker-hat-black","Chrome Hearts CH Aspen Exclusive Trucker Hat Black",1114
2026-07-16T16:33:05.704Z,gid://shopify/Product/15344793715074,"chrome-hearts-cemetery-cross-trucker-hat-neon-yellow","Chrome Hearts Cemetery Cross Trucker Hat Neon Yellow",1078
2026-07-16T16:33:05.704Z,gid://shopify/Product/15344793977218,"chrome-hearts-mesh-stadium-football-jersey-black","Chrome Hearts Mesh Stadium Football Jersey Black",1064
2026-07-16T16:33:05.704Z,gid://shopify/Product/15344794173826,"chrome-hearts-cross-patch-baseball-hat-blue","Chrome Hearts Cross Patch Baseball Hat Blue",891
2026-07-16T16:33:05.704Z,gid://shopify/Product/15344794468738,"chrome-hearts-stencil-hoodie-black","Chrome Hearts Stencil Hoodie Black",1025
2026-07-16T16:33:05.705Z,gid://shopify/Product/15344794730882,"chrome-hearts-miami-art-basel-exclusive-baseball-hat-green-orange-gold","Chrome Hearts Miami Art Basel Exclusive Baseball Hat Green/Orange/Gold",1036
2026-07-16T16:33:05.705Z,gid://shopify/Product/15344795124098,"chrome-hearts-las-vegas-horseshoe-s-s-pocket-tee-black","Chrome Hearts Las Vegas Horseshoe S/S Pocket Tee Black",1088
2026-07-16T16:33:05.705Z,gid://shopify/Product/15344795419010,"chrome-hearts-stadium-mesh-l-s-jersey-black","Chrome Hearts Stadium Mesh L/S Jersey Black",997
2026-07-16T16:33:05.705Z,gid://shopify/Product/15344795648386,"chrome-hearts-plus-cross-allover-print-with-horseshoe-logo-hoodie-black","Chrome Hearts Plus Cross Allover Print With Horseshoe Logo Hoodie Black",1024
2026-07-16T16:33:05.705Z,gid://shopify/Product/15344795943298,"chrome-hearts-boost-l-s-t-shirt-black","Chrome Hearts Boost L/S T-shirt Black",1085
2026-07-16T16:33:05.705Z,gid://shopify/Product/15348441579906,"onitsuka-tiger-mexico-66-sd-white-black","Onitsuka Tiger Mexico 66 White Black",1478
2026-07-16T16:33:05.705Z,gid://shopify/Product/15348446364034,"nike-dunk-low-light-violet-w","Nike Dunk Low Venice (Women's)",908
2026-07-16T16:33:05.705Z,gid://shopify/Product/15348455604610,"nike-dunk-low-green-glow-w","Nike Dunk Low Green Glow (Women's)",1105
2026-07-16T16:33:05.705Z,gid://shopify/Product/15348483162498,"air-jordan-1-retro-low-og-nigel-sylvester-better-with-time","Jordan 1 Retro Low OG Nigel Sylvester Better With Time",1452
2026-07-16T16:33:05.705Z,gid://shopify/Product/15348485980546,"asics-gel-1130-white-midnight-w","ASICS Gel-1130 White Midnight (Women's)",1225
2026-07-16T16:33:05.705Z,gid://shopify/Product/15348578877826,"adidas-pet-26-mexico-jersey-bold-green","adidas Pet 26 Mexico Jersey Bold Green",1499
2026-07-16T16:33:05.705Z,gid://shopify/Product/15349693972866,"adidas-mexico-26-away-authentic-jersey-white","adidas Mexico 26 Away Authentic Jersey White",1699
2026-07-16T16:33:05.705Z,gid://shopify/Product/15349694235010,"adidas-bringbacks-remixed-germany-jersey-black","adidas Bringbacks Remixed Germany Jersey",1541
2026-07-16T16:33:05.705Z,gid://shopify/Product/15349694562690,"adidas-colombia-away-1990-jersey-bold-gold","adidas Colombia Away 1990 Jersey Bold Gold",794
2026-07-16T16:33:05.705Z,gid://shopify/Product/15349694759298,"nike-brazil-authentic-goalkeeper-jersey-black-volt","Nike Brazil Authentic Goalkeeper Jersey Black/Volt",891
2026-07-16T16:33:05.705Z,gid://shopify/Product/15349694988674,"adidas-sweden-26-home-jersey-yellow","adidas Sweden 26 Home Jersey Yellow",807
2026-07-16T16:33:05.705Z,gid://shopify/Product/15349695316354,"adidas-x-bape-ls-sta-jersey-blue","adidas x BAPE LSL Star Jersey Blue",1414
2026-07-16T16:33:05.705Z,gid://shopify/Product/15352503140738,"nike-cryoshot-air-speed-m-palace","Nike Cryoshot Air Speed M Palace",1389
2026-07-16T16:33:05.705Z,gid://shopify/Product/15355549909378,"new-balance-9060-bisque-frosted-glass-1","New Balance 9060 Bisque Frosted Glass %",1169
2026-07-16T16:33:05.705Z,gid://shopify/Product/15356478194050,"fear-of-god-essentials-nba-tee-black","Fear of God Essentials NBA Tee Black",1069
2026-07-16T16:33:05.705Z,gid://shopify/Product/15356478390658,"bape-color-camo-big-ape-head-t-shirt-ss20-black-red","BAPE Color Camo Big Ape Head Tee Black/Red",970
2026-07-16T16:33:05.705Z,gid://shopify/Product/15356530033026,"aime-leon-dore-x-the-north-face-logo-tee-pristine","Aime Leon Dore x The North Face Logo Tee Pristine",881
2026-07-16T16:33:05.705Z,gid://shopify/Product/15363599204738,"nike-x-jacquemus-x-france-pre-match-jersey-blue-stripe","Nike x Jacquemus x France Pre Match Jersey Blue Stripe",1430
