timestamp,product_id,handle,title,chars
2026-07-16T14:10:26.490Z,gid://shopify/Product/14901119975810,"air-jordan-4-retro-thunder-2023-gs","Jordan 4 Retro Thunder (2023) (GS)",930
2026-07-16T14:10:26.491Z,gid://shopify/Product/14929948246402,"nike-air-max-uptempo-95-white-black-teal-2015","Nike Air Max Uptempo 95 White Black Teal",979
2026-07-16T14:10:26.492Z,gid://shopify/Product/14929953161602,"new-balance-990v4-made-in-usa-grey-silver","New Balance 990v4 MiUSA Grey Silver",918
2026-07-16T14:10:26.492Z,gid://shopify/Product/14929954832770,"nike-sportswear-tech-fleece-windrunner-full-zip-hoodie-black-black","Nike Sportswear Tech Fleece Windrunner Full-Zip Hoodie Black/Black",978
2026-07-16T14:10:26.492Z,gid://shopify/Product/14929955783042,"adidas-yeezy-foam-rnr-carbon","adidas Yeezy Foam RNR Carbon",901
2026-07-16T14:10:26.492Z,gid://shopify/Product/14936259461506,"air-jordan-hydro-5-retro-slide-white-new-emerald-grape-ice-black","Jordan Hydro 5 Retro Slide White New Emerald Grape Ice Black",968
2026-07-16T14:10:26.492Z,gid://shopify/Product/14936261853570,"puma-speedcat-ballet-white-black-womens","Puma Speedcat Ballet White Black (Women's)",1280
2026-07-16T14:10:26.492Z,gid://shopify/Product/14936267981186,"nike-air-max-1-87-sp-supreme-black-white","Nike Air Max 1 '87 SP Supreme Black White",995
2026-07-16T14:10:26.492Z,gid://shopify/Product/14936269160834,"nike-sb-dunk-low-city-of-love-burgundy-crush","Nike SB Dunk Low City of Love Burgundy Crush",1009
2026-07-16T14:10:26.492Z,gid://shopify/Product/14936270406018,"nike-sb-dunk-high-diorr-greenwood-navajo-arts","Nike SB Dunk High Di'orr Greenwood Navajo Arts",1121
2026-07-16T14:10:26.492Z,gid://shopify/Product/14936270700930,"nike-sb-dunk-low-pro-midnight-navy-desert-ochre","Nike SB Dunk Low Pro PRM 90s Backpack",975
2026-07-16T14:10:26.492Z,gid://shopify/Product/14936271257986,"nike-sb-dunk-high-strawberry-cough-regular-box","Nike SB Dunk High Strawberry Cough (Regular Box)",603
2026-07-16T14:10:26.492Z,gid://shopify/Product/14936272109954,"nike-sb-dunk-high-faust-black-gold","Nike SB Dunk High FAUST Black Gold",884
2026-07-16T14:10:26.492Z,gid://shopify/Product/14936272994690,"nike-sb-dunk-low-pro-be-true","Nike SB Dunk Low Pro Be True",959
2026-07-16T14:10:26.492Z,gid://shopify/Product/14936273944962,"nike-sb-dunk-low-grateful-dead-bears-yellow","Nike SB Dunk Low Grateful Dead Bears Opti Yellow",1143
2026-07-16T14:10:26.492Z,gid://shopify/Product/14936274403714,"nike-sb-dunk-high-supreme-by-any-means-navy","Nike SB Dunk High Supreme By Any Means Navy",963
2026-07-16T14:10:26.492Z,gid://shopify/Product/14936275026306,"nike-sb-dunk-high-orange-label-sweet-beet","Nike SB Dunk High Orange Label Sweet Beet",831
2026-07-16T14:10:26.492Z,gid://shopify/Product/14936275452290,"nike-sb-dunk-high-paul-rodriguez-mexico","Nike SB Dunk High Paul Rodriguez Mexico",852
2026-07-16T14:10:26.492Z,gid://shopify/Product/14936276205954,"nike-sb-dunk-low-laser-orange","Nike SB Dunk Low Laser Orange",744
2026-07-16T14:10:26.492Z,gid://shopify/Product/14936276828546,"nike-sb-dunk-high-invert-celtics","Nike SB Dunk High Invert Celtics",777
2026-07-16T14:10:26.492Z,gid://shopify/Product/14936277385602,"nike-sb-dunk-low-acg-terra","Nike SB Dunk Low ACG Terra",924
2026-07-16T14:10:26.492Z,gid://shopify/Product/14936277877122,"nike-sb-dunk-low-pro-be-true-xavier-schipani","Nike SB Dunk Low Pro Be True Xavier Schipani",994
2026-07-16T14:10:26.492Z,gid://shopify/Product/14936278368642,"nike-sb-dunk-high-supreme-by-any-means-brazil","Nike SB Dunk High Supreme By Any Means Brazil",977
2026-07-16T14:10:26.492Z,gid://shopify/Product/14936279253378,"nike-sb-dunk-low-infrared-orange-label","Nike SB Dunk Low Infrared Orange Label",967
2026-07-16T14:10:26.492Z,gid://shopify/Product/14936280072578,"nike-sb-dunk-high-pro-medium-grey-pink","Nike SB Dunk High Pro Medium Grey Pink",710
2026-07-16T14:10:26.492Z,gid://shopify/Product/14936280498562,"nike-sb-dunk-low-concepts-purple-lobster","Nike SB Dunk Low Concepts Purple Lobster",871
2026-07-16T14:10:26.492Z,gid://shopify/Product/14936281186690,"nike-sb-dunk-high-black-sheep-hornet","Nike SB Dunk High Black Sheep Hornet",1031
2026-07-16T14:10:26.492Z,gid://shopify/Product/14936281579906,"nike-sb-dunk-high-oski-great-white","Nike SB Dunk High Oski Great White",793
2026-07-16T14:10:26.493Z,gid://shopify/Product/14936282399106,"nike-sb-dunk-low-april-skateboards-ps","Nike SB Dunk Low April Skateboards (PS)",1122
2026-07-16T14:10:26.493Z,gid://shopify/Product/14936283185538,"nike-sb-dunk-low-de-la-soul-2015","Nike SB Dunk Low De La Soul (2015)",816
2026-07-16T14:10:26.493Z,gid://shopify/Product/14936283513218,"nike-sb-dunk-low-los-angeles-dodgers-ps","Nike SB Dunk Low Los Angeles Dodgers (PS)",1200
2026-07-16T14:10:26.493Z,gid://shopify/Product/14936284299650,"nike-sb-dunk-low-sean-cliver-td","Nike SB Dunk Low Sean Cliver (TD)",1105
2026-07-16T14:10:26.493Z,gid://shopify/Product/14936284758402,"nike-sb-dunk-low-ben-jerrys-chunky-dunky-special-box","Nike SB Dunk Low Ben & Jerry's Chunky Dunky (Special Box)",1301
2026-07-16T14:10:26.493Z,gid://shopify/Product/14936285380994,"nike-sb-dunk-low-pro-j-pack-black-pine-green","Nike SB Dunk Low Pro J Pack Black Pine Green",950
2026-07-16T14:10:26.493Z,gid://shopify/Product/14936286003586,"nike-sb-dunk-high-pro-orange-label-smoke-grey","Nike SB Dunk High Pro Orange Label Smoke Grey",1232
2026-07-16T14:10:26.493Z,gid://shopify/Product/14936286527874,"nike-sb-dunk-low-los-angeles-dodgers-td","Nike SB Dunk Low Los Angeles Dodgers (TD)",1301
2026-07-16T14:10:26.493Z,gid://shopify/Product/14936287347074,"nike-sb-dunk-low-mia-skate-shop","Nike SB Dunk Low MIA Skate Shop",1196
2026-07-16T14:10:26.493Z,gid://shopify/Product/14936288166274,"nike-sb-dunk-high-antihero-brian-anderson-black","Nike SB Dunk High Antihero Brian Anderson Black",1104
2026-07-16T14:10:26.493Z,gid://shopify/Product/14936288690562,"nike-sb-dunk-high-concepts-ugly-christmas-sweater-grey","Nike SB Dunk High Concepts Ugly Christmas Sweater Grey",947
2026-07-16T14:10:26.493Z,gid://shopify/Product/14936289509762,"nike-sb-dunk-high-skunk-420","Nike SB Dunk High Skunk 420",1037
2026-07-16T14:12:28.813Z,gid://shopify/Product/14936290492802,"nike-dunk-sb-low-parra-friends-family-2021","Nike SB Dunk Low Pro QS Parra (Friends & Family) (2021)",1331
2026-07-16T14:12:28.814Z,gid://shopify/Product/14936291475842,"nike-sb-dunk-low-atmosphere-grey-true-berry","Nike SB Dunk Low Atmosphere Grey True Berry",1180
2026-07-16T14:12:28.814Z,gid://shopify/Product/14936292360578,"nike-sb-dunk-high-black-purple-box","Nike SB Dunk High Black Purple Box",891
2026-07-16T14:12:28.814Z,gid://shopify/Product/14936293605762,"nike-sb-dunk-high-baohaus-chairman-bao","Nike SB Dunk High Baohaus Chairman Bao",1055
2026-07-16T14:12:28.815Z,gid://shopify/Product/14936294687106,"nike-sb-dunk-low-ishod-wair-flat-silver","Nike SB Dunk Low Ishod Wair Flat Silver",1276
2026-07-16T14:12:28.815Z,gid://shopify/Product/14936300388738,"nike-sb-dunk-low-red-mahogany","Nike SB Dunk Low Red Mahogany",641
2026-07-16T14:12:28.815Z,gid://shopify/Product/14936303468930,"nike-dunk-low-olive-brown-orange","Nike Dunk Low Dusty Olive",936
2026-07-16T14:12:28.815Z,gid://shopify/Product/14936304648578,"nike-dunk-low-next-nature-olympic-womens","Nike Dunk Low Next Nature Olympic (Women's)",1503
2026-07-16T14:12:28.815Z,gid://shopify/Product/14936305238402,"nike-dunk-high-clot-flux","Nike Dunk High CLOT Flux",1132
2026-07-16T14:12:28.815Z,gid://shopify/Product/14936305598850,"nike-dunk-low-triple-pink-ps","Nike Dunk Low Triple Pink (PS)",1207
2026-07-16T14:12:28.815Z,gid://shopify/Product/14936306188674,"nike-dunk-high-ambush-black-white","Nike Dunk High AMBUSH Black White",1342
2026-07-16T14:12:28.815Z,gid://shopify/Product/14936306647426,"nike-dunk-low-honeydew","Nike Dunk Low Honeydew",1460
2026-07-16T14:12:28.815Z,gid://shopify/Product/14936307368322,"nike-dunk-mid-social-status-free-lunch-chocolate-milk","Nike Dunk Mid Social Status Free Lunch Chocolate Milk",719
2026-07-16T14:12:28.815Z,gid://shopify/Product/14936307696002,"nike-dunk-low-hot-curry-game-royal-gs","Nike Dunk Low Hot Curry Game Royal (GS)",1202
2026-07-16T14:12:28.815Z,gid://shopify/Product/14936308777346,"nike-dunk-low-disrupt-2-serena-williams-design-crew-womens","Nike Dunk Low Disrupt 2 Serena Williams Design Crew (Women's)",1682
2026-07-16T14:12:28.815Z,gid://shopify/Product/14936312086914,"nike-dunk-high-summit-white-pure-platinum","Nike Dunk High Summit White Pure Platinum",1194
2026-07-16T14:12:28.815Z,gid://shopify/Product/14936312676738,"nike-dunk-high-pink-oxford-womens","Nike Dunk High Pink Oxford (Women's)",1476
2026-07-16T14:12:28.815Z,gid://shopify/Product/14936314577282,"nike-dunk-high-panda-2021-w","Nike Dunk High Panda (2021) (Women's)",821
2026-07-16T14:12:28.815Z,gid://shopify/Product/14936315953538,"nike-dunk-low-two-toned-grey-gs","Nike Dunk Low Two-Toned Grey (GS)",1044
2026-07-16T14:12:28.815Z,gid://shopify/Product/14936316576130,"nike-dunk-low-summit-white-midnight-navy","Nike Dunk Low Summit White Midnight Navy",1103
2026-07-16T14:12:28.815Z,gid://shopify/Product/14936317067650,"nike-dunk-low-ucla","Nike Dunk Low UCLA",1044
2026-07-16T14:12:28.815Z,gid://shopify/Product/14936318083458,"nike-dunk-low-retro-pacific-moss","Nike Dunk Low Retro Pacific Moss",1591
2026-07-16T14:12:28.815Z,gid://shopify/Product/14936319623554,"nike-dunk-low-retro-se-medium-soft-pink-malachite","Nike Dunk Low Retro SE Medium Soft Pink Malachite",1357
2026-07-16T14:12:28.815Z,gid://shopify/Product/14936320442754,"nike-dunk-low-sketch-and-exploration","Nike Dunk Low Sketch and Exploration",1383
2026-07-16T14:12:28.815Z,gid://shopify/Product/14936321393026,"nike-dunk-low-red-roses-womens","Nike Dunk Low Red Roses (Women's)",1459
2026-07-16T14:12:28.815Z,gid://shopify/Product/14936322048386,"nike-dunk-low-laser-fuchsia-gs","Nike Dunk Low Laser Fuchsia (GS)",1548
2026-07-16T14:12:28.815Z,gid://shopify/Product/14936322441602,"nike-dunk-low-venice-womens","Nike Dunk Low Venice (Women's)",816
2026-07-16T14:12:28.816Z,gid://shopify/Product/14948709761410,"nike-dunk-low-usc","Nike Dunk Low USC",1125
2026-07-16T14:12:28.816Z,gid://shopify/Product/14963345785218,"air-jordan-lift-off-black-dark-concord","Jordan Lift Off Black Dark Concord",1200
2026-07-16T14:12:28.816Z,gid://shopify/Product/14963346309506,"off-white-vulc-mid-tip-canvas-black-white","OFF-WHITE Vulc Mid Canvas Black White",990
2026-07-16T14:12:28.816Z,gid://shopify/Product/14963346932098,"nike-dunk-mid-off-noir-white","Nike Dunk Mid Off Noir White",1310
2026-07-16T14:12:28.816Z,gid://shopify/Product/14963520635266,"asics-gel-1130-kith-cream-scarab-2024","ASICS Gel-1130 Kith Cream Scarab (2024)",1426
2026-07-16T14:12:28.816Z,gid://shopify/Product/14963521782146,"asics-gel-1130-black-graphite-grey","ASICS Gel-1130 Black Graphite Grey",1254
2026-07-16T14:12:28.816Z,gid://shopify/Product/14963522863490,"asics-gel-1130-neon-pack-green","ASICS Gel-1130 Neon Pack Green (Women's)",1318
2026-07-16T14:12:28.816Z,gid://shopify/Product/14963523420546,"onitsuka-tiger-mexico-66-white-beige","Onitsuka Tiger Mexico 66 White Beige",1324
2026-07-16T14:12:28.816Z,gid://shopify/Product/14963523912066,"onitsuka-tiger-tokuten-cream-caramel","Onitsuka Tiger Tokuten Cream Caramel",1433
2026-07-16T14:12:28.816Z,gid://shopify/Product/14963524600194,"onitsuka-tiger-mexico-66-tgrs-black-cream-womens","Onitsuka Tiger Mexico 66 TGRS Black Cream (Women's)",1594
2026-07-16T14:12:28.816Z,gid://shopify/Product/14963524895106,"asics-gt-2160-paris","ASICS GT-2160 Paris",1433
2026-07-16T14:12:28.816Z,gid://shopify/Product/14963525288322,"asics-gel-kayano-14-kith-cream-scarab-2024","ASICS Gel-Kayano 14 Kith Cream Scarab (2024)",1502
2026-07-16T14:12:28.816Z,gid://shopify/Product/14963525714306,"asics-gt-2160-jjjjound-black","ASICS GT-2160 JJJJound Black",1423
2026-07-16T14:14:16.570Z,gid://shopify/Product/14963526599042,"asics-gt-2160-white-putty","ASICS GT-2160 White Putty",967
2026-07-16T14:14:16.571Z,gid://shopify/Product/14963526959490,"asics-gel-1130-cream-reddish-brown-womens","ASICS Gel-1130 Cream Reddish Brown (Women's)",930
2026-07-16T14:14:16.574Z,gid://shopify/Product/14963527582082,"asics-actibreeze-3d-sandal-black","ASICS ACTIBREEZE 3D Sandal Black",913
2026-07-16T14:14:16.575Z,gid://shopify/Product/14963527909762,"onitsuka-tiger-mexico-66-sd-birch-metropolis","Onitsuka Tiger Mexico 66 SD Birch Metropolis",1379
2026-07-16T14:14:16.575Z,gid://shopify/Product/14963528827266,"asics-gel-kayano-14-jjjjound-silver-black","ASICS Gel-Kayano 14 JJJJound Silver Black",1145
2026-07-16T14:14:16.575Z,gid://shopify/Product/14963530203522,"asics-gel-kayano-14-white-malachite-green","ASICS Gel-Kayano 14 White Malachite Green",1253
2026-07-16T14:14:16.575Z,gid://shopify/Product/14963530826114,"onitsuka-tiger-mexico-66-gold-white","Onitsuka Tiger Mexico 66 Gold White",1316
2026-07-16T14:14:16.575Z,gid://shopify/Product/14963531219330,"asics-gel-kayano-14-kith-marvel-villains-silver-surfer-sealed-box-comic-included","ASICS Gel-Kayano 14 Kith Marvel Villains Silver Surfer Sealed Box (Comic Included)",1343
2026-07-16T14:14:16.576Z,gid://shopify/Product/14963531612546,"asics-gt-2160-white-black","ASICS GT-2160 White Black",1095
2026-07-16T14:14:16.576Z,gid://shopify/Product/14963532595586,"asics-gel-lyte-iii-nice-kicks-castlerock","ASICS Gel-Lyte III Nice Kicks Castlerock",1070
2026-07-16T14:14:16.576Z,gid://shopify/Product/14963536200066,"asics-gel-lyte-iii-end-pearl","ASICS Gel-Lyte III End Pearl",1042
2026-07-16T14:14:16.576Z,gid://shopify/Product/14963550650754,"asics-superblast-2-paris","ASICS Superblast 2 Paris",1025
2026-07-16T14:14:16.576Z,gid://shopify/Product/14963553501570,"asics-superblast-2-white-cool-grey","ASICS Superblast 2 White Cool Grey",1177
2026-07-16T14:14:16.576Z,gid://shopify/Product/14963555074434,"asics-gel-terrain-cecilie-bahnsen-black","ASICS Gel-Terrain Cecilie Bahnsen Black",1232
2026-07-16T14:14:16.577Z,gid://shopify/Product/14963557237122,"asics-gel-lyte-iii-07-remastered-kith-marvel-men-mystery-sealed-box-trading-card-included","ASICS Gel-Lyte III '07 Remastered Kith Marvel X-Men Mystery Sealed Box (Trading Card Included)",1116
2026-07-16T14:14:16.577Z,gid://shopify/Product/14963559170434,"onitsuka-tiger-mexico-66-mantle-green-cream","Onitsuka Tiger Mexico 66 Mantle Green Cream",1314
2026-07-16T14:14:16.577Z,gid://shopify/Product/14963560776066,"asics-gel-lyte-iii-07-remastered-kith-by-invitation-only","ASICS Gel-Lyte III '07 Remastered Kith By Invitation Only",1289
2026-07-16T14:14:16.577Z,gid://shopify/Product/14963561693570,"asics-gel-1130-white-midnight","ASICS Gel-1130 White Midnight",1387
2026-07-16T14:14:16.577Z,gid://shopify/Product/14963562119554,"onitsuka-tiger-mexico-66-cream-sage","Onitsuka Tiger Mexico 66 Cream Sage",1137
2026-07-16T14:14:16.577Z,gid://shopify/Product/14963563331970,"asics-gel-nyc-awake-ny-teal","ASICS Gel-NYC Awake NY Teal",1202
2026-07-16T14:14:16.577Z,gid://shopify/Product/14963564773762,"asics-gel-kayano-20-hal-studios-white-black","ASICS Gel-Kayano 20 HAL STUDIOS Bone",1117
2026-07-16T14:14:16.577Z,gid://shopify/Product/14964030931330,"adidas-tennis-hu-pharrell-core-black-off-white","adidas Tennis Hu Pharrell Core Black Off White",1057
2026-07-16T14:14:16.577Z,gid://shopify/Product/14964032438658,"adidas-ultra-boost-10-dna-white-gum-camo-sole","adidas Ultra Boost 1.0 DNA White Gum Camo Sole",1588
2026-07-16T14:14:16.578Z,gid://shopify/Product/14964033716610,"adidas-ultra-boost-undefeated-performance-running-black","adidas Ultra Boost Undefeated Performance Running Black",1276
2026-07-16T14:14:16.578Z,gid://shopify/Product/14965068366210,"adidas-x-gucci-gazelle-blue-gg-monogram","adidas x Gucci Gazelle Blue GG Monogram",1357
2026-07-16T14:14:16.578Z,gid://shopify/Product/14965073084802,"adidas-x-gucci-gazelle-white","adidas x Gucci Gazelle White",1562
2026-07-16T14:14:16.578Z,gid://shopify/Product/14965079310722,"adidas-y-3-prime-x-2-strung-white-black","adidas Y-3 Prime x 2 Strung White Black",1161
2026-07-16T14:14:16.578Z,gid://shopify/Product/14966232973698,"adidas-yeezy-450-cloud-white-kids","adidas Yeezy 450 Cloud White (Kids)",849
2026-07-16T14:14:16.578Z,gid://shopify/Product/14966233235842,"adidas-yeezy-450-stone-flax","adidas Yeezy 450 Stone Flax",1143
2026-07-16T14:14:16.578Z,gid://shopify/Product/14966233563522,"adidas-yeezy-500-enflame","adidas Yeezy 500 Enflame",813
2026-07-16T14:14:16.578Z,gid://shopify/Product/14966233825666,"adidas-yeezy-500-high-mist-slate","adidas Yeezy 500 High Mist Slate",1189
2026-07-16T14:14:16.578Z,gid://shopify/Product/14966234120578,"adidas-yeezy-500-soft-vision","adidas Yeezy 500 Soft Vision",889
2026-07-16T14:14:16.578Z,gid://shopify/Product/14966234513794,"adidas-yeezy-500-taupe-light","adidas Yeezy 500 Taupe Light",774
2026-07-16T14:14:16.578Z,gid://shopify/Product/14966235070850,"adidas-yeezy-boost-350-pirate-black-2015","adidas Yeezy Boost 350 Pirate Black (2015)",968
2026-07-16T14:14:16.578Z,gid://shopify/Product/14967181836674,"adidas-yeezy-boost-350-v2-ash-blue","adidas Yeezy Boost 350 V2 Ash Blue",1018
2026-07-16T14:14:16.578Z,gid://shopify/Product/14967182197122,"adidas-yeezy-boost-350-v2-bone-kids","adidas Yeezy Boost 350 V2 Bone (Kids)",1338
2026-07-16T14:14:16.578Z,gid://shopify/Product/14967182590338,"adidas-yeezy-boost-350-v2-citrin-reflective","adidas Yeezy Boost 350 V2 Citrin (Reflective)",681
2026-07-16T14:14:16.578Z,gid://shopify/Product/14967182852482,"adidas-yeezy-boost-350-v2-core-black-green","adidas Yeezy Boost 350 V2 Core Black Green",661
2026-07-16T14:14:16.578Z,gid://shopify/Product/14967183245698,"adidas-yeezy-boost-350-v2-dazzling-blue-infants","adidas Yeezy Boost 350 V2 Dazzling Blue (Infants)",1029
2026-07-16T14:14:16.578Z,gid://shopify/Product/14967183671682,"adidas-yeezy-boost-350-v2-granite-kids","adidas Yeezy Boost 350 V2 Granite (Kids)",1551
2026-07-16T14:15:54.162Z,gid://shopify/Product/14967684235650,"adidas-yeezy-boost-350-v2-slate-core-black-slate-infants","adidas Yeezy Boost 350 V2 Slate (Infants)",1042
2026-07-16T14:15:54.163Z,gid://shopify/Product/14967684432258,"adidas-yeezy-boost-350-v2-static-black-reflective","adidas Yeezy Boost 350 V2 Static Black (Reflective)",791
2026-07-16T14:15:54.163Z,gid://shopify/Product/14967684661634,"adidas-yeezy-boost-350-v2-true-form","adidas Yeezy Boost 350 V2 True Form",902
2026-07-16T14:15:54.163Z,gid://shopify/Product/14967684923778,"adidas-yeezy-boost-350-v2-yeezreel","adidas Yeezy Boost 350 V2 Yeezreel (Non-Reflective)",878
2026-07-16T14:15:54.163Z,gid://shopify/Product/14967685153154,"adidas-yeezy-boost-380-blue-oat","adidas Yeezy Boost 380 Blue Oat",843
2026-07-16T14:15:54.163Z,gid://shopify/Product/14967685415298,"adidas-yeezy-boost-380-hylte-glow","adidas Yeezy Boost 380 Hylte Glow",796
2026-07-16T14:15:54.163Z,gid://shopify/Product/14967685644674,"adidas-yeezy-boost-380-pyrite","adidas Yeezy Boost 380 Pyrite",749
2026-07-16T14:15:54.163Z,gid://shopify/Product/14967792959874,"adidas-yeezy-boost-700-wave-runner-solid-grey-infants","adidas Yeezy Boost 700 Wave Runner (Infants)",963
2026-07-16T14:15:54.163Z,gid://shopify/Product/14967793779074,"adidas-yeezy-boost-750-light-grey-glow-in-the-dark","adidas Yeezy Boost 750 Light Grey Glow In the Dark",798
2026-07-16T14:15:54.163Z,gid://shopify/Product/14967793975682,"adidas-yeezy-foam-rnnr-flax","adidas Yeezy Foam RNR Clay Red",987
2026-07-16T14:15:54.163Z,gid://shopify/Product/14967795646850,"adidas-yeezy-foam-rnnr-mist","adidas Yeezy Foam RNNR Mist",787
2026-07-16T14:15:54.163Z,gid://shopify/Product/14967795908994,"adidas-yeezy-foam-rnnr-ochre","adidas Yeezy Foam RNNR Ochre",874
2026-07-16T14:15:54.163Z,gid://shopify/Product/14967796138370,"adidas-yeezy-foam-rnnr-sulfur","adidas Yeezy Foam RNNR Sulfur",796
2026-07-16T14:15:54.163Z,gid://shopify/Product/14967796433282,"adidas-yeezy-foam-rnr-carbon-kids","adidas Yeezy Foam RNR Carbon (Kids)",880
2026-07-16T14:15:54.163Z,gid://shopify/Product/14967796629890,"adidas-yeezy-foam-rnr-mx-granite","adidas Yeezy Foam RNR MX Granite",964
2026-07-16T14:15:54.163Z,gid://shopify/Product/14967796924802,"adidas-yeezy-foam-rnr-sand-infants","adidas Yeezy Foam RNR Sand (Infants)",860
2026-07-16T14:15:54.163Z,gid://shopify/Product/14968123457922,"adidas-yeezy-powerphase-calabasas-core-white","adidas Yeezy Powerphase Calabasas Core White",989
2026-07-16T14:15:54.163Z,gid://shopify/Product/14968123654530,"adidas-yeezy-qntm-flash-orange","adidas Yeezy QNTM Flash Orange",800
2026-07-16T14:15:54.163Z,gid://shopify/Product/14968123883906,"adidas-yeezy-qntm-onyx","adidas Yeezy QNTM Onyx",777
2026-07-16T14:15:54.163Z,gid://shopify/Product/14968124178818,"adidas-yeezy-slide-glow-green-2022-infants","adidas Yeezy Slide Glow Green (2022) (Infants)",912
2026-07-16T14:15:54.163Z,gid://shopify/Product/14968124408194,"adidas-yeezy-slide-glow-green-kids","adidas Yeezy Slide Glow Green (Kids)",906
2026-07-16T14:15:54.163Z,gid://shopify/Product/14968124670338,"adidas-yeezy-slide-onyx-infants","adidas Yeezy Slide Onyx (Infants)",827
2026-07-16T14:15:54.163Z,gid://shopify/Product/14968124965250,"adidas-yeezy-slide-resin-2022","adidas Yeezy Slide Resin (2022/2024)",928
2026-07-16T14:15:54.163Z,gid://shopify/Product/14968125456770,"adidas-yzy-qntm","adidas Yeezy QNTM (Lifestyle Model)",990
2026-07-16T14:15:54.163Z,gid://shopify/Product/14969516491138,"air-air-jordan-1-low-se-craft-taupe-haze","Jordan 1 Low SE Craft Taupe Haze",1078
2026-07-16T14:15:54.163Z,gid://shopify/Product/14969521045890,"air-air-jordan-1-mid-black-fire-red-gs","Air Jordan 1 Mid Black Fire Red (GS)",1089
2026-07-16T14:15:54.163Z,gid://shopify/Product/14969523143042,"air-air-jordan-4-retro-og-sp-nigel-sylvester-bike-air-firewood-orange","Air Jordan 4 Retro OG SP Nigel Sylvester Brick by Brick",1082
2026-07-16T14:15:54.163Z,gid://shopify/Product/14969528844674,"air-force-1-low-07-qs-uno","Nike Air Force 1 Low '07 QS Uno",933
2026-07-16T14:15:54.163Z,gid://shopify/Product/14969531892098,"air-jordan-1-elevate-high-white-desert-w","Jordan 1 Elevate High White Desert (Women's)",1235
2026-07-16T14:15:54.163Z,gid://shopify/Product/14969534185858,"air-jordan-1-elevate-low-se-multi-color-w","Jordan 1 Elevate Low SE Multi-Color (Women's)",1094
2026-07-16T14:15:54.163Z,gid://shopify/Product/14973841113474,"jordan-1-retro-high-element-gore-tex-light-curry","Jordan 1 Retro High Element Gore-Tex Light Curry",978
2026-07-16T14:15:54.163Z,gid://shopify/Product/14973841768834,"air-jordan-1-high-golf-gift-giving-pack","Jordan 1 High Golf Gift Giving Pack",1123
2026-07-16T14:15:54.163Z,gid://shopify/Product/14973842325890,"air-jordan-1-high-og-craft-celadon","Jordan 1 High OG Craft Celadon",1124
2026-07-16T14:15:54.163Z,gid://shopify/Product/14973842522498,"air-jordan-1-high-og-newstalgia-chenille-w","Jordan 1 Retro High OG Varsity Red (Women's)",1011
2026-07-16T14:15:54.163Z,gid://shopify/Product/14973842751874,"air-jordan-1-high-og-stash-white-black","Jordan 1 Retro High OG SP Utility White Black",1264
2026-07-16T14:15:54.163Z,gid://shopify/Product/15032853954946,"adidas-superstar-triple-white-2022","adidas Superstar Triple White (2022)",1301
2026-07-16T14:15:54.164Z,gid://shopify/Product/15032883773826,"uniqlo-x-cpfm-spongebob-squarepants-plush-yellow","Uniqlo x CPFM Spongebob Squarepants Plush Yellow",878
2026-07-16T14:15:54.164Z,gid://shopify/Product/15032885576066,"vans-authentic-reissue-44-gallery-dept-art-that-kills","Vans Authentic Reissue 44 Gallery Dept. Art That Kills",1086
2026-07-16T14:15:54.164Z,gid://shopify/Product/15032887181698,"yeezy-gap-5-pocket-denim-pants-grey-wash","Yeezy Gap Engineered by Balenciaga 5 Pocket Denim Pants Grey Wash",894
2026-07-16T14:15:54.164Z,gid://shopify/Product/15032887771522,"under-armour-curry-flow-12-what-the-bay","Under Armour Curry Flow 12 What The Bay",929
2026-07-16T14:17:39.038Z,gid://shopify/Product/15032896127362,"air-jordan-1-low-og-ex-dark-smoke-grey","Jordan 1 Low OG EX Black Smoke Grey",919
2026-07-16T14:17:39.039Z,gid://shopify/Product/15034271138178,"air-jordan-1-low-white-black-metallic-gold-swoosh","Jordan 1 Low White Black Metallic Gold Swoosh",960
2026-07-16T14:17:39.039Z,gid://shopify/Product/15034275103106,"air-jordan-1-mid-chicago-toe","Jordan 1 Mid Chicago Toe",880
2026-07-16T14:17:39.039Z,gid://shopify/Product/15035910062466,"air-jordan-1-high-zoom-air-cmft-2-dia-de-los-muertos","Jordan 1 High Zoom Air CMFT 2 Día De Muertos",877
2026-07-16T14:17:39.039Z,gid://shopify/Product/15036007842178,"nike-air-terra-forma-off-white-archaeo-brown","Nike Air Terra Forma Off-White Archaeo Brown",947
2026-07-16T14:17:39.039Z,gid://shopify/Product/15036012167554,"air-jordan-6-retro-bordeaux-td","Jordan 6 Retro Bordeaux (TD)",933
2026-07-16T14:17:39.039Z,gid://shopify/Product/15036013150594,"nike-dunk-genesis-low-rtfkt-clone-x","Nike Dunk Genesis Low RTFKT Clone X (Edition of 5849)",945
2026-07-16T14:17:39.039Z,gid://shopify/Product/15036014461314,"jordan-10-retro-lady-of-liberty","Jordan 10 Retro Lady of Liberty 30th Anniversary",1023
2026-07-16T14:17:39.039Z,gid://shopify/Product/15036018033026,"nike-sb-dunk-low-yuto-horigome","Nike SB Dunk Low Yuto Horigome",1033
2026-07-16T14:17:39.040Z,gid://shopify/Product/15036023832962,"puma-lamelo-ball-mb01-lo-team-color-green-gecko-gs","Puma LaMelo Ball MB.01 Lo Team Color Green Gecko (GS)",872
2026-07-16T14:17:39.040Z,gid://shopify/Product/15036025504130,"adidas-gazelle-wonder-white-green-gum-womens","adidas Gazelle Wonder White Green Gum (Women's)",1025
2026-07-16T14:17:39.040Z,gid://shopify/Product/15036048507266,"adidas-gazelle-bold-cream-night-indigo-womens","adidas Gazelle Bold Cream Night Indigo (Women's)",970
2026-07-16T14:17:39.040Z,gid://shopify/Product/15036050407810,"adidas-samba-jjjjound-black","adidas Samba OG JJJJound Black",1093
2026-07-16T14:17:39.040Z,gid://shopify/Product/15036052930946,"adidas-samba-og-collegiate-green-gum-grey-toe","adidas Samba OG Collegiate Green Gum Grey Toe",979
2026-07-16T14:17:39.040Z,gid://shopify/Product/15038144381314,"adidas-samba-classic-white","adidas Samba Classic White",948
2026-07-16T14:17:39.040Z,gid://shopify/Product/15038146216322,"adidas-adifom-q-core-black-imperial-orange","adidas adiFOM Q Core Black Impact Orange",1124
2026-07-16T14:17:39.040Z,gid://shopify/Product/15038643372418,"adidas-samba-light-blue-floral-core-black-womens","adidas Samba Light Blue Floral Core Black (Women's)",1128
2026-07-16T14:17:39.040Z,gid://shopify/Product/15038645436802,"adidas-gazelle-bold-silver-green-gum-womens","adidas Gazelle Bold Silver Green Gum (Womens)",1165
2026-07-16T14:17:39.040Z,gid://shopify/Product/15038646190466,"adidas-samba-sporty-rich-white-collegiate-burgundy","adidas Samba Sporty & Rich White Collegiate Burgundy",1157
2026-07-16T14:17:39.040Z,gid://shopify/Product/15039069454722,"adidas-samba-og-core-white-grey","adidas Samba OG Core White Grey",903
2026-07-16T14:17:39.040Z,gid://shopify/Product/15039070142850,"adidas-samba-wales-bonner-red-white","adidas Samba Wales Bonner Red White",816
2026-07-16T14:17:39.040Z,gid://shopify/Product/15039071060354,"adidas-ballerina-bad-bunny-black-chalk","adidas Ballerina Bad Bunny Black Chalk",891
2026-07-16T14:17:39.040Z,gid://shopify/Product/15039071322498,"adidas-forum-84-low-off-white","adidas Forum 84 Low Off White",932
2026-07-16T14:17:39.040Z,gid://shopify/Product/15042134671746,"adidas-stan-smith-human-made-white-green","adidas Stan Smith Human Made White Green",1226
2026-07-16T14:17:39.040Z,gid://shopify/Product/15042135556482,"adidas-samba-wonder-quartz","adidas Samba Wonder Quartz",982
2026-07-16T14:17:39.040Z,gid://shopify/Product/15042934833538,"adidas-gazelle-night-indigo-wonder-taupe","adidas Gazelle Night Indigo Wonder Taupe",1227
2026-07-16T14:17:39.040Z,gid://shopify/Product/15042935849346,"adidas-response-cl-bad-bunny-triple-black","adidas Response CL Bad Bunny Triple Black",1013
2026-07-16T14:17:39.040Z,gid://shopify/Product/15042942927234,"adidas-don-issue-6-haribo-goldbears-cloud-white","adidas D.O.N. Issue #6 Haribo Goldbears Cloud White",1110
2026-07-16T14:17:39.040Z,gid://shopify/Product/15042951512450,"adidas-gazelle-indoor-sean-wotherspoon-hemp-green","adidas Gazelle Indoor Sean Wotherspoon Hemp Green",1357
2026-07-16T14:17:39.040Z,gid://shopify/Product/15046131646850,"adidas-campus-00s-wonder-quartz-womens","adidas Campus 00s Wonder Quartz (Women's)",1131
2026-07-16T14:17:39.040Z,gid://shopify/Product/15046132629890,"adidas-samba-og-team-victory-red-night-indigo","adidas Samba OG Team Victory Red Night Indigo",924
2026-07-16T14:17:39.040Z,gid://shopify/Product/15046134268290,"adidas-ballerina-bad-bunny-off-white-black-gum","adidas Ballerina Bad Bunny Off White Black Gum",1039
2026-07-16T14:17:39.040Z,gid://shopify/Product/15046137774466,"adidas-samba-og-earth-strata-wonder-white","adidas Samba OG Earth Strata Wonder White",984
2026-07-16T14:17:39.040Z,gid://shopify/Product/15046961136002,"adidas-samba-og-white-halo-blue","adidas Samba OG White Halo Blue",1016
2026-07-16T14:17:39.040Z,gid://shopify/Product/15046961693058,"adidas-sambae-collegiate-green-gum-womens","adidas Sambae Collegiate Green Gum (Women's)",1212
2026-07-16T14:17:39.040Z,gid://shopify/Product/15046962282882,"adidas-gazelle-preloved-red-off-white-cream-white","adidas Gazelle Preloved Red Off White Cream White",1012
2026-07-16T14:17:39.040Z,gid://shopify/Product/15046963790210,"adidas-gazelle-indoor-foot-industry-off-white-green","adidas Gazelle Indoor Foot Industry Off White Green",1349
2026-07-16T14:17:39.040Z,gid://shopify/Product/15046964609410,"adidas-gazelle-indoor-olympic-pack-better-scarlet","adidas Gazelle Indoor Olympic Pack Better Scarlet",1413
2026-07-16T14:17:39.040Z,gid://shopify/Product/15046975095170,"adidas-samba-xlg-core-black-gum","adidas Samba XLG Core Black Gum",1169
2026-07-16T14:17:39.040Z,gid://shopify/Product/15047986282882,"adidas-handball-spezial-solar-yellow-white-womens","adidas Handball Spezial Solar Yellow White (Women's)",1246
2026-07-16T14:19:22.241Z,gid://shopify/Product/15048191574402,"adidas-sambae-liberty-london-collegiate-green-womens","adidas Sambae Liberty London Collegiate Green (Women's)",1053
2026-07-16T14:19:22.243Z,gid://shopify/Product/15048192065922,"adidas-handball-spezial-wonder-white","adidas Handball Spezial Wonder White",1091
2026-07-16T14:19:22.243Z,gid://shopify/Product/15048193278338,"adidas-gazelle-bold-wonder-white-clear-sky-kids","adidas Gazelle Bold Wonder White Clear Sky (Kids)",1080
2026-07-16T14:19:22.244Z,gid://shopify/Product/15056660332930,"air-jordan-1-retro-ajko-low-kentucky","Jordan 1 Retro AJKO Low Kentucky",964
2026-07-16T14:19:22.244Z,gid://shopify/Product/15056660627842,"air-jordan-11-retro-legend-blue-2024-td","Jordan 11 Retro Legend Blue (2024) (TD)",1087
2026-07-16T14:19:22.244Z,gid://shopify/Product/15056660889986,"air-jordan-1-retro-high-wings","Jordan 1 Retro High OG Wings",1069
2026-07-16T14:19:22.244Z,gid://shopify/Product/15056661184898,"air-jordan-1-retro-high-og-atmosphere-td","Jordan 1 Retro High OG Atmosphere (TD)",1016
2026-07-16T14:19:22.244Z,gid://shopify/Product/15056661414274,"air-jordan-1-mid-gym-red-black-toe-gs","Jordan 1 Mid Gym Red Black Toe (GS)",1180
2026-07-16T14:19:22.245Z,gid://shopify/Product/15056661676418,"air-jordan-1-retro-high-alternate-black-royal","Jordan 1 Retro High Game Royal",961
2026-07-16T14:19:22.245Z,gid://shopify/Product/15056661873026,"jordan-12-retro-barons-1","Jordan 12 Retro Barons",1250
2026-07-16T14:19:22.245Z,gid://shopify/Product/15056662233474,"air-jordan-1-mid-paint-drip-gs","Jordan 1 Mid Paint Drip (GS)",1034
2026-07-16T14:19:22.246Z,gid://shopify/Product/15056662430082,"air-jordan-1-retro-high-pine-green-gs","Jordan 1 Retro High Pine Green (GS)",1051
2026-07-16T14:19:22.246Z,gid://shopify/Product/15056662888834,"air-jordan-1-mid-td-cleat-white-grey-fog","Jordan 1 Mid TD Cleat White Grey Fog",1107
2026-07-16T14:19:22.246Z,gid://shopify/Product/15056663183746,"jordan-11-retro-low-university-blue-2017","Jordan 11 Retro Low University Blue (2017)",1046
2026-07-16T14:19:22.247Z,gid://shopify/Product/15059025723778,"air-jordan-1-mid-white-black-red-2022","Jordan 1 Mid White Black Red (2022)",1013
2026-07-16T14:19:22.247Z,gid://shopify/Product/15059025920386,"air-jordan-1-mid-space-jam-gs","Jordan 1 Mid SE Space Jam (GS)",1124
2026-07-16T14:19:22.247Z,gid://shopify/Product/15059026182530,"jordan-1-retro-low-og-black-toe-2024","Jordan 1 Retro Low OG Black Toe (2023)",852
2026-07-16T14:19:22.247Z,gid://shopify/Product/15059026379138,"air-jordan-1-mid-se-panda-elephant","Jordan 1 Mid SE Panda Elephant",1183
2026-07-16T14:19:22.248Z,gid://shopify/Product/15059026674050,"air-jordan-1-mid-olive-toe-w","Jordan 1 Mid Olive Toe (Women's)",1045
2026-07-16T14:19:22.248Z,gid://shopify/Product/15059026968962,"air-jordan-1-mid-se-coconut-milk-particle-grey","Jordan 1 Mid SE Coconut Milk Particle Grey",1099
2026-07-16T14:19:22.248Z,gid://shopify/Product/15059027296642,"air-jordan-11-retro-low-white-concord-w","Jordan 11 Retro Low White Concord (Women's)",1112
2026-07-16T14:19:22.248Z,gid://shopify/Product/15059027558786,"air-jordan-1-retro-high-zoom-black-green","Jordan 1 Retro High Zoom Zen Green",972
2026-07-16T14:19:22.248Z,gid://shopify/Product/15059027755394,"air-jordan-1-mid-grey-blue-w","Jordan 1 Mid Wolf Grey Aluminum (Women's)",907
2026-07-16T14:19:22.249Z,gid://shopify/Product/15059028050306,"air-jordan-1-retro-high-fearless-unc-chicago","Jordan 1 Retro High Fearless UNC Chicago",989
2026-07-16T14:19:22.249Z,gid://shopify/Product/15059028279682,"air-jordan-12-retro-cherry-2023","Jordan 12 Retro Cherry (2023)",1010
2026-07-16T14:19:22.249Z,gid://shopify/Product/15059028476290,"jordan-1-mid-se-black-metallic-reimagined-1","Jordan 1 Mid SE Black Metallic Reimagined",1165
2026-07-16T14:19:22.249Z,gid://shopify/Product/15070239031682,"nike-sabrina-2-activate-womens","Nike Sabrina 2 Activate (Women's)",1315
2026-07-16T14:19:22.249Z,gid://shopify/Product/15072393331074,"nike-ja-3-max-volume","Nike Ja 3 Max Volume",1170
2026-07-16T14:19:22.249Z,gid://shopify/Product/15072480362882,"air-jordan-1-low-td-cleat-black-white","Jordan 1 Low TD Cleat Black White",1057
2026-07-16T14:19:22.249Z,gid://shopify/Product/15072483606914,"air-jordan-1-low-game-royal-gs","Jordan 1 Low Game Royal (GS)",996
2026-07-16T14:19:22.250Z,gid://shopify/Product/15072795951490,"air-jordan-1-mid-french-blue-fire-red","Jordan 1 Mid French Blue Fire Red",997
2026-07-16T14:19:22.250Z,gid://shopify/Product/15072796213634,"air-jordan-1-retro-high-defiant-white-black-gym-red","Jordan 1 Retro High Defiant White Black Gym Red",974
2026-07-16T14:19:22.250Z,gid://shopify/Product/15072796443010,"air-jordan-11-retro-low-72-10-ps","Jordan 11 Retro Low 72-10 (PS)",975
2026-07-16T14:19:22.250Z,gid://shopify/Product/15072796770690,"air-jordan-12-retro-low-easter-2021","Jordan 12 Retro Low Easter (2021)",1020
2026-07-16T14:19:22.250Z,gid://shopify/Product/15072796967298,"air-jordan-1-retro-high-og-metallic-red-2017","Jordan 1 Retro Metallic Red (2017)",1008
2026-07-16T14:19:22.250Z,gid://shopify/Product/15072797688194,"air-jordan-1-retro-high-aleali-may-court-luxe-w","Jordan 1 Retro High Aleali May Court Lux (Women's)",1000
2026-07-16T14:19:22.250Z,gid://shopify/Product/15072798015874,"air-jordan-1-retro-high-og-dusted-clay-womens","Jordan 1 Retro High OG SP Dusted Clay (Women's)",1284
2026-07-16T14:19:22.250Z,gid://shopify/Product/15072798310786,"air-jordan-1-retro-low-golf-black-croc","Jordan 1 Retro Low Golf Black Croc",1223
2026-07-16T14:19:22.250Z,gid://shopify/Product/15072798572930,"air-jordan-1-retro-high-unc-chicago-leather-ps","Jordan 1 Retro High NC to Chi (PS)",937
2026-07-16T14:19:22.250Z,gid://shopify/Product/15072798900610,"air-jordan-1-mid-dynamic-yellow-floral-gs","Jordan 1 Mid Dynamic Yellow Floral (GS)",998
2026-07-16T14:20:55.645Z,gid://shopify/Product/15072799162754,"air-jordan-1-mid-sonics-2021-gs","Jordan 1 Mid Sonics (2021) (GS)",970
2026-07-16T14:20:55.648Z,gid://shopify/Product/15072799424898,"air-jordan-1-retro-high-og-seafoam-ps","Jordan 1 Retro High OG Seafoam (PS)",964
2026-07-16T14:20:55.648Z,gid://shopify/Product/15072799687042,"air-jordan-1-mid-se-brown-basalt-oatmeal-w","Jordan 1 Mid SE Brown Basalt Oatmeal (Women's)",870
2026-07-16T14:20:55.648Z,gid://shopify/Product/15072800014722,"air-jordan-1-mid-sisterhood-w","Jordan 1 Mid Sisterhood (Women's)",980
2026-07-16T14:20:55.648Z,gid://shopify/Product/15072800244098,"air-jordan-11-retro-midnight-navy-ps","Jordan 11 Retro Midnight Navy (PS)",925
2026-07-16T14:20:55.648Z,gid://shopify/Product/15072800440706,"air-jordan-1-retro-low-og-mocha-gs","Jordan 1 Retro Low OG Mocha (GS)",1013
2026-07-16T14:20:55.648Z,gid://shopify/Product/15072800637314,"air-jordan-11-retro-neutral-olive-w","Jordan 11 Retro Neutral Olive (Women's)",816
2026-07-16T14:20:55.648Z,gid://shopify/Product/15072800899458,"air-jordan-1-mid-se-sport-spice-w","Jordan 1 Mid SE Sport Spice (Women's)",1111
2026-07-16T14:20:55.648Z,gid://shopify/Product/15072801194370,"air-jordan-12-retro-low-golf-french-blue","Jordan 12 Retro Low Golf French Blue",873
2026-07-16T14:20:55.649Z,gid://shopify/Product/15072801423746,"jordan-1-mid-se-space-jam-1","Jordan 1 Mid SE Space Jam",912
2026-07-16T14:20:55.649Z,gid://shopify/Product/15072801685890,"air-jordan-1-mid-se-flight-club-gs","Jordan 1 Mid SE Flight Club (GS)",977
2026-07-16T14:20:55.649Z,gid://shopify/Product/15072801948034,"air-jordan-1-mid-ss-six-championships-gs","Jordan 1 Mid SS Six Championships (GS)",1249
2026-07-16T14:20:55.649Z,gid://shopify/Product/15072802177410,"air-jordan-12-retro-eastside-golf","Jordan 12 Retro Eastside Golf Out of the Clay",983
2026-07-16T14:20:55.649Z,gid://shopify/Product/15072802439554,"air-jordan-1-retro-high-dior","Jordan 1 Retro High Dior",961
2026-07-16T14:20:55.649Z,gid://shopify/Product/15072802701698,"air-jordan-11-retro-low-diffused-blue-ps","Jordan 11 Retro Low Diffused Blue (PS)",910
2026-07-16T14:20:55.649Z,gid://shopify/Product/15072803062146,"air-jordan-1-retro-low-golf-copa","Jordan 1 Retro Low Golf Copa",1005
2026-07-16T14:20:55.649Z,gid://shopify/Product/15072804340098,"air-jordan-1-retro-high-og-light-fusion-red","Jordan 1 Retro High OG Light Fusion Red",894
2026-07-16T14:20:55.649Z,gid://shopify/Product/15072804864386,"air-jordan-1-retro-high-og-gorge-green","Jordan 1 Retro High OG Gorge Green",1014
2026-07-16T14:20:55.649Z,gid://shopify/Product/15072805323138,"air-jordan-11-mid-mcs-cleat-legend-blue","Jordan 11 Mid MCS Cleat Legend Blue",1074
2026-07-16T14:20:55.649Z,gid://shopify/Product/15072805814658,"air-jordan-1-retro-high-shadow-2018-td","Jordan 1 Retro High Shadow (2018) (TD)",1163
2026-07-16T14:20:55.650Z,gid://shopify/Product/15072806142338,"air-jordan-10-retro-shadow-2018-gs","Jordan 10 Retro Shadow (2018) (GS)",925
2026-07-16T14:20:55.650Z,gid://shopify/Product/15072806732162,"air-jordan-1-retro-high-court-purple-ps-2021","Jordan 1 Retro High Court Purple (2021) (PS)",1000
2026-07-16T14:20:55.650Z,gid://shopify/Product/15072806928770,"air-jordan-1-retro-high-og-yellow-toe-ps","Jordan 1 Retro High OG Taxi (PS)",1012
2026-07-16T14:20:55.650Z,gid://shopify/Product/15072807190914,"air-jordan-1-mid-se-fearless-edison-chen","Jordan 1 Mid SE Fearless Edison Chen CLOT",999
2026-07-16T14:20:55.650Z,gid://shopify/Product/15072807387522,"air-jordan-1-retro-high-bio-hack","Jordan 1 Retro High Tokyo Bio Hack",924
2026-07-16T14:20:55.650Z,gid://shopify/Product/15072807616898,"air-jordan-1-retro-high-fearless-metallic-rose-gold-w","Jordan 1 Retro High Fearless Metallic Rose Gold (Women's)",964
2026-07-16T14:20:55.650Z,gid://shopify/Product/15072807846274,"air-jordan-1-retro-high-bio-hack-gs","Jordan 1 Retro High Tokyo Bio Hack (GS)",990
2026-07-16T14:20:55.650Z,gid://shopify/Product/15072808042882,"air-jordan-1-retro-high-tie-dye-td","Jordan 1 Retro High Tie Dye (TD)",922
2026-07-16T14:20:55.650Z,gid://shopify/Product/15072808272258,"air-jordan-1-mm-galactic-jade-womens","Jordan 1 High Method of Make Galactic Jade (Women's)",1039
2026-07-16T14:20:55.650Z,gid://shopify/Product/15072808468866,"air-jordan-1-mid-reverse-bred-2021-gs","Jordan 1 Mid Reverse Bred (2021) (GS)",967
2026-07-16T14:20:55.650Z,gid://shopify/Product/15072808731010,"air-jordan-1-retro-high-og-latte-womens","Jordan 1 Retro High OG Latte (Women's)",1010
2026-07-16T14:20:55.650Z,gid://shopify/Product/15072809517442,"air-jordan-1-mid-se-tiki-leaf-team-red-w","Jordan 1 Mid SE Tiki Leaf Team Red (Women's)",1150
2026-07-16T14:20:55.650Z,gid://shopify/Product/15072809714050,"air-jordan-1-retro-high-og-brotherhood","Jordan 1 Retro High OG Brotherhood",972
2026-07-16T14:20:55.650Z,gid://shopify/Product/15072809943426,"air-jordan-1-mid-university-blue-grey","Jordan 1 Mid University Blue Grey",976
2026-07-16T14:20:55.650Z,gid://shopify/Product/15072810205570,"air-jordan-1-mid-patent-black-white-gold-ps","Jordan 1 Mid Patent Black White Gold (PS)",1146
2026-07-16T14:20:55.650Z,gid://shopify/Product/15072810467714,"air-jordan-12-retro-gym-red-2018","Jordan 12 Retro Gym Red (2018)",750
2026-07-16T14:20:55.651Z,gid://shopify/Product/15072810697090,"air-jordan-1-retro-low-og-sp-travis-scott-canary-td","Jordan 1 Retro Low OG SP Travis Scott Canary (TD)",1173
2026-07-16T14:20:55.651Z,gid://shopify/Product/15072811024770,"air-jordan-1-retro-high-og-royal-reimagined-ps","Jordan 1 Retro High OG Royal Reimagined (PS)",929
2026-07-16T14:22:35.014Z,gid://shopify/Product/15072811254146,"air-jordan-1-retro-high-og-seafoam-td","Jordan 1 Retro High OG Seafoam (TD)",963
2026-07-16T14:22:35.015Z,gid://shopify/Product/15072811614594,"air-jordan-1-retro-high-vintage-coral","Jordan 1 Retro High Vintage Coral",975
2026-07-16T14:22:35.015Z,gid://shopify/Product/15072811811202,"air-jordan-1-retro-low-og-trophy-room-away","Jordan 1 Retro Low OG Trophy Room Rookie Card Away",924
2026-07-16T14:22:35.015Z,gid://shopify/Product/15072812073346,"air-jordan-1-retro-high-white-university-blue-black-gs","Jordan 1 Retro High OG University Blue (GS)",940
2026-07-16T14:22:35.015Z,gid://shopify/Product/15072812433794,"air-jordan-1-retro-high-black-gym-red","Jordan 1 Retro High Black Gym Red",870
2026-07-16T14:22:35.015Z,gid://shopify/Product/15072812695938,"air-jordan-1-mid-se-ice-blue-w","Jordan 1 Mid SE Ice Blue (Women's)",906
2026-07-16T14:22:35.015Z,gid://shopify/Product/15072812925314,"air-jordan-1-retro-high-og-palomino-gs","Jordan 1 Retro High OG Palomino (GS)",975
2026-07-16T14:22:35.015Z,gid://shopify/Product/15072813252994,"jordan-11-retro-concord-2019","Jordan 11 Retro Concord (2018)",502
2026-07-16T14:22:35.015Z,gid://shopify/Product/15072813613442,"air-jordan-1-mid-pink-shadow","Jordan 1 Mid Pink Shadow",937
2026-07-16T14:22:35.015Z,gid://shopify/Product/15072814104962,"air-jordan-1-retro-low-slip-white-w","Jordan 1 Retro Low Slip Black White (Women's)",922
2026-07-16T14:22:35.015Z,gid://shopify/Product/15072814694786,"air-jordan-1-mid-se-ice-blue-2023-gs","Jordan 1 Mid SE Ice Blue (2023) (GS)",1031
2026-07-16T14:22:35.015Z,gid://shopify/Product/15072814956930,"air-jordan-10-retro-shadow-2018","Jordan 10 Retro Shadow (2018)",936
2026-07-16T14:22:35.015Z,gid://shopify/Product/15072815186306,"air-jordan-1-mid-white-shadow","Jordan 1 Mid White Shadow",987
2026-07-16T14:22:35.016Z,gid://shopify/Product/15072815415682,"air-jordan-1-retro-high-light-army","Jordan 1 Retro High Light Army Rust Shadow Patina",869
2026-07-16T14:22:35.016Z,gid://shopify/Product/15072815645058,"air-jordan-11-retro-concord-2018-gs","Jordan 11 Retro Concord (2018) (GS)",970
2026-07-16T14:22:35.016Z,gid://shopify/Product/15072815907202,"air-jordan-1-mid-patent-black-white-gold-gs","Jordan 1 Mid Patent Black White Gold (GS)",845
2026-07-16T14:22:35.016Z,gid://shopify/Product/15072816169346,"air-jordan-11-retro-low-cool-grey","Jordan 11 Retro Low Cool Grey",837
2026-07-16T14:22:35.016Z,gid://shopify/Product/15072816398722,"air-jordan-1-retro-high-og-chicago-reimagined-lost-and-found","Jordan 1 Retro High OG Chicago Lost and Found (GS)",819
2026-07-16T14:22:35.016Z,gid://shopify/Product/15072816660866,"air-jordan-11-retro-crib-bootie-legend-blue-2024-i","Jordan 11 Retro Crib Bootie Legend Blue (2024) (I)",926
2026-07-16T14:22:35.016Z,gid://shopify/Product/15072816857474,"air-jordan-1-mid-washed-denim-gs","Jordan 1 Mid Washed Denim (GS)",913
2026-07-16T14:22:35.016Z,gid://shopify/Product/15072817086850,"air-jordan-1-retro-top-3","Jordan 1 Retro Top 3",967
2026-07-16T14:22:35.016Z,gid://shopify/Product/15072817348994,"air-jordan-1-mid-legend-blue-gs","Jordan 1 Mid Legend Blue (GS)",845
2026-07-16T14:22:35.016Z,gid://shopify/Product/15072817545602,"air-jordan-11-retro-low-space-jam-td","Jordan 11 Retro Low Space Jam (TD)",1088
2026-07-16T14:22:35.016Z,gid://shopify/Product/15072817807746,"jordan-1-retro-high-og-palomino-1","Jordan 1 Retro High OG Palomino",715
2026-07-16T14:22:35.016Z,gid://shopify/Product/15072818037122,"air-jordan-1-retro-high-og-yellow-toe-gs","Jordan 1 Retro High OG Taxi (GS)",1009
2026-07-16T14:22:35.016Z,gid://shopify/Product/15072818233730,"air-jordan-1-retro-high-85-black-white-2023","Jordan 1 Retro High '85 Black White (2023)",883
2026-07-16T14:22:35.016Z,gid://shopify/Product/15072818463106,"air-jordan-1-mid-se-patchwork-gs","Jordan 1 Mid SE Messy Room (GS)",1370
2026-07-16T14:22:35.016Z,gid://shopify/Product/15072818725250,"air-jordan-1-retro-high-chicago-crystal-ps","Jordan 1 Retro High Spider-Man Origin Story (PS)",1003
2026-07-16T14:22:35.016Z,gid://shopify/Product/15072819020162,"air-jordan-1-mid-schematic-gs","Jordan 1 Mid Schematic (GS)",997
2026-07-16T14:22:35.016Z,gid://shopify/Product/15072819347842,"jordan-1-retro-high-og-patent-bred-1","Jordan 1 Retro High OG Patent Bred",533
2026-07-16T14:22:35.016Z,gid://shopify/Product/15072819609986,"air-jordan-1-mid-se-legend-light-brown-womens","Jordan 1 Mid SE Legend Light Brown (Women's)",1323
2026-07-16T14:22:35.016Z,gid://shopify/Product/15072819839362,"air-jordan-11-retro-low-legend-blue-td","Jordan 11 Retro Low Legend Blue (TD)",875
2026-07-16T14:22:35.016Z,gid://shopify/Product/15072820068738,"air-jordan-1-retro-low-golf-wolf-grey","Jordan 1 Retro Low Golf Wolf Grey",856
2026-07-16T14:22:35.016Z,gid://shopify/Product/15072820363650,"air-jordan-1-retro-high-chicago-crystal-gs","Jordan 1 Retro High Spider-Man Origin Story (GS)",955
2026-07-16T14:22:35.016Z,gid://shopify/Product/15072820560258,"air-jordan-1-mid-elephant-print","Jordan 1 Mid SE Elephant Print",965
2026-07-16T14:22:35.016Z,gid://shopify/Product/15072820855170,"air-jordan-11-retro-bred-velvet-ps","Jordan 11 Retro Bred Velvet (PS)",982
2026-07-16T14:22:35.016Z,gid://shopify/Product/15072821084546,"air-jordan-1-retro-high-og-craft-vibrations-of-naija","Jordan 1 Retro High OG Craft Vibrations Of Naija",911
2026-07-16T14:22:35.016Z,gid://shopify/Product/15072821313922,"air-jordan-1-mid-white-snakeskin-w","Jordan 1 Mid White Snakeskin (Women's)",979
2026-07-16T14:22:35.016Z,gid://shopify/Product/15074844737922,"asics-gel-kayano-14-cream-sweet-pink","ASICS GEL-Kayano 14 Cream Sweet Pink",1131
2026-07-16T14:22:35.016Z,gid://shopify/Product/15074845557122,"nike-air-force-1-low-supreme-box-logo-white","Nike Air Force 1 Low Supreme White",892
2026-07-16T14:24:18.831Z,gid://shopify/Product/15074846015874,"air-jordan-3-retro-og-sp-diffused-blue","Jordan 3 Retro OG SP A Ma Maniére Diffused Blue Diffused Blue",1220
2026-07-16T14:24:18.833Z,gid://shopify/Product/15074846278018,"new-balance-9060-pearl-grey-linen","New Balance 9060 Pearl Grey Linen",1091
2026-07-16T14:24:18.833Z,gid://shopify/Product/15074846507394,"supreme-miami-box-logo-tee-white","Supreme Miami Box Logo Tee White",833
2026-07-16T14:24:18.833Z,gid://shopify/Product/15074846736770,"air-jordan-1-retro-high-og-black-metallic-gold","Jordan 1 Retro High OG Black Metallic Gold",1091
2026-07-16T14:24:18.833Z,gid://shopify/Product/15074847261058,"puma-lamelo-ball-lafrance-amour-moment","Puma LaMelo Ball LaFrancé Amour Moment",993
2026-07-16T14:24:18.833Z,gid://shopify/Product/15074847687042,"supreme-washed-box-logo-crewneck-white","Supreme Washed Box Logo Crewneck White",810
2026-07-16T14:24:18.833Z,gid://shopify/Product/15074847981954,"new-balance-2002r-protection-pack-phantom","New Balance 2002R Protection Pack Phantom",924
2026-07-16T14:24:18.833Z,gid://shopify/Product/15074848211330,"nike-air-max-1-87-white-canyon-pink-womens","Nike Air Max 1 '87 White Canyon Pink (Women's)",1208
2026-07-16T14:24:18.833Z,gid://shopify/Product/15074848506242,"new-balance-9060-dark-olivine","New Balance 9060 Dark Olivine",1142
2026-07-16T14:24:18.833Z,gid://shopify/Product/15075729998210,"the-north-face-1996-retro-nuptse-700-fill-packable-jacket-recycled-tnf-black","The North Face 1996 Retro Nuptse 700 Fill Packable Jacket Recycled TNF Black",1006
2026-07-16T14:24:18.833Z,gid://shopify/Product/15075730227586,"jordan-x-nigel-sylvester-brick-tee-black","Jordan x Nigel Sylvester Brick Tee Black",948
2026-07-16T14:24:18.833Z,gid://shopify/Product/15075730489730,"adidas-handball-spezial-lucid-pink-white-womens","adidas Handball Spezial Lucid Pink White (Women's)",1069
2026-07-16T14:24:18.833Z,gid://shopify/Product/15075730784642,"adidas-yeezy-boost-350-v2-core-black-white","adidas Yeezy Boost 350 V2 Core Black White",761
2026-07-16T14:24:18.833Z,gid://shopify/Product/15075731046786,"new-balance-992-miusa-teddy-santis-moonrock-mushroom","New Balance 992 MiUSA Teddy Santis Moonrock Mushroom",1077
2026-07-16T14:24:18.833Z,gid://shopify/Product/15075731341698,"burberry-icon-stripe-trim-cotton-t-shirt-black","Burberry Icon Stripe Trim Cotton T-shirt Black",850
2026-07-16T14:24:18.833Z,gid://shopify/Product/15075731636610,"adidas-samba-og-cream-white-cardboard","adidas Samba OG Cream White Cardboard",1070
2026-07-16T14:24:18.833Z,gid://shopify/Product/15075731865986,"nike-air-force-1-low-lil-yachty-concrete-boys-its-us","Nike Air Force 1 Low Lil Yachty Concrete Boys It's Us",1188
2026-07-16T14:24:18.833Z,gid://shopify/Product/15075732783490,"nike-air-max-1-essential-summit-white-armory-navy","Nike Air Max 1 Essential Summit White Armory Navy",1102
2026-07-16T14:24:18.833Z,gid://shopify/Product/15075733012866,"air-jordan-1-low-se-coconut-milk-black-muslin","Jordan 1 Low SE Coconut Milk Black Muslin",1301
2026-07-16T14:24:18.833Z,gid://shopify/Product/15075733242242,"new-balance-550-white-black","New Balance 550 White Black",779
2026-07-16T14:24:18.833Z,gid://shopify/Product/15075733897602,"denim-tears-the-cotton-wreath-sweatpants-black","Denim Tears The Cotton Wreath Sweatpants Black",912
2026-07-16T14:24:18.833Z,gid://shopify/Product/15076085596546,"new-balance-9060-mushroom","New Balance 9060 Mushroom Timberwolf",1104
2026-07-16T14:24:18.833Z,gid://shopify/Product/15076086120834,"anti-social-social-club-cancelled-t-shirt-black","Anti Social Social Club Cancelled T-Shirt Black",841
2026-07-16T14:24:18.833Z,gid://shopify/Product/15076086415746,"new-balance-9060-pink-overdye","New Balance 9060 ASOS Exclusive Pink Overdye",931
2026-07-16T14:24:18.833Z,gid://shopify/Product/15076086841730,"nike-air-max-1-swoosh-low-poly-big-head-mode","Nike Air Max 1 .SWOOSH Low Poly Big Head Mode",1213
2026-07-16T14:24:18.833Z,gid://shopify/Product/15076087202178,"adidas-samba-og-silver-metallic-cracked-leather-womens","adidas Samba OG Silver Metallic Cracked Leather (Women's)",1173
2026-07-16T14:24:18.833Z,gid://shopify/Product/15076087628162,"nike-zoom-vomero-5-chrome-toe-womens","Nike Zoom Vomero 5 Chrome Toe (Women's)",1078
2026-07-16T14:24:18.833Z,gid://shopify/Product/15076088086914,"air-jordan-3-retro-sail-cement-grey-womens","Jordan 3 Retro Sail Cement Grey (Women's)",1063
2026-07-16T14:24:18.833Z,gid://shopify/Product/15076088807810,"nike-kd-4-scoring-title-2025","Nike KD 4 Scoring Title (2025)",1162
2026-07-16T14:24:18.833Z,gid://shopify/Product/15076089168258,"nike-air-max-1-light-army-womens","Nike Air Max 1 Light Army (Women's)",1178
2026-07-16T14:24:18.833Z,gid://shopify/Product/15076090118530,"denim-tears-long-sleeve-cotton-wreath-t-shirt-black","Denim Tears Long Sleeve Cotton Wreath T-shirt Black",1023
2026-07-16T14:24:18.833Z,gid://shopify/Product/15077866307970,"nike-pro-hyperwarm-hood-balaclava-black","Nike Pro THERMA-FIT Hyperwarm Hood Black/White",918
2026-07-16T14:24:18.833Z,gid://shopify/Product/15077870305666,"pop-mart-teletubbies-vibrancy-series-figures-sealed-case-8-blind-box","Pop Mart Teletubbies Vibrancy Series Figures Sealed Case (8 Blind Box)",1069
2026-07-16T14:24:18.833Z,gid://shopify/Product/15077876662658,"pop-mart-labubu-the-monsters-coca-cola-series-surprise-shake-vinyl-face-blind-box","Pop Mart Labubu The Monsters Coca Cola Series Surprise Shake Vinyl Plush Figure",1096
2026-07-16T14:24:18.833Z,gid://shopify/Product/15077905236354,"pop-mart-labubu-the-monsters-flip-with-me-vinyl-plush-doll","Pop Mart Labubu The Monsters Flip With Me Vinyl Plush Doll",909
2026-07-16T14:24:18.833Z,gid://shopify/Product/15078997918082,"pop-mart-the-monsters-fall-in-wild-vinyl-plush-doll","Pop Mart LABUBU The Monsters Fall In Wild Vinyl Plush Doll",1087
2026-07-16T14:24:18.833Z,gid://shopify/Product/15079003980162,"nike-reactx-rejuven8-glacier-blue-womens","Nike ReactX Rejuven8 Glacier Blue (Women's)",1015
2026-07-16T14:24:18.833Z,gid://shopify/Product/15081445982594,"air-jordan-3-retro-sp-j-balvin","Jordan 3 Retro SP J Balvin Medellín Sunset",1075
2026-07-16T14:24:18.833Z,gid://shopify/Product/15081690890626,"nike-book-1-mowabb","Nike Book 1 Mowabb",1195
2026-07-16T14:24:18.833Z,gid://shopify/Product/15081789424002,"nike-vomero-5-mystic-red-womens","Nike Zoom Vomero 5 Mystic Red (Women's)",1214
2026-07-16T14:25:57.488Z,gid://shopify/Product/15086654521730,"air-jordan-6-retro-dmp-2020","Jordan 6 Retro DMP (2020)",772
2026-07-16T14:25:57.490Z,gid://shopify/Product/15086655177090,"nike-air-force-1-high-07-sp-billie-eilish-sequoia","Nike Air Force 1 High '07 SP Billie Eilish Sequoia",940
2026-07-16T14:25:57.490Z,gid://shopify/Product/15086702297474,"nike-zoom-vomero-5-pink-foam-phantom-metallic-platinum-black","Nike Zoom Vomero 5 Pink Foam Phantom Metallic Platinum Black",867
2026-07-16T14:25:57.491Z,gid://shopify/Product/15089215046018,"adidas-campus-00s-korn","adidas Campus 00s KoRn",1020
2026-07-16T14:25:57.491Z,gid://shopify/Product/15089389502850,"adidas-gazelle-bold-wild-pink-womens","adidas Gazelle Bold Wild Pink (Womens)",984
2026-07-16T14:25:57.491Z,gid://shopify/Product/15089440260482,"adidas-gazelle-indoor-crew-navy-burgundy","adidas Gazelle Indoor Crew Navy Burgundy",1043
2026-07-16T14:25:57.491Z,gid://shopify/Product/15091388809602,"adidas-handball-spezial-energy-green-pure-sulfur","adidas Handball Spezial Energy Green Pure Sulfur",843
2026-07-16T14:25:57.491Z,gid://shopify/Product/15092689469826,"adidas-italia-spezial-cp-company-white-green","adidas Italia Spezial C.P. Company White Green",863
2026-07-16T14:25:57.491Z,gid://shopify/Product/15094178808194,"adidas-samba-boba-fett-sarlacc-pit","adidas Samba Star Wars Boba Fett Sarlacc Pit",981
2026-07-16T14:25:57.491Z,gid://shopify/Product/15094195093890,"adidas-samba-indoor-lionel-messi","adidas Samba Indoor Lionel Messi",1054
2026-07-16T14:25:57.491Z,gid://shopify/Product/15094218588546,"adidas-samba-og-core-white-magic-beige","adidas Samba OG Core White Magic Beige",1140
2026-07-16T14:25:57.491Z,gid://shopify/Product/15094242214274,"adidas-samba-og-talchum-pack-scarlet","adidas Samba OG Talchum Pack Scarlet",1107
2026-07-16T14:25:57.491Z,gid://shopify/Product/15094251979138,"adidas-samba-team-argentina","adidas Samba Team Argentina",1008
2026-07-16T14:25:57.491Z,gid://shopify/Product/15094260957570,"adidas-samba-xlg-putty-grey-collegiate-green","adidas Samba XLG Putty Grey Collegiate Green",848
2026-07-16T14:25:57.491Z,gid://shopify/Product/15097570656642,"adidas-superstar-clot-by-edison-chen-black","adidas Superstar CLOT By Edison Chen Black",1091
2026-07-16T14:25:57.491Z,gid://shopify/Product/15105227424130,"ugg-classic-mini-platform-boot-black-w","UGG Classic Mini Platform Boot Black (Women's)",834
2026-07-16T14:25:57.491Z,gid://shopify/Product/15105232339330,"ugg-tasman-slipper-burnt-cedar-womens","UGG Tasman Slipper Burnt Cedar (Women's)",981
2026-07-16T14:25:57.491Z,gid://shopify/Product/15105233387906,"ugg-tasman-slipper-antilope-womens","UGG Tasman Slipper Antilope (Women's)",914
2026-07-16T14:25:57.491Z,gid://shopify/Product/15105234207106,"ugg-tasman-ii-slipper-chestnut-womens","UGG Tasman II Slipper Chestnut (Women's)",875
2026-07-16T14:25:57.491Z,gid://shopify/Product/15105235222914,"ugg-tazz-slipper-bay-fog-womens","UGG Tazz Slipper Bay Fog (Women's)",852
2026-07-16T14:25:57.491Z,gid://shopify/Product/15105235714434,"ugg-tasman-slipper-driftwood-white-pepper-womens","UGG Tasman Slipper Driftwood White Pepper (Women's)",891
2026-07-16T14:25:57.491Z,gid://shopify/Product/15105236337026,"ugg-tazz-slipper-heritage-braid-natural-womens","UGG Tazz Slipper Heritage Braid Natural (Women's)",1087
2026-07-16T14:25:57.491Z,gid://shopify/Product/15105236959618,"ugg-disquette-atherson-slipper-chestnut-womens","UGG Disquette Atherson Slipper Chestnut (Women's)",893
2026-07-16T14:25:57.491Z,gid://shopify/Product/15105238040962,"ugg-classic-mini-dipper-puffer-boot-black-womens","UGG Classic Mini Dipper Puffer Boot Black (Women's)",991
2026-07-16T14:25:57.491Z,gid://shopify/Product/15105240957314,"air-jordan-1-low-university-blue-w","Jordan 1 Low Football Grey Aluminum (Women's)",973
2026-07-16T14:25:57.491Z,gid://shopify/Product/15105242890626,"adidas-samba-grey-one-carbon","adidas Samba Grey One Carbon",1016
2026-07-16T14:25:57.491Z,gid://shopify/Product/15105245938050,"adidas-samba-nylon-wales-bonner-fox-brown","adidas Samba Nylon Wales Bonner Fox Brown",1133
2026-07-16T14:25:57.491Z,gid://shopify/Product/15105247379842,"adidas-samba-og-cloud-white-legacy-teal-womens","adidas Samba OG Cloud White Legacy Teal (Women's)",1060
2026-07-16T14:25:57.491Z,gid://shopify/Product/15105254359426,"adidas-samba-og-off-white-core-black","adidas Samba OG Off White Core Black",1034
2026-07-16T14:25:57.491Z,gid://shopify/Product/15105277919618,"adidas-samba-og-white-sky-blue","adidas Samba OG White Sky Blue",1027
2026-07-16T14:25:57.491Z,gid://shopify/Product/15105285095810,"adidas-samba-pony-wales-bonner-cream-white","adidas Samba Nylon Tonal Wales Bonner Cream White",1226
2026-07-16T14:25:57.491Z,gid://shopify/Product/15105298039170,"adidas-sambae-off-white-aluminum-womens","adidas Sambae Off White Aluminum Green (Women's)",963
2026-07-16T14:25:57.491Z,gid://shopify/Product/15105298989442,"new-balance-204l-silver-metallic-black","New Balance 204L Silver Metallic Black",863
2026-07-16T14:25:57.491Z,gid://shopify/Product/15105300234626,"adidas-sl-72-og-silver-metallic-black-gum-womens","adidas SL 72 OG Silver Metallic Black Gum (Women's)",1235
2026-07-16T14:25:57.491Z,gid://shopify/Product/15105736933762,"adidas-yeezy-450-cinder","adidas Yeezy 450 Cinder",788
2026-07-16T14:25:57.491Z,gid://shopify/Product/15105768882562,"adidas-yeezy-boost-350-v2-marsh","adidas Yeezy Boost 350 V2 Marsh",893
2026-07-16T14:25:57.491Z,gid://shopify/Product/15105772224898,"adidas-yeezy-boost-350-v2-natural","adidas Yeezy Boost 350 V2 Natural",842
2026-07-16T14:25:57.491Z,gid://shopify/Product/15105792541058,"adidas-yeezy-boost-700-carbon-blue","adidas Yeezy Boost 700 Carbon Blue",854
2026-07-16T14:25:57.492Z,gid://shopify/Product/15105869021570,"adidas-yeezy-knit-rnr-stone-onyx","adidas Yeezy Knit RNR Stone Onyx",936
2026-07-16T14:25:57.492Z,gid://shopify/Product/15106024931714,"air-jordan-1-high-zoom-air-cmft-2-legend-coffee","Jordan 1 High Zoom Air CMFT 2 Legend Coffee",1072
2026-07-16T14:27:35.925Z,gid://shopify/Product/15106028962178,"air-jordan-1-high-zoom-air-cmft-2-phantom-university-blue-w","Jordan 1 High Zoom Air CMFT 2 Phantom University Blue (Women's)",1239
2026-07-16T14:27:35.926Z,gid://shopify/Product/15106035974530,"air-jordan-1-high-zoom-air-cmft-crater-purple","Jordan 1 High Zoom Air CMFT Crater Purple",1171
2026-07-16T14:27:35.927Z,gid://shopify/Product/15106040791426,"air-jordan-1-high-zoom-air-cmft-london","Jordan 1 High Zoom Air CMFT London",1128
2026-07-16T14:27:35.927Z,gid://shopify/Product/15106044592514,"air-jordan-1-high-zoom-air-cmft-purple-patent-w","Jordan 1 High Zoom Air CMFT Purple Patent (Women's)",1126
2026-07-16T14:27:35.927Z,gid://shopify/Product/15106048590210,"air-jordan-1-high-zoom-cmft-olive-aura-w","Jordan 1 High Zoom Air CMFT Olive Aura (Women's)",1203
2026-07-16T14:27:35.927Z,gid://shopify/Product/15106057339266,"air-jordan-1-low-aqua","Jordan 1 Low Aqua",1040
2026-07-16T14:27:35.927Z,gid://shopify/Product/15106063892866,"air-jordan-1-low-black-guava-ice-w","Jordan 1 Low Black Guava Ice (Women's)",987
2026-07-16T14:27:35.927Z,gid://shopify/Product/15106068480386,"air-jordan-1-low-black-white-dark-smoke-grey","Jordan 1 Low Black White Dark Smoke Grey",1334
2026-07-16T14:27:35.927Z,gid://shopify/Product/15106073919874,"air-jordan-1-low-bred-twist","Jordan 1 Low Bred Twist",1193
2026-07-16T14:27:35.927Z,gid://shopify/Product/15106075459970,"air-jordan-1-low-court-purple-white","Jordan 1 Low Court Purple White",1074
2026-07-16T14:27:35.927Z,gid://shopify/Product/15106077229442,"air-jordan-1-low-fragment-design-x-travis-scott","Jordan 1 Retro Low OG SP Fragment x Travis Scott",966
2026-07-16T14:27:35.927Z,gid://shopify/Product/15106079916418,"air-jordan-1-low-industrial-blue","Jordan 1 Low Industrial Blue",1060
2026-07-16T14:27:35.927Z,gid://shopify/Product/15106081718658,"air-jordan-1-low-light-smoke-grey-gs","Jordan 1 Low Light Smoke Grey (GS)",1076
2026-07-16T14:27:35.927Z,gid://shopify/Product/15106084012418,"air-jordan-1-low-method-of-make-perfect-pink-womens","Jordan 1 Low Method of Make Perfect Pink (Women's)",1210
2026-07-16T14:27:35.927Z,gid://shopify/Product/15106085847426,"air-jordan-1-low-new-emerald-w","Jordan 1 Low New Emerald (Women's)",878
2026-07-16T14:27:35.927Z,gid://shopify/Product/15106088239490,"air-jordan-1-low-og-obsidian-unc-gs","Jordan 1 Low OG Obsidian UNC (GS)",1035
2026-07-16T14:27:35.927Z,gid://shopify/Product/15106090959234,"air-jordan-1-low-orchid-neutral-grey-womens","Jordan 1 Low Orchid Neutral Grey (Women's)",1347
2026-07-16T14:27:35.927Z,gid://shopify/Product/15106093384066,"air-jordan-1-low-psychic-purple-w","Jordan 1 Low Psychic Purple (Women's)",1126
2026-07-16T14:27:35.927Z,gid://shopify/Product/15106094268802,"air-jordan-1-low-reverse-bred-gs","Jordan 1 Low Reverse Bred (GS)",980
2026-07-16T14:27:35.927Z,gid://shopify/Product/15106095284610,"air-jordan-1-low-se-black-toe-2025","Jordan 1 Low SE Black Toe (2025)",1149
2026-07-16T14:27:35.927Z,gid://shopify/Product/15106096562562,"air-jordan-1-low-se-craft-inside-out-cement-grey","Jordan 1 Low SE Craft Inside Out Cement Grey",1469
2026-07-16T14:27:35.927Z,gid://shopify/Product/15106098659714,"air-jordan-1-low-se-legend-blue-patent-gs","Jordan 1 Low SE Legend Blue Patent (GS)",953
2026-07-16T14:27:35.927Z,gid://shopify/Product/15106099413378,"air-jordan-1-low-se-philippines","Jordan 1 Low SE Philippines",1150
2026-07-16T14:27:35.927Z,gid://shopify/Product/15106103640450,"air-jordan-1-low-se-true-blue","Jordan 1 Low SE True Blue",1063
2026-07-16T14:27:35.927Z,gid://shopify/Product/15106114519426,"air-jordan-1-low-slip-shadow-w","Jordan 1 Low Slip Shadow (Women's)",1019
2026-07-16T14:27:35.927Z,gid://shopify/Product/15106115010946,"air-jordan-1-low-td-cleat-panda","Jordan 1 Low TD Cleat Panda",1249
2026-07-16T14:27:35.927Z,gid://shopify/Product/15106115928450,"air-jordan-1-low-triple-white-tumbled-leather","Jordan 1 Low Triple White Tumbled Leather",950
2026-07-16T14:27:35.927Z,gid://shopify/Product/15106116288898,"air-jordan-1-low-university-gold","Jordan 1 Low University Gold",1008
2026-07-16T14:27:35.927Z,gid://shopify/Product/15106116845954,"air-jordan-1-low-white-metallic-gold-w","Jordan 1 Low White Metallic Gold (Women's)",983
2026-07-16T14:27:35.927Z,gid://shopify/Product/15106117173634,"air-jordan-1-mid-85-gs","Jordan 1 Mid '85 (GS)",1019
2026-07-16T14:27:35.927Z,gid://shopify/Product/15106117632386,"air-jordan-1-mid-arctic-pink-black-gs","Jordan 1 Mid Arctic Pink Black (GS)",1041
2026-07-16T14:27:35.927Z,gid://shopify/Product/15106118123906,"air-jordan-1-mid-black-fire-red-td","Jordan 1 Mid Black Fire Red (TD)",1200
2026-07-16T14:27:35.927Z,gid://shopify/Product/15106119041410,"air-jordan-1-mid-black-royal-blue-gs","Jordan 1 Mid Black Royal Blue (GS)",1483
2026-07-16T14:27:35.927Z,gid://shopify/Product/15106666758530,"air-jordan-1-mid-bred-toe","Jordan 1 Mid Bred Toe",948
2026-07-16T14:27:35.927Z,gid://shopify/Product/15106667413890,"air-jordan-1-mid-chicago-2020","Jordan 1 Mid Chicago (2020)",1004
2026-07-16T14:27:35.927Z,gid://shopify/Product/15106668855682,"air-jordan-1-mid-crater-grey-university-blue","Jordan 1 Mid Crater Grey University Blue",1109
2026-07-16T14:27:35.927Z,gid://shopify/Product/15106669642114,"air-jordan-1-mid-dia-de-los-muertos","Jordan 1 Mid Dia de los Muertos",1215
2026-07-16T14:27:35.928Z,gid://shopify/Product/15106673541506,"air-jordan-1-mid-gym-red-black-w","Jordan 1 Mid Gym Red Black (Women's)",793
2026-07-16T14:27:35.928Z,gid://shopify/Product/15106677113218,"air-jordan-1-mid-lakers-2022","Jordan 1 Mid Lakers (2022)",1167
2026-07-16T14:29:23.781Z,gid://shopify/Product/15106681373058,"air-jordan-1-mid-paint-drip-ps","Jordan 1 Mid Paint Drip (PS)",1006
2026-07-16T14:29:23.783Z,gid://shopify/Product/15106687926658,"air-jordan-1-mid-patent-valentines-day-womens","Jordan 1 Mid Patent Valentine's Day (Women's)",1112
2026-07-16T14:29:23.783Z,gid://shopify/Product/15106702705026,"air-jordan-1-mid-se-canvas-khaki-womens","Jordan 1 Mid SE Canvas Khaki (Women's)",1252
2026-07-16T14:29:23.783Z,gid://shopify/Product/15106706014594,"air-jordan-1-mid-se-red-quilt-gs","Jordan 1 Mid SE Red Quilt (GS)",1247
2026-07-16T14:29:23.783Z,gid://shopify/Product/15106710700418,"air-jordan-1-mid-space-jam-ps","Jordan 1 Mid SE Space Jam (PS)",1189
2026-07-16T14:29:23.783Z,gid://shopify/Product/15106731278722,"air-jordan-1-mid-valentines-day-2022-w","Jordan 1 Mid Valentine's Day (2022) (Women's)",1085
2026-07-16T14:29:23.783Z,gid://shopify/Product/15106738454914,"air-jordan-1-retro-high-85-og-metallic-burgundy","Jordan 1 Retro High '85 OG Metallic Burgundy",1169
2026-07-16T14:29:23.783Z,gid://shopify/Product/15106742813058,"air-jordan-1-retro-high-co-japan-midnight-navy-gs","Jordan 1 Retro High CO Japan Midnight Navy (GS)",1041
2026-07-16T14:29:23.783Z,gid://shopify/Product/15106745467266,"air-jordan-1-retro-high-element-gore-tex-black-infrared","Jordan 1 Retro High Element Gore-Tex Black Infrared",1328
2026-07-16T14:29:23.783Z,gid://shopify/Product/15106750284162,"air-jordan-1-retro-high-hyper-royal","Jordan 1 Retro High Hyper Royal",1149
2026-07-16T14:29:23.783Z,gid://shopify/Product/15106754347394,"air-jordan-1-retro-high-og-atmosphere-pink-w","Jordan 1 Retro High OG Washed Pink (Women's)",888
2026-07-16T14:29:23.783Z,gid://shopify/Product/15106758672770,"air-jordan-1-retro-high-og-heritage-gs","Jordan 1 Retro High OG Heritage (GS)",1006
2026-07-16T14:29:23.783Z,gid://shopify/Product/15106768470402,"air-jordan-1-retro-high-og-stealth","Jordan 1 Retro High OG Stealth",968
2026-07-16T14:29:23.783Z,gid://shopify/Product/15106778726786,"air-jordan-1-retro-high-paris-saint-germain","Jordan 1 Retro High Paris Saint Germain",910
2026-07-16T14:29:23.783Z,gid://shopify/Product/15106784854402,"air-jordan-1-retro-high-tie-dye-w","Jordan 1 Retro High Tie Dye (Women's)",917
2026-07-16T14:29:23.783Z,gid://shopify/Product/15106800877954,"air-jordan-1-retro-low-golf-black-gum","Jordan 1 Retro Low Golf Black Gum",1251
2026-07-16T14:29:23.783Z,gid://shopify/Product/15106903802242,"air-jordan-1-retro-low-og-sp-travis-scott-black-phantom-ps","Jordan 1 Retro Low OG SP Travis Scott Black Phantom (PS)",1292
2026-07-16T14:29:23.784Z,gid://shopify/Product/15106908291458,"air-jordan-1-retro-low-white-ghost-green-black","Jordan 1 Retro Low White Ghost Green Black",864
2026-07-16T14:29:23.784Z,gid://shopify/Product/15106910781826,"air-jordan-10-retro-orlando-gs","Jordan 10 Retro Orlando (GS)",1319
2026-07-16T14:29:23.784Z,gid://shopify/Product/15106913763714,"air-jordan-11-cmft-low-bred","Jordan 11 CMFT Low Bred (2021)",1114
2026-07-16T14:29:23.784Z,gid://shopify/Product/15106919629186,"air-jordan-11-retro-dmp-defining-moments-2023-ps","Jordan 11 Retro DMP Gratitude (2023) (PS)",1047
2026-07-16T14:29:23.784Z,gid://shopify/Product/15106922807682,"air-jordan-11-retro-low-concord-bred-gs","Jordan 11 Retro Low Concord Bred (GS)",992
2026-07-16T14:29:23.784Z,gid://shopify/Product/15106927395202,"air-jordan-11-retro-low-legend-blue-ps","Jordan 11 Retro Low Legend Blue (PS)",1032
2026-07-16T14:29:23.784Z,gid://shopify/Product/15106938241410,"air-jordan-11-retro-space-jam-2016-gs","Jordan 11 Retro Space Jam (2016) (GS)",1010
2026-07-16T14:29:23.784Z,gid://shopify/Product/15106943025538,"air-jordan-12-retro-playoffs-2022","Jordan 12 Retro Playoffs (2022)",1163
2026-07-16T14:29:23.784Z,gid://shopify/Product/15106944827778,"air-jordan-12-retro-sp-solefly-baroque-brown","Jordan 12 Retro SP SoleFly Cafecito",1150
2026-07-16T14:29:23.784Z,gid://shopify/Product/15106945745282,"air-jordan-13-retro-brave-blue","Jordan 13 Retro Brave Blue",1011
2026-07-16T14:29:23.784Z,gid://shopify/Product/15106946924930,"air-jordan-13-retro-gym-red-flint-grey","Jordan 13 Retro Gym Red Flint Grey",1055
2026-07-16T14:29:23.784Z,gid://shopify/Product/15106947776898,"air-jordan-13-retro-playoffs-2023","Jordan 13 Retro Playoffs (2023)",1022
2026-07-16T14:29:23.784Z,gid://shopify/Product/15106948596098,"air-jordan-13-retro-wolf-grey-gs","Jordan 13 Retro Wolf Grey (GS)",1218
2026-07-16T14:29:23.784Z,gid://shopify/Product/15106950103426,"air-jordan-17-retro-low-sp-university-blue-2024","Jordan 17 Retro Low SP University Blue (2024)",1186
2026-07-16T14:29:23.784Z,gid://shopify/Product/15106952135042,"air-jordan-2-retro-low-cherrywood","Jordan 2 Retro Low Cherrywood",1307
2026-07-16T14:29:23.784Z,gid://shopify/Product/15106953642370,"air-jordan-2-retro-low-quai-54-2023","Jordan 2 Retro Low Quai 54 (2023)",1473
2026-07-16T14:29:23.784Z,gid://shopify/Product/15106955444610,"air-jordan-2-retro-mauve-womens","Jordan 2 Retro Mauve (Women's)",1368
2026-07-16T14:29:23.784Z,gid://shopify/Product/15106961604994,"air-jordan-3-retro-black-cement-2024-td","Jordan 3 Retro Black Cement (2024) (TD)",879
2026-07-16T14:29:23.784Z,gid://shopify/Product/15106964029826,"air-jordan-3-retro-desert-elephant","Jordan 3 Retro Desert Elephant",832
2026-07-16T14:29:23.784Z,gid://shopify/Product/15106971763074,"air-jordan-3-retro-j-balvin-rio","Jordan 3 Retro J Balvin Rio",1155
2026-07-16T14:29:23.784Z,gid://shopify/Product/15106974515586,"air-jordan-3-retro-palomino","Jordan 3 Retro Palomino",944
2026-07-16T14:29:23.784Z,gid://shopify/Product/15106976809346,"air-jordan-3-retro-tinker-white-university-red","Jordan 3 Retro Tinker White University Red",844
2026-07-16T14:29:23.784Z,gid://shopify/Product/15106984182146,"air-jordan-36-low-pure-money","Jordan 36 Low Pure Money",1232
2026-07-16T14:31:07.918Z,gid://shopify/Product/15106990145922,"air-jordan-4-retro-black-cat-2020","Jordan 4 Retro Black Cat (2020)",844
2026-07-16T14:31:07.920Z,gid://shopify/Product/15106992603522,"air-jordan-4-retro-bred-2019","Jordan 4 Retro Bred (2019)",859
2026-07-16T14:31:07.920Z,gid://shopify/Product/15106995028354,"air-jordan-4-retro-cacao-wow-gs","Jordan 4 Retro Cacao Wow (GS)",1174
2026-07-16T14:31:07.921Z,gid://shopify/Product/15106998698370,"air-jordan-4-retro-fear-2024-ps","Jordan 4 Retro Fear (2024) (PS)",1182
2026-07-16T14:31:07.921Z,gid://shopify/Product/15107000861058,"air-jordan-4-retro-fire-red-2020-ps","Jordan 4 Retro Fire Red (2020) (PS)",959
2026-07-16T14:31:07.921Z,gid://shopify/Product/15107003482498,"air-jordan-4-retro-golf-acg","Jordan 4 Retro Golf US Open Torrey Pines Pack ACG",846
2026-07-16T14:31:07.921Z,gid://shopify/Product/15107005350274,"air-jordan-4-retro-golf-white-cement","Jordan 4 Retro Golf White Cement",876
2026-07-16T14:31:07.921Z,gid://shopify/Product/15107007414658,"air-jordan-4-retro-kaws","Jordan 4 Retro Kaws",821
2026-07-16T14:31:07.921Z,gid://shopify/Product/15107008921986,"air-jordan-4-retro-levis-black-gs","Jordan 4 Retro Levi's Black (GS) (Levi's Tag)",1217
2026-07-16T14:31:07.921Z,gid://shopify/Product/15107010494850,"air-jordan-4-retro-levis-white-gs","Jordan 4 Retro Levi's White (GS) (Levi's Tag)",1120
2026-07-16T14:31:07.922Z,gid://shopify/Product/15107012592002,"air-jordan-4-retro-messy-room-ps","Jordan 4 Retro Messy Room (PS)",1580
2026-07-16T14:31:07.922Z,gid://shopify/Product/15107014852994,"air-jordan-4-retro-midnight-navy-td","Jordan 4 Retro Midnight Navy (TD)",1205
2026-07-16T14:31:07.922Z,gid://shopify/Product/15107018752386,"air-jordan-4-retro-motorsports-alternate-gs","Jordan 4 Retro Motorsports Alternate (GS)",1047
2026-07-16T14:31:07.922Z,gid://shopify/Product/15107022651778,"air-jordan-4-retro-olivia-kim-no-cover-w","Jordan 4 Retro Olivia Kim No Cover (Women's)",1132
2026-07-16T14:31:07.922Z,gid://shopify/Product/15107026682242,"air-jordan-4-retro-pure-money-2017","Jordan 4 Retro Pure Money (2017)",700
2026-07-16T14:31:07.922Z,gid://shopify/Product/15107030974850,"air-jordan-4-retro-red-cement-td","Jordan 4 Retro Red Cement (TD)",1175
2026-07-16T14:31:07.922Z,gid://shopify/Product/15107035595138,"air-jordan-4-retro-se-craft-medium-olive-ps","Jordan 4 Retro SE Craft Medium Olive (PS)",1418
2026-07-16T14:31:07.923Z,gid://shopify/Product/15107051553154,"air-jordan-4-retro-se-neon-ps","Jordan 4 Retro SE 95 Neon (PS)",1203
2026-07-16T14:31:07.923Z,gid://shopify/Product/15107053486466,"air-jordan-4-retro-sp-30th-anniversary-union-desert-moss","Jordan 4 Retro SP 30th Anniversary Union Desert Moss",801
2026-07-16T14:31:07.923Z,gid://shopify/Product/15107054797186,"air-jordan-4-retro-taupe-haze-gs","Jordan 4 Retro Taupe Haze (GS)",1024
2026-07-16T14:31:07.923Z,gid://shopify/Product/15107056796034,"air-jordan-4-retro-true-berry-gs","Jordan 4 Retro Valentine's Day (2019) (GS)",730
2026-07-16T14:31:07.923Z,gid://shopify/Product/15107059581314,"air-jordan-4-retro-university-blue-td","Jordan 4 Retro University Blue (TD)",1034
2026-07-16T14:31:07.923Z,gid://shopify/Product/15107060728194,"air-jordan-4-retro-where-the-wild-things-are-gs","Jordan 4 Retro Where the Wild Things Are (GS)",850
2026-07-16T14:31:07.923Z,gid://shopify/Product/15107061481858,"air-jordan-4-retro-white-court-purple","Jordan 4 Retro Metallic Purple",969
2026-07-16T14:31:07.923Z,gid://shopify/Product/15107063251330,"air-jordan-4-retro-white-thunder-td","Jordan 4 Retro White Thunder (TD)",1199
2026-07-16T14:31:07.923Z,gid://shopify/Product/15107064168834,"air-jordan-4-rm-black-light-bone","Jordan 4 RM Black Light Bone",1204
2026-07-16T14:31:07.923Z,gid://shopify/Product/15107065938306,"air-jordan-4-rm-iron-grey","Jordan 4 RM Iron Grey",1130
2026-07-16T14:31:07.923Z,gid://shopify/Product/15107068952962,"air-jordan-5-golf-low-wolf-grey","Jordan 5 Golf Low Wolf Grey",1010
2026-07-16T14:31:07.923Z,gid://shopify/Product/15107071017346,"air-jordan-5-retro-alternate-grape","Jordan 5 Retro Alternate Grape",1010
2026-07-16T14:31:07.923Z,gid://shopify/Product/15107072557442,"air-jordan-5-retro-awake-ny-black","Jordan 5 Retro Awake NY Black",1087
2026-07-16T14:31:07.923Z,gid://shopify/Product/15107074687362,"air-jordan-5-retro-dark-concord-gs","Jordan 5 Retro Dark Concord (GS)",829
2026-07-16T14:31:07.923Z,gid://shopify/Product/15107075965314,"air-jordan-5-retro-dj-khaled-we-the-best-sail","Jordan 5 Retro DJ Khaled We The Best Sail",996
2026-07-16T14:31:07.923Z,gid://shopify/Product/15107077898626,"air-jordan-5-retro-fire-red-silver-tongue-2020","Jordan 5 Retro Fire Red Silver Tongue (2020)",948
2026-07-16T14:31:07.923Z,gid://shopify/Product/15107080356226,"air-jordan-5-retro-gore-tex-off-noir-w","Jordan 5 Retro Gore-Tex Off Noir (Women's)",1048
2026-07-16T14:31:07.923Z,gid://shopify/Product/15107081994626,"air-jordan-5-retro-green-bean-2022-ps","Jordan 5 Retro Green Bean (2022) (PS)",970
2026-07-16T14:31:07.923Z,gid://shopify/Product/15107083305346,"air-jordan-5-retro-jade-horizon-gs","Jordan 5 Retro Jade Horizon (GS)",1047
2026-07-16T14:31:07.923Z,gid://shopify/Product/15107084616066,"air-jordan-5-retro-low-clot-jade","Jordan 5 Retro Low CLOT Jade",963
2026-07-16T14:31:07.923Z,gid://shopify/Product/15107085664642,"air-jordan-5-retro-low-golf-fire-red-silver-tongue","Jordan 5 Retro Low Golf Fire Red (Silver Tongue)",826
2026-07-16T14:31:07.923Z,gid://shopify/Product/15107087106434,"air-jordan-5-retro-lucky-green-womens","Jordan 5 Retro Lucky Green (Women's)",1295
2026-07-16T14:31:07.923Z,gid://shopify/Product/15107088286082,"air-jordan-5-retro-moonlight-2021-td","Jordan 5 Retro Moonlight (2021) (TD)",1335
2026-07-16T14:32:54.459Z,gid://shopify/Product/15107089269122,"air-jordan-5-retro-oil-grey-w","Jordan 5 Retro Oil Grey (Women's)",1019
2026-07-16T14:32:54.461Z,gid://shopify/Product/15107090678146,"air-jordan-5-retro-quai-54-2021","Jordan 5 Retro Quai 54 (2021)",1135
2026-07-16T14:32:54.461Z,gid://shopify/Product/15107091530114,"air-jordan-5-retro-raging-bulls-red-2021-ps","Jordan 5 Retro Raging Bull Red (2021) (PS)",1116
2026-07-16T14:32:54.461Z,gid://shopify/Product/15107092513154,"air-jordan-5-retro-satin-bred","Jordan 5 Retro Satin Bred",679
2026-07-16T14:32:54.461Z,gid://shopify/Product/15107093660034,"air-jordan-5-retro-se-sail-gs","Jordan 5 Retro SE Sail (GS)",1423
2026-07-16T14:32:54.461Z,gid://shopify/Product/15107094937986,"air-jordan-5-retro-top-3-gs","Jordan 5 Retro Top 3 (GS)",1026
2026-07-16T14:32:54.461Z,gid://shopify/Product/15107096412546,"air-jordan-5-retro-white-cement-gs","Jordan 5 Retro White Cement (GS)",1452
2026-07-16T14:32:54.461Z,gid://shopify/Product/15107097657730,"air-jordan-5-retro-white-stealth-2021-td","Jordan 5 Retro White Stealth (2021) (TD)",1124
2026-07-16T14:32:54.461Z,gid://shopify/Product/15107100082562,"air-jordan-6-retro-all-star-2017","Jordan 6 Retro All-Star Chameleon (2017)",1102
2026-07-16T14:32:54.461Z,gid://shopify/Product/15107101000066,"air-jordan-6-retro-aqua-gs","Jordan 6 Retro Aqua (GS)",1384
2026-07-16T14:32:54.461Z,gid://shopify/Product/15107102441858,"air-jordan-6-retro-black-light-smoke-grey-w","Jordan 6 Retro Tech Chrome (Women's)",1046
2026-07-16T14:32:54.461Z,gid://shopify/Product/15107102998914,"air-jordan-6-retro-carmine-2020-ps","Jordan 6 Retro Carmine (2021) (PS)",938
2026-07-16T14:32:54.461Z,gid://shopify/Product/15107103850882,"air-jordan-6-retro-chrome-metallic-silver-td","Jordan 6 Retro Chrome (TD)",1172
2026-07-16T14:32:54.461Z,gid://shopify/Product/15107104997762,"air-jordan-6-retro-craft-paris-olympics-womens","Jordan 6 Retro Craft Paris Olympics (Women's)",774
2026-07-16T14:32:54.461Z,gid://shopify/Product/15107106308482,"air-jordan-6-retro-electric-green-gs","Jordan 6 Retro Electric Green (GS)",1041
2026-07-16T14:32:54.461Z,gid://shopify/Product/15107107324290,"air-jordan-6-retro-gatorade-like-mike-white-gs","Jordan 6 Retro Gatorade Like Mike White (GS)",1142
2026-07-16T14:32:54.461Z,gid://shopify/Product/15107108372866,"air-jordan-6-retro-hare-gs","Jordan 6 Retro Hare (GS)",1065
2026-07-16T14:32:54.461Z,gid://shopify/Product/15107110175106,"air-jordan-6-retro-low-golf-nrg-eastside-golf-1961","Jordan 6 Retro Low Golf NRG Eastside Golf 1961",1661
2026-07-16T14:32:54.461Z,gid://shopify/Product/15107111387522,"air-jordan-6-retro-metallic-silver","Jordan 6 Retro Chrome",1072
2026-07-16T14:32:54.461Z,gid://shopify/Product/15107113550210,"air-jordan-6-retro-olympic-2024-gs","Jordan 6 Retro Olympic (2024) (GS)",1398
2026-07-16T14:32:54.461Z,gid://shopify/Product/15107115123074,"air-jordan-6-retro-psg-paris-saint-germain-gs","Jordan 6 Retro PSG Paris Saint-Germain (GS)",1332
2026-07-16T14:32:54.461Z,gid://shopify/Product/15107116433794,"air-jordan-6-retro-reflective-infrared","Jordan 6 Retro Reflections of a Champion",708
2026-07-16T14:32:54.461Z,gid://shopify/Product/15107117482370,"air-jordan-6-retro-tinker-gs","Jordan 6 Retro Tinker (GS)",934
2026-07-16T14:32:54.462Z,gid://shopify/Product/15107119382914,"air-jordan-6-retro-travis-scott-british-khaki-td","Jordan 6 Retro Travis Scott British Khaki (TD)",1063
2026-07-16T14:32:54.462Z,gid://shopify/Product/15107120136578,"air-jordan-6-retro-unc-gs","Jordan 6 Retro UNC (GS)",1284
2026-07-16T14:32:54.462Z,gid://shopify/Product/15107122790786,"air-jordan-6-retro-wheat","Jordan 6 Retro Wheat",1076
2026-07-16T14:32:54.462Z,gid://shopify/Product/15107214442882,"air-jordan-6-rings-hare","Jordan 6 Rings Hare",1573
2026-07-16T14:32:54.462Z,gid://shopify/Product/15107218735490,"air-jordan-6-rings-unc","Jordan 6 Rings UNC",1443
2026-07-16T14:32:54.462Z,gid://shopify/Product/15107222176130,"air-jordan-6-rings-winterized-black-2023","Jordan 6 Rings Winterized Black (2023)",1348
2026-07-16T14:32:54.462Z,gid://shopify/Product/15107223355778,"air-jordan-8-retro-quai54-2019","Jordan 8 Retro Quai 54 (2019)",1292
2026-07-16T14:32:54.462Z,gid://shopify/Product/15107224568194,"air-jordan-9-retro-kobe-bryant-pe","Jordan 9 Retro Kobe Bryant PE",1051
2026-07-16T14:32:54.462Z,gid://shopify/Product/15107226468738,"air-jordan-adg-4-golf-black-cement","Jordan ADG 4 Golf Black Cement",1285
2026-07-16T14:32:54.462Z,gid://shopify/Product/15107228631426,"air-jordan-cmft-era-white-sail-black","Jordan CMFT Era White Sail Black",1283
2026-07-16T14:32:54.462Z,gid://shopify/Product/15107232858498,"air-jordan-hydro-4-slide-black-cement","Jordan Hydro 4 Slide Black Cement",1325
2026-07-16T14:32:54.462Z,gid://shopify/Product/15107236102530,"air-jordan-hydro-slide-4-lightning","Jordan Hydro Slide 4 Lightning",1380
2026-07-16T14:32:54.462Z,gid://shopify/Product/15107238297986,"air-jordan-legacy-312-low-black-metallic-gold","Jordan Legacy 312 Low Black Metallic Gold",1369
2026-07-16T14:32:54.462Z,gid://shopify/Product/15107240558978,"air-jordan-legacy-312-pistons","Jordan Legacy 312 Pistons",1034
2026-07-16T14:32:54.462Z,gid://shopify/Product/15107242262914,"air-jordan-luka-1-reverse-orca","Jordan Luka 1 Reverse Orca",859
2026-07-16T14:32:54.462Z,gid://shopify/Product/15107250618754,"air-jordan-new-beginnings-pack-1-nike-air-ship","Jordan New Beginnings Pack Retro High 1 & Nike Air Ship",1622
2026-07-16T14:32:54.462Z,gid://shopify/Product/15107256320386,"air-jordan-spizike-low-archaeo-brown","Jordan Spizike Low Archaeo Brown",1354
2026-07-16T14:34:45.866Z,gid://shopify/Product/15107257434498,"air-jordan-spizike-low-flax","Jordan Spizike Low Flax",1257
2026-07-16T14:34:45.869Z,gid://shopify/Product/15107258515842,"air-jordan-spizike-low-unc","Jordan Spizike Low UNC",1141
2026-07-16T14:34:45.869Z,gid://shopify/Product/15107263529346,"air-jordan-why-not-zer04-marathon","Jordan Why Not Zer0.4 Marathon",1139
2026-07-16T14:34:45.869Z,gid://shopify/Product/15107275784578,"air-jordan-6-rings-black-gym-red","Jordan 6 Rings Black Gym Red",1276
2026-07-16T14:34:45.869Z,gid://shopify/Product/15107277750658,"air-jordan-6-rings-cherry","Jordan 6 Rings Cherry",1265
2026-07-16T14:34:45.869Z,gid://shopify/Product/15108215538050,"air-jordan-why-not-zer05-childhood","Jordan Why Not Zer0.5 Childhood",1162
2026-07-16T14:34:45.869Z,gid://shopify/Product/15108218978690,"air-jordan-xxxiv-blue-void","Jordan XXXIV Blue Void",1161
2026-07-16T14:34:45.869Z,gid://shopify/Product/15108221010306,"air-jordan-xxxiv-low-bred","Jordan XXXIV Low Heritage",1441
2026-07-16T14:34:45.869Z,gid://shopify/Product/15108223336834,"air-jordan-xxxiv-zion-williamson-coloring-book","Jordan XXXIV Zion Williamson Coloring Book",1136
2026-07-16T14:34:45.869Z,gid://shopify/Product/15108224876930,"air-jordan-xxxv-chinese-new-year-2021","Jordan XXXV Chinese New Year (2021)",1242
2026-07-16T14:34:45.870Z,gid://shopify/Product/15108227793282,"air-jordan-xxxv-low-luka-doncic-pe","Jordan XXXV Low Cosmic Deception Luka Doncic PE",866
2026-07-16T14:34:45.870Z,gid://shopify/Product/15108229890434,"air-jordan-xxxv-warrior","Jordan XXXV Warrior",1317
2026-07-16T14:34:45.870Z,gid://shopify/Product/15108234150274,"anti-social-social-club-bat-emoji-hoodie-black","Anti Social Social Club Bat Emoji Hoodie Black",943
2026-07-16T14:34:45.870Z,gid://shopify/Product/15108243423618,"bape-1st-camo-shark-full-zip-hoodie-fw18-yellow","BAPE 1st Camo Shark Full Zip Hoodie Yellow",979
2026-07-16T14:34:45.870Z,gid://shopify/Product/15108251484546,"bape-x-adidas-all-over-print-sstr-track-top-black","BAPE x adidas All Over Print SSTR Track Top Black",1043
2026-07-16T14:34:45.870Z,gid://shopify/Product/15108254171522,"bearbrick-michael-jordan-1991-world-champion-1000","Bearbrick Michael Jordan 1991 World Champion 1000%",910
2026-07-16T14:34:45.870Z,gid://shopify/Product/15108265902466,"burberry-check-suede-leather-sneakers-vintage-check-print-black","Burberry Check Suede Leather Sneakers Vintage Check-print Black",803
2026-07-16T14:34:45.870Z,gid://shopify/Product/15108269375874,"canon-powershot-g7-x-mark-ii-1066c001-iv-black","Canon PowerShot G7 X Mark II 1066C001-IV Black",1284
2026-07-16T14:34:45.870Z,gid://shopify/Product/15108278059394,"converse-chuck-taylor-all-star-70s-ox-comme-des-garcons-play-blue","Converse Chuck Taylor All Star 70 Ox Comme des Garcons PLAY Blue Quartz",1158
2026-07-16T14:34:45.870Z,gid://shopify/Product/15108290347394,"crocs-pollex-clog-by-salehe-bembury-kuwata","Crocs Pollex Clog by Salehe Bembury Kuwata",1134
2026-07-16T14:34:45.870Z,gid://shopify/Product/15108292542850,"denim-tears-the-cotton-wreath-sweatpants-grey","Denim Tears The Cotton Wreath Sweatpants Grey",1108
2026-07-16T14:34:45.870Z,gid://shopify/Product/15108296769922,"enterbay-nba-final-edition-michael-jordan-chicago-bulls-away-1-6-2-figure-set","Enterbay NBA Final Edition Michael Jordan Chicago Bulls Away 1/6 Action Figure Set",1341
2026-07-16T14:34:45.870Z,gid://shopify/Product/15108316758402,"funko-pop-basketball-michael-jordan-all-star-upper-deck-exclusive-figure-71","Funko Pop! Basketball Michael Jordan All-Star Upper Deck Exclusive Figure #71",820
2026-07-16T14:34:45.870Z,gid://shopify/Product/15108317675906,"funko-pop-basketball-usa-basketball-michael-jordan-target-exclusive-figure-114","Funko Pop! Basketball USA Basketball Michael Jordan Target Exclusive Figure #114",743
2026-07-16T14:34:45.870Z,gid://shopify/Product/15108324196738,"gucci-gg-canvas-wide-brim-hat-beige-ebony","Gucci GG Canvas Wide Brim Hat Beige/Ebony",1219
2026-07-16T14:34:45.871Z,gid://shopify/Product/15108325966210,"gucci-queen-elastic-headband-ivory-dark-green","Gucci Queen Elastic Headband Ivory/Dark Green",1452
2026-07-16T14:34:45.871Z,gid://shopify/Product/15108332650882,"jordan-1-retro-fragment","Jordan 1 Retro High Fragment",1390
2026-07-16T14:34:45.871Z,gid://shopify/Product/15108342841730,"jordan-10-retro-chicago-flag","Jordan 10 Retro Chicago Flag",1242
2026-07-16T14:34:45.871Z,gid://shopify/Product/15108345856386,"jordan-10-retro-london","Jordan 10 Retro London",1265
2026-07-16T14:34:45.871Z,gid://shopify/Product/15108347756930,"jordan-10-retro-rio","Jordan 10 Retro Rio",972
2026-07-16T14:34:45.871Z,gid://shopify/Product/15108350443906,"jordan-11-retro-concord-2000","Jordan 11 Retro Concord (2000)",1291
2026-07-16T14:34:45.871Z,gid://shopify/Product/15108351885698,"jordan-11-retro-low-bred-gs","Jordan 11 Retro Low Bred (GS)",1224
2026-07-16T14:34:45.871Z,gid://shopify/Product/15108353229186,"jordan-11-retro-low-infrared","Jordan 11 Retro Low Infrared",1033
2026-07-16T14:34:45.871Z,gid://shopify/Product/15108354900354,"jordan-13-retro-chris-paul-away","Jordan 13 Retro Chris Paul Away",1041
2026-07-16T14:34:45.871Z,gid://shopify/Product/15108356342146,"jordan-1pt5-retro-reverse-fragment","Jordan 1.5 Retro Reverse Fragment",1298
2026-07-16T14:34:45.871Z,gid://shopify/Product/15108359192962,"jordan-4-retro-alternate-89","Jordan 4 Retro Alternate 89",990
2026-07-16T14:34:45.871Z,gid://shopify/Product/15108360995202,"jordan-4-retro-denim-gs","Jordan 4 Retro Denim (GS)",1459
2026-07-16T14:34:45.871Z,gid://shopify/Product/15108362994050,"jordan-4-retro-fuschia-gs","Jordan 4 Retro Fuschia (GS)",1596
2026-07-16T14:34:45.871Z,gid://shopify/Product/15108364992898,"jordan-4-retro-oreo-2015-gs","Jordan 4 Retro Oreo (2015) (GS)",1389
2026-07-16T14:34:45.871Z,gid://shopify/Product/15108367352194,"jordan-4-retro-thunder-2012","Jordan 4 Retro Thunder (2012)",931
2026-07-16T14:36:37.592Z,gid://shopify/Product/15108368531842,"jordan-4-retro-white-laser","Jordan 4 Retro White Laser",1294
2026-07-16T14:36:37.595Z,gid://shopify/Product/15108370137474,"jordan-5-retro-black-metallic-2007","Jordan 5 Retro Black Metallic (2007)",1178
2026-07-16T14:36:37.596Z,gid://shopify/Product/15108371546498,"jordan-5-retro-doernbecher","Jordan 5 Retro Doernbecher",1187
2026-07-16T14:36:37.596Z,gid://shopify/Product/15108373217666,"jordan-5-retro-grape-2013","Jordan 5 Retro Grape (2013)",967
2026-07-16T14:36:37.596Z,gid://shopify/Product/15108375380354,"jordan-5-retro-low-dunk-from-above","Jordan 5 Retro Low Dunk From Above",1204
2026-07-16T14:36:37.596Z,gid://shopify/Product/15108376953218,"jordan-5-retro-oreo","Jordan 5 Retro Oreo (2013)",1203
2026-07-16T14:36:37.596Z,gid://shopify/Product/15108379378050,"jordan-5-retro-supreme-white","Jordan 5 Retro Supreme White",1198
2026-07-16T14:36:37.596Z,gid://shopify/Product/15108382720386,"jordan-6-retro-carmine-cdp-2008","Jordan 6 Retro Carmine CDP (2008)",1047
2026-07-16T14:36:37.596Z,gid://shopify/Product/15108387045762,"jordan-6-retro-infrared-black-2014","Jordan 6 Retro Infrared Black (2014)",1022
2026-07-16T14:36:37.596Z,gid://shopify/Product/15108390257026,"jordan-6-retro-low-ghost-green","Jordan 6 Retro Low Ghost Green",1106
2026-07-16T14:36:37.596Z,gid://shopify/Product/15108392550786,"jordan-6-retro-olympic-london-2012","Jordan 6 Retro Olympic London (2012)",1021
2026-07-16T14:36:37.596Z,gid://shopify/Product/15108397924738,"jordan-defining-moments-pack-6-11","Jordan Defining Moments Pack (6/11)",1004
2026-07-16T14:36:37.596Z,gid://shopify/Product/15109143069058,"jordan-raging-bull-pack-5-5","Jordan Raging Bull Pack (5/5)",1300
2026-07-16T14:36:37.596Z,gid://shopify/Product/15109146313090,"jordan-x-nigel-sylvester-bmx-jersey-iron-grey","Jordan x Nigel Sylvester BMX Jersey Iron Grey",993
2026-07-16T14:36:37.596Z,gid://shopify/Product/15109150933378,"kaws-brooklyn-museum-kimpsons-postcard-set-of-4","KAWS Brooklyn Museum KIMPSONS Postcard Set of 4",779
2026-07-16T14:36:37.596Z,gid://shopify/Product/15109154341250,"kaws-x-uniqlo-ut-short-sleeve-artbook-cover-t-shirt-white","KAWS x Uniqlo UT Short Sleeve Artbook Cover T-shirt (US Sizing) White",1059
2026-07-16T14:36:37.596Z,gid://shopify/Product/15109155258754,"kd-5-all-star-area-72","Nike KD 5 All-Star Area 72",1187
2026-07-16T14:36:37.596Z,gid://shopify/Product/15109160370562,"kith-quinn-tee-pyrite","Kith Quinn Tee Pyrite",853
2026-07-16T14:36:37.596Z,gid://shopify/Product/15109165384066,"kith-x-columbia-yosemite-quarter-zip-waffle","Kith x Columbia Yosemite Quarter Zip Waffle",900
2026-07-16T14:36:37.596Z,gid://shopify/Product/15109171970434,"kobe-10-elite-elite-high-rose-gold-pack","Nike Kobe 10 Elite Elite High Rose Gold Pack",1122
2026-07-16T14:36:37.596Z,gid://shopify/Product/15109174395266,"kobe-10-elite-mambacurial","Nike Kobe 10 Elite Mambacurial",929
2026-07-16T14:36:37.597Z,gid://shopify/Product/15109181047170,"lebron-x-ext-cork","Nike LeBron X EXT Cork",1289
2026-07-16T14:36:37.597Z,gid://shopify/Product/15109186781570,"lego-creator-ferris-wheel-2015-set-10247","LEGO Creator Ferris Wheel 2015 Set 10247",729
2026-07-16T14:36:37.597Z,gid://shopify/Product/15109188977026,"lego-ghostbusters-ecto-1-set-10274","LEGO Ghostbusters Ecto-1 Set 10274",545
2026-07-16T14:36:37.597Z,gid://shopify/Product/15109189992834,"lego-icons-the-lord-of-the-rings-barad-dur-set-10333","LEGO Icons The Lord of the Rings Barad-dur Set 10333",1110
2026-07-16T14:36:37.597Z,gid://shopify/Product/15109190812034,"lego-marvel-the-infinity-saga-sanctum-sanctorum-set-76218","LEGO Marvel The Infinity Saga Sanctum Sanctorum Set 76218",934
2026-07-16T14:36:37.597Z,gid://shopify/Product/15109191532930,"lego-star-wars-death-star-trash-compactor-diorama-set-75339","LEGO Star Wars Death Star Trash Compactor Diorama Set 75339",1055
2026-07-16T14:36:37.597Z,gid://shopify/Product/15109192384898,"lego-the-beatles-yellow-submarine-set-21306","LEGO Ideas The Beatles Yellow Submarine Set 21306",862
2026-07-16T14:36:37.597Z,gid://shopify/Product/15109193171330,"louis-vuitton-lv-slim-bracelet-monogram-eclipse-black","Louis Vuitton LV Slim Bracelet Monogram Eclipse Black",907
2026-07-16T14:36:37.597Z,gid://shopify/Product/15109194056066,"lululemon-everywhere-fleece-belt-bag-crossbody-bag-black","Lululemon Everywhere Fleece Belt Bag Crossbody Bag Black",997
2026-07-16T14:36:37.597Z,gid://shopify/Product/15109194547586,"maison-mihara-yasuhiro-peterson-23-og-sole-canvas-low-white","Maison Mihara Yasuhiro Peterson 23 OG Sole Canvas Low White",1387
2026-07-16T14:36:37.597Z,gid://shopify/Product/15109195694466,"meta-quest-3-512gb-vr-headset","Meta Quest 3 512GB VR Headset (US) Plug (899-00583-01)",1061
2026-07-16T14:36:37.597Z,gid://shopify/Product/15109196251522,"microsoft-xbox-series-x-series-s-controller-qat-00001-carbon-black","Microsoft Xbox Series X/Series S Controller QAT-00001 Carbon Black",1316
2026-07-16T14:36:37.597Z,gid://shopify/Product/15109197365634,"mihara-yasuhiro-peterson-og-sole-canvas-low-natural","Maison Mihara Yasuhiro Peterson OG Sole Canvas Low Natural",1343
2026-07-16T14:36:37.597Z,gid://shopify/Product/15109198250370,"new-balance-1000-green-grey","New Balance 1000 Green Grey",1432
2026-07-16T14:36:37.597Z,gid://shopify/Product/15109199757698,"new-balance-1000-silver-metallic","New Balance 1000 Silver Metallic",1356
2026-07-16T14:36:37.597Z,gid://shopify/Product/15109200413058,"new-balance-1906a-great-plains","New Balance 1906A Great Plains",1485
2026-07-16T14:36:37.597Z,gid://shopify/Product/15109201002882,"new-balance-1906d-protection-pack-harbor-grey","New Balance 1906D Protection Pack Harbor Grey",1145
2026-07-16T14:36:37.597Z,gid://shopify/Product/15109201920386,"new-balance-1906l-dark-juniper-navy","New Balance 1906L Dark Juniper Navy",1344
2026-07-16T14:36:37.597Z,gid://shopify/Product/15109202608514,"new-balance-1906r-black-grey","New Balance 1906R Black Grey",1400
2026-07-16T14:38:25.215Z,gid://shopify/Product/15109203034498,"new-balance-1906r-charlotte-hornets","New Balance 1906R Charlotte Hornets",1361
2026-07-16T14:38:25.219Z,gid://shopify/Product/15109203493250,"new-balance-1906r-jack-harlow","New Balance 1906R Jack Harlow Rose Runner (Special Box)",1366
2026-07-16T14:38:25.219Z,gid://shopify/Product/15109204410754,"new-balance-1906r-silver-dragon-berry-gold","New Balance 1906R Silver Dragon Berry Gold",1138
2026-07-16T14:38:25.219Z,gid://shopify/Product/15109205098882,"new-balance-1906r-titanium","New Balance 1906R Titanium",1384
2026-07-16T14:38:25.219Z,gid://shopify/Product/15109206114690,"new-balance-2002r-black-gunmetal","New Balance 2002R Black Gunmetal",1193
2026-07-16T14:38:25.219Z,gid://shopify/Product/15109206638978,"new-balance-2002r-gore-tex-jjjjound-charcoal","New Balance 2002R Gore-Tex JJJJound Charcoal",1212
2026-07-16T14:38:25.219Z,gid://shopify/Product/15109207359874,"new-balance-2002r-marblehead-light-aluminum","New Balance 2002R Marblehead Light Aluminum",1002
2026-07-16T14:38:25.219Z,gid://shopify/Product/15109208408450,"new-balance-2002r-new-spruce-magnet","New Balance 2002R New Spruce Magnet",1185
2026-07-16T14:38:25.219Z,gid://shopify/Product/15109209162114,"new-balance-2002r-protection-pack-dark-moss","New Balance 2002R Protection Pack Dark Moss",1142
2026-07-16T14:38:25.219Z,gid://shopify/Product/15109209489794,"new-balance-2002r-protection-pack-light-arctic-grey-purple","New Balance 2002R Protection Pack Light Arctic Grey Purple",1088
2026-07-16T14:38:25.219Z,gid://shopify/Product/15109210177922,"new-balance-2002r-the-basement-earth-brown","New Balance 2002R The Basement Earth Brown",1246
2026-07-16T14:38:25.219Z,gid://shopify/Product/15109210833282,"new-balance-327-black-moonbeam","New Balance 327 Black Moonbeam (Women's)",1014
2026-07-16T14:38:25.219Z,gid://shopify/Product/15109211259266,"new-balance-327-moonbeam-classic-burgundy-w","New Balance 327 Moonbeam Classic Burgundy (Women's)",1023
2026-07-16T14:38:25.219Z,gid://shopify/Product/15109211750786,"new-balance-327-sea-salt-leopard-pantera-w","New Balance 327 Sea Salt Leopard Pantera (Women's)",1299
2026-07-16T14:38:25.219Z,gid://shopify/Product/15109213258114,"new-balance-480-moonbeam-sea-salt","New Balance 480 Moonbeam Sea Salt",1387
2026-07-16T14:38:25.219Z,gid://shopify/Product/15109215519106,"new-balance-530-ice-wine","New Balance 530 Ice Wine",1348
2026-07-16T14:38:25.220Z,gid://shopify/Product/15109218926978,"new-balance-530-rich-earth","New Balance 530 Rich Earth",1470
2026-07-16T14:38:25.220Z,gid://shopify/Product/15109228069250,"new-balance-530-steel-grey","New Balance 530 Steel Grey",1078
2026-07-16T14:38:25.220Z,gid://shopify/Product/15109229838722,"new-balance-530-white-natural-indigo-gs","New Balance 530 White Natural Indigo (GS)",1494
2026-07-16T14:38:25.220Z,gid://shopify/Product/15109232263554,"new-balance-550-aime-leon-dore-brown","New Balance 550 Aime Leon Dore Brown",1001
2026-07-16T14:38:25.220Z,gid://shopify/Product/15109235278210,"new-balance-550-sea-salt-pack-black","New Balance 550 Sea Salt Pack Black",1274
2026-07-16T14:38:25.220Z,gid://shopify/Product/15109237178754,"new-balance-550-triple-white","New Balance 550 Triple White",1142
2026-07-16T14:38:25.220Z,gid://shopify/Product/15109239275906,"new-balance-550-vintage-pack-pecan","New Balance 550 Vintage Pack Pecan",1268
2026-07-16T14:38:25.220Z,gid://shopify/Product/15109242192258,"new-balance-550-white-gum","New Balance 550 White Gum",1129
2026-07-16T14:38:25.220Z,gid://shopify/Product/15109243830658,"new-balance-550-white-timberwolf","New Balance 550 White Timberwolf",1326
2026-07-16T14:38:25.220Z,gid://shopify/Product/15109244387714,"new-balance-574-grey-white-2022","New Balance 574 Grey White",1313
2026-07-16T14:38:25.220Z,gid://shopify/Product/15109244944770,"new-balance-574-off-white-grey","New Balance 574 Off White Grey",1023
2026-07-16T14:38:25.220Z,gid://shopify/Product/15109245632898,"new-balance-740-concepts-saignee","New Balance 740 Concepts Saignée",1408
2026-07-16T14:38:25.220Z,gid://shopify/Product/15109246222722,"new-balance-740v2-white-shadow-grey-navy","New Balance 740v2 White Shadow Grey Navy",1271
2026-07-16T14:38:25.220Z,gid://shopify/Product/15109248057730,"new-balance-9060-black-cement-gs","New Balance 9060 Black Cement (GS)",1240
2026-07-16T14:38:25.220Z,gid://shopify/Product/15109248582018,"new-balance-9060-blue-haze","New Balance 9060 Blue Haze",1145
2026-07-16T14:38:25.220Z,gid://shopify/Product/15109249106306,"new-balance-9060-castlerock","New Balance 9060 Castlerock",1428
2026-07-16T14:38:25.220Z,gid://shopify/Product/15109250646402,"new-balance-9060-great-plains","New Balance 9060 Great Plains",1362
2026-07-16T14:38:25.220Z,gid://shopify/Product/15109251105154,"new-balance-9060-grey-lime","New Balance 9060 Moonbeam Vintage Rose Lime",1308
2026-07-16T14:38:25.220Z,gid://shopify/Product/15109251924354,"new-balance-9060-moonrock-linen","New Balance 9060 Moonrock Linen",1420
2026-07-16T14:38:25.220Z,gid://shopify/Product/15109252579714,"new-balance-9060-off-white-black","New Balance 9060 Off White Black",1501
2026-07-16T14:38:25.220Z,gid://shopify/Product/15109253562754,"new-balance-9060-randomevent-the-sweetness-of-kin","New Balance 9060 Randomevent The Sweetness of Kin",1415
2026-07-16T14:38:25.220Z,gid://shopify/Product/15109254218114,"new-balance-9060-sea-salt-cherry-blossom","New Balance 9060 Cherry Blossom",1071
2026-07-16T14:38:25.220Z,gid://shopify/Product/15109256380802,"new-balance-9060-tea-tree","New Balance 9060 Tea Tree",1428
2026-07-16T14:38:25.220Z,gid://shopify/Product/15109257200002,"new-balance-9060-white-black","New Balance 9060 White Black",1143
2026-07-16T14:40:17.998Z,gid://shopify/Product/15109257855362,"new-balance-990v2-salehe-bembury-sand-be-the-time","New Balance 990v2 Salehe Bembury Sand Be The Time",1027
2026-07-16T14:40:18.000Z,gid://shopify/Product/15109258871170,"new-balance-990v3-kith-genesis","New Balance 990v3 MiUSA Kith Genesis",755
2026-07-16T14:40:18.000Z,gid://shopify/Product/15109259362690,"new-balance-990v4-miusa-teddy-santis-arctic-grey-black","New Balance 990v4 MiUSA Teddy Santis Arctic Grey Black",1274
2026-07-16T14:40:18.000Z,gid://shopify/Product/15109260968322,"new-balance-990v6-miusa-avocado-natural-mint","New Balance 990v6 MiUSA Avocado Natural Mint",1073
2026-07-16T14:40:18.000Z,gid://shopify/Product/15109261689218,"new-balance-990v6-miusa-joe-freshgoods-prom-blue","New Balance 990v6 MiUSA Joe Freshgoods Prom Blue",926
2026-07-16T14:40:18.000Z,gid://shopify/Product/15109262442882,"new-balance-990v6-miusa-teddy-santis-castlerock-moonrock","New Balance 990v6 MiUSA Teddy Santis Castlerock Moonrock",1206
2026-07-16T14:40:18.000Z,gid://shopify/Product/15109262901634,"new-balance-990v6-wtaps","New Balance 990v6 MiUSA WTAPS",967
2026-07-16T14:40:18.000Z,gid://shopify/Product/15109263425922,"new-balance-991v2-miuk-rock-ridge-grey","New Balance 991v2 MiUK Rock Ridge Grey",1426
2026-07-16T14:40:18.000Z,gid://shopify/Product/15109263982978,"new-balance-992-paperboy","New Balance 992 PaperBoy Fried Egg",1038
2026-07-16T14:40:18.000Z,gid://shopify/Product/15109264376194,"new-balance-993-miusa-jjjjound-military-urban-grey-angora","New Balance 993 MiUSA JJJJound Military Urban Grey Angora",1137
2026-07-16T14:40:18.000Z,gid://shopify/Product/15109265097090,"new-balance-998-miusa-concepts-c-note-10th-anniversary-2023","New Balance 998 MiUSA Concepts C-Note 10th Anniversary (2023)",1227
2026-07-16T14:40:18.000Z,gid://shopify/Product/15109265654146,"new-balance-fresh-foam-bb-v2-moonbeam","New Balance Fresh Foam BB v2 Moonbeam",1009
2026-07-16T14:40:18.000Z,gid://shopify/Product/15109268603266,"new-balance-xc-72-castlerock","New Balance XC-72 Castlerock",1069
2026-07-16T14:40:18.000Z,gid://shopify/Product/15109269520770,"new-era-x-takashi-murakami-x-mlb-world-tour-tokyo-series-2025-new-era-9twenty-dodgers-strapback-hat-black","New Era x Takashi Murakami x MLB World Tour Tokyo Series 2025 New Era 9Twenty Dodgers Strapback Hat Black",1348
2026-07-16T14:40:18.000Z,gid://shopify/Product/15109271781762,"nike-air-foamposite-one-metallic-red-2023","Nike Air Foamposite One Metallic Red (2023)",1127
2026-07-16T14:40:18.000Z,gid://shopify/Product/15109273059714,"nike-air-force-1-07-qs-love-letter","Nike Air Force 1 Low '07 QS Valentine's Day Love Letter",915
2026-07-16T14:40:18.000Z,gid://shopify/Product/15109273747842,"nike-air-force-1-low-07-lv8-vamps","Nike Air Force 1 Low '07 LV8 Vamps",1163
2026-07-16T14:40:18.000Z,gid://shopify/Product/15109274272130,"nike-air-force-1-low-07-virginia-union-university-yardrunners","Nike Air Force 1 Low '07 Virginia Union University Yardrunners",1393
2026-07-16T14:40:18.000Z,gid://shopify/Product/15109276008834,"nike-air-force-1-low-drake-nocta-certified-lover-boy-gs","Nike Air Force 1 Low Drake NOCTA Certified Lover Boy (GS)",1148
2026-07-16T14:40:18.000Z,gid://shopify/Product/15109279023490,"nike-air-force-1-low-off-white","Nike Air Force 1 Low Off-White",966
2026-07-16T14:40:18.000Z,gid://shopify/Product/15109280301442,"nike-air-force-1-low-off-white-volt-td","Nike Air Force 1 Low Off-White Volt (TD)",1020
2026-07-16T14:40:18.000Z,gid://shopify/Product/15109281317250,"nike-air-force-1-low-retro-qs-west-indies-2022","Nike Air Force 1 Low Retro QS West Indies (2022)",1066
2026-07-16T14:40:18.000Z,gid://shopify/Product/15109282169218,"nike-air-force-1-low-sp-billie-eilish-triple-white","Nike Air Force 1 Low SP Billie Eilish Triple White",1148
2026-07-16T14:40:18.000Z,gid://shopify/Product/15110484984194,"nike-air-force-1-low-undefeated-multi-patent-purple-green","Nike Air Force 1 Low SP Undefeated Multi-Patent Wild Berry",1076
2026-07-16T14:40:18.000Z,gid://shopify/Product/15110488883586,"nike-air-force-1-mid-07-triple-black-2021","Nike Air Force 1 Mid '07 Black",1121
2026-07-16T14:40:18.000Z,gid://shopify/Product/15110491210114,"nike-air-force-1-mid-qs-chocolate","Nike Air Force 1 Mid QS Chocolate",938
2026-07-16T14:40:18.000Z,gid://shopify/Product/15110493503874,"nike-air-force-1-pltaform-triple-white-w","Nike Air Force 1 PLT.AF.ORM Triple White (Women's)",1199
2026-07-16T14:40:18.001Z,gid://shopify/Product/15110495109506,"nike-air-jordan-6-retro-black-metallic-gold-ps","Jordan 6 Retro DMP (PS)",882
2026-07-16T14:40:18.001Z,gid://shopify/Product/15110499402114,"nike-air-max-1-97-sean-wotherspoon-na","Nike Air Max 1/97 Sean Wotherspoon (Extra Lace Set Only)",1218
2026-07-16T14:40:18.001Z,gid://shopify/Product/15110504710530,"nike-air-max-1-essential-psychic-blue","Nike Air Max 1 Essential Psychic Blue",1345
2026-07-16T14:40:18.001Z,gid://shopify/Product/15110509887874,"nike-air-max-1-premium-shima-shima-2023","Nike Air Max 1 Premium Shima Shima (2023)",1407
2026-07-16T14:40:18.001Z,gid://shopify/Product/15110527320450,"nike-air-max-90-drift-triple-black","Nike Air Max 90 Drift Triple Black",958
2026-07-16T14:40:18.001Z,gid://shopify/Product/15110531711362,"nike-air-max-90-off-white-black","Nike Air Max 90 Off-White Black",919
2026-07-16T14:40:18.001Z,gid://shopify/Product/15110539706754,"nike-air-max-90-summit-white-safety-orange-dark-smoke-grey-smoke-grey","Nike Air Max 90 Summit White Safety Orange Dark Smoke Grey Smoke Grey",1129
2026-07-16T14:40:18.001Z,gid://shopify/Product/15110566707586,"nike-air-max-96-ii-qs-beach","Nike Air Max 96 II QS Beach",1158
2026-07-16T14:40:18.001Z,gid://shopify/Product/15110571458946,"nike-air-max-bw-city-pack-los-angeles","Nike Air Max BW QS City Pack Los Angeles",833
2026-07-16T14:40:18.001Z,gid://shopify/Product/15110586302850,"nike-air-max-dn8-snakeskin","Nike Air Max Dn8 Snakeskin",1320
2026-07-16T14:40:18.001Z,gid://shopify/Product/15110613041538,"nike-air-max-plus-siren-red","Nike Air Max Plus Siren Red",1279
2026-07-16T14:40:18.001Z,gid://shopify/Product/15110623560066,"nike-air-max-waffle-action-green-altitude-green","Nike Air Max Waffle Racer SP Action Green Altitude Green",1185
2026-07-16T14:40:18.001Z,gid://shopify/Product/15110626378114,"nike-air-more-uptempo-low-triple-white","Nike Air More Uptempo Low Triple White",1243
2026-07-16T15:27:11.546Z,gid://shopify/Product/15072809025922,"air-jordan-1-mid-off-noir-toe","Jordan 1 Mid Off Noir Toe",995
2026-07-16T15:27:11.552Z,gid://shopify/Product/15072809320834,"air-jordan-1-retro-high-og-lucky-green-gs","Jordan 1 Retro High OG Lucky Green (GS)",936
2026-07-16T15:27:11.552Z,gid://shopify/Product/15106119827842,"air-jordan-1-mid-black-white","Jordan 1 Mid Black White (Women's)",1021
2026-07-16T15:27:11.552Z,gid://shopify/Product/15110627721602,"nike-air-plus-mercurial-xxv-hyper-pink-and-volt","Nike Air Plus Mercurial XXV Hyper Pink and Volt",899
2026-07-16T15:27:11.552Z,gid://shopify/Product/15110629032322,"nike-air-rift-leather-fire-red-womens","Nike Air Rift Leather Fire Red (Women's)",854
2026-07-16T15:27:11.552Z,gid://shopify/Product/15110629785986,"nike-air-rubber-dunk-off-white-university-gold","Nike Air Rubber Dunk Off-White University Gold",935
2026-07-16T15:27:11.552Z,gid://shopify/Product/15110632374658,"nike-air-vapormax-2023-flyknit-pure-platinum","Nike Air VaporMax 2023 Flyknit Pure Platinum",845
2026-07-16T15:27:11.553Z,gid://shopify/Product/15110634766722,"nike-air-zoom-alphafly-next-3-eliud-kipchoge-its-just-the-start","Nike Air Zoom Alphafly Next% 3 Eliud Kipchoge It's Just The Start",920
2026-07-16T15:27:11.553Z,gid://shopify/Product/15110636798338,"nike-air-zoom-gt-cut-3-smoke","Nike Air Zoom GT Cut 3 Smoke",861
2026-07-16T15:27:11.553Z,gid://shopify/Product/15110640206210,"nike-air-zoom-pegasus-40-black-white","Nike Air Zoom Pegasus 40 Black White",951
2026-07-16T15:27:11.553Z,gid://shopify/Product/15110643581314,"nike-air-zoom-spiridon-cage-2-triple-black","Nike Air Zoom Spiridon Cage 2 Triple Black",980
2026-07-16T15:27:11.553Z,gid://shopify/Product/15110646071682,"nike-air-zoom-tempo-next-off-white-racer-blue-pink-glow","Nike Air Zoom Tempo Next% Flyknit Off-White Racer Blue Pink Glow",849
2026-07-16T15:27:11.553Z,gid://shopify/Product/15110648529282,"nike-alphafly-3-volt-concord-womens","Nike Air Zoom Alphafly Next% 3 Volt Concord (Women's)",836
2026-07-16T15:27:11.553Z,gid://shopify/Product/15110649971074,"nike-blazer-mid-77-white-black-w","Nike Blazer Mid 77 White Black (Women's)",771
2026-07-16T15:27:11.553Z,gid://shopify/Product/15110650921346,"nike-book-1-chbl","Nike Book 1 CHBL",927
2026-07-16T15:27:11.553Z,gid://shopify/Product/15110654165378,"nike-dunk-genesis-low-rtfkt-og","Nike Dunk Genesis Low RTFKT OG (Edition of 6841)",1055
2026-07-16T15:27:11.553Z,gid://shopify/Product/15110656426370,"nike-dunk-low-active-fuchsia-gs","Nike Dunk Low Active Fuchsia (GS)",932
2026-07-16T15:27:11.553Z,gid://shopify/Product/15110660129154,"nike-dunk-low-give-her-flowers-womens","Nike Dunk Low Give Her Flowers (Women's)",1183
2026-07-16T15:27:11.553Z,gid://shopify/Product/15110662324610,"nike-dunk-low-light-bone-armory-blue-womens","Nike Dunk Low Light Bone Armory Blue (Women's)",1126
2026-07-16T15:27:11.553Z,gid://shopify/Product/15110665208194,"nike-dunk-low-neapolitan-womens","Nike Dunk Low Neapolitan (Women's)",1291
2026-07-16T15:27:11.553Z,gid://shopify/Product/15110666912130,"nike-dunk-low-off-white-lot-11","Nike Dunk Low Off-White Lot 11",1020
2026-07-16T15:27:11.553Z,gid://shopify/Product/15110668812674,"nike-dunk-low-off-white-lot-2","Nike Dunk Low Off-White Lot 2",1065
2026-07-16T15:27:11.553Z,gid://shopify/Product/15110670025090,"nike-dunk-low-off-white-lot-28","Nike Dunk Low Off-White Lot 28",1027
2026-07-16T15:27:11.553Z,gid://shopify/Product/15110670844290,"nike-dunk-low-off-white-lot-4","Nike Dunk Low Off-White Lot 4",1069
2026-07-16T15:27:11.553Z,gid://shopify/Product/15110672417154,"nike-dunk-low-off-white-lot-5","Nike Dunk Low Off-White Lot 5",1240
2026-07-16T15:27:11.553Z,gid://shopify/Product/15110673629570,"nike-dunk-low-off-white-michigan","Nike Dunk Low Off-White University Gold",989
2026-07-16T15:27:11.553Z,gid://shopify/Product/15110675399042,"nike-dunk-low-premium-medium-olive-hemp","Nike Dunk Low Premium Medium Olive Hemp",1236
2026-07-16T15:27:11.553Z,gid://shopify/Product/15110680379778,"nike-dunk-low-retro-lettering","Nike Dunk Low Retro Lettering",1120
2026-07-16T15:27:11.553Z,gid://shopify/Product/15110684443010,"nike-dunk-low-safari-phantom-womens","Nike Dunk Low Safari Phantom (Women's)",1220
2026-07-16T15:27:11.553Z,gid://shopify/Product/15110692340098,"nike-dunk-low-unc-2021","Nike Dunk Low UNC (2021)",858
2026-07-16T15:27:11.553Z,gid://shopify/Product/15110697124226,"nike-dunk-low-white-university-red-gs","Nike Dunk Low White University Red (GS)",965
2026-07-16T15:27:11.553Z,gid://shopify/Product/15110700401026,"nike-free-metcon-6-platinum-tint-womens","Nike Free Metcon 6 Platinum Tint (Women's)",946
2026-07-16T15:27:11.553Z,gid://shopify/Product/15110702662018,"nike-gt-cut-cross-think-pink","Nike GT Cut Cross Think Pink",988
2026-07-16T15:27:11.553Z,gid://shopify/Product/15110704595330,"nike-hot-step-air-terra-drake-nocta-black-university-gold","Nike Hot Step Air Terra Drake NOCTA Black Yellow",1011
2026-07-16T15:27:11.553Z,gid://shopify/Product/15110705545602,"nike-ja-1-halloween","Nike Ja 1 Halloween Zombie",1052
2026-07-16T15:27:11.553Z,gid://shopify/Product/15110707708290,"nike-kd-10-black-history-month-2018","Nike KD 10 Black History Month (2018)",912
2026-07-16T15:27:11.553Z,gid://shopify/Product/15110709674370,"nike-kd-16-slim-reaper","Nike KD 16 Slim Reaper",934
2026-07-16T15:27:11.553Z,gid://shopify/Product/15111462977922,"nike-kobe-5-protro-5-rings","Nike Kobe 5 Protro 5 Rings (2020)",945
2026-07-16T15:27:11.553Z,gid://shopify/Product/15111463534978,"nike-kobe-5-protro-lakers","Nike Kobe 5 Protro Lakers",990
2026-07-16T15:27:11.554Z,gid://shopify/Product/15111464550786,"nike-kobe-5-protro-undefeated-what-if-white","Nike Kobe 5 Protro Undefeated What If White",1050
2026-07-16T15:29:20.191Z,gid://shopify/Product/15111467204994,"nike-kobe-9-elite-protro-christmas-2024-gs","Nike Kobe 9 Elite Protro Christmas (2024) (GS)",1014
2026-07-16T15:29:20.194Z,gid://shopify/Product/15111468089730,"nike-lebron-15-performance-kith-ff-black","Nike LeBron 15 Performance Kith Closing Ceremony",996
2026-07-16T15:29:20.194Z,gid://shopify/Product/15111468548482,"nike-lebron-22-frozen-grapes","Nike LeBron 22 Frozen Grapes",968
2026-07-16T15:29:20.194Z,gid://shopify/Product/15111468908930,"nike-m2k-tekno-white-pure-platinum-w","Nike M2K Tekno White Pure Platinum (Women's)",960
2026-07-16T15:29:20.194Z,gid://shopify/Product/15111469990274,"nike-nba-los-angeles-lakers-icon-edition-kobe-bryant-swingman-jersey-amarillo-purple-white","Nike NBA Los Angeles Lakers Icon Edition Kobe Bryant Swingman Jersey Amarillo/Purple/White",986
2026-07-16T15:29:20.194Z,gid://shopify/Product/15111473693058,"nike-sabrina-2-relentless-womens","Nike Sabrina 2 Relentless (Women's)",932
2026-07-16T15:29:20.195Z,gid://shopify/Product/15111487979906,"nike-sb-yuto-t-shirt-olive-aura","Nike SB Yuto T-shirt Olive Aura",1095
2026-07-16T15:29:20.195Z,gid://shopify/Product/15111489978754,"nike-sportswear-tech-fleece-full-zip-hoodie-joggers-set-black-bemis-silver","Nike Sportswear Tech Fleece Full Zip Hoodie & Joggers Reflective Details Set Black/Bemis Silver",878
2026-07-16T15:29:20.195Z,gid://shopify/Product/15111490404738,"nike-sportswear-tech-fleece-windrunner-full-zip-hoodie-fw24-dark-grey-heather-black","Nike Sportswear Tech Fleece Windrunner Full Zip Hoodie (FW24) Dark Grey Heather/Black",933
2026-07-16T15:29:20.195Z,gid://shopify/Product/15111490994562,"nike-tech-fleece-full-zip-hoodie-black","Nike Sportswear Tech Fleece Full-Zip Hoodie Black",744
2026-07-16T15:29:20.195Z,gid://shopify/Product/15111491322242,"nike-vapor-edge-360-untouchable-mid-black-white","Nike Vapor Edge 360 Untouchable Mid Black White",1179
2026-07-16T15:29:20.195Z,gid://shopify/Product/15111492174210,"nike-vomero-5-pure-platinum-laser-orange","Nike Zoom Vomero 5 Pure Platinum Laser Orange",1341
2026-07-16T15:29:20.195Z,gid://shopify/Product/15111492698498,"nike-x-jacquemus-le-hoodie-off-white","Nike x Jacquemus Le Hoodie Off-White",903
2026-07-16T15:29:20.195Z,gid://shopify/Product/15111493288322,"nike-x-nocta-nrg-tech-fleece-open-hem-pants-palest-purple-daybreak","Nike x NOCTA NRG Tech Fleece Open Hem Pants Palest Purple/Daybreak",943
2026-07-16T15:29:20.195Z,gid://shopify/Product/15111494336898,"nike-x-off-white-short-sleeve-top-black","Nike x Off-White Short Sleeve Top Black",1169
2026-07-16T15:29:20.195Z,gid://shopify/Product/15111494959490,"nike-zoom-fly-6-white-pure-platinum-obsidian-mist-gridiron","Nike Zoom Fly 6 White Pure Platinum Obsidian Mist Gridiron",938
2026-07-16T15:29:20.195Z,gid://shopify/Product/15111495188866,"nike-zoom-gt-cut-2-black-white","Nike Zoom GT Cut 2 Black White",1276
2026-07-16T15:29:20.195Z,gid://shopify/Product/15111495647618,"nike-zoom-mercurial-superfly-9-elite-fg-lemonade","Nike Zoom Mercurial Superfly 9 Elite FG Lemonade",904
2026-07-16T15:29:20.195Z,gid://shopify/Product/15111496171906,"nike-zoom-vomero-5-520-pack-ocean-bliss","Nike Zoom Vomero 5 520 Pack Ocean Bliss",1261
2026-07-16T15:29:20.195Z,gid://shopify/Product/15111496434050,"nike-zoom-vomero-5-black-gum","Nike Zoom Vomero 5 Black Gum",1415
2026-07-16T15:29:20.195Z,gid://shopify/Product/15111496925570,"nike-zoom-vomero-5-blue-tint-womens","Nike Zoom Vomero 5 Blue Tint (Women's)",1423
2026-07-16T15:29:20.195Z,gid://shopify/Product/15111497777538,"nike-zoom-vomero-5-doernbecher","Nike Zoom Vomero 5 Doernbecher",1240
2026-07-16T15:29:20.195Z,gid://shopify/Product/15111499350402,"nike-zoom-vomero-5-light-orewood-brown-womens","Nike Zoom Vomero 5 Light Orewood Brown (Women's)",1479
2026-07-16T15:29:20.195Z,gid://shopify/Product/15111501578626,"nike-zoom-vomero-5-photo-blue","Nike Zoom Vomero 5 Photo Blue",1403
2026-07-16T15:29:20.195Z,gid://shopify/Product/15111502627202,"nike-zoom-vomero-5-pure-platinum-platinum-tint-wolf-grey-summit-white-womens","Nike Zoom Vomero 5 Pure Platinum Platinum Tint Wolf Grey Summit White (Women's)",1652
2026-07-16T15:29:20.195Z,gid://shopify/Product/15111503151490,"nike-zoom-vomero-5-sail-mink-brown-black-womens","Nike Zoom Vomero 5 Sail Mink Brown Black (Women's)",1147
2026-07-16T15:29:20.195Z,gid://shopify/Product/15113567895938,"nike-zoom-vomero-5-varsity-maize-laser-orange","Nike Zoom Vomero 5 Yellow Ochre",1371
2026-07-16T15:29:20.195Z,gid://shopify/Product/15113569665410,"nike-zoomx-invincible-run-3-black-vivid-grape","Nike ZoomX Invincible Run 3 Black Vivid Grape",1189
2026-07-16T15:29:20.195Z,gid://shopify/Product/15113570091394,"nike-zoomx-vaporfly-3-vivid-purple","Nike ZoomX Vaporfly 3 Vivid Purple",1251
2026-07-16T15:29:20.195Z,gid://shopify/Product/15113570550146,"nvidia-geforce-rtx-5070-12gb-graphics-card-900-1g146-2570-000","NVIDIA GeForce RTX 5070 12GB Graphics Card 900-1G146-2570-000",1295
2026-07-16T15:29:20.195Z,gid://shopify/Product/15113571271042,"off-white-be-right-back-grey-black","OFF-WHITE Be Right Back Grey Black",1353
2026-07-16T15:29:20.195Z,gid://shopify/Product/15113572778370,"off-white-ikea-keep-off-rug-200x300-grey-white","Virgil Abloh x IKEA ""KEEP OFF"" Rug 200x300 CM Grey/White",1095
2026-07-16T15:29:20.195Z,gid://shopify/Product/15113573958018,"off-white-mini-industrial-belt-ss19-white","OFF-WHITE Mini Industrial Belt (SS19) White",1131
2026-07-16T15:29:20.195Z,gid://shopify/Product/15113574875522,"off-white-out-of-office-low-triple-white-white-sole","OFF-WHITE Out Of Office Low Triple White White Sole",1057
2026-07-16T15:29:20.195Z,gid://shopify/Product/15113575891330,"off-white-out-of-office-ooo-low-tops-for-walking-white","OFF-WHITE Out Of Office OOO Low Tops For Walking White",1201
2026-07-16T15:29:20.196Z,gid://shopify/Product/15113577922946,"off-white-quote-for-money-bifold-wallet-black-white","Off-White Quote ""FOR MONEY"" Bifold Wallet Black/White",1237
2026-07-16T15:29:20.196Z,gid://shopify/Product/15113578873218,"off-white-vulc-low-black-white-arrow-ss21","OFF-WHITE Vulc Low Black White Arrow SS21",1268
2026-07-16T15:29:20.196Z,gid://shopify/Product/15113579692418,"off-white-x-jordan-hat-green","OFF-WHITE x Jordan Hat Green",691
2026-07-16T15:29:20.196Z,gid://shopify/Product/15113580609922,"off-white-x-jordan-tee-black","OFF-WHITE x Jordan Tee Black",867
2026-07-16T15:29:20.196Z,gid://shopify/Product/15113581560194,"off-white-x-nike-shorts-black-grid","OFF-WHITE x Nike Shorts Black Grid",732
2026-07-16T15:31:28.197Z,gid://shopify/Product/15113583722882,"on-running-cloud-6-all-white-womens","On Running Cloud 6 All White (Women's)",1087
2026-07-16T15:31:28.202Z,gid://shopify/Product/15113589686658,"palm-angels-classic-track-jacket-jacket-black-white-ss22","Palm Angels Classic Track Jacket Black/White SS22",1395
2026-07-16T15:31:28.203Z,gid://shopify/Product/15113595781506,"pop-mart-dimoo-world-x-disney-series-vinyl-plush-keychain-sealed-case-6-blind-box","Pop Mart DIMOO World x Disney Series Vinyl Plush Keychain Sealed Case (6 Blind Box)",1269
2026-07-16T15:31:28.203Z,gid://shopify/Product/15113596633474,"pop-mart-labubu-the-monsters-coca-cola-series-mysterious-guest-vinyl-face-blind-box","Pop Mart Labubu The Monsters Coca Cola Series Mysterious Guest Vinyl Plush Figure",1445
2026-07-16T15:31:28.203Z,gid://shopify/Product/15113597452674,"pop-mart-labubu-the-monsters-lets-checkmate-series-vinyl-plush-hanging-card","Pop Mart Labubu The Monsters Let's Checkmate Series Vinyl Plush Hanging Card",1214
2026-07-16T15:31:28.203Z,gid://shopify/Product/15113597944194,"pop-mart-labubu-the-monsters-tasty-macarons-soymilk-vinyl-plush-pendant","Pop Mart Labubu The Monsters Exciting Macaron Soymilk Vinyl Plush Pendant",1195
2026-07-16T15:31:28.203Z,gid://shopify/Product/15113598992770,"pop-mart-the-monsters-labubu-zimomo-angel-in-clouds-figure","Pop Mart The Monsters Labubu Zimomo Angel in Clouds Figure",1114
2026-07-16T15:31:28.203Z,gid://shopify/Product/15113602367874,"puma-clyde-all-pro-white-blue-atoll","Puma Clyde All-Pro White Blue Atoll",1085
2026-07-16T15:31:28.203Z,gid://shopify/Product/15113610101122,"puma-lamelo-ball-lafrance-amour-1-of-1","Puma LaMelo Ball LaFrancé Amour 1 of 1",1257
2026-07-16T15:31:28.203Z,gid://shopify/Product/15113611248002,"puma-lamelo-ball-mb01-be-you","Puma LaMelo Ball MB.01 Be You",933
2026-07-16T15:31:28.203Z,gid://shopify/Product/15113612296578,"puma-lamelo-ball-mb01-iridescent-dreams","Puma LaMelo Ball MB.01 Iridescent Dreams",1017
2026-07-16T15:31:28.203Z,gid://shopify/Product/15113613148546,"puma-lamelo-ball-mb02-be-you","Puma LaMelo Ball MB.02 Be You",1217
2026-07-16T15:31:28.203Z,gid://shopify/Product/15113614229890,"puma-lamelo-ball-mb02-oreo-gs","Puma LaMelo Ball MB.02 Oreo (GS)",1276
2026-07-16T15:31:28.203Z,gid://shopify/Product/15113614754178,"puma-lamelo-ball-mb02-supernova","Puma LaMelo Ball MB.02 Supernova",1197
2026-07-16T15:31:28.203Z,gid://shopify/Product/15113616195970,"puma-lamelo-ball-mb03-dexters-laboratory","Puma LaMelo Ball MB.03 Dexter's Laboratory",1440
2026-07-16T15:31:28.203Z,gid://shopify/Product/15113617670530,"puma-lamelo-ball-mb03-lo-teenage-mutant-ninja-turtles-krang","Puma LaMelo Ball MB.03 Lo Teenage Mutant Ninja Turtles Krang",1325
2026-07-16T15:31:28.203Z,gid://shopify/Product/15113618620802,"puma-lamelo-ball-mb04-lafrance","Puma LaMelo Ball MB.04 LaFrancé",1396
2026-07-16T15:31:28.203Z,gid://shopify/Product/15113620259202,"puma-mb01-lamelo-ball-grey-red","Puma LaMelo Ball MB.01 Rock Ridge Red Blast",1070
2026-07-16T15:31:28.203Z,gid://shopify/Product/15113620586882,"puma-mb01-lamelo-ball-white-silver-gs","Puma LaMelo Ball MB.01 White Silver (GS)",950
2026-07-16T15:31:28.204Z,gid://shopify/Product/15113626059138,"puma-rs-dreamer-j-cole-ebony-and-ivory","Puma RS-Dreamer J Cole Ebony and Ivory",1328
2026-07-16T15:31:28.204Z,gid://shopify/Product/15113626550658,"puma-rs-rick-and-morty","Puma RS-X Rick and Morty",1494
2026-07-16T15:31:28.204Z,gid://shopify/Product/15113629368706,"puma-speedcat-og-haute-coffee-frosted-ivory-gold-tongue-logo","Puma Speedcat OG Haute Coffee Frosted Ivory (Gold Tongue Logo)",1756
2026-07-16T15:31:28.204Z,gid://shopify/Product/15113637101954,"puma-suede-one-piece-buggy","Puma Suede One Piece Buggy",1291
2026-07-16T15:31:28.204Z,gid://shopify/Product/15113642312066,"puma-suede-xl-black-white","Puma Suede XL Black White",1209
2026-07-16T15:31:28.204Z,gid://shopify/Product/15113652240770,"puma-x-tmc-mcs-track-pants-black","Puma x TMC MCS Track Pants Black",1207
2026-07-16T15:31:28.204Z,gid://shopify/Product/15113654894978,"reebok-answer-iv-stepover-2021","Reebok Answer IV Stepover (2021)",857
2026-07-16T15:31:28.204Z,gid://shopify/Product/15113655845250,"reebok-question-low-oatmeal-2020","Reebok Question Low Oatmeal (2020)",1211
2026-07-16T15:31:28.204Z,gid://shopify/Product/15113656762754,"reebok-question-mid-camron","Reebok Question Mid Cam'Ron",1379
2026-07-16T15:31:28.204Z,gid://shopify/Product/15113657483650,"reebok-question-mid-maison-margiela-memory-of-black","Reebok Question Mid Maison Margiela Memory Of Black",1317
2026-07-16T15:31:28.204Z,gid://shopify/Product/15113658499458,"reebok-question-mid-team-usa","Reebok Question Mid Team USA",1392
2026-07-16T15:31:28.204Z,gid://shopify/Product/15113659744642,"revenge-xxxtentacion-heartbreak-vintage-hoodie-black","Revenge XXXTentacion Heartbreak Vintage Hoodie Black",1321
2026-07-16T15:31:28.204Z,gid://shopify/Product/15113661448578,"salomon-xt-6-gore-tex-oxford-tan-almond-milk","Salomon XT-6 Gore-Tex Oxford Tan Almond Milk",1428
2026-07-16T15:31:28.204Z,gid://shopify/Product/15113663807874,"skims-x-dolcegabbana-cotton-rib-scoop-tank-leopard","SKIMS x Dolce&Gabbana Cotton Rib Scoop Tank Leopard",1187
2026-07-16T15:31:28.204Z,gid://shopify/Product/15114983014786,"sony-playstation-ps5-dualsense-edge-30th-anniversary-limited-edition-wirelress-controller","Sony Playstation PS5 DualSense Edge 30th Anniversary Limited Edition Wireless Controller",1160
2026-07-16T15:31:28.204Z,gid://shopify/Product/15114983702914,"sprayground-shark-central-pink-dlxsv-backpack-black-pink","Sprayground Shark Central Pink DLXSV Backpack Black/Pink",1318
2026-07-16T15:31:28.204Z,gid://shopify/Product/15114984391042,"stanley-flowstate-quencher-30oz-tumbler-midnight-glitz","Stanley Flowstate Quencher 30oz Tumbler Midnight Glitz",1191
2026-07-16T15:31:28.204Z,gid://shopify/Product/15114985046402,"stanley-flowstate-quencher-40oz-tumbler-arctic-twist","Stanley Flowstate Quencher 40oz Tumbler Arctic Twist",1310
2026-07-16T15:31:28.204Z,gid://shopify/Product/15114985570690,"stanley-flowstate-quencher-40oz-tumbler-espresso","Stanley Flowstate Quencher 40oz Tumbler Espresso",1304
2026-07-16T15:31:28.204Z,gid://shopify/Product/15114986684802,"stanley-parade-quencher-40oz-tumbler-pink","Stanley Parade Quencher 40oz Tumbler Pink",1273
2026-07-16T15:31:28.204Z,gid://shopify/Product/15114987897218,"stanley-the-clean-slate-flowstate-quencher-30oz-tumbler-cool-serene-brushstroke","Stanley The Clean Slate Flowstate Quencher 30oz Tumbler Cool Serene Brushstroke",1310
2026-07-16T15:33:14.846Z,gid://shopify/Product/15114988487042,"stanley-the-halloween-flowstate-quencher-40oz-tumbler-web-glow","Stanley The Halloween Flowstate Quencher 40oz Tumbler Web Glow",1197
2026-07-16T15:33:14.851Z,gid://shopify/Product/15114989175170,"stanley-the-st-patricks-day-flowstate-quencher-40oz-tumbler-shamrock-green","Stanley The St. Patrick's Day Flowstate Quencher 40oz Tumbler Shamrock Green",1223
2026-07-16T15:33:14.851Z,gid://shopify/Product/15114989797762,"stanley-x-barbie-legends-flowstate-quencher-30oz-tumbler-barbie-icon","Stanley x Barbie Legends Flowstate Quencher 30oz Tumbler Barbie Icon",1330
2026-07-16T15:33:14.852Z,gid://shopify/Product/15114991141250,"stanley-x-lainey-wilson-quencher-40oz-limited-edition-tumbler","Stanley x Lainey Wilson ""Country Gold"" Quencher 40oz Limited Edition Tumbler",1096
2026-07-16T15:33:14.852Z,gid://shopify/Product/15114991698306,"stanley-x-loveshackfancy-flowstate-quencher-20oz-tumbler-pastel-blue","Stanley x LoveShackFancy Flowstate Quencher 20oz Tumbler Pastel Blue",1459
2026-07-16T15:33:14.852Z,gid://shopify/Product/15114992091522,"stanley-x-loveshackfancy-flowstate-quencher-40oz-tumbler-pastel-blue","Stanley x LoveShackFancy Flowstate Quencher 40oz Tumbler Pastel Blue",1368
2026-07-16T15:33:14.852Z,gid://shopify/Product/15114992615810,"stanley-x-starbucks-exclusive-flowstate-quencher-40oz-tumbler-berry-pink-glitter","Stanley x Starbucks Exclusive Flowstate Quencher 40oz Tumbler Berry Pink Glitter",1423
2026-07-16T15:33:14.852Z,gid://shopify/Product/15114993271170,"stanley-x-target-exclusive-valentines-day-flowstate-quencher-30oz-tumbler-ruby-hearts","Stanley x Target Exclusive Valentines Day Flowstate Quencher 30oz Tumbler Ruby Hearts",1400
2026-07-16T15:33:14.852Z,gid://shopify/Product/15114993893762,"stanley-x-target-x-wicked-flowstate-quencher-40oz-tumbler-glinda","Stanley x Target x Wicked Flowstate Quencher 40oz Tumbler Glinda",1324
2026-07-16T15:33:14.852Z,gid://shopify/Product/15114994418050,"supreme-backpack-ss25-olive","Supreme Logo Backpack (SS25) Olive",1020
2026-07-16T15:33:14.852Z,gid://shopify/Product/15114995138946,"supreme-hanes-tagless-tees-2-pack-flourescent-yellow","Supreme Hanes Tagless Tees (2 Pack) Flourescent Yellow",1036
2026-07-16T15:33:14.852Z,gid://shopify/Product/15114995761538,"supreme-nba-youngboy-tee-black","Supreme NBA Youngboy Tee Black",1036
2026-07-16T15:33:14.852Z,gid://shopify/Product/15114996318594,"supreme-nike-zip-up-hooded-sweatshirt-heather-grey","Supreme Nike Zip Up Hooded Sweatshirt Heather Grey",1097
2026-07-16T15:33:14.852Z,gid://shopify/Product/15114997072258,"supreme-tiffany-co-box-logo-tee-white","Supreme Tiffany & Co. Box Logo Tee White",913
2026-07-16T15:33:14.853Z,gid://shopify/Product/15114998251906,"swatch-x-omega-bioceramic-moonswatch-mission-to-moonphase-snoopy-black","Swatch x Omega Bioceramic Moonswatch Mission To Moonphase Snoopy",1328
2026-07-16T15:33:14.853Z,gid://shopify/Product/15114998612354,"taylor-swift-the-eras-tour-target-exclusive-hardcover-book","Taylor Swift The Eras Tour (Target Exclusive) Hardcover Book",1292
2026-07-16T15:33:14.853Z,gid://shopify/Product/15115003036034,"the-marc-jacobs-the-leather-tote-bag-small-black","Marc Jacobs The Leather Tote Bag Small Black",1327
2026-07-16T15:33:14.853Z,gid://shopify/Product/15115007852930,"timberland-6-premium-boot-woven-dark-brown","Timberland 6"" Premium Boot Woven Dark Brown",1226
2026-07-16T15:33:14.853Z,gid://shopify/Product/15115011424642,"travis-scott-cactus-jack-for-fragment-create-t-shirt-washed-black","Travis Scott Cactus Jack For Fragment Create T-shirt Washed Black",861
2026-07-16T15:33:14.853Z,gid://shopify/Product/15115016601986,"travis-scott-cj-t-shirt-3-pack-white","Travis Scott CJ T-Shirt (3 Pack) White",893
2026-07-16T15:33:14.853Z,gid://shopify/Product/15115020730754,"travis-scott-jordan-cactus-jack-highest-t-shirt-olive","Travis Scott Jordan Cactus Jack Highest T Shirt Olive",804
2026-07-16T15:33:14.853Z,gid://shopify/Product/15115035640194,"travis-scott-x-jordan-x-fragment-t-shirt-white","Travis Scott x Jordan x Fragment T-shirt White",1063
2026-07-16T15:33:14.853Z,gid://shopify/Product/15115044454786,"yeezy-gap-padded-denim-jacket-grey-wash","Yeezy Gap Engineered by Balenciaga Padded Denim Jacket Grey Wash",1230
2026-07-16T15:33:14.853Z,gid://shopify/Product/15115046814082,"yeezy-slide-bone","adidas Yeezy Slide Bone",958
2026-07-16T15:33:14.853Z,gid://shopify/Product/15115047534978,"yeezy-slide-resin","adidas Yeezy Slide Resin",889
2026-07-16T15:33:14.853Z,gid://shopify/Product/15115048452482,"yeezy-x-gap-hoodie-brown","Yeezy Gap Hoodie Brown",846
2026-07-16T15:33:14.854Z,gid://shopify/Product/15115050320258,"yeezy-x-gap-unreleased-zip-sweatshirt-hoodie-dark-gray","Yeezy x Gap Unreleased Zip Sweatshirt Hoodie Dark Gray",1387
2026-07-16T15:33:14.854Z,gid://shopify/Product/15115050910082,"yeezy-x-gosha-rubchinskiy-yzy-jersey-black","Yeezy x Gosha Rubchinskiy YZY Jersey Black",1063
2026-07-16T15:33:14.854Z,gid://shopify/Product/15118783054210,"nike-sb-dunk-low-supreme-94-black","Nike SB Dunk Low Supreme 94 Black",1208
2026-07-16T15:33:14.854Z,gid://shopify/Product/15118783283586,"nike-sb-dunk-low-supreme-94-ocean-fog","Nike SB Dunk Low Supreme 94 Ocean Fog",1174
2026-07-16T15:33:14.854Z,gid://shopify/Product/15118783906178,"nike-air-max-muscle-95-yu-gi-oh-psychic-blue","Nike Air Max Muscle 95 Yu-Gi-Oh! Joey (with Promo Card)",1429
2026-07-16T15:33:14.854Z,gid://shopify/Product/15118784266626,"nike-ja-3-hustle-and-flow-gs","Nike Ja 3 Hustle & Flow (GS)",1110
2026-07-16T15:33:14.854Z,gid://shopify/Product/15118784627074,"ugg-tasman-ii-slipper-dusted-cocoa","UGG Tasman II Slipper Dusted Cocoa",1219
2026-07-16T15:33:14.854Z,gid://shopify/Product/15118785020290,"ugg-tasman-ii-slipper-dark-grey-womens","UGG Tasman II Slipper Dark Grey (Women's)",936
2026-07-16T15:33:14.854Z,gid://shopify/Product/15118786265474,"ugg-tasman-slipper-caribou","UGG Tasman Slipper Caribou",1163
2026-07-16T15:33:14.854Z,gid://shopify/Product/15118788034946,"ugg-tasman-slipper-burnt-olive-w","UGG Tasman Slipper Burnt Olive (Women's)",1109
2026-07-16T15:33:14.854Z,gid://shopify/Product/15118788624770,"ugg-tasman-slipper-lavender-shadow-womens","UGG Tasman Slipper Lavender Shadow (Women's)",1490
2026-07-16T15:33:14.854Z,gid://shopify/Product/15118789017986,"ugg-tasman-slipper-burnt-olive","UGG Tasman Slipper Burnt Olive",1418
2026-07-16T15:33:14.854Z,gid://shopify/Product/15118790852994,"ugg-tazz-ii-slipper-black-womens","UGG Tazz II Slipper Black (Women's)",1037
2026-07-16T15:33:14.854Z,gid://shopify/Product/15118791836034,"ugg-tazz-slipper-heritage-braid-black-womens","UGG Tazz Slipper Heritage Braid Black (Women's)",1330
2026-07-16T15:34:57.302Z,gid://shopify/Product/15118793245058,"moncler-maya-short-down-jacket-black","Moncler Maya Short Down Jacket Black",830
2026-07-16T15:34:57.307Z,gid://shopify/Product/15118794162562,"nike-primaloft-windproof-puffer-jacket-black","Nike Primaloft Windproof Puffer Jacket Black",1021
2026-07-16T15:34:57.308Z,gid://shopify/Product/15118794948994,"yeezy-gap-engineered-by-balenciaga-round-puffer-jacket-black","Yeezy Gap Engineered By Balenciaga Round Puffer Jacket Black",991
2026-07-16T15:34:57.308Z,gid://shopify/Product/15118795538818,"pop-mart-skullpanda-winter-symphony-series-symphony-of-wishes-secret-edition-plush","Pop Mart SKULLPANDA Winter Symphony Series Symphony of Wishes (Secret Edition) Plush",1091
2026-07-16T15:34:57.308Z,gid://shopify/Product/15118796325250,"saucony-progrid-omni-9-pink-purple","Saucony ProGrid Omni 9 Pink Purple",1121
2026-07-16T15:34:57.308Z,gid://shopify/Product/15118796652930,"saucony-progrid-triumph-4-jae-tips-flowers-grow-uptown-virginia-creeper","Saucony ProGrid Triumph 4 Jae Tips Flowers Grow Uptown Virginia Creeper",1209
2026-07-16T15:34:57.308Z,gid://shopify/Product/15118797996418,"saucony-progrid-omni-9-tomorrow-meet-yesterday-pack-tan-maroon","Saucony ProGrid Omni 9 Tomorrow, Meet Yesterday Pack Tan Maroon",1160
2026-07-16T15:34:57.308Z,gid://shopify/Product/15121790206338,"ugg-classic-ultra-mini-boot-grey-w","UGG Classic Ultra Mini Boot Grey (Women's)",960
2026-07-16T15:34:57.308Z,gid://shopify/Product/15122829083010,"pokemon-crown-zenith-sea-sky-premium-collection","Pokémon Crown Zenith Sea & Sky Premium Collection",1199
2026-07-16T15:34:57.308Z,gid://shopify/Product/15122833604994,"pokemon-scarlet-violet-151-costco-5-mini-tin-bundle-2x-lot-tin-art-mary-vary","Pokémon Scarlet & Violet 151 Costco 5 Mini Tin Bundle 2x Lot (Tin Art Mary Vary)",1354
2026-07-16T15:34:57.308Z,gid://shopify/Product/15122834620802,"pokemon-scarlet-violet-prismatic-evoloutions-super-premium-collection","Pokémon Scarlet & Violet Prismatic Evolutions Super Premium Collection",1124
2026-07-16T15:34:57.308Z,gid://shopify/Product/15122839699842,"pokemon-scarlet-violet-prismatic-evolutions-surprise-box-4x-lot","Pokémon Scarlet & Violet Prismatic Evolutions Surprise Box 4x Lot",1200
2026-07-16T15:34:57.308Z,gid://shopify/Product/15123141460354,"nike-air-zoom-pegasus-premium-white-metallic-silver","Nike Air Zoom Pegasus Premium White Metallic Silver",1754
2026-07-16T15:34:57.308Z,gid://shopify/Product/15123141853570,"nike-air-zoom-pegasus-premium-sp-mushroom","Nike Air Zoom Pegasus Premium SP Mushroom",1142
2026-07-16T15:34:57.309Z,gid://shopify/Product/15123145359746,"nike-air-zoom-pegasus-premium-jade-horizon","Nike Air Zoom Pegasus Premium Jade Horizon",1125
2026-07-16T15:34:57.309Z,gid://shopify/Product/15123150799234,"nike-air-zoom-pegasus-premium-white-metallic-silver-womens","Nike Air Zoom Pegasus Premium White Metallic Silver (Women's)",1354
2026-07-16T15:34:57.309Z,gid://shopify/Product/15123181273474,"nike-air-zoom-pegasus-39-white-grey-fog","Nike Air Zoom Pegasus 39 White Grey Fog",1603
2026-07-16T15:34:57.309Z,gid://shopify/Product/15123200508290,"nike-air-zoom-pegasus-41-gore-tex-photon-dust","Nike Air Zoom Pegasus 41 Gore-Tex Photon Dust",1470
2026-07-16T15:34:57.309Z,gid://shopify/Product/15123210535298,"nike-air-zoom-pegasus-41-sail-photo-blue","Nike Air Zoom Pegasus 41 Sail Photo Blue",1229
2026-07-16T15:34:57.309Z,gid://shopify/Product/15123226624386,"nike-air-zoom-pegasus-40-white-black-photon-dust","Nike Air Zoom Pegasus 40 White Black Photon Dust",1359
2026-07-16T15:34:57.309Z,gid://shopify/Product/15123230916994,"nike-pegasus-turbo-next-nature-black-sail","Nike Pegasus Turbo Next Nature Black Sail",1624
2026-07-16T15:34:57.309Z,gid://shopify/Product/15123242844546,"nike-air-pegasus-83-white-black-gum","Nike Air Pegasus 83 White Black Gum",1460
2026-07-16T15:34:57.309Z,gid://shopify/Product/15123245859202,"nike-air-pegasus-89-premium-light-iron-ore","Nike Air Pegasus '89 Premium Light Iron Ore",1422
2026-07-16T15:34:57.309Z,gid://shopify/Product/15123253854594,"nike-zoomx-vaporfly-3-multi-color","Nike ZoomX Vaporfly 3 Multi-Color",1485
2026-07-16T15:34:57.309Z,gid://shopify/Product/15123255853442,"nike-zoomx-vaporfly-next-3-fk-ekiden-pack","Nike ZoomX Vaporfly Next% 3 FK Ekiden Pack",1391
2026-07-16T15:34:57.310Z,gid://shopify/Product/15123261620610,"nike-zoomx-dragonfly-racing-spike-white-ombre","Nike ZoomX Dragonfly Racing Spike White Ombre",1509
2026-07-16T15:34:57.310Z,gid://shopify/Product/15123263816066,"nike-maxfly-2-white-bright-spruce-barely-green-black","Nike Maxfly 2 White Bright Spruce Barely Green Black",1388
2026-07-16T15:34:57.310Z,gid://shopify/Product/15123265716610,"nike-air-zoom-maxfly-mint-foam","Nike Air Zoom Maxfly Mint Foam",1034
2026-07-16T15:34:57.310Z,gid://shopify/Product/15123267617154,"on-running-cloudmonster-all-black","On Running Cloudmonster All Black",1510
2026-07-16T15:34:57.310Z,gid://shopify/Product/15123269845378,"nike-cortez-valentines-day-2025-womens","Nike Cortez Valentine's Day (2025) (Women's)",1281
2026-07-16T15:34:57.310Z,gid://shopify/Product/15123271778690,"nike-cortez-40-sacai-white-university-red-blue","Nike Zoom Cortez SP sacai White University Red Blue",1204
2026-07-16T15:34:57.310Z,gid://shopify/Product/15123273974146,"nike-cortez-nylon-black-white-womens","Nike Cortez Nylon Black White (Women's)",1350
2026-07-16T15:34:57.310Z,gid://shopify/Product/15123279643010,"nike-cortez-cacao-wow-womens","Nike Cortez Cacao Wow (Women's)",1493
2026-07-16T15:34:57.310Z,gid://shopify/Product/15123281707394,"nike-cortez-midnight-navy","Nike Cortez Midnight Navy",1199
2026-07-16T15:34:57.310Z,gid://shopify/Product/15123287212418,"rigorer-ar1-iceman","Rigorer AR1 Iceman",1388
2026-07-16T15:34:57.310Z,gid://shopify/Product/15139793633666,"fear-of-god-athletics-performance-jersey-tee-clay","Fear of God Athletics Performance Jersey Tee Clay",599
2026-07-16T15:34:57.310Z,gid://shopify/Product/15139793961346,"fear-of-god-essentials-chest-logo-hoodie-jet-black-jet-black","Fear of God Essentials Chest Logo Hoodie Jet Black/Jet Black",1402
2026-07-16T15:34:57.310Z,gid://shopify/Product/15139794289026,"fear-of-god-essentials-crewneck-tee-jet-black","Fear of God Essentials Crewneck Tee Jet Black",1460
2026-07-16T15:34:57.310Z,gid://shopify/Product/15139794616706,"fear-of-god-essentials-fleece-hoodie-fw24-black","Fear of God Essentials Fleece Hoodie (FW24) Black",1220
2026-07-16T15:34:57.310Z,gid://shopify/Product/15139794911618,"fear-of-god-essentials-fleece-relaxed-sweatpant-black","Fear of God Essentials Fleece Relaxed Sweatpant Black",1444
2026-07-16T15:36:57.109Z,gid://shopify/Product/15139795140994,"fear-of-god-essentials-hoodie-jet-black","Fear of God Essentials Hoodie Jet Black",820
2026-07-16T15:36:57.115Z,gid://shopify/Product/15139795665282,"fear-of-god-essentials-knit-pullover-taupe","Fear of God Essentials Knit Pullover Hoodie (SS21) Taupe",848
2026-07-16T15:36:57.115Z,gid://shopify/Product/15139795960194,"fear-of-god-essentials-nylon-fleece-hoodie-dark-heather-oatmeal-ink","Fear of God Essentials Nylon Fleece Hoodie Dark Heather Oatmeal/Ink",937
2026-07-16T15:36:57.115Z,gid://shopify/Product/15139796222338,"fear-of-god-essentials-pullover-hoodie-ink","Fear of God Essentials Pullover Hoodie Ink",823
2026-07-16T15:36:57.115Z,gid://shopify/Product/15139796517250,"fear-of-god-essentials-ss-tee-plum","Fear of God Essentials SS Tee Plum",965
2026-07-16T15:36:57.115Z,gid://shopify/Product/15139796844930,"fear-of-god-essentials-sweatpants-light-heather-grey","Fear of God Essentials Sweatpants Light Heather Grey",1219
2026-07-16T15:36:57.116Z,gid://shopify/Product/15139797041538,"fear-of-god-essentials-tee-black","Fear of God Essentials Arch Logo Tee Jet Black",858
2026-07-16T15:36:57.116Z,gid://shopify/Product/15142595199362,"2021-pokemon-tcg-shining-fates-elite-trainer-box","Pokémon TCG Sword & Shield Shining Fates Elite Trainer Box",758
2026-07-16T15:36:57.116Z,gid://shopify/Product/15142596280706,"adidas-ae-1-low-year-of-the-snake","adidas AE 1 Low Year of the Snake",1105
2026-07-16T15:36:57.116Z,gid://shopify/Product/15142597230978,"adidas-clarks-8th-street-samba-by-ronnie-fieg-kithmas-white-multi","adidas Clarks 8th Street Samba by Ronnie Fieg Kithmas White Multi",1336
2026-07-16T15:36:57.116Z,gid://shopify/Product/15142599852418,"adidas-gazelle-bold-bliss-pink-spark-womens","adidas Gazelle Bold Bliss Pink Spark (Women's)",1241
2026-07-16T15:36:57.116Z,gid://shopify/Product/15142600475010,"adidas-gazelle-bold-energy-ink-gum-womens","adidas Gazelle Bold Energy Ink Gum (Women's)",1163
2026-07-16T15:36:57.116Z,gid://shopify/Product/15142601195906,"adidas-gazelle-bold-shadow-red-w","adidas Gazelle Bold Shadow Red (Women's)",1222
2026-07-16T15:36:57.116Z,gid://shopify/Product/15142602899842,"adidas-gazelle-flash-aqua-lucid-pink-womens","adidas Gazelle Flash Aqua Lucid Pink (Women's)",1223
2026-07-16T15:36:57.116Z,gid://shopify/Product/15142608142722,"adidas-gazelle-indoor-pulse-mint-womens","adidas Gazelle Indoor Pulse Mint (Women's)",1269
2026-07-16T15:36:57.116Z,gid://shopify/Product/15142608830850,"adidas-gazelle-indoor-white-preloved-ink","adidas Gazelle Indoor White Preloved Ink",1356
2026-07-16T15:36:57.116Z,gid://shopify/Product/15142615286146,"adidas-handball-spezial-off-white-collegiate-burgundy-womens","adidas Handball Spezial Off White Collegiate Burgundy (Women's)",1288
2026-07-16T15:36:57.116Z,gid://shopify/Product/15142841876866,"adidas-handball-spezial-sporty-and-rich-shadow-red","adidas Handball Spezial Sporty & Rich Shadow Red",1086
2026-07-16T15:36:57.116Z,gid://shopify/Product/15142844891522,"adidas-predator-elite-foldover-tongue-fg-polar-victory-pack","adidas Predator Elite Foldover Tongue FG Polar Victory Pack",1184
2026-07-16T15:36:57.116Z,gid://shopify/Product/15142851215746,"adidas-zx-8000-lego-size-10-5-sponsored-true","adidas ZX 8000 LEGO",994
2026-07-16T15:36:57.116Z,gid://shopify/Product/15142852460930,"air-jordan-1-high-zoom-air-cmft-2-year-of-the-rabbit","Jordan 1 High Zoom Air CMFT 2 Year Of The Rabbit",1611
2026-07-16T15:36:57.117Z,gid://shopify/Product/15142853214594,"air-jordan-1-low-blue-whisper-dune-red-womens","Jordan 1 Low Blue Whisper Dune Red (Women's)",1428
2026-07-16T15:36:57.117Z,gid://shopify/Product/15142854164866,"air-jordan-1-low-flyease-gym-red","Jordan 1 Low FlyEase Gym Red",1094
2026-07-16T15:36:57.117Z,gid://shopify/Product/15142855049602,"air-jordan-1-low-premium-pale-ivory-off-noir-baroque-brown","Jordan 1 Low Premium Pale Ivory Off Noir Baroque Brown",1711
2026-07-16T15:36:57.117Z,gid://shopify/Product/15142855606658,"air-jordan-1-low-reverse-bred-pebbled-swoosh","Jordan 1 Low Reverse Bred Pebbled Swoosh",1033
2026-07-16T15:36:57.117Z,gid://shopify/Product/15142856950146,"air-jordan-1-low-se-craft-light-olive","Jordan 1 Low SE Craft Light Olive",1586
2026-07-16T15:36:57.117Z,gid://shopify/Product/15142858031490,"air-jordan-1-low-se-holiday-special-2022","Jordan 1 Low SE Holiday Special (2022)",1178
2026-07-16T15:36:57.117Z,gid://shopify/Product/15142858981762,"air-jordan-1-low-se-phantom-repaired-denim-swoosh","Jordan 1 Low SE Phantom Repaired Denim Swoosh",1397
2026-07-16T15:36:57.117Z,gid://shopify/Product/15142859702658,"air-jordan-1-low-se-wrmk-sashiko-denim","Jordan 1 Low SE WRMK Sashiko Denim",1328
2026-07-16T15:36:57.117Z,gid://shopify/Product/15142860685698,"air-jordan-1-mid-alternate-bred-2022","Jordan 1 Mid Alternate Bred (2022)",1018
2026-07-16T15:36:57.117Z,gid://shopify/Product/15142861767042,"air-jordan-1-mid-barcelona-sweater-red-patent-gs","Jordan 1 Mid Barcelona Sweater Red Patent (GS)",1168
2026-07-16T15:36:57.117Z,gid://shopify/Product/15142862881154,"air-jordan-1-mid-coral-chalk-gs","Jordan 1 Mid Coral Chalk (GS)",1049
2026-07-16T15:36:57.117Z,gid://shopify/Product/15142863602050,"air-jordan-1-mid-glow-in-the-dark-gs","Jordan 1 Mid Glow-In-The-Dark (GS)",1444
2026-07-16T15:36:57.117Z,gid://shopify/Product/15142864617858,"air-jordan-1-mid-se-dark-pony","Jordan 1 Mid SE Dark Pony",1088
2026-07-16T15:36:57.117Z,gid://shopify/Product/15142865469826,"air-jordan-1-mid-white-black-purple","Jordan 1 Mid Dark Iris",1077
2026-07-16T15:36:57.117Z,gid://shopify/Product/15142866157954,"air-jordan-1-retro-high-golf-eastside-golf-out-of-the-mud","Jordan 1 Retro High Golf Eastside Golf Out of the Mud",1588
2026-07-16T15:36:57.118Z,gid://shopify/Product/15142867009922,"air-jordan-1-retro-low-golf-rust-pink","Jordan 1 Retro Low Golf Rust Pink",1413
2026-07-16T15:36:57.118Z,gid://shopify/Product/15142923862402,"stanley-the-spring-fling-collection-flowstate-quencher-30oz-tumbler-white-neon","Stanley The Spring Fling Collection Flowstate Quencher 30oz Tumbler White Neon",1196
2026-07-16T15:36:57.118Z,gid://shopify/Product/15142929498498,"birkenstock-boston-soft-footbed-oiled-leather-tobacco-brown","Birkenstock Boston Soft Footbed Oiled Leather Tobacco Brown",1176
2026-07-16T15:36:57.118Z,gid://shopify/Product/15142940115330,"timberland-6-inch-premium-boot-wheat-td","Timberland 6"" Premium Boot Wheat (TD)",1334
2026-07-16T15:38:43.671Z,gid://shopify/Product/15142941131138,"adidas-adistar-jellyfish-pharrell-williams-solid-grey-black","adidas Adistar Jellyfish Pharrell Williams Solid Grey Black",1190
2026-07-16T15:38:43.678Z,gid://shopify/Product/15142942507394,"asics-gel-kayano-121-up-there","ASICS Gel-Kayano 12.1 Up There",1237
2026-07-16T15:38:43.678Z,gid://shopify/Product/15142943621506,"adidas-taekwondo-mei-song-for-the-mute-cream-white-womens","adidas Taekwondo Mei Song for the Mute Cream White (Women's)",1297
2026-07-16T15:38:43.679Z,gid://shopify/Product/15144497414530,"air-jordan-1-retro-high-black-desert-sand","Jordan 1 Retro High Black Desert Sand",1247
2026-07-16T15:38:43.679Z,gid://shopify/Product/15155287196034,"ugg-classic-mini-dipper-legwarmer-boot-pink-dawn-womens","UGG Classic Mini Dipper Legwarmer Boot Pink Dawn (Women's)",1222
2026-07-16T15:38:43.679Z,gid://shopify/Product/15158242247042,"nike-air-max-plus-lisboa","Nike Air Max Plus Lisboa",1325
2026-07-16T15:38:43.679Z,gid://shopify/Product/15160645550466,"adidas-x-nigo-japan-national-soccer-team-special-collection-numbered-jersey-asia-sizing-wonder-mauve","adidas x Nigo Japan National Soccer Team Special Collection Numbered Jersey (Asia Sizing) Wonder Mauve",1297
2026-07-16T15:38:43.679Z,gid://shopify/Product/15161371525506,"air-jordan-9-retro-bred-patent","Jordan 9 Retro Bred Patent",1028
2026-07-16T15:38:43.679Z,gid://shopify/Product/15161375261058,"air-jordan-14-retro-supreme-black","Jordan 14 Retro Supreme Black",994
2026-07-16T15:38:43.679Z,gid://shopify/Product/15161375981954,"air-jordan-legacy-312-desert-camo","Jordan Legacy 312 Desert Camo",1148
2026-07-16T15:38:43.679Z,gid://shopify/Product/15162641088898,"hot-wheels-collectors-rlc-exclusive-2024-super-treasure-hunt-set","Hot Wheels Collectors RLC Exclusive 2024 Super Treasure Hunt Set",1221
2026-07-16T15:38:43.680Z,gid://shopify/Product/15162665402754,"bose-quietcomfort-45-wireless-noise-cancelling-headphones-866724-0100","BOSE QuietComfort 45 Wireless Noise Cancelling Headphones 866724-0100",1121
2026-07-16T15:38:43.680Z,gid://shopify/Product/15162676969858,"timex-x-noah-sun-and-moon-118-white","Timex x Noah Sun and Moon 118",1108
2026-07-16T15:38:43.680Z,gid://shopify/Product/15162717995394,"puma-suede-pokemon-squirtle","Puma Suede PokÃ©mon Squirtle",1428
2026-07-16T15:38:43.680Z,gid://shopify/Product/15162724123010,"air-jordan-1-retro-high-og-fir-pro-green-td","Jordan 1 Retro High OG Fir Pro Green (TD)",1268
2026-07-16T15:38:43.680Z,gid://shopify/Product/15162724450690,"jordan-collectors-44l-duffle-bag-black","Jordan Collectors 44L Duffle Bag Black",1377
2026-07-16T15:38:43.680Z,gid://shopify/Product/15162724811138,"new-balance-1906r-ice-blue-melon-water","New Balance 1906R Ice Blue Melon Water",1285
2026-07-16T15:38:43.680Z,gid://shopify/Product/15162725106050,"new-balance-860v2-milky-way-pack-optic-white","New Balance 860v2 Milky Way Pack Optic White",1199
2026-07-16T15:38:43.680Z,gid://shopify/Product/15162725433730,"new-balance-992-miusa-white-reflection","New Balance 992 MiUSA White Reflection",1920
2026-07-16T15:38:43.680Z,gid://shopify/Product/15162725892482,"new-balance-990v2-kith-cyclades","New Balance 990v2 Kith Cyclades (with Socks)",1134
2026-07-16T15:38:43.680Z,gid://shopify/Product/15162726416770,"new-balance-9060-blue-white-gs","New Balance 9060 Blue White (GS)",1336
2026-07-16T15:38:43.680Z,gid://shopify/Product/15163558199682,"lego-star-wars-gingerbread-at-at-walker-set-40806","LEGO Star Wars Gingerbread AT-AT Walker Set 40806",1234
2026-07-16T15:38:43.681Z,gid://shopify/Product/15163558494594,"lego-architecture-the-white-house-set-21054","LEGO Architecture The White House Set 21054",748
2026-07-16T15:38:43.681Z,gid://shopify/Product/15163558756738,"lego-millennium-falcon-ultimate-collector-series-set-75192","LEGO Star Wars Millennium Falcon Ultimate Collector Series Set 75192",1058
2026-07-16T15:38:43.681Z,gid://shopify/Product/15163558953346,"lego-botanical-collection-bird-of-paradise-set-10289","LEGO Botanical Collection Bird of Paradise Set 10289",934
2026-07-16T15:38:43.681Z,gid://shopify/Product/15163559215490,"lego-creator-porche-911-set-10295","LEGO Creator Porsche 911 Set 10295",819
2026-07-16T15:38:43.681Z,gid://shopify/Product/15163559444866,"lego-tree-house-set-21318","LEGO Ideas Tree House Set 21318",979
2026-07-16T15:38:43.681Z,gid://shopify/Product/15163559641474,"lego-ghostbusters-ecto-1-set-21108","LEGO Ideas Ghostbusters Ecto-1 Set 21108",603
2026-07-16T15:38:43.681Z,gid://shopify/Product/15163559838082,"lego-zelda-great-deku-tree-2-in-1-set-77092","LEGO Zelda Great Deku Tree 2-in-1 Set 77092",1637
2026-07-16T15:38:43.681Z,gid://shopify/Product/15163560067458,"lego-star-wars-bd-1-droid-set-75335","LEGO Star Wars BD-1 Droid Set 75335",791
2026-07-16T15:38:43.681Z,gid://shopify/Product/15163560329602,"lego-marvel-infinity-saga-inifinity-gaunlet-set-76191","LEGO Marvel Infinity Saga Inifinity Gaunlet Set 76191",920
2026-07-16T15:38:43.681Z,gid://shopify/Product/15163560591746,"lego-star-wars-luke-skywalkers-lightsaber-set-40483","LEGO Star Wars Luke Skywalker's Lightsaber Set 40483",893
2026-07-16T15:38:43.681Z,gid://shopify/Product/15163560952194,"lego-festive-gingerbread-house-set-40809","LEGO Festive Gingerbread House Set 40809",1153
2026-07-16T15:38:43.681Z,gid://shopify/Product/15163561312642,"lego-technic-bugatti-chiron-set-42083","LEGO Technic Bugatti Chiron Set 42083",772
2026-07-16T15:38:43.681Z,gid://shopify/Product/15163561542018,"lego-technic-ferrari-daytona-sp3-set-42143","LEGO Technic Ferrari Daytona SP3 Set 42143",900
2026-07-16T15:38:43.681Z,gid://shopify/Product/15163561804162,"lego-roller-coaster-set-10261","LEGO Creator Roller Coaster Set 10261",575
2026-07-16T15:38:43.681Z,gid://shopify/Product/15163562000770,"lego-colosseum-set-10276","LEGO Architecture Colosseum Set 10276",642
2026-07-16T15:38:43.681Z,gid://shopify/Product/15163562295682,"lego-technic-ferrari-sf-24-f1-car-set-42207","LEGO Technic Ferrari SF-24 F1 Car Set 42207",1194
2026-07-16T15:38:43.681Z,gid://shopify/Product/15163562557826,"lego-technic-app-controlled-cat-d11-bulldozer-set-42131-yellow-black","LEGO Technic App-Controlled Cat D11 Bulldozer Set 42131 Yellow/Black",929
2026-07-16T15:38:43.682Z,gid://shopify/Product/15163562852738,"lego-fc-barcelona-camp-nou-set-10284","LEGO FC Barcelona Camp Nou Set 10284",842
2026-07-16T15:40:33.616Z,gid://shopify/Product/15163563147650,"lego-batman-1989-batwing-set-76161","LEGO DC Batman 1989 Batwing Set 76161",850
2026-07-16T15:40:33.621Z,gid://shopify/Product/15163563377026,"lego-palace-cinema-set-10232","LEGO Creator Palace Cinema Set 10232",821
2026-07-16T15:40:33.621Z,gid://shopify/Product/15163563606402,"lego-star-wars-r2-d2-set-75308","LEGO Star Wars R2-D2 Set 75308",1015
2026-07-16T15:40:33.621Z,gid://shopify/Product/15163563803010,"lego-star-wars-the-dark-falcon-set-75389","LEGO Star Wars The Dark Falcon Set 75389",1085
2026-07-16T15:40:33.621Z,gid://shopify/Product/15163563999618,"lego-icons-eldorado-fortress-set-10320","LEGO Icons Eldorado Fortress Set 10320",1138
2026-07-16T15:40:33.621Z,gid://shopify/Product/15163564228994,"lego-elf-club-house-set-10275","LEGO Elf Club House Set 10275",845
2026-07-16T15:40:33.621Z,gid://shopify/Product/15163564458370,"lego-technic-land-rover-defender-set-42110","LEGO Technic Land Rover Defender Set 42110",846
2026-07-16T15:40:33.621Z,gid://shopify/Product/15163564753282,"lego-dc-collection-batman-set-31205","LEGO DC Collection Jim Lee Batman Set 31205",1288
2026-07-16T15:40:33.621Z,gid://shopify/Product/15163565113730,"lego-creator-sydney-opera-house-set-10234","LEGO Creator Sydney Opera House Set 10234",941
2026-07-16T15:40:33.621Z,gid://shopify/Product/15163565310338,"lego-star-wars-tie-interceptor-set-75382","LEGO Star Wars TIE Interceptor Set 75382",964
2026-07-16T15:40:33.621Z,gid://shopify/Product/15163565539714,"lego-architecture-notre-dame-de-paris-set-21061","LEGO Architecture Notre-Dame de Paris Set 21061",896
2026-07-16T15:40:33.621Z,gid://shopify/Product/15163565769090,"lego-boutique-hotel-set-10297","LEGO Boutique Hotel Set 10297",708
2026-07-16T15:40:33.621Z,gid://shopify/Product/15163565998466,"lego-creator-gingerbread-house-set-10267","LEGO Creator Gingerbread House Set 10267",884
2026-07-16T15:40:33.621Z,gid://shopify/Product/15163566260610,"lego-creator-maersk-line-triple-e-set-10241","LEGO Creator Maersk Line Triple-E Set 10241",962
2026-07-16T15:40:33.621Z,gid://shopify/Product/15163566489986,"lego-star-wars-ewok-village-set-10236","LEGO Star Wars Ewok Village Set 10236",763
2026-07-16T15:40:33.621Z,gid://shopify/Product/15163566850434,"lego-architecture-lego-house-set-21037","LEGO Architecture LEGO House Set 21037",1065
2026-07-16T15:40:33.621Z,gid://shopify/Product/15163567079810,"lego-star-wars-snowspeeder-set-75144","LEGO Star Wars Snowspeeder Set 75144",895
2026-07-16T15:40:33.621Z,gid://shopify/Product/15163567505794,"lego-ideas-the-botanical-garden-set-21353","LEGO Ideas The Botanical Garden Set 21353",950
2026-07-16T15:40:33.621Z,gid://shopify/Product/15163568062850,"lego-the-child-set-75318","LEGO Star Wars The Child Set 75318",782
2026-07-16T15:40:33.621Z,gid://shopify/Product/15163568587138,"lego-dc-comics-super-heroes-the-tumbler-set-76023","LEGO DC Comics Super Heroes The Tumbler Batman Set 76023",730
2026-07-16T15:40:33.621Z,gid://shopify/Product/15163569013122,"lego-star-wars-y-wing-starfighter-set-75181","LEGO Star Wars Ultimate Collector Series Y-wing Starfighter Set 75181",973
2026-07-16T15:40:33.621Z,gid://shopify/Product/15163569340802,"lego-icons-tranquil-garden-set-10315","LEGO Icons Tranquil Garden Set 10315",1150
2026-07-16T15:40:33.622Z,gid://shopify/Product/15163569701250,"lego-icons-dune-atreides-royal-ornithopter-set-10327","LEGO ICONS Dune Atreides Royal Ornithopter Set 10327",1336
2026-07-16T15:40:33.622Z,gid://shopify/Product/15163569930626,"lego-creator-winter-toy-shop-set-10249","LEGO Creator Winter Toy Shop Set 10249",776
2026-07-16T15:40:33.622Z,gid://shopify/Product/15163570258306,"lego-creator-fairgrounds-mixer-set-10244","LEGO Creator Fairgrounds Mixer Set 10244",1087
2026-07-16T15:40:33.622Z,gid://shopify/Product/15163570585986,"lego-batman-cowl-set-76182","LEGO Batman Cowl Set 76182",769
2026-07-16T15:40:33.622Z,gid://shopify/Product/15163570848130,"lego-super-mario-piranha-plant-set-71426","LEGO Super Mario Piranha Plant Set 71426",1243
2026-07-16T15:40:33.622Z,gid://shopify/Product/15163571208578,"lego-ideas-river-steamboat-set-21356","LEGO Ideas River Steamboat Set 21356",1417
2026-07-16T15:40:33.622Z,gid://shopify/Product/15163571503490,"lego-marvel-venom-set-76187","LEGO Marvel Venom Set 76187",702
2026-07-16T15:40:33.622Z,gid://shopify/Product/15163571765634,"lego-creator-winter-village-cottage-set-10229","LEGO Creator Winter Village Cottage Set 10229",826
2026-07-16T15:40:33.622Z,gid://shopify/Product/15163572060546,"lego-ideas-doctor-who-set-21304","LEGO Ideas Doctor Who Set 21304",753
2026-07-16T15:40:33.622Z,gid://shopify/Product/15163572519298,"lego-icons-captain-jack-sparrows-pirate-ship-set-10365","LEGO Icons Captain Jack Sparrow's Pirate Ship Set 10365",1117
2026-07-16T15:40:33.622Z,gid://shopify/Product/15163572879746,"lego-star-wars-boba-fetts-starship-set-75312","LEGO Star Wars Boba Fett's Starship Set 75312",905
2026-07-16T15:40:33.622Z,gid://shopify/Product/15163573272962,"lego-icons-how-to-train-your-dragon-toothless-set-10375","LEGO Icons How to Train Your Dragon: Toothless Set 10375",1171
2026-07-16T15:40:33.622Z,gid://shopify/Product/15163573633410,"lego-ninjago-temple-of-airjitzu-set-70751","LEGO Ninjago Temple of Airjitzu Set 70751",1247
2026-07-16T15:40:33.622Z,gid://shopify/Product/15163573928322,"lego-spring-lantern-festival-set-80107","LEGO Spring Lantern Festival Set 80107",791
2026-07-16T15:40:33.622Z,gid://shopify/Product/15163574288770,"lego-the-long-ranger-constitution-train-chase-set-79111","LEGO The Lone Ranger Constitution Train Chase Set 79111",729
2026-07-16T15:40:33.622Z,gid://shopify/Product/15163574878594,"lego-vespa-125-set-10298","LEGO Vespa 125 Set 10298",800
2026-07-16T15:40:33.622Z,gid://shopify/Product/15163575337346,"lego-icons-lord-of-the-rings-the-shire-set-10354","LEGO Icons Lord of the Rings The Shire Set 10354",1266
2026-07-16T15:40:33.622Z,gid://shopify/Product/15163575632258,"lego-technic-car-transporter-set-42098","LEGO Technic Car Transporter Set 42098",1179
2026-07-16T15:42:38.293Z,gid://shopify/Product/15163576189314,"lego-speed-champions-lamborghini-urus-st-x-lamborghini-huracan-super-trofeo-evo-set-76899","LEGO Speed Champions Lamborghini Urus ST-X & Lamborghini Huracán Super Trofeo EVO Set 76899",884
2026-07-16T15:42:38.298Z,gid://shopify/Product/15163576713602,"lego-disney-mickey-mouse-minnie-mouse-set-43179","LEGO Disney Mickey Mouse & Minnie Mouse Set 43179",815
2026-07-16T15:42:38.298Z,gid://shopify/Product/15163577500034,"lego-ideas-the-insect-collection-set-31342","LEGO Ideas The Insect Collection Set 21342",870
2026-07-16T15:42:38.298Z,gid://shopify/Product/15163578712450,"lego-star-wars-clone-turbo-tank-set-75151","LEGO Star Wars Clone Turbo Tank Set 75151",816
2026-07-16T15:42:38.299Z,gid://shopify/Product/15163579761026,"lego-harry-potter-the-book-of-monsters-set-30628","LEGO Harry Potter The Book Of Monsters Set 30628",846
2026-07-16T15:42:38.299Z,gid://shopify/Product/15163580973442,"lego-star-wars-kylo-rens-shuttle-set-75256","LEGO Star War's Kylo Ren's Shuttle Set 75256",859
2026-07-16T15:42:38.299Z,gid://shopify/Product/15163581989250,"lego-technic-crawler-crane-set-72042","LEGO Technic Crawler Crane Set 42042",807
2026-07-16T15:42:38.299Z,gid://shopify/Product/15163582775682,"lego-star-wars-droideka-set-75381","LEGO Star Wars Droideka Set 75381",838
2026-07-16T15:42:38.299Z,gid://shopify/Product/15163583824258,"lego-harry-potter-hogwarts-clock-tower-set-75948","LEGO Harry Potter Hogwarts Clock Tower Set 75948",862
2026-07-16T15:42:38.299Z,gid://shopify/Product/15163585003906,"lego-pirates-the-brick-bounty-set-70413","LEGO Pirates The Brick Bounty Set 70413",943
2026-07-16T15:42:38.299Z,gid://shopify/Product/15163587232130,"lego-botanical-collection-succulents-set-10309","LEGO Botanical Collection Succulents Set 10309",813
2026-07-16T15:42:38.299Z,gid://shopify/Product/15163589689730,"lego-dc-comics-super-heroes-batwing-battle-over-gotham-city-set-6863","LEGO DC Comics Super Heroes Batwing Battle Over Gotham City Set 6863",970
2026-07-16T15:42:38.299Z,gid://shopify/Product/15163593785730,"lego-dc-comics-super-heroes-batmobile-and-the-two-face-chase-set-6864","LEGO DC Comics Super Heroes Batmobile and the Two-Face Chase Set 6864",915
2026-07-16T15:42:38.299Z,gid://shopify/Product/15163594867074,"lego-technic-4x4-crawler-exclusive-edition-set-41999","LEGO Technic 4x4 Crawler Exclusive Edition Set 41999",1071
2026-07-16T15:42:38.299Z,gid://shopify/Product/15163595555202,"lego-star-wars-republic-attack-gunship-set-7676","LEGO Star Wars Republic Attack Gunship Set 7676",970
2026-07-16T15:42:38.299Z,gid://shopify/Product/15163596341634,"lego-creator-tulips-set-40461","LEGO Creator Tulips Set 40461",667
2026-07-16T15:42:38.300Z,gid://shopify/Product/15163596964226,"lego-brick-headz-stranger-things-demogorgon-eleven-set-40549","LEGO Brick Headz Stranger Things Demogorgon & Eleven Set 40549",827
2026-07-16T15:42:38.300Z,gid://shopify/Product/15163603059074,"lego-lord-of-the-rings-smeagol-and-deagol-set-40761","LEGO Lord of the Rings Smeagol and Deagol Set 40761",908
2026-07-16T15:42:38.300Z,gid://shopify/Product/15169088225666,"nike-dunk-low-retro-khaki-team-red-pearl-white-womens","Nike Dunk Low Retro Khaki Team Red Pearl White (Women's)",1053
2026-07-16T15:42:38.300Z,gid://shopify/Product/15169089896834,"adidas-samba-jane-white-black-gum-womens","adidas Samba Jane White Black Gum (Women's)",1174
2026-07-16T15:42:38.300Z,gid://shopify/Product/15169090650498,"asics-gel-ds-trainer-14-hidden-ny-dawn","ASICS Gel-DS Trainer 14 Hidden NY Dawn",992
2026-07-16T15:42:38.300Z,gid://shopify/Product/15169092190594,"asics-gel-nyc-steel-grey-carrier-grey","ASICS Gel-NYC Steel Grey Carrier Grey",1091
2026-07-16T15:42:38.300Z,gid://shopify/Product/15169093697922,"asics-gel-kayano-14-sprite","ASICS Gel-Kayano 14 Sprite",1043
2026-07-16T15:42:38.300Z,gid://shopify/Product/15169094320514,"nike-air-max-95000-black-volt","Nike Air Max 95000 Black Volt",1179
2026-07-16T15:42:38.300Z,gid://shopify/Product/15170253848962,"nike-baltoro-bright-spruce-kumquat","Nike Baltoro Bright Spruce Kumquat",1083
2026-07-16T15:42:38.300Z,gid://shopify/Product/15170254143874,"nike-air-max-90-buffalo-bills","Nike Air Max 90 Buffalo Bills",1052
2026-07-16T15:42:38.300Z,gid://shopify/Product/15170254373250,"nike-air-max-90-arizona-cardinals","Nike Air Max 90 Arizona Cardinals",1186
2026-07-16T15:42:38.300Z,gid://shopify/Product/15170254832002,"nike-ja-3-turbo-green","Nike Ja 3 Scratch 3.0",1062
2026-07-16T15:42:38.300Z,gid://shopify/Product/15170255552898,"new-balance-2002r-protection-pack-white","New Balance 2002R Protection Pack White",1102
2026-07-16T15:42:38.301Z,gid://shopify/Product/15170256077186,"nike-air-max-goadome-baroque-brown-black","Nike Air Max Goadome Baroque Brown Black",1070
2026-07-16T15:42:38.301Z,gid://shopify/Product/15170256372098,"air-jordan-tatum-4-bloodline","Jordan Tatum 4 Bloodline",1061
2026-07-16T15:42:38.301Z,gid://shopify/Product/15171718250882,"adidas-stan-smith-spongebob-squarepants","adidas Stan Smith Freizeit SpongeBob SquarePants",1062
2026-07-16T15:42:38.301Z,gid://shopify/Product/15171723231618,"new-balance-990v6-miusa-true-camo-white","New Balance 990v6 MiUSA True Camo White",1240
2026-07-16T15:42:38.301Z,gid://shopify/Product/15171723854210,"new-balance-480-marsh-green-linen","New Balance 480 Marsh Green Linen",946
2026-07-16T15:42:38.301Z,gid://shopify/Product/15171724476802,"new-balance-990v6-miusa-black-grey-white-womens","New Balance 990v6 MiUSA Black Grey White (Women's)",1227
2026-07-16T15:42:38.301Z,gid://shopify/Product/15171725164930,"new-balance-550-white-dark-olivine","New Balance 550 White Dark Olivine",1344
2026-07-16T15:42:38.301Z,gid://shopify/Product/15173315690882,"new-balance-1906u-concepts-hours-and-days","New Balance 1906U Concepts Hours and Days",1173
2026-07-16T15:42:38.301Z,gid://shopify/Product/15173316116866,"new-balance-9060-nori","New Balance 9060 Nori",1143
2026-07-16T15:42:38.301Z,gid://shopify/Product/15173316444546,"new-balance-1906r-aime-leon-dore-green","New Balance 1906R Aime Leon Dore Jade",1089
2026-07-16T15:42:38.301Z,gid://shopify/Product/15173316772226,"new-balance-1906r-brighton-grey","New Balance 1906R Brighton Grey",1272
2026-07-16T15:44:54.097Z,gid://shopify/Product/15173317067138,"new-balance-327-moonbeam-shadow-grey","New Balance 327 Moonbeam Shadow Grey",1017
2026-07-16T15:44:54.101Z,gid://shopify/Product/15173317427586,"new-balance-550-white-vibrant-orange","New Balance 550 White Vibrant Orange",917
2026-07-16T15:44:54.101Z,gid://shopify/Product/15174846579074,"new-balance-990v3-kith-daytona","New Balance 990v3 MiUSA Kith Daytona (with Socks)",895
2026-07-16T15:44:54.101Z,gid://shopify/Product/15174847267202,"new-balance-327-grey-matter-white","New Balance 327 Grey Matter White",1096
2026-07-16T15:44:54.101Z,gid://shopify/Product/15174849429890,"new-balance-9060-slate-grey","New Balance 9060 Slate Grey",907
2026-07-16T15:44:54.101Z,gid://shopify/Product/15176952381826,"air-jordan-4-retro-metallic-gold-womens-bcfm","Jordan 4 Retro Metallic Gold (Women's) %",1147
2026-07-16T15:44:54.101Z,gid://shopify/Product/15176954904962,"nike-air-max-90-recraft-triple-black-bcfm","Nike Air Max 90 Recraft Triple Black %",930
2026-07-16T15:44:54.101Z,gid://shopify/Product/15176958083458,"air-jordan-1-retro-high-court-purple-white-bcfm","Jordan 1 Retro High Court Purple White %",959
2026-07-16T15:44:54.101Z,gid://shopify/Product/15176961425794,"air-jordan-1-mid-dark-teal-gs-bcfm","Jordan 1 Mid Armory Navy (GS) %",1095
2026-07-16T15:44:54.101Z,gid://shopify/Product/15176964243842,"new-balance-1906l-black-bcfm","New Balance 1906L Black %",1088
2026-07-16T15:44:54.102Z,gid://shopify/Product/15176967160194,"air-jordan-1-low-arctic-pink-gum-w-bcfm","Jordan 1 Low Arctic Pink Gum (Women's) %",1092
2026-07-16T15:44:54.102Z,gid://shopify/Product/15176969552258,"air-jordan-1-mid-triple-black-2022","Jordan 1 Mid Triple Black (GS) %",1110
2026-07-16T15:44:54.102Z,gid://shopify/Product/15176974369154,"nike-dunk-high-university-red-bcfm","Nike Dunk High Championship White Red %",769
2026-07-16T15:44:54.102Z,gid://shopify/Product/15176977121666,"nike-dunk-low-university-red-2021-bcfm","Nike Dunk Low Championship Red %",764
2026-07-16T15:44:54.102Z,gid://shopify/Product/15177098592642,"nike-sb-dunk-low-crenshaw-skate-club-bcfm","Nike SB Dunk Low Crenshaw Skate Club %",1239
2026-07-16T15:44:54.102Z,gid://shopify/Product/15177107636610,"nike-reactx-rejuven8-triple-black-bcfm","Nike ReactX Rejuven8 Triple Black %",1034
2026-07-16T15:44:54.102Z,gid://shopify/Product/15177111798146,"nike-zoom-vomero-5-photon-dust-pink-foam-womens-bcfm","Nike Zoom Vomero 5 Photon Dust Pink Foam (Women's) %",1283
2026-07-16T15:44:54.102Z,gid://shopify/Product/15180207751554,"the-north-face-1996-retro-nuptse-700-fill-packable-jacket-gravel","The North Face 1996 Retro Nuptse 700 Fill Packable Jacket Gravel",422
2026-07-16T15:44:54.102Z,gid://shopify/Product/15180207980930,"the-north-face-1996-retro-nuptse-jacket-mocha-brown-tnf-black","The North Face 1996 Retro Nuptse Jacket Mocha Brown/TNF Black",955
2026-07-16T15:44:54.103Z,gid://shopify/Product/15180208275842,"the-north-face-novelty-gtx-paisley-mountain-jacket-black","The North Face Novelty GTX Paisley Mountain Jacket Black",691
2026-07-16T15:44:54.103Z,gid://shopify/Product/15180208505218,"skims-x-tnf-refina-bodysuit-onyx","SKIMS x TNF Refina Bodysuit Onyx",1159
2026-07-16T15:44:54.103Z,gid://shopify/Product/15180208734594,"the-north-face-1996-printed-retro-nuptse-700-fill-packable-jacket-antelope-tan-ice","The North Face 1996 Printed Retro Nuptse 700 Fill Packable Jacket Antelope Tan Ice",1191
2026-07-16T15:44:54.103Z,gid://shopify/Product/15180209455490,"palace-pertex-quantum-rs-puffer-jacket-black","Palace Pertex Quantum RS Puffer Jacket Black",810
2026-07-16T15:44:54.103Z,gid://shopify/Product/15180209783170,"adidas-x-oasis-tour-coach-jacket-black","adidas x Oasis Tour Coach Jacket Black",837
2026-07-16T15:44:54.103Z,gid://shopify/Product/15180211028354,"nike-sportswear-essentials-faux-fur-jacket-black-white","Nike Sportswear Essentials Faux Fur Jacket Black/White",1120
2026-07-16T15:44:54.103Z,gid://shopify/Product/15180211323266,"arcteryx-gamma-mx-hoodie-jacket-ss25-black","Arc'teryx Gamma MX Hoodie Jacket (SS25) Black",927
2026-07-16T15:44:54.103Z,gid://shopify/Product/15180212404610,"new-balance-530-steel-blue","New Balance 530 Steel Blue",996
2026-07-16T15:44:54.103Z,gid://shopify/Product/15180213289346,"new-balance-550-sea-salt-black","New Balance 550 Sea Salt Black",929
2026-07-16T15:44:54.103Z,gid://shopify/Product/15184268493186,"new-balance-327-olive","New Balance 327 Olive",1092
2026-07-16T15:44:54.103Z,gid://shopify/Product/15184269410690,"new-balance-numeric-480-kith-madison-square-garden-white-orange","New Balance Numeric 480 Kith Madison Square Garden White Orange",1116
2026-07-16T15:44:54.103Z,gid://shopify/Product/15184269607298,"new-balance-9060-crystal-pink","New Balance 9060 Crystal Pink",1243
2026-07-16T15:44:54.104Z,gid://shopify/Product/15184269934978,"new-balance-530-white-stoneware","New Balance 530 White Stoneware",1225
2026-07-16T15:44:54.104Z,gid://shopify/Product/15184270229890,"new-balance-860v2-up-there-2000s-tropes","New Balance 860v2 Up There 2000's Tropes",1080
2026-07-16T15:44:54.105Z,gid://shopify/Product/15184270688642,"new-balance-550-white-grey-cream","New Balance 550 White Shadow Grey",1368
2026-07-16T15:44:54.105Z,gid://shopify/Product/15185560174978,"new-balance-2002r-black-black-dark-grey","New Balance 2002R Black Dark Grey",1201
2026-07-16T15:44:54.105Z,gid://shopify/Product/15185565876610,"nike-air-force-1-low-black-2019-w","Nike Air Force 1 Low '07 Black (Women's)",1000
2026-07-16T15:44:54.105Z,gid://shopify/Product/15185584488834,"air-jordan-1-low-ice-blue-black-gs","Jordan 1 Low Ice Blue Black (GS)",1072
2026-07-16T15:44:54.105Z,gid://shopify/Product/15185589830018,"air-jordan-1-retro-high-flyknit-wolf-grey","Jordan 1 Retro High Flyknit Wolf Grey",1080
2026-07-16T15:44:54.105Z,gid://shopify/Product/15185603101058,"off-white-x-nike-003-tracksuit-set-black","OFF-WHITE x Nike 003 Tracksuit Set Black",1161
2026-07-16T15:44:54.105Z,gid://shopify/Product/15188348141954,"air-jordan-1-low-og-shattered-backboard-w","Jordan 1 Low OG Starfish (Women's)",851
2026-07-16T15:46:44.357Z,gid://shopify/Product/15191122542978,"lego-icons-family-christmas-tree-decoration-set-41843","LEGO Icons Family Christmas Tree Decoration Set 41843",1063
2026-07-16T15:46:44.364Z,gid://shopify/Product/15191123231106,"nike-x-lego-collection-heritage-25l-backpack-rush-red-dark-cayenne-metallic-silver","Nike x LEGO Collection Heritage 25L Backpack Rush Red/Dark Cayenne/Metallic Silver",1234
2026-07-16T15:46:44.365Z,gid://shopify/Product/15191123984770,"lego-ninjago-the-temple-bounty-set-71848","LEGO NINJAGO The Temple Bounty Set 71848",1205
2026-07-16T15:46:44.365Z,gid://shopify/Product/15191125295490,"lego-star-wars-sith-fury-class-interceptor-set-9500","LEGO Star Wars Sith Fury-class Interceptor Set 9500",1000
2026-07-16T15:46:44.365Z,gid://shopify/Product/15191129522562,"wb-games-ps5-lego-star-wars-the-skywalker-saga-deluxe-edition-video-game","WB Games PS5 LEGO Star Wars: The Skywalker Saga Deluxe Edition Video Game",863
2026-07-16T15:46:44.366Z,gid://shopify/Product/15191582507394,"2024-pokemon-scarlet-violet-greninja-ex-ultra-premium-collection","2024 Pokémon Scarlet & Violet Greninja EX Ultra-Premium Collection",880
2026-07-16T15:46:44.366Z,gid://shopify/Product/15191583654274,"2025-pokemon-mega-evolution-inferno-ex-mega-charizard-x-booster-box-japanese","2025 Pokémon Mega Evolution Inferno Ex Mega Charizard X M2 Booster Box (Japanese)",1033
2026-07-16T15:46:44.366Z,gid://shopify/Product/15191584539010,"2025-pokemon-scarlet-violet-black-bolt-pokemon-center-elite-trainer-box","2025 Pokémon Scarlet & Violet Black Bolt Pokemon Center Elite Trainer Box",970
2026-07-16T15:46:44.366Z,gid://shopify/Product/15191585554818,"2025-pokemon-scarlet-violet-hiroshima-pokemon-center-pikachu-special-box-japanese","2025 Pokémon Scarlet & Violet Hiroshima Pokemon Center Pikachu Special Box (Japanese)",944
2026-07-16T15:46:44.367Z,gid://shopify/Product/15191586308482,"2025-pokemon-scarlet-violet-pristmatic-evolutions-elite-trainer-box-booster-costco-bundle-4x-lot","2025 Pokémon Scarlet & Violet Pristmatic Evolutions Elite Trainer Box + Booster Costco Bundle 4x Lot",910
2026-07-16T15:46:44.367Z,gid://shopify/Product/15191587094914,"2025-topps-chrome-spongebob-25th-anniversary-blaster-box","2025 Topps Chrome SpongeBob 25th Anniversary Blaster Box",803
2026-07-16T15:46:44.367Z,gid://shopify/Product/15191590371714,"adidas-adi2000-yu-gi-oh-yugis-world","adidas ADI2000 Yu-Gi-Oh! Yugi's World (with Sealed Dark Magician Promo Card)",902
2026-07-16T15:46:44.367Z,gid://shopify/Product/15191592927618,"adidas-adistar-jellyfish-pharrell-williams-focus-olive-orange","adidas Adistar Jellyfish Pharrell Williams Focus Olive Orange",1092
2026-07-16T15:46:44.368Z,gid://shopify/Product/15191595057538,"adidas-adizero-adios-pro-evo-2-silver-metallic-lucid-red","adidas Adizero Adios Pro Evo 2 Silver Metallic Lucid Red",1034
2026-07-16T15:46:44.368Z,gid://shopify/Product/15191614030210,"adidas-adizero-evo-sl-white-royal-blue","adidas Adizero Evo SL White Royal Blue",970
2026-07-16T15:46:44.368Z,gid://shopify/Product/15191616881026,"adidas-ae-1-coral","adidas AE 1 Georgia Red Clay",1018
2026-07-16T15:46:44.368Z,gid://shopify/Product/15191618650498,"adidas-ae-1-low-preloved-lime","adidas AE 1 Low Preloved Lime",1047
2026-07-16T15:46:44.368Z,gid://shopify/Product/15191619666306,"adidas-ae-2-with-love","adidas AE 2 With Love",994
2026-07-16T15:46:44.368Z,gid://shopify/Product/15191620714882,"adidas-bw-army-dark-brown-night-brown","adidas BW Army Dark Brown Night Brown",948
2026-07-16T15:46:44.368Z,gid://shopify/Product/15191621632386,"adidas-campus-00s-camp-wonder-white-wonder-beige-core-white-womens","adidas Campus 00s Camp Wonder White Wonder Beige Core White (Women's)",1213
2026-07-16T15:46:44.369Z,gid://shopify/Product/15191626744194,"adidas-campus-2-korn-follow-the-leader","adidas Campus 2 KoRn Follow The Leader",1474
2026-07-16T15:46:44.369Z,gid://shopify/Product/15191627858306,"adidas-clarks-8th-street-as350-by-ronnie-fieg-kith-loyalty-porgram-elevation-blue","adidas Clarks 8th Street AS350 by Ronnie Fieg Kith Loyalty Porgram Elevation Blue",1283
2026-07-16T15:46:44.369Z,gid://shopify/Product/15191629201794,"adidas-country-og-low-song-for-the-mute-black","adidas Country OG Low Song for the Mute Black",1236
2026-07-16T15:46:44.369Z,gid://shopify/Product/15191629758850,"adidas-crazy-97-eqt-2022-kobe-bryant-1997-slam-dunk-contest","adidas Crazy 97 EQT Kobe Bryant 1997 Slam Dunk Contest (2022)",978
2026-07-16T15:46:44.369Z,gid://shopify/Product/15195399389570,"adidas-don-issue-6-big-apple","adidas D.O.N. Issue #6 Big Apple",1102
2026-07-16T15:46:44.369Z,gid://shopify/Product/15195400470914,"adidas-f50-elite-fg-polar-victory-pack","adidas F50 Elite FG Polar Victory Pack",1226
2026-07-16T15:46:44.369Z,gid://shopify/Product/15195401257346,"adidas-fear-of-god-athletics-86-lo-clay","adidas Fear of God Athletics '86 Lo Clay",1351
2026-07-16T15:46:44.369Z,gid://shopify/Product/15195401879938,"adidas-fear-of-god-athletics-los-angeles-cream-white","adidas Fear of God Athletics Los Angeles Cream White",1095
2026-07-16T15:46:44.369Z,gid://shopify/Product/15195402961282,"adidas-forum-low-the-grinch","adidas Forum Low The Grinch",1009
2026-07-16T15:46:44.369Z,gid://shopify/Product/15195413021058,"adidas-gazelle-indoor-bad-bunny-amazon-green","adidas Gazelle Indoor Bad Bunny El Yunque",1304
2026-07-16T15:46:44.370Z,gid://shopify/Product/15195421147522,"adidas-gazelle-indoor-wonder-blue-orange","adidas Gazelle Indoor Wonder Blue Orange",1103
2026-07-16T15:46:44.370Z,gid://shopify/Product/15195506278786,"adidas-harden-vol-7-royal-blue-cloud-white","adidas Harden Vol. 7 Royal Blue",1180
2026-07-16T15:46:44.370Z,gid://shopify/Product/15195541406082,"adidas-harden-vol-9-flamingo-pink","adidas Harden Vol. 9 Flamingo Pink",1083
2026-07-16T15:46:44.370Z,gid://shopify/Product/15196833743234,"adidas-historical-soccer-mini-ball-set","adidas Historical Soccer Mini Ball Set",1209
2026-07-16T15:46:44.370Z,gid://shopify/Product/15198188601730,"adidas-japan-vh-lucid-blue-womens","adidas Japan VH Lucid Blue (Women's)",1069
2026-07-16T15:46:44.370Z,gid://shopify/Product/15198190305666,"adidas-mundial-team-black-cloud-white","adidas Mundial Team Black Cloud White",1095
2026-07-16T15:46:44.370Z,gid://shopify/Product/15198196040066,"adidas-rivalry-low-deadpool-wolverine-deadpool","adidas Rivalry Low Deadpool & Wolverine Deadpool",1497
2026-07-16T15:46:44.370Z,gid://shopify/Product/15198208590210,"adidas-samba-jane-cloud-white-pink-womens","adidas Samba Jane Cloud White Pink (Women's)",1125
2026-07-16T15:46:44.370Z,gid://shopify/Product/15198237819266,"adidas-samba-og-aluminum-dark-khaki","adidas Samba OG Aluminum Dark Khaki",1353
2026-07-16T15:46:44.370Z,gid://shopify/Product/15198339694978,"adidas-samba-og-dark-brown-off-white-gum","adidas Samba OG Dark Brown Off White Gum",1179
2026-07-16T15:48:47.262Z,gid://shopify/Product/15198342906242,"adidas-samba-og-pony-hair-night-indigo-clear-sky-womens","adidas Samba OG Pony Hair Night Indigo Clear Sky (Women's)",1368
2026-07-16T15:48:47.267Z,gid://shopify/Product/15198344642946,"adidas-samba-ruffle-stripes-pack-wonder-mauve-womens","adidas Samba Ruffle Stripes Pack Wonder Mauve (Women's)",1367
2026-07-16T15:48:47.267Z,gid://shopify/Product/15198348181890,"adidas-spzl-fc-smock-jacket-black","adidas SPZL F.C. Smock Jacket Black",1154
2026-07-16T15:48:47.267Z,gid://shopify/Product/15198348870018,"adidas-supercourt-footwear-white","adidas Supercourt Footwear White",1071
2026-07-16T15:48:47.268Z,gid://shopify/Product/15201446625666,"nike-kd-10-all-star-2018","Nike KD 10 All-Star (2018)",1031
2026-07-16T15:48:47.268Z,gid://shopify/Product/15203328590210,"undefeated-x-nike-x-kobe-finger-sleeves-black","Undefeated x Nike x Kobe Finger Sleeves Black",954
2026-07-16T15:48:47.268Z,gid://shopify/Product/15203330490754,"united-states-mint-250th-anniversary-united-states-navy-american-eagle-one-ounce-silver-proof-coin-san-francisco-s","United States Mint 250th Anniversary United States Navy American Eagle One Ounce Silver Proof Coin San Francisco (S)",1100
2026-07-16T15:48:47.268Z,gid://shopify/Product/15203332161922,"versace-printed-hood-sweatshirt-black-yellow","Versace Printed Hood Sweatshirt Black/Yellow",1056
2026-07-16T15:48:47.268Z,gid://shopify/Product/15203333702018,"yeezy-gap-double-layered-boxy-cropped-heavyweight-sweatshirt-red","Yeezy Gap Double Layered Boxy Cropped Heavyweight Sweatshirt Red",948
2026-07-16T15:48:47.268Z,gid://shopify/Product/15203342123394,"youngboy-nba-x-vlone-my-window-tee-black","YoungBoy NBA x Vlone My Window Tee Black",928
2026-07-16T15:48:47.268Z,gid://shopify/Product/15209172369794,"kobe-10-emerald-city","Nike Kobe 10 Emerald City",1205
2026-07-16T15:48:47.268Z,gid://shopify/Product/15212185813378,"adidas-superstar-clot-by-edison-chen-chinese-new-year","adidas Superstar CLOT By Edison Chen Chinese New Year",1471
2026-07-16T15:48:47.268Z,gid://shopify/Product/15213058392450,"swatch-x-omega-bioceramic-moonswatch-mission-to-earthphase-snoopy-so33n701l-navy","Swatch x Omega Bioceramic Moonswatch Mission To Earthphase Moonshine Gold Snoopy (Sturgeon Moon) SO33N701L",996
2026-07-16T15:48:47.268Z,gid://shopify/Product/15213058818434,"swatch-x-omega-bioceramic-moonswatch-mission-to-pluto-so33m101-grey","Swatch x Omega Bioceramic Moonswatch Mission to Pluto SO33M101",623
2026-07-16T15:48:47.268Z,gid://shopify/Product/15213059211650,"swatch-x-omega-bioceramic-moonswatch-mission-to-moonshine-gold-black","Swatch x Omega Bioceramic Moonswatch Mission To Moonshine Gold SO33M102-104",1349
2026-07-16T15:48:47.268Z,gid://shopify/Product/15213059539330,"swatch-x-omega-bioceramic-moonswatch-mission-to-moonshine-gold-lollipop-so33m102-110-black","Swatch x Omega Bioceramic Moonswatch Mission To Moonshine Gold Lollipop SO33M102-110",1140
2026-07-16T15:48:47.268Z,gid://shopify/Product/15213059899778,"swatch-x-omega-bioceramic-moonswatch-mission-to-moonshine-swiss-lantern-pattern-so33m102-108-black","Swatch x Omega Bioceramic Moonswatch Mission To Moonshine Gold Swiss Lantern Pattern SO33M102-108",1106
2026-07-16T15:48:47.269Z,gid://shopify/Product/15219317571970,"fear-of-god-essentials-fleece-essential-sweatpant-fw24-heather-gray","Fear of God Essentials Fleece Essential Sweatpant (FW24) Heather Gray",1517
2026-07-16T15:48:47.269Z,gid://shopify/Product/15219317801346,"fear-of-god-essentials-kids-classic-fleece-sweatpant-fw25-jet-black","Fear of God Essentials Kids Classic Fleece Sweatpant (FW25) Jet Black",1073
2026-07-16T15:48:47.269Z,gid://shopify/Product/15219317997954,"fear-of-god-essentials-lounge-fleece-sweatpant-jet-black","Fear of God Essentials Lounge Fleece Sweatpant Jet Black",1088
2026-07-16T15:48:47.269Z,gid://shopify/Product/15219318260098,"fear-of-god-essentials-kids-fleece-essential-sweatpant-marine","Fear of God Essentials Kids Fleece Essential Sweatpant Marine",1177
2026-07-16T15:48:47.269Z,gid://shopify/Product/15219318522242,"fear-of-god-essentials-sweatpant-mint-leaf","Fear of God Essentials Sweatpant Mint Leaf",780
2026-07-16T15:48:47.269Z,gid://shopify/Product/15219318817154,"fear-of-god-essentials-nba-classic-sweatpant-vintage-black","Fear of God Essentials NBA Classic Sweatpant Vintage Black",1169
2026-07-16T15:48:47.269Z,gid://shopify/Product/15219319079298,"fear-of-god-essentials-kids-sweatpant-ink","Fear of God Essentials Kids Sweatpant Ink",740
2026-07-16T15:48:47.269Z,gid://shopify/Product/15219319669122,"fear-of-god-essentials-classic-sweatpant-shell","Fear of God Essentials Classic Sweatpant Shell",1130
2026-07-16T15:48:47.269Z,gid://shopify/Product/15219383861634,"new-balance-480-arctic-grey","New Balance 480 Arctic Grey",1571
2026-07-16T15:48:47.269Z,gid://shopify/Product/15219384516994,"new-balance-327-red-white","New Balance 327 Red White",1332
2026-07-16T15:48:47.269Z,gid://shopify/Product/15219385106818,"new-balance-327-moonbeam-driftwood","New Balance 327 Moonbeam Driftwood",1660
2026-07-16T15:48:47.269Z,gid://shopify/Product/15219385565570,"air-jordan-12-retro-french-blue-2025","Jordan 12 Retro French Blue (2025)",1336
2026-07-16T15:48:47.270Z,gid://shopify/Product/15219385794946,"nike-air-force-3-low-sp-nigo-olive-grey","Nike Air Force 3 Low SP Nigo x Levi’s Olive Grey",1376
2026-07-16T15:48:47.270Z,gid://shopify/Product/15219386024322,"air-jordan-17-retro-low-sp-infinite-archives","Jordan 17 Retro Low SP Infinite Archives",1248
2026-07-16T15:48:47.270Z,gid://shopify/Product/15219386220930,"air-jordan-3-retro-family-affair-gs","Jordan 3 Retro Family Affair (GS)",1301
2026-07-16T15:48:47.270Z,gid://shopify/Product/15219386450306,"nike-air-zoom-gt-cut-3-turbo-rob-dillingham","Nike Air Zoom GT Cut 3 Turbo Rob Dillingham",1154
2026-07-16T15:48:47.270Z,gid://shopify/Product/15219386712450,"nike-air-zoom-gt-cut-white-chrome","Nike Air Zoom GT Cut White Chrome",1601
2026-07-16T15:48:47.270Z,gid://shopify/Product/15222055207298,"nike-ja-2-kool-aid-mixed-berry-gs","Nike Ja 2 Kool-Aid Mixed Berry (GS)",1718
2026-07-16T15:48:47.270Z,gid://shopify/Product/15222055436674,"nike-air-foamposite-one-deep-royal","Nike Air Foamposite One Deep Royal",1212
2026-07-16T15:48:47.270Z,gid://shopify/Product/15222055633282,"nike-aone-black-hyper-pink-womens","Nike A'ja Wilson A'One Leo Lights (Women's)",1446
2026-07-16T15:48:47.270Z,gid://shopify/Product/15222055862658,"nike-p-6000-white-metallic-silver-flat-silver-black","Nike P-6000 White Metallic Silver Flat Silver Black",1627
2026-07-16T15:48:47.270Z,gid://shopify/Product/15222056124802,"nike-air-force-1-mid-supreme-white","Nike Air Force 1 Mid Supreme White",1452
2026-07-16T15:48:47.270Z,gid://shopify/Product/15222056321410,"air-jordan-5-retro-luminous-green-womens","Jordan 5 Retro Luminous Green (Women's)",1121
2026-07-16T15:50:56.255Z,gid://shopify/Product/15222056550786,"nike-v2k-run-pink-foam-arctic-pink-womens","Nike V2K Run Pink Foam Arctic Pink (Women's)",1155
2026-07-16T15:50:56.259Z,gid://shopify/Product/15222056845698,"nike-air-force-1-low-07-lv8-hydrangeas-patent","Nike Air Force 1 Low '07 LV8 Hydrangeas Patent",1443
2026-07-16T15:50:56.259Z,gid://shopify/Product/15222057075074,"nike-air-max-plus-pink-fade-w","Nike Air Max Plus Pink Fade (Women's)",1280
2026-07-16T15:50:56.259Z,gid://shopify/Product/15222057304450,"nike-p-6000-light-army-cargo-khaki","Nike P-6000 Light Army Cargo Khaki",1602
2026-07-16T15:50:56.259Z,gid://shopify/Product/15222057501058,"new-balance-abzorb-2000-blue-grey-cream","New Balance Abzorb 2000 Blue Grey Cream",1087
2026-07-16T15:50:56.259Z,gid://shopify/Product/15222503047554,"air-jordan-4-retro-white-cement-2025-ps","Jordan 4 Retro White Cement (2025) (PS)",1683
2026-07-16T15:50:56.259Z,gid://shopify/Product/15222503309698,"nike-air-max-95-og-big-bubble-black-border","Nike Air Max 95 OG Big Bubble Black Border",1282
2026-07-16T15:50:56.259Z,gid://shopify/Product/15222503571842,"stussy-x-nike-stone-washed-fleece-zip-hoodie-fw25-black","Stussy x Nike Stone Washed Fleece Zip Hoodie (FW25) Black",1187
2026-07-16T15:50:56.259Z,gid://shopify/Product/15222503899522,"air-jordan-3-retro-pure-money-2025-gs","Jordan 3 Retro Pure Money (2025) (GS)",1595
2026-07-16T15:50:56.259Z,gid://shopify/Product/15222504096130,"nike-air-force-1-low-07-suede-cacao-wow-womens","Nike Air Force 1 Low '07 Suede Cacao Wow (Women's)",1349
2026-07-16T15:50:56.260Z,gid://shopify/Product/15222504784258,"fear-of-god-essentials-sweatshort-jet-black","Fear of God Essentials Sweatshort Jet Black",944
2026-07-16T15:50:56.260Z,gid://shopify/Product/15222504980866,"supreme-all-dogs-go-to-heaven-tee-navy","Supreme All Dogs Go To Heaven Tee Navy",997
2026-07-16T15:50:56.260Z,gid://shopify/Product/15222505177474,"nike-air-max-plus-se-night-maroon-metallic-silver-womens","Nike Air Max Plus SE Night Maroon Metallic Silver (Women's)",1404
2026-07-16T15:50:56.260Z,gid://shopify/Product/15222505374082,"air-jordan-9-retro-low-golf-white-university-blue","Jordan 9 Retro Low Golf White University Blue",1136
2026-07-16T15:50:56.260Z,gid://shopify/Product/15222505603458,"stussy-x-nike-stone-washed-fleece-zip-hoodie-fw25-dark-cinder","Stussy x Nike Stone Washed Fleece Zip Hoodie (FW25) Dark Cinder",1176
2026-07-16T15:50:56.260Z,gid://shopify/Product/15222505800066,"nike-air-max-1-kings-day","Nike Air Max 1 King’s Day",1467
2026-07-16T15:50:56.260Z,gid://shopify/Product/15222505996674,"timberland-6-field-boot-beef-and-broccoli","Timberland 6"" Field Boot Beef and Broccoli",1109
2026-07-16T15:50:56.260Z,gid://shopify/Product/15222506193282,"asics-gel-cumulus-16-cecilie-bahnsen-floral-pack-ivory-black","ASICS Gel-Cumulus 16 Cecilie Bahnsen Floral Pack Ivory Black",1173
2026-07-16T15:50:56.260Z,gid://shopify/Product/15222506389890,"nike-air-max-95-court-purple-wild-grape-camo","Nike Air Max 95 Court Purple Wild Grape Camo",1332
2026-07-16T15:50:56.260Z,gid://shopify/Product/15223795483010,"stussy-x-nike-fleece-pant-fw25-grey-heather","Stussy x Nike Fleece Pant (FW25) Grey Heather",1166
2026-07-16T15:50:56.260Z,gid://shopify/Product/15223795712386,"arcteryx-bird-head-toque-orca","Arc'teryx Bird Head Toque Orca",1049
2026-07-16T15:50:56.260Z,gid://shopify/Product/15223795941762,"air-jordan-3-retro-pine-green","Jordan 3 Retro Pine Green",983
2026-07-16T15:50:56.260Z,gid://shopify/Product/15223796138370,"stussy-rollers-tee-black","Stussy Rollers Tee Black",1167
2026-07-16T15:50:56.260Z,gid://shopify/Product/15223796400514,"nike-air-max-90-leopard-burgundy-womens","Nike Air Max 90 Leopard Burgundy (Women's)",1273
2026-07-16T15:50:56.260Z,gid://shopify/Product/15223796597122,"stanley-halloween-flowstate-quencher-40oz-tumbler-spellcast-black","Stanley Halloween Flowstate Quencher 40oz Tumbler Spellcast Black",1232
2026-07-16T15:50:56.260Z,gid://shopify/Product/15223797645698,"asics-gel-cumulus-16-tomo-summit-exclusive-cream-malachite-green","ASICS Gel-Cumulus 16 Tomo Summit Exclusive Cream Malachite Green",1377
2026-07-16T15:50:56.260Z,gid://shopify/Product/15223798563202,"stussy-x-nike-full-zip-fleece-pine-nut","Stussy x Nike Full Zip Fleece Pine Nut",1200
2026-07-16T15:50:56.260Z,gid://shopify/Product/15223798858114,"nike-ldwaffle-clot-sacai-net-orange-blaze","Nike LD Waffle sacai CLOT Kiss of Death Net Orange Blaze",1150
2026-07-16T15:50:56.260Z,gid://shopify/Product/15223799087490,"nike-air-trainer-huarache-wolf-grey-star-blue","Nike Air Trainer Huarache Wolf Grey Star Blue",1804
2026-07-16T15:50:56.260Z,gid://shopify/Product/15223799382402,"nike-air-max-97-gold-bullet-2023","Nike Air Max 97 OG Golden Bullet (2023)",1032
2026-07-16T15:50:56.260Z,gid://shopify/Product/15223799579010,"nike-air-force-1-low-07-lv8-desert-khaki-black","Nike Air Force 1 Low '07 LV8 Desert Khaki Black",1294
2026-07-16T15:50:56.260Z,gid://shopify/Product/15223799808386,"nike-air-vapormax-plus-cool-grey","Nike Air VaporMax Plus Cool Grey",1113
2026-07-16T15:50:56.260Z,gid://shopify/Product/15224601706882,"supreme-denim-backpack-realtree-ap-camo","Supreme Denim Backpack Realtree AP Camo",1034
2026-07-16T15:50:56.260Z,gid://shopify/Product/15224601969026,"stussy-x-nike-stone-washed-fleece-pant-fw25-black","Stussy x Nike Stone Washed Fleece Pant (FW25) Black",1142
2026-07-16T15:50:56.260Z,gid://shopify/Product/15224602165634,"pop-mart-labubu-the-monsters-pin-for-love-series-vinyl-plush-pendant-n-z-sealed-case-14-blind-box","Pop Mart Labubu The Monsters Pin for Love Series Vinyl Plush Pendant (N-Z) Unsealed Case (14 Blind Box)",1184
2026-07-16T15:50:56.260Z,gid://shopify/Product/15224602395010,"supreme-playboi-carti-tee-black","Supreme Playboi Carti Tee Black",1094
2026-07-16T15:50:56.260Z,gid://shopify/Product/15224602591618,"gymshark-onyx-50-seamless-long-sleeve-t-shirt-black-carmine-red","Gymshark Onyx 5.0 Seamless Long Sleeve T-shirt Black/Carmine Red",1181
2026-07-16T15:50:56.260Z,gid://shopify/Product/15224602853762,"nike-book-1-halloween-2025","Nike Book 1 Halloween (2025)",1210
2026-07-16T15:50:56.260Z,gid://shopify/Product/15224603050370,"puma-speedcat-leather-rose-white","Puma Speedcat Leather Rosé White (Women's)",1317
2026-07-16T15:50:56.260Z,gid://shopify/Product/15224603246978,"air-jordan-1-low-element-gore-tex-black-challenge-red","Jordan 1 Low Element Gore-Tex Black Challenge Red",1427
2026-07-16T15:52:54.246Z,gid://shopify/Product/15224603509122,"nike-p-6000-phantom-mink-brown-womens","Nike P-6000 Phantom Mink Brown (Women's)",1536
2026-07-16T15:52:54.246Z,gid://shopify/Product/15224603738498,"nike-sb-dunk-low-white-black","Nike SB Dunk Low White Black",1289
2026-07-16T15:52:54.246Z,gid://shopify/Product/15224604033410,"nike-reactx-rejuven8-midnight-navy-comet-blue","Nike ReactX Rejuven8 Midnight Navy Comet Blue",1396
2026-07-16T15:52:54.246Z,gid://shopify/Product/15224604230018,"nike-dunk-low-se-triple-black","Nike Dunk Low SE Triple Black",1105
2026-07-16T15:52:54.246Z,gid://shopify/Product/15224604459394,"supreme-playboi-carti-tee-white","Supreme Playboi Carti Tee White",992
2026-07-16T15:52:54.247Z,gid://shopify/Product/15224604656002,"supreme-bandana-football-jersey-black","Supreme Bandana Football Jersey Black",1127
2026-07-16T15:52:54.247Z,gid://shopify/Product/15224604918146,"nike-sb-ps8-wolf-grey-white-black","Nike SB PS8 Wolf Grey White Black",992
2026-07-16T15:52:54.247Z,gid://shopify/Product/15224605147522,"air-jordan-3-retro-white-cobalt-bliss-gs","Jordan 3 Retro White Cobalt Bliss (GS)",1275
2026-07-16T15:52:54.247Z,gid://shopify/Product/15225461735810,"nike-kobe-bryant-baseball-jersey-white","Nike Kobe Bryant Baseball Jersey White",1126
2026-07-16T15:52:54.247Z,gid://shopify/Product/15225461965186,"nike-vomero-plus-white-black-bright-crimson","Nike Vomero Plus White Black Bright Crimson",1245
2026-07-16T15:52:54.247Z,gid://shopify/Product/15225462391170,"hoka-one-one-bondi-mary-jane-black","Hoka One One Bondi Mary Jane Black",1016
2026-07-16T15:52:54.247Z,gid://shopify/Product/15225462751618,"bravest-studios-bear-claw-mule-brown","Bravest Studios Bear Claw Mule Brown",1161
2026-07-16T15:52:54.247Z,gid://shopify/Product/15225463013762,"timberland-field-boot-mid-lace-up-waterproof-chocolate","Timberland Field Boot Mid Lace Up Waterproof Chocolate",1153
2026-07-16T15:52:54.247Z,gid://shopify/Product/15225463210370,"air-jordan-flight-court-black-red","Jordan Flight Court Black Red",1028
2026-07-16T15:52:54.247Z,gid://shopify/Product/15225463505282,"nike-ryz-365-white-w","Nike RYZ 365 White (Women's)",1159
2026-07-16T15:52:54.247Z,gid://shopify/Product/15225463800194,"supreme-arc-thermal-lined-zip-up-hooded-sweatshirt-black","Supreme Arc Thermal Lined Zip Up Hooded Sweatshirt Black",1061
2026-07-16T15:52:54.247Z,gid://shopify/Product/15225463996802,"supreme-hanes-boxer-briefs-2-pack-pink","Supreme Hanes Boxer Briefs (2 Pack) Pink",886
2026-07-16T15:52:54.247Z,gid://shopify/Product/15225464291714,"supreme-big-logo-beanie-fw24-black","Supreme Big Logo Beanie (FW24) Black",905
2026-07-16T15:52:54.247Z,gid://shopify/Product/15225464553858,"miniso-top-toy-jujutsu-kaisen-cat-ear-plushie-series-keychains-sealed-case-6-blind-box","Miniso Top Toy Jujutsu Kaisen Cat Ear Plushie Series Keychains Sealed Case (6 Blind Box)",967
2026-07-16T15:52:54.247Z,gid://shopify/Product/15225464816002,"nike-dunk-low-next-nature-white-blue-tint-womens","Nike Dunk Low Next Nature White Blue Tint (Women's)",1220
2026-07-16T15:52:54.247Z,gid://shopify/Product/15225465012610,"new-balance-9060-pink-taffy-calcium","New Balance 9060 Pink Taffy Calcium",1247
2026-07-16T15:52:54.247Z,gid://shopify/Product/15225465602434,"air-jordan-4-retro-cave-stone-gs","Jordan 4 Retro Cave Stone (GS)",1108
2026-07-16T15:52:54.247Z,gid://shopify/Product/15227683864962,"nike-air-zoom-spiridon-cage-2-white","Nike Air Zoom Spiridon Cage 2 White",1273
2026-07-16T15:52:54.247Z,gid://shopify/Product/15227719090562,"nike-kobe-6-protro-mamba-forever","Nike Kobe 6 Protro Mambacita Sweet 16",1294
2026-07-16T15:52:54.247Z,gid://shopify/Product/15227719647618,"denim-tears-the-cotton-wreath-sweatshirt-powder-pink","Denim Tears The Cotton Wreath Sweatshirt Powder Pink",1092
2026-07-16T15:52:54.247Z,gid://shopify/Product/15227720237442,"nike-kd-18-clear-jade-liquid-lime","Nike KD 18 Clear Jade Liquid Lime",1168
2026-07-16T15:52:54.247Z,gid://shopify/Product/15227720794498,"adidas-ultra-boost-10-j-and-d-collective-triple-white-2025","adidas Ultra Boost 1.0 J&D Collective Triple White (2025)",1266
2026-07-16T15:52:54.247Z,gid://shopify/Product/15227721253250,"nintendo-switch-2-mariokart-world-console-bundle-6614325","Nintendo Switch 2 MarioKart World Console Bundle 6614325 (US Plug)",1296
2026-07-16T15:52:54.247Z,gid://shopify/Product/15227721679234,"air-jordan-3-retro-cool-grey-2021","Jordan 3 Retro Cool Grey (2021)",1290
2026-07-16T15:52:54.248Z,gid://shopify/Product/15227722039682,"pop-mart-labubu-the-monsters-x-one-piece-mega-labubu-tonytony-chopper-400","Pop Mart Labubu The Monsters x One Piece Mega Labubu Tonytony Chopper 400%",1259
2026-07-16T15:52:54.248Z,gid://shopify/Product/15227722432898,"asics-gel-cumulus-16-cecilie-bahnsen-floral-pack-glacier-grey","ASICS Gel-Cumulus 16 Cecilie Bahnsen Floral Pack Glacier Grey",1252
2026-07-16T15:52:54.248Z,gid://shopify/Product/15227722793346,"converse-chuck-taylor-all-star-70-hi-comme-des-garcons-play-single-heart-black","Converse Chuck Taylor All Star 70 Hi Comme des Garcons PLAY Single Heart Black",1215
2026-07-16T15:52:54.248Z,gid://shopify/Product/15227723153794,"miniso-disney-stitch-genz-street-series-pendent-sealed-case-6-blind-box","Miniso Disney Stitch GenZ Street Series Pendent Sealed Case (6 Blind Box)",1163
2026-07-16T15:52:54.248Z,gid://shopify/Product/15227723678082,"nike-air-zoom-gt-cut-3-foundation","Nike Air Zoom GT Cut 3 Foundation",1292
2026-07-16T15:52:54.248Z,gid://shopify/Product/15227724104066,"nike-air-zoom-gt-cut-3-turbo-south-beach","Nike Air Zoom GT Cut 3 Turbo South Beach",1192
2026-07-16T15:52:54.248Z,gid://shopify/Product/15227724693890,"pop-mart-crybaby-wild-but-cutie-series-vinyl-plush-pendant-sealed-case-6-blind-box","Pop Mart CRYBABY Wild but Cutie Series Vinyl Plush Pendant Sealed Case (6 Blind Box)",1306
2026-07-16T15:52:54.248Z,gid://shopify/Product/15227725054338,"converse-chuck-taylor-all-star-70s-hi-comme-des-garcons-play-grey","Converse Chuck Taylor All Star 70 Hi Comme des Garcons PLAY Grey",1086
2026-07-16T15:52:54.248Z,gid://shopify/Product/15227725578626,"supreme-tyler-the-creator-tee-white","Supreme Tyler The Creator Tee White",957
2026-07-16T15:52:54.248Z,gid://shopify/Product/15229813981570,"supreme-box-logo-hooded-sweatshirt-fw23-ash-grey","Supreme Box Logo Hooded Sweatshirt (FW23) Ash Grey",1042
2026-07-16T15:52:54.248Z,gid://shopify/Product/15229814210946,"nike-air-max-90-camo-pack-sequoia-hyper-pink","Nike Air Max 90 Camo Pack Sequoia Hyper Pink",1340
2026-07-16T15:54:41.215Z,gid://shopify/Product/15229814473090,"new-balance-990v6-miusa-community-red","New Balance 990v6 MiUSA Community Red",1187
2026-07-16T15:54:41.220Z,gid://shopify/Product/15229814833538,"air-jordan-centre-court-the-last-dance","Jordan Centre Court White",917
2026-07-16T15:54:41.220Z,gid://shopify/Product/15229815062914,"maison-mihara-yasuhiro-hank-og-sole-canvas-low-red","Maison Mihara Yasuhiro Hank OG Sole Canvas Low Red",1356
2026-07-16T15:54:41.220Z,gid://shopify/Product/15229815390594,"nike-x-nocta-souvenir-cactus-t-shirt-dark-khaki","Nike x NOCTA Souvenir Cactus T-Shirt Dark Khaki",1379
2026-07-16T15:54:41.220Z,gid://shopify/Product/15229817749890,"burberry-ramsey-vintage-check-suede-leather-sneakers-grey-archive-beige","Burberry Ramsey Vintage Check Suede Leather Sneakers Grey Archive Beige",1343
2026-07-16T15:54:41.220Z,gid://shopify/Product/15229818929538,"on-running-cloudtilt-pearl-ice","On Running Cloudtilt Pearl Ice",1129
2026-07-16T15:54:41.220Z,gid://shopify/Product/15229820174722,"denim-tears-mono-cotton-wreath-hoodie-brown","Denim Tears Mono Cotton Wreath Hoodie Brown",1334
2026-07-16T15:54:41.220Z,gid://shopify/Product/15229821354370,"corteiz-x-nike-nrg-onyx-track-jacket-black","Corteiz x Nike NRG Onyx Track Jacket Black",889
2026-07-16T15:54:41.220Z,gid://shopify/Product/15229823353218,"sprayground-shark-central-sharkcode-backpack-multicolor","Sprayground Shark Central Sharkcode Backpack Multicolor",1073
2026-07-16T15:54:41.220Z,gid://shopify/Product/15229825188226,"nike-air-max-90-white-light-crimson","Nike Air Max 90 White Light Crimson",1084
2026-07-16T15:54:41.220Z,gid://shopify/Product/15229827514754,"asics-gel-nunobiki-cream-brown-storm","ASICS Gel-Nunobiki Cream Brown Storm",1207
2026-07-16T15:54:41.220Z,gid://shopify/Product/15230946673026,"air-jordan-1-retro-high-fir-pro-green-womens","Jordan 1 Retro High Fir Pro Green (Women's)",1296
2026-07-16T15:54:41.220Z,gid://shopify/Product/15230946902402,"nike-lebron-20-pink-diamond","Nike LeBron 20 Pink Diamond",1162
2026-07-16T15:54:41.220Z,gid://shopify/Product/15230947131778,"nike-sb-dunk-low-hayley-wilson","Nike SB Dunk Low Hayley Wilson",1752
2026-07-16T15:54:41.220Z,gid://shopify/Product/15230947361154,"nike-p-6000-gold-womens","Nike P-6000 Gold (Women's)",1323
2026-07-16T15:54:41.220Z,gid://shopify/Product/15230947590530,"supreme-transformers-g1-optimus-prime-figure-red","Supreme Transformers G1 Optimus Prime Figure Red",1222
2026-07-16T15:54:41.220Z,gid://shopify/Product/15230947819906,"air-jordan-40-dusty-rose","Jordan 40 Dusty Rose",1329
2026-07-16T15:54:41.220Z,gid://shopify/Product/15230948344194,"supreme-umbro-gradient-track-pant-pink","Supreme Umbro Gradient Track Pant Pink",1070
2026-07-16T15:54:41.220Z,gid://shopify/Product/15230948639106,"nike-dunk-low-lx-metallic-silver-pink-foam-womens","Nike Dunk Low LX Metallic Silver Pink Foam (Women's)",1202
2026-07-16T15:54:41.220Z,gid://shopify/Product/15230948835714,"nike-dunk-low-lx-brogue-pinstripe-womens","Nike Dunk Low LX Brogue Pinstripe (Women's)",1497
2026-07-16T15:54:41.220Z,gid://shopify/Product/15230949032322,"nike-air-rift-breathe-triple-black-womens","Nike Air Rift Breathe Triple Black (Women's)",1278
2026-07-16T15:54:41.221Z,gid://shopify/Product/15231560909186,"nike-dunk-low-metallic-silver-womens","Nike Dunk Low Metallic Silver (Women's)",1426
2026-07-16T15:54:41.221Z,gid://shopify/Product/15231561204098,"supreme-playboi-carti-tee-purple","Supreme Playboi Carti Tee Purple",994
2026-07-16T15:54:41.221Z,gid://shopify/Product/15231561433474,"supreme-ys-by-yohji-yamamoto-l-s-tee-black","Supreme Y's by Yohji Yamamoto L/S Tee Black",1053
2026-07-16T15:54:41.221Z,gid://shopify/Product/15231561761154,"nike-dunk-low-light-orewood-brown-bicoastal","Nike Dunk Low Light Orewood Brown Bicoastal",1536
2026-07-16T15:54:41.221Z,gid://shopify/Product/15231561957762,"nike-air-max-plus-drift-black-anthracite","Nike Air Max Plus Drift Black Anthracite",1535
2026-07-16T15:54:41.221Z,gid://shopify/Product/15231562154370,"nike-dunk-low-waffle","Nike Dunk Low Waffle",1460
2026-07-16T15:54:41.221Z,gid://shopify/Product/15231562350978,"nike-x-levis-baggy-jean-denim","Nike x Levi's Baggy Jean Denim",2009
2026-07-16T15:54:41.221Z,gid://shopify/Product/15231562645890,"nike-dunk-low-wolf-grey-pure-platinum","Nike Dunk Low Wolf Grey Pure Platinum",1143
2026-07-16T15:54:41.221Z,gid://shopify/Product/15231562842498,"nike-kd-18-air-bakin","Nike KD 18 Air Bakin",970
2026-07-16T15:54:41.221Z,gid://shopify/Product/15231563039106,"nike-blazer-mid-77-vintage-summit-white-pink-w","Nike Blazer Mid 77 Vintage Summit White Pink (Women's)",1147
2026-07-16T15:54:41.221Z,gid://shopify/Product/15231563235714,"nike-air-max-97-next-nature-white-w","Nike Air Max 97 Next Nature White (Women's)",1296
2026-07-16T15:54:41.221Z,gid://shopify/Product/15231563465090,"nike-air-max-thea-mid-ale-brown-w","Nike Air Max Thea Mid Ale Brown (Women's)",1324
2026-07-16T15:54:41.221Z,gid://shopify/Product/15231563694466,"new-balance-991-miuk-jjjjound-grey-olive-w","New Balance 991 MiUK JJJJound Grey Olive (Women's)",1018
2026-07-16T15:54:41.221Z,gid://shopify/Product/15233111687554,"nike-mind-001-slide-black-chrome","Nike Mind 001 Slide Black Chrome",1294
2026-07-16T15:54:41.221Z,gid://shopify/Product/15233113063810,"supreme-old-english-track-jacket-black","Supreme Old English Track Jacket Black",995
2026-07-16T15:54:41.221Z,gid://shopify/Product/15233113293186,"nike-kobe-9-elite-protro-what-the-2025","Nike Kobe 9 Elite Protro What The (2025)",1493
2026-07-16T15:54:41.221Z,gid://shopify/Product/15233113555330,"nike-kobe-9-em-low-mambacita-gs","Nike Kobe 9 EM Low Mambacita (GS)",1355
2026-07-16T15:54:41.222Z,gid://shopify/Product/15233113817474,"nike-vapor-edge-pro-360-2-white-metallic-silver","Nike Vapor Edge Pro 360 2 White Metallic Silver",1928
2026-07-16T15:54:41.222Z,gid://shopify/Product/15233114145154,"air-jordan-4-retro-forget-me-not-ps","Jordan 4 Retro Forget Me Not (PS)",1485
2026-07-16T15:57:02.342Z,gid://shopify/Product/15233114374530,"air-jordan-1-retro-low-golf-light-orewood-elephant","Jordan 1 Retro Low Golf Light Orewood Elephant",908
2026-07-16T15:57:02.348Z,gid://shopify/Product/15233114636674,"nike-air-max-1-essential-summit-white-university-gold","Nike Air Max 1 Essential Summit White University Gold",892
2026-07-16T15:57:02.348Z,gid://shopify/Product/15233114898818,"fc-barcelona-x-kobe-bryant-2025-26-players-edition-jersey-yellow","FC Barcelona x Kobe Bryant 2025/26 Player's Edition Jersey Yellow",736
2026-07-16T15:57:02.348Z,gid://shopify/Product/15233115160962,"new-balance-1906r-ganni-egret","New Balance 1906R GANNI Egret",873
2026-07-16T15:57:02.348Z,gid://shopify/Product/15233116537218,"nike-golden-state-warriors-2022-23-stephen-curry-city-edition-swingman-jersey-black","Nike Golden State Warriors 2022/23 Stephen Curry City Edition Swingman Jersey Black",824
2026-07-16T15:57:02.348Z,gid://shopify/Product/15233116864898,"nike-kd-18-rain-city","Nike KD 18 Rain City",690
2026-07-16T15:57:02.348Z,gid://shopify/Product/15233117847938,"supreme-new-era-s-logo-beanie-fw24-black","Supreme New Era S Logo Beanie (FW24) Black",738
2026-07-16T15:57:02.348Z,gid://shopify/Product/15233114374530,"air-jordan-1-retro-low-golf-light-orewood-elephant","Jordan 1 Retro Low Golf Light Orewood Elephant",908
2026-07-16T15:57:02.348Z,gid://shopify/Product/15233114636674,"nike-air-max-1-essential-summit-white-university-gold","Nike Air Max 1 Essential Summit White University Gold",892
2026-07-16T15:57:02.348Z,gid://shopify/Product/15233115160962,"new-balance-1906r-ganni-egret","New Balance 1906R GANNI Egret",873
2026-07-16T15:57:02.348Z,gid://shopify/Product/15233115586946,"fear-of-god-essentials-jersey-crewneck-tee-black","Fear of God Essentials Jersey Crewneck Tee Black",703
2026-07-16T15:57:02.348Z,gid://shopify/Product/15233115816322,"fear-of-god-essentials-fleece-hoodie-crimson","Fear of God Essentials Fleece Hoodie Crimson",738
2026-07-16T15:57:02.348Z,gid://shopify/Product/15233986068866,"air-jordan-8-retro-alternate","Jordan 8 Retro Alternate",814
2026-07-16T15:57:02.348Z,gid://shopify/Product/15233986822530,"supreme-x-new-era-breast-cancer-awareness-box-logo-fitted-hat-pink","Supreme x New Era Breast Cancer Awareness Box Logo Fitted Hat Pink",670
2026-07-16T15:57:02.348Z,gid://shopify/Product/15233987805570,"nike-air-foamposite-one-eggplant-2017","Nike Air Foamposite One Eggplant (2017)",779
2026-07-16T15:57:02.348Z,gid://shopify/Product/15233988559234,"fear-of-god-essentials-fleece-crewneck-fw24-heather-gray","Fear of God Essentials Fleece Crewneck (FW24) Heather Gray",768
2026-07-16T15:57:02.348Z,gid://shopify/Product/15233991410050,"nike-hoops-elite-32l-backpack-midnight-navy","Nike Hoops Elite 32L Backpack Midnight Navy",758
2026-07-16T15:57:02.348Z,gid://shopify/Product/15233992524162,"pokemon-scarlet-violet-prismatic-evolutions-pokemon-center-elite-trainer-box-2x-lot","Pokémon Scarlet & Violet Prismatic Evolutions Pokemon Center Elite Trainer Box 2x Lot",650
2026-07-16T15:57:02.348Z,gid://shopify/Product/15233992851842,"nike-air-alpha-force-88-sp-billie-eilish-white-black","Nike Air Alpha Force 88 SP Billie Eilish White Black",732
2026-07-16T15:57:02.348Z,gid://shopify/Product/15233994359170,"supreme-new-era-box-logo-beanie-fw21-white","Supreme New Era Box Logo Beanie (FW21) White",611
2026-07-16T15:57:02.349Z,gid://shopify/Product/15233994785154,"supreme-new-era-s-logo-beanie-fw22-black","Supreme New Era S Logo Beanie (FW22) Black",677
2026-07-16T15:57:02.349Z,gid://shopify/Product/15233995702658,"air-jordan-1-low-unc-2021-gs","Jordan 1 Low UNC (2021) (GS)",895
2026-07-16T15:57:02.349Z,gid://shopify/Product/15233997603202,"supreme-aoi-embroidered-camp-cap-black","Supreme AOI Embroidered Camp Cap Black",675
2026-07-16T15:57:02.349Z,gid://shopify/Product/15238633030018,"nike-kobe-9-elite-protro-masterpiece-2025-gs","Nike Kobe 9 Elite Protro Masterpiece (2025) (GS)",739
2026-07-16T15:57:02.349Z,gid://shopify/Product/15238633881986,"pokemon-tcg-scarlet-violet-151-enhanced-expansion-pack-japanese","Pokémon TCG Scarlet & Violet 151 Enhanced Expansion Pack (Japanese)",679
2026-07-16T15:57:02.349Z,gid://shopify/Product/15238635028866,"pokemon-tcg-classic-box","Pokémon TCG Classic Box Costco Exclusive",597
2026-07-16T15:57:02.349Z,gid://shopify/Product/15238646694274,"nike-air-force-1-low-07-sk8-stadium-green","Nike Air Force 1 Low '07 SK8 Stadium Green",823
2026-07-16T15:58:59.148Z,gid://shopify/Product/15238648201602,"stussy-x-nike-full-zip-fleece-black","Stussy x Nike Full Zip Fleece Black",1059
2026-07-16T15:58:59.158Z,gid://shopify/Product/15240943829378,"air-jordan-3-retro-fragment","Jordan 3 Retro Fragment",1190
2026-07-16T15:58:59.158Z,gid://shopify/Product/15240944615810,"adidas-x-oasis-tour-firebird-track-top-black","adidas x Oasis Tour Firebird Track Top Black",1029
2026-07-16T15:58:59.158Z,gid://shopify/Product/15240945140098,"air-jordan-1-mid-patent-bred-toe-gs","Jordan 1 Mid Patent Bred Toe (GS)",1177
2026-07-16T15:58:59.158Z,gid://shopify/Product/15240945533314,"air-jordan-1-low-game-royal","Jordan 1 Low Game Royal",1058
2026-07-16T15:58:59.159Z,gid://shopify/Product/15240945860994,"new-balance-1906a-white-green","New Balance 1906A White Green",1027
2026-07-16T15:58:59.159Z,gid://shopify/Product/15240946352514,"air-jordan-1-retro-low-og-quai-54-black-tour-yellow-red","Jordan 1 Retro Low OG Quai 54 Black Tour Yellow Red",1409
2026-07-16T15:58:59.159Z,gid://shopify/Product/15240946712962,"nike-air-jordan-air-ship-pe-sp-tech-grey","Nike Jordan Air Ship PE SP Tech Grey",1243
2026-07-16T15:58:59.159Z,gid://shopify/Product/15240947138946,"nike-air-huarache-run-triple-black-2019-gs","Nike Air Huarache Run Triple Black (2019) (GS)",913
2026-07-16T15:58:59.159Z,gid://shopify/Product/15240947597698,"nike-sabrina-2-lily-gs","Nike Sabrina 2 Lily (GS)",1128
2026-07-16T15:58:59.159Z,gid://shopify/Product/15240947892610,"air-jordan-13-retro-solefly","Jordan 13 Retro SoleFly",1133
2026-07-16T15:58:59.159Z,gid://shopify/Product/15240948285826,"nike-book-1-haven","Nike Book 1 Haven (Translucent Outsole)",1274
2026-07-16T15:58:59.159Z,gid://shopify/Product/15240948613506,"air-jordan-mvp-678-raptors","Jordan MVP 678 Raptors",1241
2026-07-16T15:58:59.159Z,gid://shopify/Product/15241902555522,"air-jordan-trunner-o-s-archaeo-brown","Jordan Trunner O/S Archaeo Brown",1142
2026-07-16T15:58:59.159Z,gid://shopify/Product/15241902981506,"nike-book-1-neon-95","Nike Book 1 Neon 95",1159
2026-07-16T15:58:59.159Z,gid://shopify/Product/15241903341954,"moon-boot-icon-nylon-boot-black","Moon Boot Icon Nylon Boot Black",1045
2026-07-16T15:58:59.159Z,gid://shopify/Product/15241903669634,"nike-ja-2-scratch","Nike Ja 2 Scratch",1221
2026-07-16T15:58:59.159Z,gid://shopify/Product/15241903997314,"adidas-ultra-boost-10-black-silver-metallic","adidas Ultra Boost 1.0 Black Silver Metallic",1109
2026-07-16T15:58:59.159Z,gid://shopify/Product/15241904488834,"air-jordan-1-retro-black-blue-2017","Jordan 1 Retro Royal (2017)",1029
2026-07-16T15:58:59.159Z,gid://shopify/Product/15241905111426,"air-jordan-mvp-industrial-blue","Jordan MVP Industrial Blue",1064
2026-07-16T15:58:59.159Z,gid://shopify/Product/15241905897858,"air-jordan-mvp-white-university-blue","Jordan MVP White University Blue",1091
2026-07-16T15:58:59.160Z,gid://shopify/Product/15241906585986,"air-jordan-tatum-3-pink-tint-gs","Jordan Tatum 3 Pink Tint (GS)",1154
2026-07-16T15:58:59.160Z,gid://shopify/Product/15241907143042,"nike-air-vapormax-2021-flyknit-triple-black-gs","Nike Air VaporMax 2021 FK Triple Black (GS)",1330
2026-07-16T15:58:59.160Z,gid://shopify/Product/15241907536258,"nike-lebron-21-prime-96","Nike LeBron 21 Prime 96",1229
2026-07-16T15:58:59.160Z,gid://shopify/Product/15243818893698,"nike-book-1-1995-all-star","Nike Book 1 1995 All-Star",1338
2026-07-16T15:58:59.160Z,gid://shopify/Product/15243819090306,"nike-blazer-low-sacai-black-patent","Nike Blazer Low Sacai Black Patent Leather",1015
2026-07-16T15:58:59.160Z,gid://shopify/Product/15243819417986,"nike-air-force-1-low-07-lv8-armory-navy-gum","Nike Air Force 1 Low '07 LV8 Armory Navy Gum",1310
2026-07-16T15:58:59.160Z,gid://shopify/Product/15243820138882,"nike-v5-rnr-sail-light-orewood-brown-womens","Nike V5 RNR Sail Light Orewood Brown (Women's)",1230
2026-07-16T15:58:59.160Z,gid://shopify/Product/15243820433794,"nike-sb-zoom-blazer-mid-black-white","Nike SB Zoom Blazer Mid Black White",1002
2026-07-16T15:58:59.160Z,gid://shopify/Product/15243820728706,"nike-air-vapormax-plus-thunder-blue","Nike Air VaporMax Plus Thunder Blue",1191
2026-07-16T15:58:59.160Z,gid://shopify/Product/15243821154690,"stanley-x-messi-1913-quencher-40oz-protour-flip-straw-tumbler-messi-striker-blue","Stanley x Messi 1913 Quencher 40oz Protour Flip Straw Tumbler Messi Striker Blue",1134
2026-07-16T15:58:59.160Z,gid://shopify/Product/15243821711746,"supreme-dickies-quilted-lined-zip-up-hooded-sweatshirt-fw25-woodland-camo","Supreme Dickies Quilted Lined Zip Up Hooded Sweatshirt (FW25) Woodland Camo",1127
2026-07-16T15:58:59.160Z,gid://shopify/Product/15243822465410,"crocs-classic-clog-stance-b-thom-floral-quilt","Crocs Classic Clog Stance B. Thom Floral Quilt",376
2026-07-16T15:58:59.160Z,gid://shopify/Product/15243823481218,"stanley-the-halloween-quencher-h20-flowstate-20oz-tumbler-deadly-damask","Stanley The Halloween Quencher H2.0 FlowState 20oz Tumbler Deadly Damask",1138
2026-07-16T15:58:59.160Z,gid://shopify/Product/15245572407682,"nike-air-max-goadome-team-navy","Nike Air Max Goadome Team Navy",1093
2026-07-16T15:58:59.160Z,gid://shopify/Product/15245572997506,"adidas-ctt-oversized-chinese-track-top-30-gender-neutral-jacket-asian-sizing-medium-blue-denim","adidas CTT Oversized Chinese Track Top 3.0 Gender Neutral Jacket (Asian Sizing) Medium Blue Denim",1319
2026-07-16T15:58:59.160Z,gid://shopify/Product/15245574111618,"reebok-question-low-patent-toe-carolina-blue","Reebok Question Low Patent Toe Carolina Blue",1332
2026-07-16T15:58:59.161Z,gid://shopify/Product/15245575225730,"kith-quinn-l-s-tee-white","Kith Quinn L/S Tee White",953
2026-07-16T15:58:59.161Z,gid://shopify/Product/15245576110466,"stanley-mesa-rose-collection-flowstate-quencher-30oz-tumbler-polished-rose-gold","Stanley Mesa Rose Collection Flowstate Quencher 30oz Tumbler Polished Rose Gold",1165
2026-07-16T15:58:59.161Z,gid://shopify/Product/15245576929666,"microsoft-xbox-series-x-s-one-controller-qau-00011-pulse-red","Microsoft Xbox Series X/S/One Controller QAU-00011 Pulse Red",1050
2026-07-16T16:00:45.666Z,gid://shopify/Product/15245577519490,"air-jordan-11-retro-low-think-16-w","Jordan 11 Retro Low Think 16 Rook To Queen (Women's)",1049
2026-07-16T16:00:45.673Z,gid://shopify/Product/15245578502530,"barbie-signature-queen-elizabeth-ii-platinum-jubilee-doll","Barbie Signature Queen Elizabeth II Platinum Jubilee Doll",699
2026-07-16T16:00:45.673Z,gid://shopify/Product/15245580599682,"supreme-zip-off-sleeve-quilted-bomber-jacket-realtree-ap-camo","Supreme Zip-Off Sleeve Quilted Bomber Jacket Realtree AP Camo",896
2026-07-16T16:00:45.673Z,gid://shopify/Product/15247419736450,"converse-one-star-ox-golf-le-fleur-ttc-quilted-velvet-barbados-cherry","Converse One Star Ox Golf le Fleur TTC Quilted Velvet Barbados Cherry",687
2026-07-16T16:00:45.673Z,gid://shopify/Product/15247421669762,"reebok-answer-iv-stepover","Reebok Answer IV Stepover (2017)",934
2026-07-16T16:00:45.673Z,gid://shopify/Product/15247422849410,"mschf-big-red-boot","MSCHF Big Red Boot",748
2026-07-16T16:00:45.673Z,gid://shopify/Product/15247423308162,"nike-air-more-uptempo-rough-green","Nike Air More Uptempo Rough Green",790
2026-07-16T16:00:45.673Z,gid://shopify/Product/15247424029058,"nike-air-force-1-low-realtree-camo","Nike Air Force 1 Low Realtree Camo",1075
2026-07-16T16:00:45.673Z,gid://shopify/Product/15247424487810,"reebok-club-c-85-tv-chalk-glen-green","Reebok Club C 85 Vintage Chalk Glen Green",750
2026-07-16T16:00:45.673Z,gid://shopify/Product/15247424913794,"stussy-x-nike-utility-pant-navy","Stussy x Nike Utility Pant Navy",868
2026-07-16T16:00:45.673Z,gid://shopify/Product/15247425405314,"kaws-x-warhol-ut-graphic-476350-t-shirt-white","KAWS x Uniqlo Warhol UT Graphic 476350 T-shirt White",764
2026-07-16T16:00:45.673Z,gid://shopify/Product/15247425700226,"kaws-x-warhol-473557-sweatpants-gray","KAWS x Uniqlo Warhol 473557 Sweatpants Gray",727
2026-07-16T16:00:45.673Z,gid://shopify/Product/15247425995138,"nike-dunk-low-triple-white-2021-w","Nike Dunk Low Triple White (2021) (Women's)",992
2026-07-16T16:00:45.673Z,gid://shopify/Product/15247426290050,"nike-sabrina-1-rooted-womens","Nike Sabrina 1 Rooted (Women's)",1244
2026-07-16T16:00:45.674Z,gid://shopify/Product/15247948218754,"ugg-lowmel-black-womens-1","UGG Lowmel Black (Women's) %",1002
2026-07-16T16:00:45.674Z,gid://shopify/Product/15249570496898,"nike-dunk-low-next-nature-coconut-mauve-womens","Nike Dunk Low Next Nature Coconut Mauve (Women's)",1225
2026-07-16T16:00:45.674Z,gid://shopify/Product/15249570759042,"nike-air-max-95-og-big-bubble-white-university-red","Nike Air Max 95 OG Big Bubble White University Red",993
2026-07-16T16:00:45.674Z,gid://shopify/Product/15249571348866,"air-jordan-1-low-se-light-olive-w","Jordan 1 Low SE Light Olive (Women's)",1090
2026-07-16T16:00:45.674Z,gid://shopify/Product/15249571709314,"adidas-ultra-boost-20-core-black-night-metallic","adidas Ultra Boost 20 Core Black Night Metallic",1063
2026-07-16T16:00:45.674Z,gid://shopify/Product/15249572004226,"new-balance-480-timberwolf","New Balance 480 Timberwolf",1133
2026-07-16T16:00:45.674Z,gid://shopify/Product/15249572659586,"nike-air-presto-mid-utility-star-wars-darth-vader","Nike Air Presto Mid Utility Star Wars Darth Vader",1047
2026-07-16T16:00:45.674Z,gid://shopify/Product/15249573183874,"nike-air-force-1-07-lx-low-command-force-university-blue-summit-white-w","Nike Air Force 1 Low '07 LX Command Force University Blue Summit White (Women's)",1506
2026-07-16T16:00:45.674Z,gid://shopify/Product/15249573609858,"adidas-ultra-boost-3pt0-triple-white","adidas Ultra Boost 3.0 Triple White",943
2026-07-16T16:00:45.674Z,gid://shopify/Product/15249573970306,"nike-air-max-plus-university-red-gs","Nike Air Max Plus University Red (GS)",1603
2026-07-16T16:00:45.674Z,gid://shopify/Product/15249574494594,"nike-nike-air-rift-breathe-black-w","Nike Air Rift Breathe Black (Women's)",1135
2026-07-16T16:00:45.674Z,gid://shopify/Product/15249574723970,"nike-dunk-low-next-nature-light-curry-w","Nike Dunk Low Next Nature Phantom Gold Suede (Women's)",1016
2026-07-16T16:00:45.674Z,gid://shopify/Product/15249574920578,"nike-dunk-low-red-stardust-womens","Nike Dunk Low Red Stardust (Women's)",1282
2026-07-16T16:00:45.674Z,gid://shopify/Product/15250727305602,"nike-air-vapormax-2023-flyknit-light-ultramarine","Nike Air VaporMax 2023 Flyknit Light Ultramarine",1377
2026-07-16T16:00:45.674Z,gid://shopify/Product/15250727633282,"nike-dunk-low-retro-medium-grey-varsity-red-2021","Nike Dunk Low Retro UNLV (2021)",1021
2026-07-16T16:00:45.674Z,gid://shopify/Product/15250728026498,"nike-air-more-uptempo-96-cobalt-bliss","Nike Air More Uptempo 96 Cobalt Bliss",1386
2026-07-16T16:00:45.674Z,gid://shopify/Product/15250728386946,"nike-air-vapormax-2021-fk-black-metallic-silver-w","Nike Air VaporMax 2021 FK Black Metallic Silver (Women's)",1003
2026-07-16T16:00:45.674Z,gid://shopify/Product/15250728714626,"air-jordan-5-retro-fire-red-black-tongue-2025-td","Jordan 5 Retro Fire Red Black Tongue (2025) (TD)",1202
2026-07-16T16:00:45.674Z,gid://shopify/Product/15250731106690,"telfar-medium-shopping-bag-flash","Telfar Medium Shopping Bag Flash",791
2026-07-16T16:00:45.674Z,gid://shopify/Product/15250731958658,"lululemon-everywhere-belt-bag-crossbody-bag-pink-pastel","Lululemon Everywhere Belt Bag Crossbody Bag Pink Pastel",836
2026-07-16T16:00:45.674Z,gid://shopify/Product/15250733203842,"lululemon-everywhere-belt-bag-crossbody-bag-burnt-caramel","Lululemon Everywhere Belt Bag Crossbody Bag Burnt Caramel",774
2026-07-16T16:00:45.674Z,gid://shopify/Product/15250735333762,"gucci-ophidia-gg-carry-on-duffle-medium-beige-ebony","Gucci Ophidia GG Carry-on Duffle Medium Beige/Ebony",733
2026-07-16T16:00:45.674Z,gid://shopify/Product/15250737332610,"nike-air-max-1-patta-waves-black-with-bracelet","Nike Air Max 1 Patta Waves Black (with Bracelet)",570
2026-07-16T16:00:45.674Z,gid://shopify/Product/15250737791362,"nike-air-vapormax-2023-flyknit-white-pure-platinum-black","Nike Air VaporMax 2023 Flyknit White Pure Platinum Black",1163
2026-07-16T16:00:45.674Z,gid://shopify/Product/15250738577794,"new-balance-9060-pink-granite-washed-burgundy-gs","New Balance 9060 Pink Granite Washed Burgundy (GS)",1244
2026-07-16T16:00:45.674Z,gid://shopify/Product/15250739102082,"kith-x-wilson-tennis-ball-set-3-pack-white","Kith x Wilson Tennis Ball Set (3-Pack) White",1063
2026-07-16T16:02:23.868Z,gid://shopify/Product/15250742477186,"coach-x-bape-tote-bag-green","Coach x Bape Tote 47 Signature Canvas With Ape Head Black Copper/Camo Multi",733
2026-07-16T16:02:23.874Z,gid://shopify/Product/15252504641922,"michael-kors-jet-set-chain-crossbody-bag-large-black-gold","Michael Kors Jet Set Chain Crossbody Bag Large Black/Gold",643
2026-07-16T16:02:23.874Z,gid://shopify/Product/15252506280322,"gucci-gg-marmont-shoulder-bag-diagonal-matelasse-original-gg-canvas-small-beige-black","Gucci GG Marmont Small Diagonal Matelasse Bag Original GG Canvas Beige/Ebony",636
2026-07-16T16:02:23.874Z,gid://shopify/Product/15252507033986,"new-balance-1906r-yellow-parchment","New Balance 1906R Yellow Parchment",743
2026-07-16T16:02:23.875Z,gid://shopify/Product/15252507492738,"nike-acg-phassad-yellow-zest-metallic-silver","Nike ACG Phassad Yellow Zest Metallic Silver",807
2026-07-16T16:02:23.875Z,gid://shopify/Product/15252508017026,"supreme-classic-logo-shop-hooded-sweatshirt-black","Supreme Classic Logo New York Shop Hooded Sweatshirt Black",637
2026-07-16T16:02:23.875Z,gid://shopify/Product/15252508377474,"adidas-orketro-bape-yellow-blue-green","adidas Orketro Bape Yellow Blue Green",777
2026-07-16T16:02:23.875Z,gid://shopify/Product/15252508770690,"pop-mart-mega-royal-molly-huang-yuxing-bubbles-400","Pop Mart Mega Royal Molly Huang Yuxing-Bubbles 400%",712
2026-07-16T16:02:23.875Z,gid://shopify/Product/15252509098370,"jordan-x-travis-scott-full-zip-hoodie-black","Jordan x Travis Scott Full-Zip Hoodie Black",829
2026-07-16T16:02:23.875Z,gid://shopify/Product/15252509491586,"nike-air-max-1-chinese-new-year-longevity-2020","Nike Air Max 1 Chinese New Year Longevity (2020)",812
2026-07-16T16:02:23.876Z,gid://shopify/Product/15252509950338,"air-jordan-spizike-low-chinese-new-year-2024","Jordan Spizike Low Chinese New Year (2024)",812
2026-07-16T16:02:23.876Z,gid://shopify/Product/15252510507394,"nike-kobe-year-of-the-mamba-therma-fit-l-s-crewneck-black","Nike Kobe Year Of The Mamba Therma-Fit L/S Crewneck Black",690
2026-07-16T16:02:23.876Z,gid://shopify/Product/15252510966146,"kaws-sesame-street-uniqlo-big-bird-plush-toy-yellow","KAWS Sesame Street Uniqlo Big Bird Plush Toy Yellow",675
2026-07-16T16:02:23.876Z,gid://shopify/Product/15252511392130,"nike-air-max-1-travis-scott-cactus-jack-baroque-brown-ps","Nike Air Max 1 Travis Scott Cactus Jack Baroque Brown (PS)",903
2026-07-16T16:02:23.876Z,gid://shopify/Product/15252511654274,"new-balance-550-aime-leon-dore-masaryk-community-gym-yellow","New Balance 550 Aime Leon Dore Masaryk Community Gym Yellow",802
2026-07-16T16:02:23.876Z,gid://shopify/Product/15252511981954,"pop-mart-skullpanda-you-found-me-series-ratty-bear-plush-doll-pendant","Pop Mart SKULLPANDA You Found Me! Series Ratty Bear Plush Doll Pendant",717
2026-07-16T16:02:23.876Z,gid://shopify/Product/15252512309634,"fear-of-god-athetics-heavy-fleece-relaxed-sweatpant-clay-pale-yellow","Fear of God Athletics Heavy Fleece Relaxed Sweatpant Clay/Pale Yellow",765
2026-07-16T16:02:23.876Z,gid://shopify/Product/15254981214594,"pop-mart-skullpanda-you-found-me-series-pranky-peanut-plush-doll-pendant","Pop Mart SKULLPANDA You Found Me! Series Pranky Peanut Plush Doll Pendant",766
2026-07-16T16:02:23.876Z,gid://shopify/Product/15254982558082,"kith-tokyo-5-year-anniversary-jason-ii-soccer-jersey-white","Kith Tokyo 5 Year Anniversary Jason II Soccer Jersey White",743
2026-07-16T16:02:23.876Z,gid://shopify/Product/15254984786306,"sony-playstation-ps5-dualsense-ghost-of-yotei-black-limited-edition","Sony Playstation PS5 DualSense Ghost of Yotei Black Limited Edition",680
2026-07-16T16:02:23.876Z,gid://shopify/Product/15254986031490,"adidas-nmd-r1-star-wars-yoda","adidas NMD R1 Star Wars Yoda",771
2026-07-16T16:02:23.876Z,gid://shopify/Product/15254990061954,"bape-baby-milo-sta-rug-brown-yellow","BAPE Baby Milo Sta Rug Brown Yellow",707
2026-07-16T16:02:23.876Z,gid://shopify/Product/15254992322946,"supreme-ys-by-yohji-yamamoto-silk-zip-up-s-s-shirt-black","Supreme Y's by Yohji Yamamoto Silk Zip Up S/S Shirt Black",717
2026-07-16T16:02:23.876Z,gid://shopify/Product/15254994092418,"supreme-nike-reversible-puffy-jacket-pale-yellow","Supreme Nike Reversible Puffy Jacket Pale Yellow",716
2026-07-16T16:02:23.876Z,gid://shopify/Product/15254997008770,"nike-air-max-90-black-speed-yellow","Nike Air Max 90 Black Speed Yellow",886
2026-07-16T16:02:23.876Z,gid://shopify/Product/15254997205378,"travis-scott-utopia-cover-1-2xlp-vinyl","Travis Scott Utopia Cover 1 2XLP Vinyl",639
2026-07-16T16:02:23.876Z,gid://shopify/Product/15254997533058,"nike-dunk-low-year-of-the-dragon-gs","Nike Dunk Low Year Of The Dragon (GS)",879
2026-07-16T16:02:23.876Z,gid://shopify/Product/15254997860738,"nike-air-zoom-spiridon-fragment-design-black","Nike Air Zoom Spiridon Fragment Design Black",787
2026-07-16T16:02:23.876Z,gid://shopify/Product/15254998155650,"nike-air-zoom-gt-cut-3-shine-together","Nike Air Zoom GT Cut 3 Shine Together",771
2026-07-16T16:02:23.876Z,gid://shopify/Product/15254998483330,"balenciaga-speed-graffiti-trainers-white-black-logo-w","Balenciaga Speed Graffiti Trainers White Black Logo (Women's)",820
2026-07-16T16:02:23.876Z,gid://shopify/Product/15254998876546,"sprayground-rugrats-susie-crayon-shark-dlxsv-backpack-multicolor","Sprayground Rugrats Susie Crayon Shark DLXSV Backpack Multicolor",639
2026-07-16T16:02:23.876Z,gid://shopify/Product/15254999138690,"nike-air-zoom-alphafly-next-3-white-pure-platinum-obsidian-mist-gridiron-womens","Nike Air Zoom Alphafly Next% 3 White Pure Platinum Obsidian Mist Gridiron (Women's)",817
2026-07-16T16:02:23.876Z,gid://shopify/Product/15256954503554,"supreme-denim-backpack-washed-indigo","Supreme Denim Backpack Washed Indigo",672
2026-07-16T16:02:23.876Z,gid://shopify/Product/15256955617666,"sprayground-john-wick-stand-strong-backpack-multicolor","Sprayground John Wick Stand Strong Backpack Multicolor",708
2026-07-16T16:02:23.876Z,gid://shopify/Product/15256955945346,"nike-air-zoom-pegasus-premium-college-grey-gum","Nike Air Zoom Pegasus Premium College Grey Gum",819
2026-07-16T16:02:23.877Z,gid://shopify/Product/15256956174722,"nike-zoom-lebron-nxxt-gen-wolf-grey","Nike Zoom LeBron NXXT Gen Wolf Grey",786
2026-07-16T16:02:23.877Z,gid://shopify/Product/15256956436866,"nike-air-zoom-flight-95-black-metallic-silver-2022","Nike Air Zoom Flight 95 OG Black Metallic Silver (2022)",745
2026-07-16T16:02:23.877Z,gid://shopify/Product/15256956699010,"nike-air-zoom-generation-dark-grey","Nike Air Zoom Generation Dark Grey",738
2026-07-16T16:02:23.877Z,gid://shopify/Product/15256957026690,"supreme-playoffs-zip-up-hooded-sweatshirt-black","Supreme Playoffs Zip Up Hooded Sweatshirt Black",765
2026-07-16T16:02:23.877Z,gid://shopify/Product/15256957485442,"nike-zoom-gt-cut-2-arike-ogunbowale-womens","Nike Zoom GT Cut 2 Arike Ogunbowale (Women's)",928
2026-07-16T16:04:38.266Z,gid://shopify/Product/15256957944194,"supreme-backpack-ss24-woodland-camo","Supreme Backpack (SS24) Woodland Camo",1301
2026-07-16T16:04:38.274Z,gid://shopify/Product/15256958304642,"nike-sportswear-club-fleece-full-zip-hoodie-black-black-white","Nike Sportswear Club Fleece Full-Zip Hoodie Black/Black/White",1206
2026-07-16T16:04:38.274Z,gid://shopify/Product/15256958632322,"nike-zoomx-vaporfly-next-4-bright-crimson-mint-foam-cave-purple-lime-blast","Nike ZoomX Vaporfly Next% 4 Bright Crimson Mint Foam Cave Purple Lime Blast",1075
2026-07-16T16:04:38.274Z,gid://shopify/Product/15256959254914,"bape-city-camo-shark-full-zip-hoodie-ss24-gray","BAPE City Camo Shark Full Zip Hoodie (SS24) Gray",1178
2026-07-16T16:04:38.274Z,gid://shopify/Product/15256959713666,"sprayground-shark-central-town-lax-backpack-multicolor","Sprayground Shark Central Town Lax Backpack Multicolor",783
2026-07-16T16:04:38.274Z,gid://shopify/Product/15256960237954,"nike-zoom-mercurial-vapor-15-elite-fg-generations-pack-metallic-copper","Nike Zoom Mercurial Vapor 15 Elite FG Generations Pack Metallic Copper",1011
2026-07-16T16:04:38.274Z,gid://shopify/Product/15257601966466,"nike-air-max-bw-persian-violet-2021","Nike Air Max BW OG Persian Violet (2021)",1014
2026-07-16T16:04:38.274Z,gid://shopify/Product/15257602195842,"nike-air-max-97-bw-deep-royal-blue-black-university-red","Nike Air Max 97 BW Deep Royal Blue Black University Red",1107
2026-07-16T16:04:38.274Z,gid://shopify/Product/15257602687362,"nike-sportswear-tech-fleece-full-zip-hoodie-diffused-blue","Nike Sportswear Tech Fleece Full-Zip Hoodie Diffused Blue",1285
2026-07-16T16:04:38.275Z,gid://shopify/Product/15257603146114,"supreme-backpack-fw24-blue","Supreme Logo Backpack (FW24) Blue",1107
2026-07-16T16:04:38.275Z,gid://shopify/Product/15257603539330,"denim-tears-cotton-wreath-zip-hoodie-black","Denim Tears Cotton Wreath Zip Hoodie Black",1077
2026-07-16T16:04:38.275Z,gid://shopify/Product/15257604096386,"sprayground-spongebob-blowing-bubbles-dlxr-mini-backpack-multicolor","Sprayground Spongebob Blowing Bubbles DLXR Mini Backpack Multicolor",843
2026-07-16T16:04:38.275Z,gid://shopify/Product/15257604391298,"adidas-x-oasis-tour-3-stripes-t-shirt-black","adidas x Oasis Tour 3-Stripes T-Shirt Black",993
2026-07-16T16:04:38.275Z,gid://shopify/Product/15257604718978,"adidas-xlg-runner-deluxe-grey-metallic-silver","adidas XLG Runner Deluxe Grey Metallic Silver",1117
2026-07-16T16:04:38.275Z,gid://shopify/Product/15257605243266,"adidas-tokyo-blue-bird-womens","adidas Tokyo Blue Bird (Women's)",1301
2026-07-16T16:04:38.275Z,gid://shopify/Product/15257606717826,"adidas-x-korn-longsleeve-black","adidas x KoRn Longsleeve Black",1186
2026-07-16T16:04:38.275Z,gid://shopify/Product/15257607209346,"adidas-superstar-82-white-dark-blue","adidas Superstar 82 White Dark Blue",1426
2026-07-16T16:04:38.275Z,gid://shopify/Product/15257607930242,"adidas-nmd-hu-pharrell-human-race-triple-black-pack","adidas NMD Hu Pharrell Human Race Triple Black Pack",1041
2026-07-16T16:04:38.275Z,gid://shopify/Product/15257608782210,"adidas-ultra-boost-22-triple-black","adidas Ultra Boost 22 Triple Black",1189
2026-07-16T16:04:38.275Z,gid://shopify/Product/15257609404802,"adidas-ultra-boost-5x-cloud-white-core-black","adidas Ultra Boost 5X Cloud White Core Black",1096
2026-07-16T16:04:38.276Z,gid://shopify/Product/15258052460930,"onitsuka-tiger-tokuten-white-burgundy","Onitsuka Tiger Tokuten White Burgundy",1461
2026-07-16T16:04:38.276Z,gid://shopify/Product/15258053083522,"asics-gel-nyc-cream-fossil","ASICS Gel-NYC Cream Fossil",1268
2026-07-16T16:04:38.276Z,gid://shopify/Product/15258053804418,"asics-gel-1130-cream-barely-rose-womens","ASICS Gel-1130 Cream Barely Rose (Women's)",1134
2026-07-16T16:04:38.276Z,gid://shopify/Product/15259298595202,"asics-gel-lyte-iii-atmos-green-camo","ASICS Gel-Lyte III atmos Green Camo",1146
2026-07-16T16:04:38.276Z,gid://shopify/Product/15259300659586,"asics-gel-1130-white-cosmos-gs","ASICS Gel-1130 White Cosmos (GS)",1124
2026-07-16T16:04:38.276Z,gid://shopify/Product/15260221145474,"nike-ja-3-valentines-day","Nike Ja 3 Pink Foam",1087
2026-07-16T16:04:38.276Z,gid://shopify/Product/15260523495810,"asics-gel-1130-oyster-grey-gallery-dept-edition","ASICS Gel-1130 Oyster Grey (Gallery Dept. Edition)",586
2026-07-16T16:04:38.276Z,gid://shopify/Product/15260526543234,"asics-gel-lyte-iii-og-day-lyte","ASICS Gel-Lyte III OG Day-Lyte",1251
2026-07-16T16:04:38.276Z,gid://shopify/Product/15261296329090,"jordan-1-retro-high-og-black-toe-reimagined-ps-2","Jordan 1 Retro High OG Black Toe Reimagined (PS) %",1026
2026-07-16T16:04:38.276Z,gid://shopify/Product/15262133322114,"air-jordan-3-retro-pure-money-2025-td","Jordan 3 Retro Pure Money (2025) (TD)",1399
2026-07-16T16:04:38.276Z,gid://shopify/Product/15262135714178,"asics-gel-kayano-14-angelo-baque-rebirth-of-cool","ASICS Gel-Kayano 14 Angelo Baque Rebirth of Cool",1175
2026-07-16T16:04:38.276Z,gid://shopify/Product/15262138237314,"asics-gel-lyte-iii-comme-des-garcons-shirt","ASICS Gel-Lyte III Comme des Garcons Shirt",1243
2026-07-16T16:04:38.276Z,gid://shopify/Product/15263450366338,"air-jordan-2-3-white-varsity-red","Jordan 2/3 White Varsity Red",1429
2026-07-16T16:04:38.276Z,gid://shopify/Product/15263450595714,"air-jordan-3-retro-white-cobalt-bliss-ps","Jordan 3 Retro White Cobalt Bliss (PS)",1462
2026-07-16T16:04:38.276Z,gid://shopify/Product/15263450825090,"air-jordan-1-mid-indigo-haze-doll-white-womens","Jordan 1 Mid Indigo Haze Doll White (Women's)",1331
2026-07-16T16:04:38.276Z,gid://shopify/Product/15273213690242,"stanley-x-assc-bellis-quencher-40oz-tumbler-cream","Stanley x ASSC Bellis Quencher 40oz Tumbler Cream",1232
2026-07-16T16:04:38.277Z,gid://shopify/Product/15280157294978,"fear-of-god-essentials-yankees-flare-sweatpant-dark-sapphire","Fear of God Essentials Yankees Flare Sweatpant Dark Sapphire",1066
2026-07-16T16:04:38.277Z,gid://shopify/Product/15282650644866,"reebok-question-low-bbc-ice-cream-beepers-butts","Reebok Question Low BBC Ice Cream Beepers & Butts",1212
2026-07-16T16:04:38.277Z,gid://shopify/Product/15282655658370,"supreme-yonex-ezone-100l-305g-108-oz-racquet-red","Supreme Yonex EZONE 100L Tennis Racquet Red",1156
2026-07-16T16:04:38.277Z,gid://shopify/Product/15285550252418,"air-jordan-5-retro-alternate-bel-air-td","Jordan 5 Retro Alternate Bel-Air (TD)",1346
2026-07-16T16:06:21.489Z,gid://shopify/Product/15289389121922,"nike-ja-3-christmas","Nike Ja 3 Snowed In",993
2026-07-16T16:06:21.496Z,gid://shopify/Product/15305635922306,"air-jordan-4-retro-pale-ivory-sierra-red-womens","Jordan 4 Retro Valentine's Day Sierra Red (Women's)",1024
2026-07-16T16:06:21.496Z,gid://shopify/Product/15308199395714,"dior-x-kaws-duffle-blue-logo-black","Dior x Kaws Duffle Blue Logo Black",643
2026-07-16T16:06:21.496Z,gid://shopify/Product/15308336103810,"adidas-gazelle-indoor-blondey-mccoy","adidas A.B. Gazelle Indoor Blondey McCoy",1081
2026-07-16T16:06:21.496Z,gid://shopify/Product/15308434735490,"nike-mind-001-slide-sail-womens","Nike Mind 001 Slide Sail (Women's)",922
2026-07-16T16:06:21.496Z,gid://shopify/Product/15308687016322,"air-jordan-1-retro-low-og-medium-olive","Jordan 1 Retro Low OG Medium Olive",769
2026-07-16T16:06:21.496Z,gid://shopify/Product/15319824728450,"brooks-chariot-bait-centennial","Brooks Chariot Bait Centennial",1275
2026-07-16T16:06:21.496Z,gid://shopify/Product/15321791824258,"air-jordan-cj1-t-rexx-travis-scott-green-spark","Jordan CJ1 T-Rexx Travis Scott Green Spark",1098
2026-07-16T16:06:21.496Z,gid://shopify/Product/15324669936002,"puma-speedcat-ballet-rose-white","Puma Speedcat Ballet Rosé White",765
2026-07-16T16:06:21.496Z,gid://shopify/Product/15325599007106,"saucony-progrid-triumph-4-minted-ny","Saucony ProGrid Triumph 4 Minted NY",993
2026-07-16T16:06:21.496Z,gid://shopify/Product/15326405722498,"nike-kobe-5-protro-caitlin-clark-rookie-of-the-year","Nike Kobe 5 Protro Caitlin Clark Rookie of the Year",1222
2026-07-16T16:06:21.496Z,gid://shopify/Product/15332195762562,"microsoft-xbox-wireless-controller-special-edition-qau-00026-aqua-shift","Microsoft Xbox Wireless Controller Special Edition QAU-00026 Aqua Shift",882
2026-07-16T16:06:21.496Z,gid://shopify/Product/15333100814722,"adidas-ae-1-low-metallic-grey-1","adidas AE 1 Low Metallic Grey %",746
2026-07-16T16:06:21.496Z,gid://shopify/Product/15333108384130,"nike-dunk-high-game-royal-gs","Nike Dunk High Game Royal (GS)",703
2026-07-16T16:06:21.496Z,gid://shopify/Product/15333113364866,"nike-cortez-baroque-brown-womens-1","Nike Cortez Baroque Brown (Women's) %",1011
2026-07-16T16:06:21.496Z,gid://shopify/Product/15333183947138,"new-balance-740v2-concord-grape-1","New Balance 740v2 Concord Grape %",791
2026-07-16T16:06:21.496Z,gid://shopify/Product/15333188043138,"nike-air-force-1-low-gore-tex-vibram-black-1","Nike Air Force 1 Low Gore-Tex Vibram Black %",869
2026-07-16T16:06:21.496Z,gid://shopify/Product/15337002697090,"fear-of-god-essentials-hoodie-hoodie-seafoam","Fear of God Essentials Hoodie Seafoam",841
2026-07-16T16:06:21.496Z,gid://shopify/Product/15340410896770,"essentials-shorts-light-oatmeal-ss22","Essentials Shorts Light Oatmeal (SS22)",602
2026-07-16T16:06:21.496Z,gid://shopify/Product/15340414468482,"bape-college-tee-ss23-beige","BAPE College Tee (SS23) Beige",573
2026-07-16T16:06:21.496Z,gid://shopify/Product/15342417609090,"nike-moon-shoe-sp-jacquemus-soft-pearl-womens","Nike Moon Shoe SP Jacquemus Soft Pearl (Women's)",1049
2026-07-16T16:06:21.496Z,gid://shopify/Product/15342417936770,"jacquemus-le-grand-bambino-crossbody-flap-bag-dark-brown","Jacquemus Le Grand Bambino Crossbody Flap Bag Dark Brown",453
2026-07-16T16:06:21.496Z,gid://shopify/Product/15342418166146,"jacquemus-x-nike-le-swoosh-hoodie-dark-red","Jacquemus x Nike Le Swoosh Hoodie Dark Red",988
2026-07-16T16:06:21.496Z,gid://shopify/Product/15342418526594,"jacquemus-x-nike-le-swoosh-t-shirt-brown","Jacquemus x Nike Le Swoosh T-shirt Brown",906
2026-07-16T16:06:21.496Z,gid://shopify/Product/15344310321538,"nike-ja-3-jurassic-park-anthracite-ps","Nike Ja 3 Jurassic Park Raptor (PS)",740
2026-07-16T16:06:21.496Z,gid://shopify/Product/15344737354114,"ami-paris-ami-de-coeur-sweater-black-red","Ami Paris Ami De Coeur Sweater Black/Red",1050
2026-07-16T16:06:21.496Z,gid://shopify/Product/15344740237698,"ami-paris-ami-de-coeur-patch-logo-classic-fit-t-shirt-white-red","Ami Paris Ami De Coeur Patch Logo Classic Fit T-Shirt White/Red",851
2026-07-16T16:06:21.496Z,gid://shopify/Product/15344786243970,"adidas-superstar-sp5der-black-silver-metallic","adidas Superstar Sp5der Red Black",1012
2026-07-16T16:06:21.496Z,gid://shopify/Product/15344786473346,"sp5der-pnk-v2-hoodie-black","Sp5der P*NK V2 Hoodie Black",942
2026-07-16T16:06:21.496Z,gid://shopify/Product/15344786702722,"adidas-x-sp5der-t-shirt-white","adidas x Sp5der T-shirt White",1059
2026-07-16T16:06:21.497Z,gid://shopify/Product/15344786899330,"sp5der-legacy-logo-heavyweight-tee-cream","Sp5der Legacy Logo Heavyweight Tee Cream",954
2026-07-16T16:06:21.497Z,gid://shopify/Product/15344787128706,"sp5der-beluga-sweatpants-navy","Sp5der Beluga Sweatpants Navy",890
2026-07-16T16:06:21.497Z,gid://shopify/Product/15344787423618,"sp5der-souvenir-hoodie-heather-grey","Sp5der Souvenir Hoodie Heather Grey",850
2026-07-16T16:06:21.497Z,gid://shopify/Product/15344787620226,"sp5der-boxer-briefs-set-of-3-multicolor","Sp5der Boxer Briefs (Set of 3) Multicolor",828
2026-07-16T16:06:21.497Z,gid://shopify/Product/15344787816834,"sp5der-punk-v2-sweatshort-black","Sp5der Punk V2 Sweatshort Black",1064
2026-07-16T16:06:21.497Z,gid://shopify/Product/15344788013442,"sp5der-punk-v2-sweatpant-slate-grey","Sp5der Punk V2 Sweatpant Slate Grey",997
2026-07-16T16:06:21.497Z,gid://shopify/Product/15344788242818,"sp5der-pro-double-layer-short-black","Sp5der Pro Double Layer Short Black",868
2026-07-16T16:06:21.497Z,gid://shopify/Product/15344788570498,"sp5der-scattered-og-web-v2-tee-black","Sp5der Scattered OG Web V2 Tee Black",909
2026-07-16T16:06:21.497Z,gid://shopify/Product/15344788767106,"sp5der-legacy-hoodie-orange","Sp5der Legacy Hoodie Orange",1046
2026-07-16T16:06:21.497Z,gid://shopify/Product/15344789094786,"sp5der-web-beanie-black","Sp5der Web Beanie Black",991
2026-07-16T16:08:01.403Z,gid://shopify/Product/15344789356930,"sp5der-wait-web-sweatpant-slate-grey","Sp5der Wait Web Sweatpant Slate Grey",1209
2026-07-16T16:08:01.409Z,gid://shopify/Product/15344789815682,"sp5der-og-web-v2-ombre-hoodie-sport-grey","Sp5der OG Web V2 Ombre Hoodie Sport Grey",815
2026-07-16T16:08:01.409Z,gid://shopify/Product/15344790274434,"sp5der-classic-sweatpant-brown","Sp5der Classic Sweatpant Brown",1046
2026-07-16T16:08:01.410Z,gid://shopify/Product/15344790929794,"sp5der-fuzzy-logo-mohair-beanie-purple","Sp5der Fuzzy Logo Mohair Beanie Purple",956
2026-07-16T16:08:01.410Z,gid://shopify/Product/15344791323010,"chrome-hearts-miami-exclusive-zip-up-hoodie-black","Chrome Hearts Miami Exclusive Zip Up Hoodie Black",1039
2026-07-16T16:08:01.410Z,gid://shopify/Product/15344791519618,"chrome-hearts-long-sleeve-pocket-crew-hot-pink-black","Chrome Hearts Long Sleeve Pocket Crew Hot Pink/Black",918
2026-07-16T16:08:01.410Z,gid://shopify/Product/15344791814530,"chrome-hearts-logo-leggings-black","Chrome Hearts Logo Leggings Black",1185
2026-07-16T16:08:01.410Z,gid://shopify/Product/15344792011138,"chrome-hearts-short-sleeve-pocket-crew-t-shirt-black","Chrome Hearts Short Sleeve Pocket Crew T-shirt Black",1124
2026-07-16T16:08:01.410Z,gid://shopify/Product/15344792273282,"chrome-hearts-cemetery-trucker-hat-black","Chrome Hearts Cemetery Trucker Hat Black",693
2026-07-16T16:08:01.410Z,gid://shopify/Product/15344792535426,"chrome-hearts-ch-baseball-cap-purple-green","Chrome Hearts CH Baseball Cap Purple/Green",869
2026-07-16T16:08:01.410Z,gid://shopify/Product/15344792830338,"chrome-hearts-horse-shoe-floral-hoodie-black","Chrome Hearts Horse Shoe Floral Hoodie Black",838
2026-07-16T16:08:01.410Z,gid://shopify/Product/15344793158018,"chrome-hearts-malibu-exclusive-t-shirt-black","Chrome Hearts Malibu Exclusive T-shirt Black",961
2026-07-16T16:08:01.410Z,gid://shopify/Product/15344793387394,"chrome-hearts-dagger-denim-baseball-hat-black-white","Chrome Hearts Dagger Denim Baseball Hat Black/White",1145
2026-07-16T16:08:01.410Z,gid://shopify/Product/15344793682306,"chrome-hearts-boxer-brief-shorts-camo","Chrome Hearts Boxer Brief Shorts Camo",820
2026-07-16T16:08:01.410Z,gid://shopify/Product/15344793944450,"chrome-hearts-horseshoe-floral-cross-sleeve-zip-up-hoodie-black-white","Chrome Hearts Horseshoe Floral Cross Sleeve Zip Up Hoodie Black/White",1137
2026-07-16T16:08:01.410Z,gid://shopify/Product/15344794141058,"chrome-hearts-horse-shoe-beanie-black","Chrome Hearts Horse Shoe Beanie Black",1092
2026-07-16T16:08:01.410Z,gid://shopify/Product/15344794403202,"chrome-hearts-green-hoodie-green-orange","Chrome Hearts Green Hoodie Green/Orange",1073
2026-07-16T16:08:01.410Z,gid://shopify/Product/15344794698114,"chrome-hearts-la-exclusive-baseball-cap-dodger-blue","Chrome Hearts LA Exclusive Baseball Cap Dodger Blue",741
2026-07-16T16:08:01.410Z,gid://shopify/Product/15344795091330,"chrome-hearts-neck-logo-fuck-you-sleeve-t-shirt-black","Chrome Hearts Neck Logo (""Fuck You"" Sleeve) T-Shirt Black",1065
2026-07-16T16:08:01.410Z,gid://shopify/Product/15344795386242,"chrome-hearts-x-drake-certified-chrome-hand-dyed-hoodie-washed-blue-miami-exclusive","Chrome Hearts x Drake Certified Chrome Hand Dyed Hoodie Washed Blue (Miami Exclusive)",778
2026-07-16T16:08:01.410Z,gid://shopify/Product/15344795582850,"chrome-hearts-ch-hat-green","Chrome Hearts CH Hat Green",981
2026-07-16T16:08:01.410Z,gid://shopify/Product/15344795910530,"chrome-hearts-ch-hollywood-trucker-hat-black-green","Chrome Hearts CH Hollywood Trucker Hat Black/Green",599
2026-07-16T16:08:01.410Z,gid://shopify/Product/15347665273218,"adidas-samba-messi-halo-mint-pink","adidas Samba Messi Halo Mint Pink",1317
2026-07-16T16:08:01.410Z,gid://shopify/Product/15348446331266,"adidas-ultra-boost-10-dna-triple-white-w","adidas Ultra Boost 1.0 DNA Triple White (Women's)",1274
2026-07-16T16:08:01.410Z,gid://shopify/Product/15348446331266,"adidas-ultra-boost-10-dna-triple-white-w","adidas Ultra Boost 1.0 DNA Triple White (Women's)",1128
2026-07-16T16:08:01.410Z,gid://shopify/Product/15348446331266,"adidas-ultra-boost-10-dna-triple-white-w","adidas Ultra Boost 1.0 DNA Triple White (Women's)",1097
2026-07-16T16:16:09.749Z,gid://shopify/Product/15233115357570,"nike-kyrie-8-circle-of-life","Nike Kyrie 8 Circle Of Life",1421
2026-07-16T16:16:09.757Z,gid://shopify/Product/15233116144002,"air-jordan-1-low-lucky-green-gs","Jordan 1 Low Lucky Green (GS)",1149
2026-07-16T16:16:09.757Z,gid://shopify/Product/15233117389186,"air-jordan-15-retro-billie-eilish-w","Jordan 15 Retro Billie Eilish (Women's)",800
2026-07-16T16:16:09.758Z,gid://shopify/Product/15233990558082,"nfl-x-fanatics-fest-exclusive-new-orleans-saints-jersey-multicolor","NFL x Fanatics Fest Exclusive New Orleans Saints Jersey Multicolor",452
2026-07-16T16:16:09.758Z,gid://shopify/Product/15233991868802,"fear-of-god-essentials-sweatshort-mint-leaf","Fear of God Essentials Sweatshort Mint Leaf",816
2026-07-16T16:16:09.758Z,gid://shopify/Product/15233993474434,"fear-of-god-essentials-hoodie-off-black","Fear of God Essentials Raglan Hoodie Gray Off Black",854
2026-07-16T16:16:09.758Z,gid://shopify/Product/15233993867650,"nike-kobe-9-elite-protro-halo-gs","Nike Kobe 9 Elite Protro Halo (GS)",1209
2026-07-16T16:16:09.758Z,gid://shopify/Product/15233996456322,"nike-vapor-edge-pro-360-2-black-iron-grey","Nike Vapor Edge Pro 360 2 Black Iron Grey",1079
2026-07-16T16:16:09.758Z,gid://shopify/Product/15238636700034,"nike-dunk-low-essential-paisley-pack-barley","Nike Dunk Low Essential Paisley Pack Barley (Women's)",991
2026-07-16T16:16:09.758Z,gid://shopify/Product/15238637781378,"pokemon-scarlet-violet-prismatic-evolutions-poster-collection-10x-lot","Pokémon Scarlet & Violet Prismatic Evolutions Poster Collection 10x Lot",782
2026-07-16T16:16:09.758Z,gid://shopify/Product/15238639124866,"nike-gripknit-phantom-gx-elite-dynamic-fit-fg-blast-pack-baltic-blue","Nike Gripknit Phantom GX Elite Dynamic Fit FG Blast Pack Baltic Blue",1159
2026-07-16T16:16:09.758Z,gid://shopify/Product/15238640238978,"nike-air-force-1-low-drake-nocta-certified-lover-boy-love-you-forever-edition","Nike Air Force 1 Low Drake NOCTA Certified Lover Boy (Includes Love You Forever Special Edition Book)",716
2026-07-16T16:16:09.758Z,gid://shopify/Product/15238641189250,"nike-air-force-1-low-07-essential-white-green-paisley-w","Nike Air Force 1 Low '07 Essential White Green Paisley (Women's)",1049
2026-07-16T16:16:09.758Z,gid://shopify/Product/15238642762114,"air-jordan-4-retro-pizza-gs","Jordan 4 Retro Pizza (GS)",929
2026-07-16T16:16:09.758Z,gid://shopify/Product/15238643646850,"air-jordan-2-retro-union-grey-fog","Jordan 2 Retro SP Union Grey Fog",957
2026-07-16T16:16:09.759Z,gid://shopify/Product/15238645088642,"salomon-xt-6-white-footwear-silver","Salomon XT-6 White FTW Silver",1005
2026-07-16T16:16:09.759Z,gid://shopify/Product/15348455408002,"nike-dunk-low-undefeated-dunk-vs-af1","Nike Dunk Low Undefeated 5 On It Dunk vs. AF1",816
2026-07-16T16:16:09.759Z,gid://shopify/Product/15348460487042,"kith-nike-for-new-york-knicks-aop-hoodie-white","Kith & Nike for New York Knicks AOP Hoodie White",957
2026-07-16T16:16:09.759Z,gid://shopify/Product/15348484899202,"asics-gel-kayano-14-apc-white-pure-silver","ASICS Gel-Kayano 14 A.P.C. White Pure Silver",1077
2026-07-16T16:16:09.759Z,gid://shopify/Product/15348578845058,"adidas-bringbacks-remixed-mexico-jersey-bold-green","adidas Bringbacks Remixed Mexico Jersey",1488
2026-07-16T16:16:09.759Z,gid://shopify/Product/15349630501250,"essentials-tee-light-oatmeal-ss22","Essentials Tee Light Oatmeal (SS22)",287
2026-07-16T16:16:09.759Z,gid://shopify/Product/15349694169474,"adidas-pet-argentina-26-jersey-white-icey-blue","adidas Pet Argentina 26 Jersey White Icey Blue",1130
2026-07-16T16:16:09.759Z,gid://shopify/Product/15349694529922,"nike-x-fc-barcelona-x-olivia-rodrigo-mens-25-26-home-players-edition-jersey-blue-garnet","Nike x FC Barcelona x Olivia Rodrigo Men's 25/26 Home Player's Edition Jersey Blue/Garnet",1023
2026-07-16T16:16:09.759Z,gid://shopify/Product/15349694726530,"nike-air-jordan-x-cbf-brazil-dri-fit-stadium-goalkeeper-jersey-light-menta-black","Nike Air Jordan x CBF Brazil Dri-Fit Stadium Goalkeeper Jersey Light Menta/Black",1149
2026-07-16T16:16:09.759Z,gid://shopify/Product/15349694923138,"adidas-japan-26-home-jersey-japan-blue-ash-blue","adidas Japan 26 Home Jersey Japan Blue/Ash Blue",1087
2026-07-16T16:16:09.759Z,gid://shopify/Product/15349695283586,"adidas-denim-graphic-jersey-white-dark-blue","adidas Denim Graphic Jersey White Dark Blue",1150
2026-07-16T16:16:09.759Z,gid://shopify/Product/15352503009666,"nike-cryoshot-striker-1976-slawn","Nike Cryoshot Striker 1976 Slawn",1151
2026-07-16T16:16:09.759Z,gid://shopify/Product/15355542208898,"air-jordan-4-retro-og-nigel-sylvester-brick-after-brick","Jordan 4 Retro OG Nigel Sylvester Brick After Brick",887
2026-07-16T16:16:09.759Z,gid://shopify/Product/15356478128514,"fear-of-god-essentials-nba-tee-light-heather","Fear of God Essentials NBA Tee Light Heather",1017
2026-07-16T16:16:09.760Z,gid://shopify/Product/15356478357890,"bape-big-ape-head-tee-white","BAPE Big Ape Head Tee White",649
2026-07-16T16:16:09.760Z,gid://shopify/Product/15356530000258,"aime-leon-dore-mesh-batting-practice-jersey-bright-white","Aime Leon Dore Mesh Batting Practice Jersey Bright White",1086
2026-07-16T16:16:09.760Z,gid://shopify/Product/15363597500802,"asics-gel-nyc-storm-cloud-pure-silver","ASICS Gel-NYC Storm Cloud Pure Silver",1001
