timestamp,product_id,handle,title,chars
2026-07-05T15:06:19.040Z,gid://shopify/Product/14824417001858,"nike-air-max-terrascape-plus-pure-platinum-gym-red","Nike Air Max Terrascape Plus Pure Platinum Gym Red",1296
2026-07-05T15:06:19.650Z,gid://shopify/Product/14824425030018,"nike-air-max-plus-supreme-green","Nike Air Max Plus Supreme Mean Green",1301
2026-07-05T15:06:20.211Z,gid://shopify/Product/14824425390466,"nike-air-max-plus-supreme-white","Nike Air Max Plus Supreme White",1135
2026-07-05T15:06:20.975Z,gid://shopify/Product/14824425587074,"nike-air-max-95-central-cee-live-yours","Nike Air Max 95 Central Cee Live Yours",1300
2026-07-05T15:06:21.541Z,gid://shopify/Product/14824426635650,"nike-air-max-95-sp-a-ma-maniere-while-you-were-sleeping","Nike Air Max 95 SP A Ma Maniére While You Were Sleeping",1324
2026-07-05T15:06:22.121Z,gid://shopify/Product/14824428241282,"nike-air-max-95-essential-triple-black","Nike Air Max 95 Essential Triple Black",1084
2026-07-05T15:06:22.828Z,gid://shopify/Product/14896528294274,"adidas-samba-black-white-gum","adidas Samba OG Black White Gum",971
2026-07-05T15:06:23.430Z,gid://shopify/Product/14896528425346,"adidas-samba-inter-miami-cf-messi-pink","adidas Samba Inter Miami CF Messi Pink",1233
2026-07-05T15:06:24.156Z,gid://shopify/Product/14896528490882,"adidas-samba-lt-black-white-womens","adidas Samba LT Black White (Women's)",1296
2026-07-05T15:06:24.670Z,gid://shopify/Product/14896528589186,"adidas-samba-nylon-wales-bonner-desert-white","adidas Samba Nylon Wales Bonner Desert White",1315
2026-07-05T15:06:25.377Z,gid://shopify/Product/14896528720258,"adidas-samba-nylon-wales-bonner-wonder-clay-royal","adidas Samba Nylon Wales Bonner Wonder Clay Royal",1358
2026-07-05T15:06:25.978Z,gid://shopify/Product/14896528785794,"adidas-samba-og-75th-anniversary-pack-black","adidas Samba OG 75th Anniversary Pack Black",1491
2026-07-05T15:06:26.597Z,gid://shopify/Product/14896528851330,"adidas-samba-og-aluminum-gum-womens","adidas Samba OG Aluminum Gum (Women's)",1356
2026-07-05T15:06:27.140Z,gid://shopify/Product/14896529080706,"adidas-samba-og-black-pink-ribbon-laces-womens","adidas Samba OG Black Pink Ribbon Laces (Women's)",1278
2026-07-05T15:06:27.779Z,gid://shopify/Product/14896529277314,"adidas-samba-og-black-wonder-white-womens","adidas Samba OG Black Wonder White (Women's)",1383
2026-07-05T15:07:33.651Z,gid://shopify/Product/14896529310082,"adidas-samba-og-brown-putty-grey","adidas Samba OG Brown Putty Grey",1340
2026-07-05T15:07:34.378Z,gid://shopify/Product/14896529342850,"adidas-samba-og-collegiate-green-womens","adidas Samba OG Collegiate Green (Women's)",1158
2026-07-05T15:07:34.983Z,gid://shopify/Product/14896529375618,"adidas-samba-og-cream-white-preloved-brown","adidas Samba OG Cream White Preloved Brown",1283
2026-07-05T15:07:35.593Z,gid://shopify/Product/14896529441154,"adidas-samba-og-cream-white-sand-strata-womens","adidas Samba OG Cream White Sand Strata (Women's)",1279
2026-07-05T15:07:36.122Z,gid://shopify/Product/14896529473922,"adidas-samba-og-dark-brown-tweed","adidas Samba OG Dark Brown Tweed",1166
2026-07-05T15:07:36.698Z,gid://shopify/Product/14896529506690,"adidas-samba-og-dia-de-muertos-pack-black","adidas Samba OG Día de Muertos Pack Black",1139
2026-07-05T15:07:37.231Z,gid://shopify/Product/14896529539458,"adidas-samba-og-earth-strata-gum-womens","adidas Samba OG Earth Strata Gum (Women's)",1259
2026-07-05T15:07:37.847Z,gid://shopify/Product/14896529572226,"adidas-samba-og-footwear-white-green","adidas Samba OG Footwear White Green",1192
2026-07-05T15:07:38.379Z,gid://shopify/Product/14896529637762,"adidas-samba-og-lucid-pink-womens","adidas Samba OG Lucid Pink (Women's)",1313
2026-07-05T15:07:39.113Z,gid://shopify/Product/14896529703298,"adidas-samba-og-maroon-crystal-sand-womens","adidas Samba OG Maroon Crystal Sand (Women's)",1367
2026-07-05T15:07:39.701Z,gid://shopify/Product/14896529834370,"adidas-samba-og-night-navy-gum","adidas Samba OG Night Navy Gum",1177
2026-07-05T15:07:40.379Z,gid://shopify/Product/14896529899906,"adidas-samba-og-cloud-white-core-black","adidas Samba OG Cloud White Core Black",1436
2026-07-05T15:07:40.940Z,gid://shopify/Product/14896529998210,"adidas-samba-og-silver-dawn-chalk","adidas Samba OG Silver Dawn Chalk",1227
2026-07-05T15:07:41.428Z,gid://shopify/Product/14896530030978,"adidas-samba-og-silver-metallic-black-gum-womens","adidas Samba OG Silver Metallic Black Gum (Women's)",1360
2026-07-05T15:07:42.178Z,gid://shopify/Product/14896530063746,"adidas-samba-og-white-burgundy-gum","adidas Samba OG White Burgundy Gum",1193
2026-07-05T15:08:48.926Z,gid://shopify/Product/14896530129282,"adidas-samba-og-white-halo-blue-gum-womens","adidas Samba OG White Halo Blue Gum (Women's)",1324
2026-07-05T15:08:49.552Z,gid://shopify/Product/14896530162050,"adidas-samba-og-white-solar-red-gum-womens","adidas Samba OG White Solar Red Gum (Women's)",1436
2026-07-05T15:08:50.141Z,gid://shopify/Product/14896530260354,"adidas-samba-og-wonder-beige-tweed","adidas Samba OG Wonder Beige Tweed",1300
2026-07-05T15:08:50.667Z,gid://shopify/Product/14896530293122,"adidas-samba-og-wonder-taupe-womens","adidas Samba OG Wonder Taupe (Women's)",1342
2026-07-05T15:08:51.203Z,gid://shopify/Product/14896530325890,"adidas-samba-og-wonder-white-maroon-womens","adidas Samba OG Wonder White Maroon (Women's)",1324
2026-07-05T15:08:51.740Z,gid://shopify/Product/14896530358658,"adidas-samba-wales-bonner-brown-croc","adidas Samba Wales Bonner Brown Croc",1271
2026-07-05T15:08:52.510Z,gid://shopify/Product/14896530391426,"adidas-sambae-denim-womens","adidas Sambae atmos Pink Denim (Women's)",1425
2026-07-05T15:08:53.070Z,gid://shopify/Product/14896530424194,"adidas-sambae-white-black-gum-womens","adidas Sambae White Black Gum (Women's)",1559
2026-07-05T15:08:53.645Z,gid://shopify/Product/14896530456962,"adidas-sambae-leopard-off-white-womens","adidas Sambae Leopard Off White (Women's)",1296
2026-07-05T15:08:54.159Z,gid://shopify/Product/14896530489730,"adidas-sambae-hello-kitty-womens","adidas Sambae Hello Kitty (Women's)",1448
2026-07-05T15:08:54.771Z,gid://shopify/Product/14896530522498,"adidas-handball-spezial-aluminum-core-black-womens","adidas Handball Spezial Aluminum Core Black (Women's)",1412
2026-07-05T15:08:55.503Z,gid://shopify/Product/14896530555266,"adidas-handball-spezial-black-gum","adidas Handball Spezial Black Gum",1056
2026-07-05T15:08:56.115Z,gid://shopify/Product/14896530653570,"adidas-handball-spezial-black-wonder-leopard-womens","adidas Handball Spezial Black Wonder Leopard (Women's)",1326
2026-07-05T15:08:56.695Z,gid://shopify/Product/14896530686338,"adidas-handball-spezial-bright-red-clear-pink-womens","adidas Handball Spezial Bright Red Clear Pink (Women's)",1454
2026-07-05T15:08:57.176Z,gid://shopify/Product/14896530719106,"adidas-handball-spezial-clear-pink-arctic-night-womens","adidas Handball Spezial Clear Pink Arctic Night (Women's)",1342
2026-07-05T15:10:01.998Z,gid://shopify/Product/14896530751874,"adidas-handball-spezial-collegiate-green-semi-green-spark-womens","adidas Handball Spezial Collegiate Green Semi Green Spark (Women's)",1347
2026-07-05T15:10:02.586Z,gid://shopify/Product/14896530784642,"adidas-handball-spezial-core-black-clear-pink-gum-womens","adidas Handball Spezial Core Black Clear Pink Gum (Women's)",1312
2026-07-05T15:10:03.160Z,gid://shopify/Product/14896530882946,"adidas-handball-spezial-core-blue-cream-white-gum","adidas Handball Spezial Core Blue Cream White Gum",1345
2026-07-05T15:10:03.770Z,gid://shopify/Product/14896530948482,"adidas-handball-spezial-cream-white-beige-womens","adidas Handball Spezial Cream White Beige (Women's)",1378
2026-07-05T15:10:04.377Z,gid://shopify/Product/14896530981250,"adidas-handball-spezial-earth-strata-gum-womens","adidas Handball Spezial Earth Strata Gum (Women's)",1355
2026-07-05T15:10:05.049Z,gid://shopify/Product/14896531014018,"adidas-handball-spezial-light-blue","adidas Handball Spezial Light Blue",985
2026-07-05T15:10:05.576Z,gid://shopify/Product/14896531079554,"adidas-handball-spezial-lucid-pink-almost-yellow-womens","adidas Handball Spezial Lucid Pink Almost Yellow (Women's)",1282
2026-07-05T15:10:06.294Z,gid://shopify/Product/14896531112322,"adidas-handball-spezial-mineral-green-womens","adidas Handball Spezial Mineral Green (Women's)",1399
2026-07-05T15:10:06.914Z,gid://shopify/Product/14896531145090,"adidas-handball-spezial-navy-gum","adidas Handball Spezial Navy Gum",1025
2026-07-05T15:10:07.986Z,gid://shopify/Product/14896531210626,"adidas-handball-spezial-night-indigo","adidas Handball Spezial Night Indigo",1365
2026-07-05T15:10:08.569Z,gid://shopify/Product/14896531276162,"adidas-handball-spezial-preloved-green","adidas Handball Spezial Preloved Green",1246
2026-07-05T15:10:09.174Z,gid://shopify/Product/14896531308930,"adidas-handball-spezial-sandy-pink-womens","adidas Handball Spezial Sandy Pink (Women's)",1313
2026-07-05T15:10:09.758Z,gid://shopify/Product/14896531407234,"adidas-handball-spezial-shadow-red-womens","adidas Handball Spezial Shadow Red (Women's)",1298
2026-07-05T15:10:10.340Z,gid://shopify/Product/14896531440002,"adidas-handball-spezial-sporty-rich-pink","adidas Handball Spezial Sporty & Rich Pink",1371
2026-07-05T15:10:10.845Z,gid://shopify/Product/14896531505538,"adidas-handball-spezial-wonder-white-black-womens","adidas Handball Spezial Wonder White Black (Women's)",1362
2026-07-05T15:11:23.406Z,gid://shopify/Product/14896531571074,"adidas-gazelle-bold-almost-blue-yellow-womens","adidas Gazelle Bold Almost Blue Yellow (Women's)",1320
2026-07-05T15:11:24.021Z,gid://shopify/Product/14896531603842,"adidas-gazelle-bold-magic-beige-collegiate-green-womens","adidas Gazelle Bold Magic Beige Collegiate Green (Women's)",1115
2026-07-05T15:11:24.596Z,gid://shopify/Product/14896531636610,"adidas-gazelle-bold-pink-glow-w","adidas Gazelle Bold Pink Glow (Women's)",934
2026-07-05T15:11:25.205Z,gid://shopify/Product/14896531669378,"adidas-gazelle-bold-true-pink-womens","adidas Gazelle Bold True Pink (Women's)",1320
2026-07-05T15:11:25.791Z,gid://shopify/Product/14896531702146,"adidas-gazelle-indoor-bad-bunny","adidas Gazelle Indoor Bad Bunny",1360
2026-07-05T15:11:26.416Z,gid://shopify/Product/14896531767682,"adidas-gazelle-indoor-bad-bunny-lionel-messi-la-voz-de-los-fans","adidas Gazelle Indoor Bad Bunny Lionel Messi La Voz De Los Fans",1410
2026-07-05T15:11:26.974Z,gid://shopify/Product/14896531800450,"adidas-gazelle-indoor-better-scarlet","adidas Gazelle Indoor Better Scarlet",1297
2026-07-05T15:11:27.616Z,gid://shopify/Product/14896531833218,"adidas-gazelle-indoor-bliss-pink-purple-womens","adidas Gazelle Indoor Bliss Pink Purple (Women's)",1606
2026-07-05T15:11:28.261Z,gid://shopify/Product/14896531865986,"adidas-gazelle-indoor-collegiate-green-lucid-pink-womens","adidas Gazelle Indoor Collegiate Green Lucid Pink (Women's)",1444
2026-07-05T15:11:28.845Z,gid://shopify/Product/14896531931522,"adidas-gazelle-indoor-cream-white-collegiate-green-gum","adidas Gazelle Indoor Cream White Collegiate Green Gum",1321
2026-07-05T15:11:29.373Z,gid://shopify/Product/14896531964290,"adidas-gazelle-indoor-earth-strata-magic-beige","adidas Gazelle Indoor Earth Strata Magic Beige",1379
2026-07-05T15:11:29.960Z,gid://shopify/Product/14896532029826,"adidas-gazelle-indoor-focus-olive-womens","adidas Gazelle Indoor Focus Olive (Women's)",1322
2026-07-05T15:11:30.500Z,gid://shopify/Product/14896532062594,"adidas-gazelle-indoor-hello-kitty-womens","adidas Gazelle Indoor Hello Kitty (Women's)",1528
2026-07-05T15:11:31.499Z,gid://shopify/Product/14896532095362,"adidas-gazelle-indoor-maroon-almost-yellow","adidas Gazelle Indoor Maroon Almost Yellow",1392
2026-07-05T15:11:32.114Z,gid://shopify/Product/14896532128130,"adidas-gazelle-indoor-san-juan-bad-bunny-blue","adidas Gazelle Indoor Bad Bunny San Juan",1346
2026-07-05T15:12:28.919Z,gid://shopify/Product/14896532226434,"adidas-gazelle-indoor-sandy-pink-womens","adidas Gazelle Indoor Sandy Pink (Women's)",1460
2026-07-05T15:12:29.437Z,gid://shopify/Product/14896532259202,"adidas-gazelle-shadow-brown-womens","adidas Gazelle Shadow Brown (Women's)",1378
2026-07-05T15:12:30.040Z,gid://shopify/Product/14896533537154,"onitsuka-tiger-mexico-66-pure-gold-black","Onitsuka Tiger Mexico 66 Pure Gold Black",2233
2026-07-05T15:12:30.744Z,gid://shopify/Product/14896533569922,"onitsuka-tiger-mexico-66-pure-silver-black","Onitsuka Tiger Mexico 66 Pure Silver Black",1321
2026-07-05T15:12:31.365Z,gid://shopify/Product/14896533700994,"onitsuka-tiger-mexico-66-sd-kill-bill-yellow-midsole-2024","Onitsuka Tiger Mexico 66 SD Kill Bill (Yellow Midsole) (2024)",1223
2026-07-05T15:12:32.020Z,gid://shopify/Product/14896533832066,"onitsuka-tiger-mexico-66-vintage-birch-black","Onitsuka Tiger Mexico 66 Vintage Birch Black",1535
2026-07-05T15:12:32.534Z,gid://shopify/Product/14896533864834,"onitsuka-tiger-mexico-66-vintage-birch-cactus-green","Onitsuka Tiger Mexico 66 Vintage Birch Cactus Green",1430
2026-07-05T15:12:33.158Z,gid://shopify/Product/14896534782338,"asics-gel-kayano-14-birch-dark-pewter","ASICS Gel-Kayano 14 Birch Dark Pewter",1446
2026-07-05T15:12:33.769Z,gid://shopify/Product/14896534847874,"asics-gel-kayano-14-black-coffee-silver","ASICS Gel-Kayano 14 Black Coffee Silver",1423
2026-07-05T15:12:34.322Z,gid://shopify/Product/14896534880642,"asics-gel-kayano-14-black-pure-silver","ASICS Gel-Kayano 14 Black Pure Silver",1325
2026-07-05T15:12:34.899Z,gid://shopify/Product/14896534978946,"asics-gel-kayano-14-black-seal-grey","ASICS Gel-Kayano 14 Black Seal Grey",1346
2026-07-05T15:12:35.472Z,gid://shopify/Product/14896535077250,"asics-gel-kayano-14-cream-metallic-blue","ASICS Gel-Kayano 14 Cream Metallic Blue",1481
2026-07-05T15:12:36.045Z,gid://shopify/Product/14896535142786,"asics-gel-kayano-14-cream-pepper-womens","ASICS Gel-Kayano 14 Cream Pepper (Women's)",1408
2026-07-05T15:12:36.758Z,gid://shopify/Product/14896535175554,"asics-gel-kayano-14-cream-pure-silver-champagne","ASICS Gel-Kayano 14 Cream Pure Silver Champagne",1441
2026-07-05T15:12:37.351Z,gid://shopify/Product/14896535273858,"asics-gel-kayano-14-metropolis-jasper-green","ASICS Gel-Kayano 14 Metropolis Jasper Green",1464
2026-07-05T15:13:27.357Z,gid://shopify/Product/14896535306626,"asics-gel-kayano-14-tai-chi-yellow","ASICS GEL-Kayano 14 Tai Chi Yellow",1472
2026-07-05T15:13:28.074Z,gid://shopify/Product/14896535339394,"asics-gel-kayano-14-olympic-medals","ASICS GEL-Kayano 14 Olympic Medals",1291
2026-07-05T15:13:28.692Z,gid://shopify/Product/14896535372162,"asics-gel-kayano-14-white-dark-grape-womens","ASICS Gel-Kayano 14 White Dark Grape (Women's)",1469
2026-07-05T15:13:29.649Z,gid://shopify/Product/14896535404930,"asics-gel-kayano-14-white-midnight-womens","ASICS Gel-Kayano 14 White Midnight (Women's)",1239
2026-07-05T15:13:30.789Z,gid://shopify/Product/14896535437698,"asics-gel-1130-baby-lavender-pure-silver-womens","ASICS Gel-1130 Baby Lavender Pure Silver (Women's)",1429
2026-07-05T15:13:31.418Z,gid://shopify/Product/14896535503234,"asics-gel-1130-black-carbon","ASICS Gel-1130 Black Carbon",1233
2026-07-05T15:13:31.977Z,gid://shopify/Product/14896535536002,"asics-gel-1130-black-glacier-grey","ASICS Gel-1130 Black Glacier Grey",1436
2026-07-05T15:13:32.594Z,gid://shopify/Product/14896535568770,"asics-gel-1130-black-pure-silver","ASICS Gel-1130 Black Pure Silver",1313
2026-07-05T15:13:33.214Z,gid://shopify/Product/14896535601538,"asics-gel-1130-clay-grey-pure-silver","ASICS Gel-1130 Clay Grey Pure Silver",1430
2026-07-05T15:13:33.827Z,gid://shopify/Product/14896535634306,"asics-gel-1130-cream-clay-grey-womens","ASICS Gel-1130 Cream Clay Grey (Women's)",1412
2026-07-05T15:35:41.104Z,gid://shopify/Product/14896535699842,"asics-gel-1130-cream-white","ASICS Gel-1130 Cream White",1207
2026-07-05T15:35:41.742Z,gid://shopify/Product/14896535732610,"asics-gel-1130-dark-neptune","ASICS Gel-1130 Dark Neptune",1112
2026-07-05T15:35:42.280Z,gid://shopify/Product/14896535798146,"asics-gel-1130-glacier-grey-black","ASICS Gel-1130 Glacier Grey Black",958
2026-07-05T15:35:42.870Z,gid://shopify/Product/14896535863682,"asics-gel-1130-pale-oak-grand-shark","ASICS Gel-1130 Pale Oak Grand Shark",1330
2026-07-05T15:35:43.372Z,gid://shopify/Product/14896535961986,"asics-gel-1130-space-lavender-gs","ASICS Gel-1130 Space Lavender (GS)",1251
2026-07-05T15:42:50.389Z,gid://shopify/Product/14896535994754,"asics-gel-1130-steel-grey-pure-silver","ASICS Gel-1130 Steel Grey Pure Silver",1086
2026-07-05T15:42:50.935Z,gid://shopify/Product/14896536027522,"asics-gel-1130-tuna-blue","ASICS Gel-1130 Tuna Blue",1099
2026-07-05T15:42:51.447Z,gid://shopify/Product/14896536093058,"asics-gel-1130-white-black","ASICS Gel-1130 White Black",1094
2026-07-05T15:42:51.980Z,gid://shopify/Product/14896536158594,"asics-gel-1130-white-black-gold","ASICS Gel-1130 White Black Gold",1049
2026-07-05T15:42:52.801Z,gid://shopify/Product/14896536093058,"asics-gel-1130-white-black","ASICS Gel-1130 White Black",1222
2026-07-05T15:42:53.774Z,gid://shopify/Product/14896536256898,"asics-gel-1130-white-clay-canyon","ASICS Gel-1130 White Clay Canyon",1202
2026-07-05T15:42:54.476Z,gid://shopify/Product/14896536322434,"asics-gel-1130-white-cloud-grey","ASICS Gel-1130 White Cloud Grey",1177
2026-07-05T15:42:55.112Z,gid://shopify/Product/14896536355202,"asics-gel-1130-white-malachite-green-off-white-midsole-womens","ASICS Gel-1130 White Malachite Green Off White Midsole (Women's)",1300
2026-07-05T15:42:55.662Z,gid://shopify/Product/14896536420738,"asics-gel-1130-white-malachite-green-womens","ASICS Gel-1130 White Malachite Green (Women's)",1135
2026-07-05T15:42:56.250Z,gid://shopify/Product/14896536453506,"asics-gel-1130-white-midnight-gs","ASICS Gel-1130 White Midnight (GS)",1221
2026-07-05T15:42:56.752Z,gid://shopify/Product/14896536486274,"asics-gel-1130-white-midnight-womens","ASICS Gel-1130 White Midnight (Women's)",932
2026-07-05T15:42:57.426Z,gid://shopify/Product/14896536519042,"asics-gel-1130-white-neutral-pink-womens","ASICS Gel-1130 White Neutral Pink (Women's)",1112
2026-07-05T15:42:58.195Z,gid://shopify/Product/14896536551810,"asics-gel-1130-white-pure-silver","ASICS Gel-1130 White Pure Silver",1143
2026-07-05T15:42:58.777Z,gid://shopify/Product/14896536584578,"asics-gel-1130-white-red-dahlia-womens","ASICS Gel-1130 White Red Dahlia (Women's)",1193
2026-07-05T15:42:59.318Z,gid://shopify/Product/14896536617346,"asics-gel-1130-white-shark-skin","ASICS Gel-1130 White Shark Skin",1244
2026-07-05T15:42:59.826Z,gid://shopify/Product/14896536715650,"asics-gel-1130-white-wood-crepe","ASICS Gel-1130 White Wood Crepe",1168
2026-07-05T15:43:00.328Z,gid://shopify/Product/14896536813954,"asics-gel-nyc-cement-grey-ash-rock","ASICS Gel-NYC Cement Grey Ash Rock",1040
2026-07-05T15:43:00.981Z,gid://shopify/Product/14896536879490,"asics-gel-nyc-concrete-oatmeal","ASICS Gel-NYC Concrete Oatmeal",1172
2026-07-05T15:43:01.634Z,gid://shopify/Product/14896536945026,"asics-gel-nyc-cream","ASICS Gel-NYC Cream",1209
2026-07-05T15:43:02.340Z,gid://shopify/Product/14896536977794,"asics-gel-nyc-cream-cloud-grey","ASICS Gel-NYC Cream Cloud Grey",1251
2026-07-05T15:43:02.965Z,gid://shopify/Product/14896537010562,"asics-gel-nyc-cream-mineral-beige-pink","ASICS Gel-NYC Cream Mineral Beige Pink",1213
2026-07-05T15:43:03.613Z,gid://shopify/Product/14896537043330,"asics-gel-nyc-graphite-grey-black","ASICS Gel-NYC Graphite Grey Black",1052
2026-07-05T15:43:04.146Z,gid://shopify/Product/14896537076098,"asics-gel-nyc-ivory-clay-grey","ASICS Gel-NYC Ivory Clay Grey",1288
2026-07-05T15:43:04.981Z,gid://shopify/Product/14896537141634,"asics-gel-nyc-kicki-yang-zhang-black-pure-silver","ASICS Gel-NYC Kicki Yang Zhang Black Pure Silver",1149
2026-07-05T15:43:05.580Z,gid://shopify/Product/14896537174402,"asics-gel-nyc-oyster-grey","ASICS Gel-NYC Oyster Grey",1080
2026-07-05T15:44:55.910Z,gid://shopify/Product/14896537239938,"asics-gel-nyc-pink-cream-pure-silver","ASICS Gel-NYC Kicki Yang Zhang Pink Cream Pure Silver",1340
2026-07-05T15:44:56.452Z,gid://shopify/Product/14896537272706,"asics-gel-nyc-smoke-grey","ASICS Gel-NYC Smoke Grey",1410
2026-07-05T15:44:57.015Z,gid://shopify/Product/14896537338242,"asics-gel-nyc-yankees","ASICS Gel-NYC Yankees",1441
2026-07-05T15:44:57.529Z,gid://shopify/Product/14896554541442,"ugg-disquette-slipper-chestnut-w","UGG Disquette Slipper Chestnut (Women's)",1030
2026-07-05T15:44:58.068Z,gid://shopify/Product/14896554606978,"ugg-disquette-slipper-sand-womens","UGG Disquette Slipper Sand (Women's)",1085
2026-07-05T15:44:58.605Z,gid://shopify/Product/14896554639746,"ugg-disquette-slipper-black-w","UGG Disquette Slipper Black (Women's)",918
2026-07-05T15:44:59.364Z,gid://shopify/Product/14896554738050,"ugg-classic-ultra-mini-chestnut-w","UGG Classic Ultra Mini Boot Chestnut (Women's)",1072
2026-07-05T15:44:59.965Z,gid://shopify/Product/14896554836354,"ugg-classic-ultra-mini-boot-sand-w","UGG Classic Ultra Mini Boot Sand (Women's)",1045
2026-07-05T15:45:00.583Z,gid://shopify/Product/14896554934658,"ugg-classic-ultra-mini-black-w","UGG Classic Ultra Mini Boot Black (Women's)",863
2026-07-05T15:45:01.158Z,gid://shopify/Product/14896555000194,"ugg-classic-ultra-mini-platform-chestnut-w","UGG Classic Ultra Mini Platform Boot Chestnut (Women's)",933
2026-07-05T15:45:01.588Z,gid://shopify/Product/14896555065730,"ugg-classic-ultra-mini-platform-black-w","UGG Classic Ultra Mini Platform Boot Black (Women's)",1023
2026-07-05T15:45:02.107Z,gid://shopify/Product/14896555131266,"ugg-classic-ultra-mini-platform-boot-sand-womens","UGG Classic Ultra Mini Platform Boot Sand (Women's)",1223
2026-07-05T15:45:02.697Z,gid://shopify/Product/14896555295106,"ugg-lowmel-black-womens","UGG Lowmel Black (Women's)",1306
2026-07-05T15:45:03.242Z,gid://shopify/Product/14896555327874,"ugg-lowmel-chestnut-womens","UGG Lowmel Chestnut (Women's)",1269
2026-07-05T15:45:04.189Z,gid://shopify/Product/14896555426178,"ugg-lowmel-sand-womens","UGG Lowmel Sand (Women's)",1324
2026-07-05T15:45:04.750Z,gid://shopify/Product/14896555524482,"ugg-lowmel-dune-kids","UGG Lowmel Dune (Kids)",1217
2026-07-05T15:45:05.286Z,gid://shopify/Product/14896555590018,"ugg-lowmel-hickory-womens","UGG Lowmel Hickory (Women's)",1212
2026-07-05T15:45:05.839Z,gid://shopify/Product/14896556048770,"ugg-tasman-slipper-black-w","UGG Tasman Slipper Black (Women's)",982
2026-07-05T15:45:06.368Z,gid://shopify/Product/14896556212610,"ugg-tasman-slipper-chestnut-w","UGG Tasman Slipper Chestnut (Women's)",898
2026-07-05T15:45:06.882Z,gid://shopify/Product/14896556310914,"ugg-tasman-slipper-sand-dark-cherry-womens","UGG Tasman Slipper Sand Dark Cherry (Women's)",1138
2026-07-05T15:45:07.391Z,gid://shopify/Product/14896556441986,"ugg-tasman-slipper-caspian-burnt-cedar-womens","UGG Tasman Slipper Caspian Burnt Cedar (Women's)",1277
2026-07-05T15:45:07.987Z,gid://shopify/Product/14896556540290,"ugg-tasman-slipper-driftwood-w","UGG Tasman Slipper Driftwood (Women's)",1041
2026-07-05T15:45:08.593Z,gid://shopify/Product/14896556638594,"ugg-tasman-slipper-black","UGG Tasman Slipper Black",958
2026-07-05T15:45:09.111Z,gid://shopify/Product/14896556704130,"ugg-tasman-slipper-chestnut","UGG Tasman Slipper Chestnut",1011
2026-07-05T15:45:09.655Z,gid://shopify/Product/14896556802434,"ugg-tasman-slipper-dark-grey","UGG Tasman Slipper Dark Grey",1194
2026-07-05T15:46:32.474Z,gid://shopify/Product/14896556933506,"ugg-tazz-slipper-mustard-seed-womens","UGG Tazz Slipper Mustard Seed (Women's)",770
2026-07-05T15:46:32.949Z,gid://shopify/Product/14896557064578,"ugg-tazz-slipper-hickory-womens","UGG Tazz Slipper Hickory (Women's)",919
2026-07-05T15:46:33.635Z,gid://shopify/Product/14896557195650,"ugg-tazz-slipper-sand-womens","UGG Tazz Slipper Sand (Women's)",852
2026-07-05T15:46:34.226Z,gid://shopify/Product/14896557261186,"ugg-tazz-slipper-black-w","UGG Tazz Slipper Black (Women's)",969
2026-07-05T15:46:34.827Z,gid://shopify/Product/14896782836098,"ugg-lowmel-sand-kids","UGG Lowmel Sand (Kids)",908
2026-07-05T15:46:35.332Z,gid://shopify/Product/14896782901634,"ugg-lowmel-black-kids","UGG Lowmel Black (Kids)",1131
2026-07-05T15:46:35.814Z,gid://shopify/Product/14896782934402,"ugg-lowmel-chestnut-kids","UGG Lowmel Chestnut (Kids)",1136
2026-07-05T15:46:36.431Z,gid://shopify/Product/14896784277890,"nike-air-max-plus-premium-black-reflective-silver","Nike Air Max Plus Premium Black Reflective Silver",1000
2026-07-05T15:46:37.114Z,gid://shopify/Product/14896784310658,"nike-air-max-plus-panda","Nike Air Max Plus Panda",1090
2026-07-05T15:46:37.702Z,gid://shopify/Product/14896784343426,"nike-air-max-plus-phantom-cargo-khaki","Nike Air Max Plus Phantom Cargo Khaki",1235
2026-07-05T15:46:38.261Z,gid://shopify/Product/14896784408962,"nike-air-max-plus-origins-waterway","Nike Air Max Plus Origins Waterway",1137
2026-07-05T15:46:38.901Z,gid://shopify/Product/14896784441730,"nike-air-max-plus-patta-fc-barcelona","Nike Air Max Plus Patta FC Barcelona Culers del Món",1263
2026-07-05T15:46:39.435Z,gid://shopify/Product/14896784474498,"nike-air-max-plus-naples","Nike Air Max Plus Naples",1221
2026-07-05T15:46:40.058Z,gid://shopify/Product/14896784507266,"nike-air-max-plus-premium-paris-black-tea-petra-brown","Nike Air Max Plus Premium Paris",1322
2026-07-05T15:46:40.660Z,gid://shopify/Product/14896784540034,"nike-air-max-plus-psg-paris-saint-germain","Nike Air Max Plus PSG",1245
2026-07-05T15:46:41.404Z,gid://shopify/Product/14896784605570,"nike-air-max-plus-premium-black-racer-blue","Nike Air Max Plus Premium Black Racer Blue",1166
2026-07-05T15:46:41.984Z,gid://shopify/Product/14896784638338,"nike-air-max-plus-og-voltage-purple-2024","Nike Air Max Plus OG Voltage Purple (2024)",1310
2026-07-05T15:46:42.481Z,gid://shopify/Product/14896784671106,"nike-air-max-plus-drift-khaki-sanddrift","Nike Air Max Plus Drift Khaki Sanddrift",1220
2026-07-05T15:46:43.021Z,gid://shopify/Product/14896784703874,"nike-air-max-plus-aquarius-blue","Nike Air Max Plus Aquarius Blue",1137
2026-07-05T15:46:43.627Z,gid://shopify/Product/14896784736642,"nike-air-max-plus-a-cold-wall-platinum-tint","Nike Air Max Plus A-COLD-WALL Platinum Tint",1409
2026-07-05T15:46:44.178Z,gid://shopify/Product/14896784834946,"nike-air-max-plus-ashen-slate-womens","Nike Air Max Plus Ashen Slate (Women's)",1132
2026-07-05T15:46:44.706Z,gid://shopify/Product/14896784900482,"nike-air-max-plus-black-opti-yellow","Nike Air Max Plus Black Opti Yellow",1204
2026-07-05T15:46:45.247Z,gid://shopify/Product/14896784933250,"nike-air-max-plus-drift-black-dragon-red","Nike Air Max Plus Drift Black Dragon Red",1065
2026-07-05T15:46:45.762Z,gid://shopify/Product/14896784966018,"nike-air-max-plus-drift-all-day","Nike Air Max Plus Drift All Day",1264
2026-07-05T15:46:46.335Z,gid://shopify/Product/14896784998786,"nike-air-max-plus-a-cold-wall-black","Nike Air Max Plus A-COLD-WALL Black",1389
2026-07-05T15:48:13.893Z,gid://shopify/Product/14896785031554,"nike-air-max-plus-all-day","Nike Air Max Plus All Day",1210
2026-07-05T15:48:14.510Z,gid://shopify/Product/14896785064322,"nike-air-max-plus-black-university-red-metallic-silver","Nike Air Max Plus Black University Red Metallic Silver",1165
2026-07-05T15:48:15.074Z,gid://shopify/Product/14896785129858,"nike-air-max-plus-light-photography","Nike Air Max Plus Light Photography",1148
2026-07-05T15:48:15.610Z,gid://shopify/Product/14896785162626,"nike-air-max-plus-aqua","Nike Air Max Plus Aqua",1135
2026-07-05T15:48:16.212Z,gid://shopify/Product/14896785195394,"nike-air-max-plus-celestine-blue-womens","Nike Air Max Plus Celestine Blue (Women's)",1283
2026-07-05T15:48:16.813Z,gid://shopify/Product/14896785228162,"nike-air-max-plus-dark-obsidian-monarch","Nike Air Max Plus Dark Obsidian Monarch",1216
2026-07-05T15:48:17.405Z,gid://shopify/Product/14896785260930,"nike-air-max-plus-25th-anniversary","Nike Air Max Plus 25th Anniversary",1247
2026-07-05T15:48:18.011Z,gid://shopify/Product/14896785293698,"nike-air-max-plus-drift-white-black-metallic-silver","Nike Air Max Plus Drift White Black Metallic Silver",1205
2026-07-05T15:48:18.564Z,gid://shopify/Product/14896785326466,"nike-air-max-plus-drift-midnight-navy-total-orange","Nike Air Max Plus Drift Midnight Navy Total Orange",1115
2026-07-05T15:48:19.186Z,gid://shopify/Product/14896785392002,"nike-air-max-plus-premium-bred","Nike Air Max Plus Premium Bred",1239
2026-07-05T15:48:19.739Z,gid://shopify/Product/14896785424770,"nike-air-max-plus-city-special-atl-w","Nike Air Max Plus City Special ATL (Women's)",1015
2026-07-05T15:48:20.353Z,gid://shopify/Product/14896785654146,"nike-air-max-plus-black-volt","Nike Air Max Plus Black Volt",1245
2026-07-05T15:48:20.882Z,gid://shopify/Product/14896785719682,"nike-air-max-plus-grey-orange-2022","Nike Air Max Plus Grey Orange",1221
2026-07-05T15:48:21.517Z,gid://shopify/Product/14896785883522,"nike-air-max-plus-marseille","Nike Air Max Plus Marseille",1213
2026-07-05T15:48:22.176Z,gid://shopify/Product/14896786112898,"nike-zoom-vomero-5-phantom-light-iron-ore-womens","Nike Zoom Vomero 5 Phantom Light Iron Ore (Women's)",1339
2026-07-05T15:48:22.715Z,gid://shopify/Product/14896786145666,"nike-vomero-5-sail-light-orewood-brown-womens","Nike Zoom Vomero 5 Sail Light Orewood Brown (Women's)",1266
2026-07-05T15:48:23.217Z,gid://shopify/Product/14896786211202,"nike-zoom-vomero-5-metallic-gold-womens","Nike Zoom Vomero 5 Metallic Gold (Women's)",1324
2026-07-05T15:48:23.815Z,gid://shopify/Product/14896786243970,"nike-zoom-vomero-5-chrome","Nike Zoom Vomero 5 Chrome",1269
2026-07-05T15:48:24.338Z,gid://shopify/Product/14896786309506,"nike-zoom-vomero-5-photon-dust-pink-foam-womens","Nike Zoom Vomero 5 Photon Dust Pink Foam (Women's)",1283
2026-07-05T15:48:24.958Z,gid://shopify/Product/14896786342274,"nike-zoom-vomero-5-platinum-tint","Nike Zoom Vomero 5 Platinum Tint",1276
2026-07-05T15:48:25.573Z,gid://shopify/Product/14896786375042,"nike-zoom-vomero-5-sp-vast-grey","Nike Zoom Vomero 5 SP Vast Grey",946
2026-07-05T15:48:26.216Z,gid://shopify/Product/14896786407810,"nike-air-zoom-vomero-5-earth-fossil-womens","Nike Zoom Vomero 5 Earth Fossil (Women's)",1295
2026-07-05T15:48:26.765Z,gid://shopify/Product/14896786440578,"nike-vomero-5-plum-eclipse-womens","Nike Zoom Vomero 5 Plum Eclipse (Women's)",1237
2026-07-05T15:48:27.774Z,gid://shopify/Product/14896786473346,"nike-vomero-5-supersonic","Nike Zoom Vomero 5 Supersonic Light Bone Black",1172
2026-07-05T15:48:28.333Z,gid://shopify/Product/14896786506114,"nike-zoom-vomero-5-white-black","Nike Zoom Vomero 5 White Black",1152
2026-07-05T15:49:56.142Z,gid://shopify/Product/14896786538882,"nike-zoom-vomero-5-black-sesame-w","Nike Zoom Vomero 5 Black Sesame (Women's)",1239
2026-07-05T15:49:56.832Z,gid://shopify/Product/14896786571650,"nike-zoom-vomero-5-blue-glaze-total-orange-womens","Nike Zoom Vomero 5 Blue Glaze Total Orange (Women's)",1209
2026-07-05T15:49:57.414Z,gid://shopify/Product/14896786604418,"nike-zoom-vomero-5-cobblestone-w","Nike Zoom Vomero 5 Cobblestone Flat Pewter (Women's)",1204
2026-07-05T15:49:57.955Z,gid://shopify/Product/14896786637186,"nike-zoom-vomero-5-cool-grey","Nike Zoom Vomero 5 Cool Grey",1205
2026-07-05T15:49:58.582Z,gid://shopify/Product/14896786669954,"nike-zoom-vomero-5-design-by-japan-womens","Nike Zoom Vomero 5 Designed by Japan (Women's)",1424
2026-07-05T15:49:59.191Z,gid://shopify/Product/14896786702722,"nike-zoom-vomero-5-electric-green-black","Nike Zoom Vomero 5 Electric Green Black",1017
2026-07-05T15:49:59.869Z,gid://shopify/Product/14896786735490,"nike-zoom-vomero-5-iron-ore-flat-pewter","Nike Zoom Vomero 5 Iron Ore Flat Pewter",1385
2026-07-05T15:50:00.446Z,gid://shopify/Product/14896786768258,"nike-zoom-vomero-5-lakeside","Nike Zoom Vomero 5 Lakeside",1102
2026-07-05T15:50:01.040Z,gid://shopify/Product/14896786801026,"nike-zoom-vomero-5-metallic-silver-blue-tint-womens","Nike Zoom Vomero 5 Metallic Silver Blue Tint (Women's)",1351
2026-07-05T15:50:01.567Z,gid://shopify/Product/14896786833794,"nike-zoom-vomero-5-oatmeal-w","Nike Zoom Vomero 5 Oatmeal (Women's)",1104
2026-07-05T15:50:02.085Z,gid://shopify/Product/14896786866562,"nike-zoom-vomero-5-photon-dust-university-blue","Nike Zoom Vomero 5 Photon Dust University Blue",1481
2026-07-05T15:50:02.650Z,gid://shopify/Product/14896786899330,"nike-zoom-vomero-5-pink-foam-hot-punch-womens","Nike Zoom Vomero 5 Coral Chalk Hot Punch (Women's)",1208
2026-07-05T15:50:03.253Z,gid://shopify/Product/14896786964866,"nike-zoom-vomero-5-race-blue-womens","Nike Zoom Vomero 5 Racer Blue (Women's)",1146
2026-07-05T15:50:03.865Z,gid://shopify/Product/14896786997634,"nike-zoom-vomero-5-sashiko","Nike Zoom Vomero 5 Sashiko",1511
2026-07-05T15:50:04.375Z,gid://shopify/Product/14896787030402,"nike-zoom-vomero-5-se-light-orewood-brown","Nike Zoom Vomero 5 SE Light Orewood Brown",1312
2026-07-05T15:50:04.935Z,gid://shopify/Product/14896787063170,"nike-zoom-vomero-5-sp-anthracite","Nike Zoom Vomero 5 Anthracite",1344
2026-07-05T15:50:05.453Z,gid://shopify/Product/14896787095938,"nike-zoom-vomero-5-sp-light-bone-neutral-olive","Nike Zoom Vomero 5 SP Light Bone Neutral Olive",1333
2026-07-05T15:50:05.987Z,gid://shopify/Product/14896787128706,"nike-zoom-vomero-5-thunder-blue-cream","Nike Zoom Vomero 5 Thunder Blue Cream",1449
2026-07-05T15:50:06.512Z,gid://shopify/Product/14896787161474,"nike-zoom-vomero-5-valentines-day-womens","Nike Zoom Vomero 5 Valentine's Day (Women's)",1464
2026-07-05T15:50:07.136Z,gid://shopify/Product/14896787194242,"nike-zoom-vomero-5-white-racer-blue-black","Nike Zoom Vomero 5 White Racer Blue Black",981
2026-07-05T15:50:07.705Z,gid://shopify/Product/14896787259778,"nike-zoom-vomero-5-worn-blue","Nike Zoom Vomero 5 Mystic Navy Worn Blue",1343
2026-07-05T15:50:08.255Z,gid://shopify/Product/14896787292546,"new-balance-9060-black-castlerock-grey","New Balance 9060 Black Castlerock Grey",1067
2026-07-05T15:50:08.894Z,gid://shopify/Product/14896787325314,"new-balance-9060-sea-salt-white","New Balance 9060 Sea Salt White",908
2026-07-05T15:50:09.465Z,gid://shopify/Product/14896787358082,"new-balance-9060-granite-pink","New Balance 9060 Granite Pink",1329
2026-07-05T15:50:09.996Z,gid://shopify/Product/14896787390850,"new-balance-9060-triple-black","New Balance 9060 Triple Black",1270
2026-07-05T16:18:06.134Z,gid://shopify/Product/14896787423618,"new-balance-9060-fuchsia-pink","New Balance 9060 Fuchsia Pink",1266
2026-07-05T16:18:06.743Z,gid://shopify/Product/14896787456386,"new-balance-9060-magnet","New Balance 9060 Magnet",1342
2026-07-05T16:18:07.682Z,gid://shopify/Product/14896787489154,"new-balance-9060-charcoal","New Balance 9060 Charcoal",1189
2026-07-05T16:18:08.217Z,gid://shopify/Product/14896787521922,"new-balance-9060-sea-salt-moonbeam","New Balance 9060 Sea Salt Moonbeam",1185
2026-07-05T16:18:08.902Z,gid://shopify/Product/14896787554690,"new-balance-9060-olivine","New Balance 9060 Olivine",1283
2026-07-05T16:18:09.486Z,gid://shopify/Product/14896787587458,"new-balance-9060-shadow-grey-castlerock","New Balance 9060 Shadow Grey Castlerock",1448
2026-07-05T16:18:10.554Z,gid://shopify/Product/14896787620226,"new-balance-9060-sea-salt","New Balance 9060 Sea Salt",944
2026-07-05T16:18:11.108Z,gid://shopify/Product/14896787652994,"new-balance-9060-triple-white","New Balance 9060 Triple White",1355
2026-07-05T16:18:11.767Z,gid://shopify/Product/14896787685762,"new-balance-9060-chrome-blue","New Balance 9060 Chrome Blue",1167
2026-07-05T16:18:12.305Z,gid://shopify/Product/14896787718530,"new-balance-9060-shadow-purple","New Balance 9060 Shadow Purple",1328
2026-07-05T16:18:12.931Z,gid://shopify/Product/14896787751298,"new-balance-9060-bone-sparrow","New Balance 9060 Bone Sparrow",1237
2026-07-05T16:18:13.523Z,gid://shopify/Product/14896787784066,"new-balance-9060-reflection-raincloud-quarry-blue","New Balance 9060 Reflection Raincloud Quarry Blue",1392
2026-07-05T16:18:14.137Z,gid://shopify/Product/14896787816834,"new-balance-9060-new-spruce","New Balance 9060 New Spruce",1336
2026-07-05T16:18:15.191Z,gid://shopify/Product/14896787849602,"new-balance-9060-slate-grey-raincloud","New Balance 9060 Slate Grey Raincloud",1283
2026-07-05T16:18:15.844Z,gid://shopify/Product/14896787882370,"new-balance-9060-clay-ash","New Balance 9060 Clay Ash",1323
2026-07-05T16:18:16.464Z,gid://shopify/Product/14896787915138,"new-balance-9060-vintage-indigo","New Balance 9060 Vintage Indigo",1300
2026-07-05T16:18:17.119Z,gid://shopify/Product/14896787947906,"new-balance-9060-sea-salt-blue","New Balance 9060 Mushroom Aluminum",1121
2026-07-05T16:18:17.676Z,gid://shopify/Product/14896787980674,"new-balance-9060-black-white","New Balance 9060 Black White",966
2026-07-05T16:18:18.184Z,gid://shopify/Product/14896788013442,"new-balance-9060-white-navy","New Balance 9060 White Navy",1259
2026-07-05T16:18:18.794Z,gid://shopify/Product/14896788046210,"new-balance-9060-grey-moonbeam","New Balance 9060 Grey Moonbeam",1198
2026-07-05T16:18:19.307Z,gid://shopify/Product/14896788078978,"new-balance-9060-sparrow-flat-taupe","New Balance 9060 Sparrow Flat Taupe",1391
2026-07-05T16:18:19.953Z,gid://shopify/Product/14896788111746,"new-balance-9060-dark-royal-brown","New Balance 9060 Dark Royal Brown",1384
2026-07-05T16:18:20.561Z,gid://shopify/Product/14896788144514,"new-balance-9060-driftwood-stone-pink-sea-salt","New Balance 9060 Driftwood Stone Pink Sea Salt",1489
2026-07-05T16:18:21.058Z,gid://shopify/Product/14896788177282,"new-balance-9060-vintage-rose","New Balance 9060 Vintage Rose",1392
2026-07-05T16:18:21.605Z,gid://shopify/Product/14896788210050,"nike-p-6000-metallic-silver","Nike P-6000 Metallic Silver",1355
2026-07-05T16:20:08.405Z,gid://shopify/Product/14896788242818,"nike-p-6000-triple-white","Nike P-6000 Triple White",902
2026-07-05T16:20:09.032Z,gid://shopify/Product/14896788275586,"nike-p-6000-white-sail-vast-grey","Nike P-6000 White Sail Vast Grey",1109
2026-07-05T16:20:09.669Z,gid://shopify/Product/14896788308354,"nike-p-6000-flat-pewter","Nike P-6000 Flat Pewter",1393
2026-07-05T16:20:10.253Z,gid://shopify/Product/14896788341122,"nike-p-6000-premium-triple-black","Nike P-6000 Premium Triple Black",1291
2026-07-05T16:20:10.811Z,gid://shopify/Product/14896788373890,"nike-p-6000-obsidian-summit-white","Nike P-6000 Obsidian Summit White",1281
2026-07-05T16:20:11.453Z,gid://shopify/Product/14896788406658,"nike-p-6000-summit-white-pure-platinum-womens","Nike P-6000 Summit White Pure Platinum (Women's)",1275
2026-07-05T16:20:12.070Z,gid://shopify/Product/14896788439426,"nike-p-6000-anthracite-smoke-grey","Nike P-6000 Anthracite Smoke Grey",1153
2026-07-05T16:20:12.710Z,gid://shopify/Product/14896788472194,"nike-p-6000-metallic-silver-aegean-storm","Nike P-6000 Metallic Silver Aegean Storm",1410
2026-07-05T16:20:13.271Z,gid://shopify/Product/14896788504962,"nike-p-6000-light-iron-ore","Nike P-6000 Light Iron Ore",1522
2026-07-05T16:20:13.955Z,gid://shopify/Product/14896788537730,"nike-p-6000-premium-light-bone-bicoastal-green","Nike P-6000 Premium Light Bone Bicoastal Green",1325
2026-07-05T16:20:14.447Z,gid://shopify/Product/14896788570498,"nike-p-6000-black-cool-grey","Nike P-6000 Black Cool Grey",1383
2026-07-05T16:20:15.247Z,gid://shopify/Product/14896788603266,"nike-p-6000-black-black-white","Nike P-6000 Black Black White",1236
2026-07-05T16:20:15.792Z,gid://shopify/Product/14896788636034,"nike-p-6000-light-bone-womens","Nike P-6000 Light Bone (Women's)",1342
2026-07-05T16:20:16.386Z,gid://shopify/Product/14896788668802,"nike-p-6000-dusty-cactus","Nike P-6000 Dusty Cactus",1375
2026-07-05T16:20:17.014Z,gid://shopify/Product/14896788701570,"nike-p-6000-black","Nike P-6000 Black",1102
2026-07-05T16:20:17.715Z,gid://shopify/Product/14896788734338,"nike-p-6000-platinum-varsity-red","Nike P-6000 Platinum Varsity Red",1474
2026-07-05T16:20:18.263Z,gid://shopify/Product/14896788832642,"nike-p-6000-armory-navy-flat-silver","Nike P-6000 Armory Navy Flat Silver",1358
2026-07-05T16:20:18.881Z,gid://shopify/Product/14896788865410,"nike-p-6000-sail-wolf-grey","Nike P-6000 Sail Wolf Grey",1354
2026-07-05T16:20:19.517Z,gid://shopify/Product/14896788898178,"nike-p-6000-spring-green","Nike P-6000 Spring Green",1366
2026-07-05T16:20:20.125Z,gid://shopify/Product/14896788930946,"nike-p-6000-premium-summit-white","Nike P-6000 Premium Summit White",1133
2026-07-05T16:20:20.734Z,gid://shopify/Product/14896788963714,"nike-p-6000-phantom-dragon-red","Nike P-6000 Phantom Dragon Red",1310
2026-07-05T16:20:21.296Z,gid://shopify/Product/14896788996482,"nike-p-6000-white-gold-red-w","Nike P-6000 White Gold Red (Women's)",946
2026-07-05T16:20:21.884Z,gid://shopify/Product/14896789029250,"nike-p-6000-metallic-silver-pure-platinum-w","Nike P-6000 Metallic Silver Pure Platinum (Women's)",1261
2026-07-05T16:20:22.456Z,gid://shopify/Product/14896789094786,"nike-p-6000-coconut-milk-medium-blue","Nike P-6000 Athletic Department Coconut Milk Medium Blue",1367
2026-07-05T16:20:22.984Z,gid://shopify/Product/14896789127554,"nike-p-6000-racer-blue-flat-silver","Nike P-6000 Racer Blue Flat Silver",1352
2026-07-05T16:21:39.823Z,gid://shopify/Product/14896789193090,"nike-p-6000-fir-womens","Nike P-6000 Fir (Women's)",1078
2026-07-05T16:21:40.456Z,gid://shopify/Product/14896789225858,"nike-p-6000-earth-light-bone","Nike P-6000 Earth Light Bone",1208
2026-07-05T16:21:41.086Z,gid://shopify/Product/14896789258626,"nike-p-6000-coconut-milk-metallic-silver-womens","Nike P-6000 Coconut Milk Metallic Silver (Women's)",1456
2026-07-05T16:21:41.668Z,gid://shopify/Product/14896789291394,"nike-p-6000-university-gold","Nike P-6000 University Gold",1250
2026-07-05T16:21:42.223Z,gid://shopify/Product/14896789356930,"nike-p-6000-pure-platinum","Nike P-6000 Pure Platinum",1048
2026-07-05T16:21:42.836Z,gid://shopify/Product/14896789422466,"nike-p-6000-laser-blue-w","Nike P-6000 Laser Blue (Women's)",1357
2026-07-05T16:21:43.418Z,gid://shopify/Product/14896789455234,"nike-p-6000-triple-white-w","Nike P-6000 Triple White (Women's)",877
2026-07-05T16:21:43.952Z,gid://shopify/Product/14896790700418,"nike-nocta-glide-drake-black","Nike NOCTA Glide Drake Black",1334
2026-07-05T16:21:44.581Z,gid://shopify/Product/14896790733186,"nike-hot-step-2-drake-nocta-black","Nike Hot Step 2 Drake NOCTA Black",1261
2026-07-05T16:21:45.114Z,gid://shopify/Product/14896790765954,"nike-hot-step-2-drake-nocta-total-orange","Nike Hot Step 2 Drake NOCTA Total Orange",1311
2026-07-05T16:21:45.686Z,gid://shopify/Product/14896790798722,"nike-hot-step-2-drake-nocta-white","Nike Hot Step 2 Drake NOCTA White",1405
2026-07-05T16:21:46.253Z,gid://shopify/Product/14896790831490,"nike-nocta-glide-drake-white-chrome","Nike NOCTA Glide Drake White Chrome",1345
2026-07-05T16:21:46.792Z,gid://shopify/Product/14896790864258,"nike-hot-step-2-drake-nocta-mint-foam","Nike Hot Step 2 Drake NOCTA Mint Foam",1168
2026-07-05T16:21:47.359Z,gid://shopify/Product/14896790897026,"nike-hot-step-2-drake-nocta-eggplant","Nike Hot Step 2 Drake NOCTA Eggplant",1310
2026-07-05T16:21:47.893Z,gid://shopify/Product/14896790962562,"nike-hot-step-2-drake-nocta-rattan","Nike Hot Step 2 Drake NOCTA Rattan",1195
2026-07-05T16:21:48.510Z,gid://shopify/Product/14896791028098,"nike-dunk-sb-low-fog","Nike SB Dunk Low Fog",1020
2026-07-05T16:21:49.193Z,gid://shopify/Product/14896791060866,"nike-sb-dunk-low-albino-preto-pearl-white","Nike SB Dunk Low Albino & Preto",1258
2026-07-05T16:21:49.744Z,gid://shopify/Product/14896791093634,"nike-sb-dunk-low-rayssa-leal","Nike SB Dunk Low Rayssa Leal",1351
2026-07-05T16:21:50.409Z,gid://shopify/Product/14896791126402,"nike-sb-dunk-low-court-purple","Nike SB Dunk Low Court Purple",1069
2026-07-05T16:21:51.011Z,gid://shopify/Product/14896791159170,"nike-sb-dunk-low-tightbooth","Nike SB Dunk Low TIGHTBOOTH",1107
2026-07-05T16:21:51.814Z,gid://shopify/Product/14896791191938,"nike-sb-dunk-low-big-money-savings","Nike SB Dunk Low Big Money Savings",1348
2026-07-05T16:21:52.393Z,gid://shopify/Product/14896791224706,"nike-sb-dunk-low-the-powerpuff-girls-blossom","Nike SB Dunk Low The Powerpuff Girls Blossom",1014
2026-07-05T16:21:52.915Z,gid://shopify/Product/14896791257474,"nike-sb-dunk-low-the-powerpuff-girls-bubbles","Nike SB Dunk Low The Powerpuff Girls Bubbles",1080
2026-07-05T16:21:53.470Z,gid://shopify/Product/14896791290242,"nike-sb-dunk-low-the-powerpuff-girls-buttercup","Nike SB Dunk Low The Powerpuff Girls Buttercup",1062
2026-07-05T16:21:54.111Z,gid://shopify/Product/14896790995330,"nike-sb-dunk-low-futura-laboratories-bleached-aqua","Nike SB Dunk Low Futura Laboratories Bleached Aqua",1279
2026-07-05T16:23:05.657Z,gid://shopify/Product/14896791323010,"nike-sb-dunk-low-pro-white-gum","Nike SB Dunk Low Pro White Gum",820
2026-07-05T16:23:06.204Z,gid://shopify/Product/14896791355778,"nike-sb-dunk-low-j-pack-chicago","Nike SB Dunk Low Pro J-Pack Chicago",815
2026-07-05T16:23:06.718Z,gid://shopify/Product/14896791388546,"nike-sb-dunk-low-city-of-love-light-bone","Nike SB Dunk Low City of Love Light Bone",875
2026-07-05T16:23:07.391Z,gid://shopify/Product/14896791421314,"nike-sb-dunk-low-pro-triple-black","Nike SB Dunk Low Pro Triple Black",984
2026-07-05T16:23:07.946Z,gid://shopify/Product/14896791454082,"nike-sb-dunk-low-april-skateboards","Nike SB Dunk Low April Skateboards",837
2026-07-05T16:23:08.572Z,gid://shopify/Product/14896791486850,"nike-sb-dunk-low-verdy-visty","Nike SB Dunk Low Verdy Visty",985
2026-07-05T16:23:09.267Z,gid://shopify/Product/14896791519618,"nike-sb-dunk-low-ebay-sandy-boedecker","Nike SB Dunk Low Sandy Bodecker",935
2026-07-05T16:23:09.784Z,gid://shopify/Product/14896791552386,"nike-sb-dunk-low-concepts-orange-lobster","Nike SB Dunk Low Concepts Orange Lobster",964
2026-07-05T16:23:10.371Z,gid://shopify/Product/14896791585154,"nike-sb-dunk-low-supreme-rammellzee","Nike SB Dunk Low Supreme Rammellzee",905
2026-07-05T16:23:10.900Z,gid://shopify/Product/14896791617922,"nike-sb-dunk-low-jarritos","Nike SB Dunk Low Jarritos",955
2026-07-05T16:23:11.493Z,gid://shopify/Product/14896791650690,"puma-speedcat-og-black-white","Puma Speedcat OG Black White",1072
2026-07-05T16:23:12.084Z,gid://shopify/Product/14896791683458,"puma-speedcat-og-red-white","Puma Speedcat OG Red White",1061
2026-07-05T16:23:12.611Z,gid://shopify/Product/14896791814530,"puma-speedcat-og-black-white-womens","Puma Speedcat OG Black White (Women's)",957
2026-07-05T16:23:13.169Z,gid://shopify/Product/14898948571522,"nike-vomero-5-triple-black","Nike Zoom Vomero 5 Triple Black",1051
2026-07-05T16:23:13.749Z,gid://shopify/Product/14898949980546,"adidas-handball-spezial-chalky-brown-clear-pink-womens","adidas Handball Spezial Chalky Brown Clear Pink (Women's)",1147
2026-07-05T16:23:14.302Z,gid://shopify/Product/14898950013314,"adidas-handball-spezial-green-pink-velvet-womens","adidas Handball Spezial Green Pink Velvet (Women's)",1200
2026-07-05T16:23:14.937Z,gid://shopify/Product/14898950046082,"adidas-handball-spezial-silver-green-magic-mauve","adidas Handball Spezial Silver Green Magic Mauve",1307
2026-07-05T16:23:15.608Z,gid://shopify/Product/14898950078850,"adidas-handball-spezial-silver-pebble","adidas Handball Spezial Silver Pebble (Women's)",1240
2026-07-05T16:23:16.132Z,gid://shopify/Product/14898950111618,"adidas-handball-spezial-sporty-rich-brown","adidas Handball Spezial Sporty & Rich Brown",1161
2026-07-05T16:23:16.725Z,gid://shopify/Product/14898950144386,"adidas-handball-spezial-olive-strata","adidas Handball Spezial Olive Strata",1180
2026-07-05T16:23:17.253Z,gid://shopify/Product/14898950177154,"adidas-handball-spezial-scarlet-gum","adidas Handball Spezial Scarlet Gum",1183
2026-07-05T16:23:17.830Z,gid://shopify/Product/14898950275458,"adidas-handball-spezial-core-black-white","adidas Handball Spezial Core Black White",1240
2026-07-05T16:23:18.364Z,gid://shopify/Product/14898950308226,"adidas-handball-spezial-white-black-gum","adidas Handball Spezial White Black Gum",1203
2026-07-05T16:23:18.943Z,gid://shopify/Product/14898950439298,"adidas-handball-spezial-wonder-silver-gum-womens","adidas Handball Spezial Wonder Silver Gum (Women's)",1360
2026-07-05T16:23:19.575Z,gid://shopify/Product/14898950472066,"adidas-handball-spezial-night-cargo-tribe-yellow","adidas Handball Spezial Night Cargo Tribe Yellow",1178
2026-07-05T16:24:45.765Z,gid://shopify/Product/14898950537602,"adidas-handball-spezial-inter-miami-cf","adidas Handball Spezial Inter Miami CF",1059
2026-07-05T16:24:46.342Z,gid://shopify/Product/14898950570370,"adidas-handball-spezial-semi-blue-burst-almost-yellow","adidas Handball Spezial Semi Blue Burst Almost Yellow",1617
2026-07-05T16:24:46.808Z,gid://shopify/Product/14898950603138,"adidas-handball-spezial-carpet-pack-collegiate-green-womens","adidas Handball Spezial Carpet Pack Collegiate Green (Women's)",1144
2026-07-05T16:24:47.348Z,gid://shopify/Product/14898950668674,"adidas-handball-spezial-aluminum-wonder-beige-womens","adidas Handball Spezial Aluminum Wonder Beige (Women's)",1089
2026-07-05T16:24:47.825Z,gid://shopify/Product/14898951061890,"adidas-handball-spezial-sporty-rich-usa","adidas Handball Spezial Sporty & Rich USA",1072
2026-07-05T16:24:48.323Z,gid://shopify/Product/14898951127426,"adidas-handball-spezial-magic-beige","adidas Handball Spezial Magic Beige",1060
2026-07-05T16:24:48.855Z,gid://shopify/Product/14898951160194,"adidas-handball-spezial-bright-blue","adidas Handball Spezial Bright Blue",1046
2026-07-05T16:24:49.335Z,gid://shopify/Product/14898951192962,"adidas-handball-spezial-grey-cream-white","adidas Handball Spezial Grey Cream White",986
2026-07-05T16:24:49.893Z,gid://shopify/Product/14898951258498,"adidas-handball-spezial-cloud-white","adidas Handball Spezial Cloud White",1111
2026-07-05T16:24:50.427Z,gid://shopify/Product/14898951324034,"adidas-handball-spezial-75th-anniversary-pack-collegiate-royal","adidas Handball Spezial 75th Anniversary Pack Collegiate Royal",1152
2026-07-05T16:24:50.976Z,gid://shopify/Product/14899081412994,"nike-air-max-plus-sky-blue","Nike Air Max Plus Sky Blue",1072
2026-07-05T16:24:51.442Z,gid://shopify/Product/14899081445762,"nike-air-max-terrascape-plus-black-anthracite","Nike Air Max Terrascape Plus Black Anthracite",933
2026-07-05T16:24:52.021Z,gid://shopify/Product/14899081511298,"nike-air-max-plus-triple-white","Nike Air Max Plus Triple White",1274
2026-07-05T16:24:52.615Z,gid://shopify/Product/14899081544066,"nike-air-max-plus-triple-black","Nike Air Max Plus Triple Black",1074
2026-07-05T16:24:53.158Z,gid://shopify/Product/14899144819074,"nike-air-bakin-sp-supreme-black-gradient","Nike Air Bakin SP Supreme Black Gradient",833
2026-07-05T16:24:53.646Z,gid://shopify/Product/14899145605506,"asics-gel-kayano-14-pink-glo","ASICS Gel-Kayano 14 Pink Glo",1042
2026-07-05T16:24:54.236Z,gid://shopify/Product/14899347030402,"adidas-samba-og-preloved-red-leopard-womens","adidas Samba OG Preloved Red Leopard (Women's)",1099
2026-07-05T16:24:54.807Z,gid://shopify/Product/14899347063170,"adidas-samba-og-black-green-leopard-womens","adidas Samba OG Black Green Leopard (Women's)",746
2026-07-05T16:24:55.341Z,gid://shopify/Product/14899347095938,"adidas-samba-lt-preloved-yellow","adidas Samba LT Preloved Yellow",1064
2026-07-05T16:24:55.847Z,gid://shopify/Product/14899347128706,"adidas-samba-xlg-white-black-gum","adidas Samba XLG White Black Gum",1063
2026-07-05T16:24:56.331Z,gid://shopify/Product/14899347161474,"adidas-samba-og-mineral-green-crystal-sand-womens","adidas Samba OG Mineral Green Crystal Sand (Women's)",1191
2026-07-05T16:24:56.836Z,gid://shopify/Product/14899347227010,"adidas-samba-og-cardboard","adidas Samba OG Cardboard",1083
2026-07-05T16:24:57.442Z,gid://shopify/Product/14899347259778,"adidas-samba-og-jjjjound-mesa","adidas Samba OG JJJJound Tobacco",1265
2026-07-05T16:24:58.053Z,gid://shopify/Product/14899347292546,"adidas-samba-og-made-in-italy-vachetta-tan","adidas Samba OG Made in Italy Vachetta Tan",1044
2026-07-05T16:24:58.531Z,gid://shopify/Product/14899347358082,"adidas-samba-core-white-snakeskin","adidas Samba Core White Snakeskin",1054
2026-07-05T16:27:01.109Z,gid://shopify/Product/14899347423618,"adidas-samba-og-shadow-green-cream-white-gold-metallic","adidas Samba OG Shadow Green Cream White Gold Metallic",1183
2026-07-05T16:27:01.698Z,gid://shopify/Product/14899347456386,"adidas-samba-xlg-carbon-grey","adidas Samba XLG Carbon Grey",1297
2026-07-05T16:27:02.253Z,gid://shopify/Product/14899347521922,"adidas-samba-og-collegiate-green","adidas Samba OG Collegiate Green",1374
2026-07-05T16:27:02.852Z,gid://shopify/Product/14899347554690,"adidas-samba-pony-wales-bonner-leopard","adidas Samba Nylon Wales Bonner Dark Brown",1591
2026-07-05T16:27:03.420Z,gid://shopify/Product/14899347456386,"adidas-samba-xlg-carbon-grey","adidas Samba XLG Carbon Grey",1591
2026-07-05T16:27:03.954Z,gid://shopify/Product/14899347587458,"adidas-samba-og-white-night-indigo-womens","adidas Samba OG Night Indigo Crew White (Women's)",1292
2026-07-05T16:27:04.622Z,gid://shopify/Product/14899347620226,"adidas-samba-wales-bonner-silver","adidas Samba Wales Bonner Silver",1228
2026-07-05T16:27:05.182Z,gid://shopify/Product/14899347652994,"adidas-samba-lt-semi-blue-burst","adidas Samba LT Semi Blue Burst",1237
2026-07-05T16:27:05.823Z,gid://shopify/Product/14899347685762,"adidas-samba-pharrell-humanrace-aluminium","adidas Samba Pharrell Humanrace Aluminium",1439
2026-07-05T16:27:06.335Z,gid://shopify/Product/14899347718530,"adidas-samba-wales-bonner-studded-pack-cream-white","adidas Samba Wales Bonner Studded Pack Cream White",1326
2026-07-05T16:27:06.818Z,gid://shopify/Product/14899347784066,"adidas-samba-lt-crystal-white-dark-blue","adidas Samba LT Crystal White Dark Blue",1124
2026-07-05T16:27:07.414Z,gid://shopify/Product/14899347882370,"adidas-samba-millennium-wales-bonner-silver-metallic-yellow-croc","adidas Samba Millennium Wales Bonner Silver Metallic Yellow Croc",1256
2026-07-05T16:27:07.918Z,gid://shopify/Product/14899347915138,"adidas-samba-og-putty-grey-maroon","adidas Samba OG Putty Grey Maroon",1284
2026-07-05T16:27:08.418Z,gid://shopify/Product/14899347947906,"adidas-samba-adv-core-black-grey","adidas Samba ADV Core Black Grey",1496
2026-07-05T16:27:08.999Z,gid://shopify/Product/14899347980674,"adidas-samba-mn-white-black-gum","adidas Samba Millennium Black White Gum",1066
2026-07-05T16:27:09.560Z,gid://shopify/Product/14899348013442,"adidas-samba-og-white-silver-metallic-grey-womens","adidas Samba OG White Silver Metallic Grey (Women's)",1332
2026-07-05T16:27:10.126Z,gid://shopify/Product/14899348078978,"adidas-sambae-dark-brown-wonder-mauve-womens","adidas Sambae Dark Brown Wonder Mauve (Women's)",1470
2026-07-05T16:27:10.695Z,gid://shopify/Product/14899348111746,"adidas-samba-og-royal-blue-gum","adidas Samba OG Royal Blue Gum",1205
2026-07-05T16:27:11.253Z,gid://shopify/Product/14899348144514,"adidas-samba-wales-bonner-core-black","adidas Samba Pony Tonal Wales Bonner Core Black",1318
2026-07-05T16:27:11.850Z,gid://shopify/Product/14899348177282,"adidas-samba-og-white-night-indigo-gum","adidas Samba OG White Night Indigo Gum",1461
2026-07-05T16:27:12.350Z,gid://shopify/Product/14899348210050,"adidas-samba-og-luxe-preloved-brown","adidas Samba OG Luxe Preloved Brown",1468
2026-07-05T16:27:12.928Z,gid://shopify/Product/14899348242818,"adidas-samba-og-focus-olive-gum","adidas Samba OG Focus Olive Gum",1332
2026-07-05T16:27:13.385Z,gid://shopify/Product/14899348275586,"adidas-samba-xlg-magic-beige-gum","adidas Samba XLG Magic Beige Gum",1339
2026-07-05T16:27:13.916Z,gid://shopify/Product/14899348308354,"adidas-samba-og-black-white-gum-gs","adidas Samba OG Black White Gum (GS)",1247
2026-07-05T16:27:14.392Z,gid://shopify/Product/14899348341122,"adidas-samba-og-naked-copenhagen-lace","adidas Samba OG NAKED Copenhagen Lace",1523
2026-07-05T16:27:14.951Z,gid://shopify/Product/14899348373890,"adidas-samba-og-clay-strata","adidas Samba OG Clay Strata",1158
2026-07-05T16:28:31.039Z,gid://shopify/Product/14899348406658,"adidas-clarks-8th-street-samba-by-ronnie-fieg-chalk-white-green","adidas Clarks 8th Street Samba by Ronnie Fieg Chalk White Green",835
2026-07-05T16:28:31.581Z,gid://shopify/Product/14899348439426,"adidas-samba-og-preloved-brown-olive-strata","adidas Samba OG Preloved Brown Olive Strata",903
2026-07-05T16:28:32.139Z,gid://shopify/Product/14899834290562,"nike-air-max-plus-sesame","Nike Air Max Plus Sesame",1022
2026-07-05T16:28:32.680Z,gid://shopify/Product/14900305691010,"nike-air-max-plus-utility-safety-orange-pure-platinum","Nike Air Max Plus Utility Safety Orange Pure Platinum",1039
2026-07-05T16:28:33.238Z,gid://shopify/Product/14900372046210,"nike-kobe-6-protro-sail","Nike Kobe 6 Protro Sail All-Star",929
2026-07-05T16:28:33.859Z,gid://shopify/Product/14900372078978,"nike-kobe-5-protro-year-of-the-mamba-eggplant","Nike Kobe 5 Protro Year of the Mamba Eggplant",958
2026-07-05T16:28:34.374Z,gid://shopify/Product/14900372111746,"nike-kd-17-aunt-pearl","Nike KD 17 NRG Aunt Pearl",986
2026-07-05T16:28:34.898Z,gid://shopify/Product/14900372144514,"nike-book-1-forrest-gump","Nike Book 1 Forrest Gump Cortez",961
2026-07-05T16:28:35.374Z,gid://shopify/Product/14900372177282,"nike-kobe-8-protro-lakers-away","Nike Kobe 8 Protro Lakers Away",970
2026-07-05T16:28:35.845Z,gid://shopify/Product/14900372210050,"nike-kobe-4-protro-gold-medal-2024","Nike Kobe 4 Protro Gold Medal (2024)",994
2026-07-05T16:28:36.388Z,gid://shopify/Product/14900372242818,"nike-kd-4-aunt-pearl-2024","Nike KD 4 Aunt Pearl (2024)",917
2026-07-05T16:28:36.938Z,gid://shopify/Product/14900372275586,"nike-kobe-8-protro-university-red","Nike Kobe 8 Protro University Red",1091
2026-07-05T16:28:37.529Z,gid://shopify/Product/14900372341122,"nike-kobe-5-protro-x-ray","Nike Kobe 5 Protro X-Ray",1025
2026-07-05T16:28:38.064Z,gid://shopify/Product/14900372406658,"nike-kobe-8-protro-lakers-home","Nike Kobe 8 Protro Lakers Home",1001
2026-07-05T16:28:38.595Z,gid://shopify/Product/14900372439426,"nike-kobe-6-protro-reverse-grinch","Nike Kobe 6 Protro Reverse Grinch",940
2026-07-05T16:28:39.150Z,gid://shopify/Product/14900372472194,"nike-zoom-kobe-4-protro-girl-dad","Nike Kobe 4 Protro Girl Dad",1033
2026-07-05T16:28:39.678Z,gid://shopify/Product/14900372537730,"nike-sabrina-2-pink-foam-womens","Nike Sabrina 2 Pink Foam (Women's)",1002
2026-07-05T16:28:40.226Z,gid://shopify/Product/14900372701570,"nike-ja-1-mismatched","Nike Ja 1 Mismatched",1133
2026-07-05T16:28:40.851Z,gid://shopify/Product/14900372767106,"nike-kobe-5-protro-year-of-the-mamba-university-red","Nike Kobe 5 Protro Year of the Mamba University Red",1106
2026-07-05T16:28:41.384Z,gid://shopify/Product/14900372799874,"nike-kobe-8-protro-wolf-grey","Nike Kobe 8 Protro Wolf Grey",1045
2026-07-05T16:28:41.967Z,gid://shopify/Product/14900372832642,"nike-kobe-9-elite-low-protro-halo","Nike Kobe 9 Elite Low Protro Halo",1073
2026-07-05T16:28:42.515Z,gid://shopify/Product/14900372865410,"nike-kobe-9-elite-protro-christmas-2024","Nike Kobe 9 Elite Protro Christmas (2024)",1104
2026-07-05T16:28:43.118Z,gid://shopify/Product/14900372898178,"nike-kd-4-christmas-2024","Nike KD 4 Christmas (2024)",1076
2026-07-05T16:28:43.586Z,gid://shopify/Product/14900372930946,"adidas-ae-1-low-best-of-adi-2-0","adidas AE 1 Low Best of adi 2.0",903
2026-07-05T16:28:44.158Z,gid://shopify/Product/14900372963714,"nike-kobe-8-protro-venice-beach-2024","Nike Kobe 8 Protro Venice Beach (2024)",1134
2026-07-05T16:30:11.254Z,gid://shopify/Product/14900372996482,"adidas-ae-1-charcoal","adidas AE 1 Ascent",1255
2026-07-05T16:30:11.869Z,gid://shopify/Product/14900373062018,"adidas-ae-1-preloved-purple","adidas AE 1 Preloved Purple",1101
2026-07-05T16:30:12.370Z,gid://shopify/Product/14900373094786,"nike-kobe-5-x-ray-gs","Nike Kobe 5 X-Ray (GS)",963
2026-07-05T16:30:12.971Z,gid://shopify/Product/14900373160322,"nike-book-1-the-nightmare-before-christmas","Nike Book 1 The Nightmare Before Christmas",1086
2026-07-05T16:30:13.507Z,gid://shopify/Product/14900373225858,"nike-kd-17-bad","Nike KD 17 B.A.D.",1255
2026-07-05T16:30:14.081Z,gid://shopify/Product/14900373258626,"adidas-harden-vol-8-after-hours","adidas Harden Vol. 8 After Hours",1233
2026-07-05T16:30:14.682Z,gid://shopify/Product/14900373324162,"nike-book-1-halloween","Nike Book 1 Halloween",1160
2026-07-05T16:30:15.254Z,gid://shopify/Product/14900373356930,"adidas-ae-1-georgia-bulldogs","adidas AE 1 Georgia Bulldogs",1161
2026-07-05T16:30:15.852Z,gid://shopify/Product/14900373389698,"adidas-harden-vol-8-miami-nights","adidas Harden Vol. 8 Miami Nights",1236
2026-07-05T16:30:16.466Z,gid://shopify/Product/14900373422466,"nike-kobe-8-protro-college-navy","Nike Kobe 8 Protro College Navy",1326
2026-07-05T16:30:17.070Z,gid://shopify/Product/14900373455234,"adidas-harden-vol-8-feather-grey","adidas Harden Vol. 8 Feather Grey",1210
2026-07-05T16:30:17.689Z,gid://shopify/Product/14900373520770,"nike-kd-17-christmas","Nike KD 17 Christmas",1332
2026-07-05T16:30:18.195Z,gid://shopify/Product/14900373553538,"nike-kd-4-nerf-2024","Nike KD 4 NERF (2024)",1210
2026-07-05T16:30:18.724Z,gid://shopify/Product/14900373586306,"nike-kyrie-8-white-red","Nike Kyrie 8 White University Red",1152
2026-07-05T16:30:19.285Z,gid://shopify/Product/14900373619074,"adidas-harden-vol-8-luxury-red","adidas Harden Vol. 8 Luxury Red",1150
2026-07-05T16:30:19.765Z,gid://shopify/Product/14900373651842,"nike-kobe-5-year-of-the-mamba-eggplant-gs","Nike Kobe 5 Year of the Mamba Eggplant (GS)",1209
2026-07-05T16:30:20.461Z,gid://shopify/Product/14900373717378,"nike-kobe-4-protro-gift-of-mamba","Nike Kobe 4 Protro Gift of Mamba",1115
2026-07-05T16:30:21.020Z,gid://shopify/Product/14900373750146,"nike-sabrina-2-mirrored-womens","Nike Sabrina 2 Mirrored (Women's)",1307
2026-07-05T16:30:21.674Z,gid://shopify/Product/14900373782914,"nike-gt-cut-3-panda","Nike Air Zoom GT Cut 3 Panda",1382
2026-07-05T16:30:22.251Z,gid://shopify/Product/14900373815682,"nike-kobe-8-protro-mambacita","Nike Kobe 8 Protro Mambacita",1208
2026-07-05T16:30:22.771Z,gid://shopify/Product/14900373848450,"nike-lebron-21-the-world-is-your-oyster","Nike LeBron 21 The World Is Your Oyster",1313
2026-07-05T16:30:23.439Z,gid://shopify/Product/14900373881218,"nike-pg-6-white-black-orange-chalk","Nike PG 6 White Black Orange Chalk",1228
2026-07-05T16:30:23.922Z,gid://shopify/Product/14900373913986,"nike-kobe-8-protro-venice-beach-2024-gs","Nike Kobe 8 Protro Venice Beach (2024) (GS)",1251
2026-07-05T16:30:24.428Z,gid://shopify/Product/14900373946754,"nike-kobe-9-elite-protro-halo","Nike Kobe 9 Elite Protro Halo",1216
2026-07-05T16:30:25.020Z,gid://shopify/Product/14900373979522,"nike-lebron-21-akoya","Nike LeBron 21 Akoya",1660
2026-07-05T16:32:05.065Z,gid://shopify/Product/14900374077826,"adidas-ae-1-low-mx-grey","adidas AE 1 Low Ascent Pack MX Grey",1384
2026-07-05T16:32:05.637Z,gid://shopify/Product/14900374110594,"nike-sabrina-2-tunnel-vision-womens","Nike Sabrina 2 Tunnel Vision (Women's)",1456
2026-07-05T16:32:06.257Z,gid://shopify/Product/14900374143362,"nike-zoom-gt-cut-3-all-star-zoom-flight-five","Nike Air Zoom GT Cut 3 All-Star Zoom Flight Five",1476
2026-07-05T16:32:06.846Z,gid://shopify/Product/14900374208898,"nike-book-1-lilac-bloom","Nike Book 1 Lilac Bloom",1369
2026-07-05T16:32:07.375Z,gid://shopify/Product/14900374241666,"nike-book-1-sunrise","Nike Book 1 Sunrise",1322
2026-07-05T16:32:07.877Z,gid://shopify/Product/14900374274434,"puma-lamelo-ball-mb01-lo-green-gecko","Puma LaMelo Ball MB.01 Lo Green Gecko",990
2026-07-05T16:32:08.808Z,gid://shopify/Product/14900374339970,"nike-lebron-20-laser-orange","Nike LeBron 20 Laser Orange",1168
2026-07-05T16:32:09.406Z,gid://shopify/Product/14900374405506,"nike-lebron-21-prm-pearl-of-z","Nike LeBron 21 PRM Pearl of Z (Translucent Outsole)",1454
2026-07-05T16:32:09.933Z,gid://shopify/Product/14900374438274,"nike-air-zoom-gt-cut-3-air-jordan-poole-pe","Nike Air Zoom GT Cut 3 Jordan Poole PE",1437
2026-07-05T16:32:10.463Z,gid://shopify/Product/14900374471042,"nike-book-1-flagstaff","Nike Book 1 Flagstaff",1385
2026-07-05T16:32:11.191Z,gid://shopify/Product/14900374503810,"nike-sabrina-2-orchestrator-womens","Nike Sabrina 2 Conductor (Women's)",1486
2026-07-05T16:32:11.780Z,gid://shopify/Product/14900374536578,"nike-kobe-4-protro-philly-2024","Nike Kobe 4 Protro Philly (2024)",1230
2026-07-05T16:32:12.368Z,gid://shopify/Product/14900374569346,"nike-ja-1-year-of-the-dragon","Nike Ja 1 Year of the Dragon",1083
2026-07-05T16:32:12.952Z,gid://shopify/Product/14900374634882,"nike-kobe-8-protro-triple-white","Nike Kobe 8 Protro Halo",991
2026-07-05T16:32:13.427Z,gid://shopify/Product/14900374667650,"nike-air-zoom-gt-hustle-2-victor-wembanyam-alien","Nike Air Zoom GT Hustle 2 Victor Wembanyama Alien",1299
2026-07-05T16:32:14.429Z,gid://shopify/Product/14900374733186,"nike-lebron-21-purple-rain","Nike LeBron 21 Purple Rain",1442
2026-07-05T16:32:15.029Z,gid://shopify/Product/14900374831490,"adidas-harden-vol-8-purple-burst","adidas Harden Vol. 8 Purple Burst",1370
2026-07-05T16:32:15.619Z,gid://shopify/Product/14900374864258,"nike-lebron-21-devotion","Nike LeBron 21 James Gang",1404
2026-07-05T16:32:16.247Z,gid://shopify/Product/14900374962562,"nike-kobe-5-year-of-the-mamba-university-red-gs","Nike Kobe 5 Year of the Mamba University Red (GS)",1381
2026-07-05T16:32:17.012Z,gid://shopify/Product/14900375028098,"nike-kd-17-easy-money-all-star","Nike KD 17 Easy Money All-Star",1340
2026-07-05T16:32:17.869Z,gid://shopify/Product/14900375093634,"nike-kobe-6-protro-italian-camo-2024","Nike Kobe 6 Protro Italian Camo (2024)",1323
2026-07-05T16:32:18.518Z,gid://shopify/Product/14900375126402,"nike-kobe-6-protro-grinch","Nike Kobe 6 Protro Grinch (2020)",1463
2026-07-05T16:32:19.042Z,gid://shopify/Product/14900375191938,"nike-zoom-lebron-nxxt-gen-white-metallic-silver","Nike Zoom LeBron NXXT Gen White Metallic Silver",1258
2026-07-05T16:32:19.678Z,gid://shopify/Product/14900375224706,"nike-book-1-sunset","Nike Book 1 Sunset",1405
2026-07-05T16:32:20.295Z,gid://shopify/Product/14900375257474,"nike-sabrina-1-exclamation-womens","Nike Sabrina 1 Exclamat!on (Speckled Outsole) (Women's)",1043
2026-07-05T16:33:43.882Z,gid://shopify/Product/14900375290242,"nike-book-1-sedona","Nike Book 1 Sedona",1066
2026-07-05T16:33:44.544Z,gid://shopify/Product/14900375355778,"nike-kobe-8-protro-court-purple","Nike Kobe 8 Protro Court Purple",1024
2026-07-05T16:33:45.161Z,gid://shopify/Product/14900375388546,"nike-kd-16-aunt-pearl","Nike KD 16 Aunt Pearl",1195
2026-07-05T16:33:45.770Z,gid://shopify/Product/14900375421314,"nike-kyrie-8-orca","Nike Kyrie 8 Orca",1204
2026-07-05T16:33:46.233Z,gid://shopify/Product/14900375486850,"nike-zoom-lebron-nxxt-gen-i-promise","Nike Zoom LeBron NXXT Gen I Promise",1140
2026-07-05T16:33:46.793Z,gid://shopify/Product/14900375519618,"nike-sabrina-1-magnetic-womens","Nike Sabrina 1 Magnetic (Women's)",1099
2026-07-05T16:33:47.369Z,gid://shopify/Product/14900375552386,"nike-kd-3-retro-christmas-2023","Nike KD 3 Christmas (2023)",1187
2026-07-05T16:33:47.923Z,gid://shopify/Product/14900375585154,"adidas-don-issue-6-purple-burst","adidas D.O.N. Issue #6 Purple Burst",1085
2026-07-05T16:33:48.413Z,gid://shopify/Product/14900375617922,"puma-scoot-zero-cheetos","Puma Scoot Zeros Cheetos",1407
2026-07-05T16:33:49.030Z,gid://shopify/Product/14900375683458,"adidas-ae-1-stormtrooper","adidas AE 1 Best of adi Stormtrooper",1264
2026-07-05T16:33:49.547Z,gid://shopify/Product/14900375748994,"nike-kd-4-galaxy-2024","Nike KD 4 Galaxy (2024)",1001
2026-07-05T16:33:50.069Z,gid://shopify/Product/14900375814530,"nike-kd-4-weatherman-2024","Nike KD 4 Weatherman (2024)",1190
2026-07-05T16:33:51.100Z,gid://shopify/Product/14900375847298,"nike-kobe-6-protro-reverse-grinch-gs","Nike Kobe 6 Protro Reverse Grinch (GS)",517
2026-07-05T16:33:52.709Z,gid://shopify/Product/14900375880066,"adidas-ae-1-with-love","adidas AE 1 With Love",1212
2026-07-05T16:33:53.343Z,gid://shopify/Product/14900375945602,"nike-kd-16-all-star","Nike KD 16 All-Star",1345
2026-07-05T16:33:54.371Z,gid://shopify/Product/14900375978370,"nike-kd-16-black-vivid-purple","Nike KD 16 Pathway Royalties",1188
2026-07-05T16:33:54.945Z,gid://shopify/Product/14900376011138,"nike-lebron-21-tahitian","Nike LeBron 21 Tahitian",1303
2026-07-05T16:33:55.515Z,gid://shopify/Product/14900376043906,"nike-lebron-20-black-metallic-gold","Nike LeBron 20 Black Metallic Gold",1205
2026-07-05T16:33:56.063Z,gid://shopify/Product/14900376076674,"nike-air-zoom-gt-cut-3-white-picante-red","Nike Air Zoom GT Cut 3 White Picante Red",1493
2026-07-05T16:33:56.628Z,gid://shopify/Product/14900376109442,"nike-kd-17-sunrise","Nike KD 17 Sunrise",1437
2026-07-05T16:33:57.195Z,gid://shopify/Product/14900376142210,"adidas-harden-vol-8-black-yellow","adidas Harden Vol. 8 Black Yellow",1188
2026-07-05T16:33:57.759Z,gid://shopify/Product/14900376240514,"nike-sabrina-2-usa-womens","Nike Sabrina 2 USA (Women's)",1249
2026-07-05T16:33:58.230Z,gid://shopify/Product/14900376273282,"nike-kyrie-flytrap-4-white-purple-pulse","Nike Kyrie Flytrap 4 White Purple Pulse",1229
2026-07-05T16:33:58.764Z,gid://shopify/Product/14900376306050,"nike-kobe-6-protro-challenge-red","Nike Kobe 6 Protro Challenge Red All-Star (2021)",1221
2026-07-05T16:33:59.788Z,gid://shopify/Product/14900376338818,"nike-kyrie-8-all-star","Nike Kyrie 8 All-Star",1395
2026-07-05T16:35:23.453Z,gid://shopify/Product/14900376469890,"nike-kd-17-usa","Nike KD 17 USA",1157
2026-07-05T16:35:23.951Z,gid://shopify/Product/14900376502658,"nike-lebron-witness-7-white-black-metallic-silver","Nike LeBron Witness 7 White Black Metallic Silver",1041
2026-07-05T16:35:24.477Z,gid://shopify/Product/14900376535426,"nike-air-zoom-gt-cut-3-usa","Nike Air Zoom GT Cut 3 USA",1095
2026-07-05T16:35:25.007Z,gid://shopify/Product/14900376568194,"air-jordan-tatum-1-celtics","Jordan Tatum 1 Celtics (Translucent Green Sole)",1122
2026-07-05T16:35:25.529Z,gid://shopify/Product/14900376600962,"nike-giannis-immortality-3-oreo","Nike Giannis Immortality 3 Oreo",1114
2026-07-05T16:35:26.085Z,gid://shopify/Product/14900376633730,"air-jordan-luka-2-all-star","Jordan Luka 2 All-Star",1260
2026-07-05T16:35:26.586Z,gid://shopify/Product/14900376699266,"nike-kobe-9-elite-protro-masterpiece","Nike Kobe 9 Elite Protro Masterpiece",1220
2026-07-05T16:35:27.123Z,gid://shopify/Product/14900688912770,"nike-air-max-dn-anthracite-light-crimson","Nike Air Max Dn All Night",1116
2026-07-05T16:35:27.626Z,gid://shopify/Product/14900688978306,"nike-air-max-dn-black-metallic-grey","Nike Air Max Dn Black Metallic Grey",1167
2026-07-05T16:35:28.148Z,gid://shopify/Product/14900689011074,"nike-air-max-dn-laser-orange-comet-red","Nike Air Max Dn Laser Orange Comet Red",1150
2026-07-05T16:35:28.707Z,gid://shopify/Product/14900689305986,"nike-air-max-dn-wolf-grey","Nike Air Max Dn Wolf Grey",1182
2026-07-05T16:35:29.190Z,gid://shopify/Product/14900689338754,"nike-air-max-dn-white-metallic-silver","Nike Air Max Dn White Metallic Silver",1145
2026-07-05T16:35:29.703Z,gid://shopify/Product/14900689371522,"nike-air-max-dn-black-dark-smoke-grey","Nike Air Max Dn Black Dark Smoke Grey",1190
2026-07-05T16:35:30.179Z,gid://shopify/Product/14900689404290,"nike-air-max-dn-sail-black","Nike Air Max Dn Sail Coconut Milk",1192
2026-07-05T16:35:31.255Z,gid://shopify/Product/14900886143362,"asics-gel-nyc-white-oyster-grey","ASICS Gel-NYC White Oyster Grey",1071
2026-07-05T16:35:31.718Z,gid://shopify/Product/14900886176130,"asics-gel-nyc-cream-grey","ASICS Gel-NYC Cream Grey",1111
2026-07-05T16:35:32.257Z,gid://shopify/Product/14900886208898,"asics-gel-nyc-cream-putty","ASICS Gel-NYC Cream Putty",1089
2026-07-05T16:35:32.829Z,gid://shopify/Product/14900886241666,"asics-gel-nyc-oatmeal-obsidian-grey","ASICS Gel-NYC Oatmeal Obsidian Grey",1141
2026-07-05T16:35:33.376Z,gid://shopify/Product/14900886307202,"asics-gel-nyc-white-feather-grey","ASICS Gel-NYC White Feather Grey",1195
2026-07-05T16:35:34.171Z,gid://shopify/Product/14900886339970,"asics-gel-nyc-hidden-ny","ASICS Gel-NYC Hidden NY",1265
2026-07-05T16:35:34.821Z,gid://shopify/Product/14900886372738,"asics-gel-nyc-midnight-midnight","ASICS Gel-NYC Midnight Midnight",1289
2026-07-05T16:35:35.386Z,gid://shopify/Product/14900886438274,"asics-gel-nyc-black-graphite-grey","ASICS Gel-NYC Black Graphite Grey",1303
2026-07-05T16:35:35.903Z,gid://shopify/Product/14900886503810,"asics-gel-nyc-dolphin-oyster-grey","ASICS Gel-NYC Dolphin Oyster Grey",1188
2026-07-05T16:35:36.473Z,gid://shopify/Product/14900886536578,"asics-gel-nyc-2055-pale-oak-truffle-grey","ASICS Gel-NYC 2055 Pale Oak Truffle Grey",1380
2026-07-05T16:35:36.989Z,gid://shopify/Product/14900886602114,"asics-gel-nyc-bleach-renji-abarai","ASICS Gel-NYC BLEACH Renji Abarai",1253
2026-07-05T16:36:40.817Z,gid://shopify/Product/14900886700418,"asics-gel-nyc-graphite-grey-smoke-grey","ASICS Gel-NYC Graphite Grey Smoke Grey",1224
2026-07-05T16:36:41.434Z,gid://shopify/Product/14900886798722,"asics-gel-nyc-mid-grey-sheet-rock","ASICS Gel-NYC Mid Grey Sheet Rock",1065
2026-07-05T16:36:42.132Z,gid://shopify/Product/14900886831490,"asics-gel-nyc-white-steel-grey","ASICS Gel-NYC White Steel Grey",1152
2026-07-05T16:36:42.723Z,gid://shopify/Product/14901118796162,"air-jordan-4-retro-bred-reimagined","Jordan 4 Retro Bred Reimagined",1043
2026-07-05T16:36:43.251Z,gid://shopify/Product/14901118894466,"air-jordan-4-retro-bred-reimagined-gs","Jordan 4 Retro Bred Reimagined (GS)",1063
2026-07-05T16:36:43.783Z,gid://shopify/Product/14901119025538,"air-jordan-4-retro-frozen-moments-womens","Jordan 4 Retro Frozen Moments (Women's)",1036
2026-07-05T16:36:44.264Z,gid://shopify/Product/14901119123842,"air-jordan-4-retro-metallic-gold-womens","Jordan 4 Retro Metallic Gold (Women's)",1060
2026-07-05T16:36:44.757Z,gid://shopify/Product/14901119189378,"air-jordan-4-retro-military-blue-2024","Jordan 4 Retro Military Blue (2024)",1218
2026-07-05T16:36:45.252Z,gid://shopify/Product/14901119320450,"air-jordan-4-retro-military-blue-2024-gs","Jordan 4 Retro Military Blue (2024) (GS)",1113
2026-07-05T16:36:45.711Z,gid://shopify/Product/14901119385986,"air-jordan-4-retro-og-sp-a-ma-maniere-while-you-were-sleeping-womens","Jordan 4 Retro OG SP A Ma Maniére While You Were Sleeping (Women's)",1177
2026-07-05T16:36:46.816Z,gid://shopify/Product/14901119517058,"jordan-4-retro-seafoam-womens","Jordan 4 Retro Seafoam (Women's)",1035
2026-07-05T16:36:47.352Z,gid://shopify/Product/14901119615362,"air-jordan-4-retro-orchid-womens","Jordan 4 Retro Orchid (Women's)",1116
2026-07-05T16:36:47.796Z,gid://shopify/Product/14901119713666,"air-jordan-4-retro-red-cement","Jordan 4 Retro Red Cement",1015
2026-07-05T16:36:48.342Z,gid://shopify/Product/14901119746434,"air-jordan-4-retro-red-cement-gs","Jordan 4 Retro Red Cement (GS)",1242
2026-07-05T16:36:48.888Z,gid://shopify/Product/14901119779202,"air-jordan-4-retro-se-craft-medium-olive","Jordan 4 Retro SE Craft Medium Olive",1253
2026-07-05T16:36:49.471Z,gid://shopify/Product/14901119877506,"air-jordan-4-retro-se-craft-photon-dust","Jordan 4 Retro SE Craft Photon Dust",1104
2026-07-05T16:36:50.122Z,gid://shopify/Product/14901119943042,"air-jordan-4-retro-thunder-2023","Jordan 4 Retro Thunder (2023)",1009
2026-07-05T16:36:50.671Z,gid://shopify/Product/14901120041346,"air-jordan-4-retro-white-thunder","Jordan 4 Retro White Thunder",983
2026-07-05T16:36:51.231Z,gid://shopify/Product/14901120237954,"air-jordan-4-retro-fear-2024","Jordan 4 Retro Fear (2024)",1150
2026-07-05T16:38:16.109Z,gid://shopify/Product/14901120270722,"air-jordan-4-retro-sb-pine-green","Jordan 4 Retro SB Pine Green",991
2026-07-05T16:38:16.697Z,gid://shopify/Product/14901120336258,"air-jordan-4-retro-white-midnight-navy","Jordan 4 Retro Midnight Navy",1054
2026-07-05T16:38:17.284Z,gid://shopify/Product/14901120369026,"air-jordan-4-retro-military-black","Jordan 4 Retro Military Black",1029
2026-07-05T16:38:17.753Z,gid://shopify/Product/14901120401794,"air-jordan-4-retro-military-black-gs","Jordan 4 Retro Military Black (GS)",1010
2026-07-05T16:38:18.258Z,gid://shopify/Product/14901120434562,"air-jordan-4-retro-red-thunder","Jordan 4 Retro Red Thunder",893
2026-07-05T16:38:18.971Z,gid://shopify/Product/14901120532866,"air-jordan-4-retro-red-thunder-gs","Jordan 4 Retro Red Thunder (GS)",1182
2026-07-05T16:38:19.561Z,gid://shopify/Product/14901120565634,"air-jordan-4-retro-canyon-purple-w","Jordan 4 Retro Canyon Purple (Women's)",1208
2026-07-05T16:38:20.258Z,gid://shopify/Product/14901120631170,"air-jordan-4-retro-university-blue","Jordan 4 Retro University Blue",1327
2026-07-05T16:38:20.791Z,gid://shopify/Product/14901120663938,"air-jordan-4-retro-se-black-canvas","Jordan 4 Retro SE Black Canvas",1069
2026-07-05T16:38:21.313Z,gid://shopify/Product/14901120729474,"air-jordan-4-retro-blank-canvas-w","Jordan 4 Retro Blank Canvas (Women's)",958
2026-07-05T16:38:21.878Z,gid://shopify/Product/14902036169090,"air-jordan-4-retro-vivid-sulfur-womens","Jordan 4 Retro Vivid Sulfur (Women's)",1068
2026-07-05T16:38:22.413Z,gid://shopify/Product/14902041739650,"asics-gel-kayano-14-cream-black-metallic-plum","ASICS Gel-Kayano 14 Cream Black Metallic Plum",1146
2026-07-05T16:38:22.870Z,gid://shopify/Product/14902246670722,"nike-air-max-1-patta-chlorophyll-2024","Nike Air Max 1 Patta 20th Anniversary Chlorophyll",943
2026-07-05T16:38:23.549Z,gid://shopify/Product/14902246703490,"nike-air-max-1-low-poly","Nike Air Max 1 .SWOOSH Low Poly",1302
2026-07-05T16:38:24.201Z,gid://shopify/Product/14902246736258,"nike-air-max-1-athletic-department-deep-royal-blue","Nike Air Max 1 Athletic Department Deep Royal Blue",1364
2026-07-05T16:38:24.738Z,gid://shopify/Product/14902246769026,"nike-air-max-1-prm-valentines-day-playful-pink","Nike Air Max 1 PRM Valentine’s Day Playful Pink",1295
2026-07-05T16:38:25.334Z,gid://shopify/Product/14902246801794,"nike-air-max-1-prm-valentines-day-black","Nike Air Max 1 PRM Valentine’s Day Black",1328
2026-07-05T16:38:25.932Z,gid://shopify/Product/14902246834562,"nike-air-max-1-premium-dark-smoke-grey","Nike Air Max 1 Premium Dark Smoke Grey",1399
2026-07-05T16:38:26.443Z,gid://shopify/Product/14902246867330,"nike-air-max-1-sp-concepts-denim-olive-canvas","Nike Air Max 1 SP Concepts Mellow",579
2026-07-05T16:38:26.975Z,gid://shopify/Product/14902246900098,"nike-air-max-1-travis-scott-cactus-jack-saturn-gold","Nike Air Max 1 Travis Scott Cactus Jack Saturn Gold",1149
2026-07-05T16:38:27.449Z,gid://shopify/Product/14902246932866,"nike-air-max-1-coconut-milk-burgundy-crush-navy","Nike Air Max 1 Coconut Milk Burgundy Crush Navy",1205
2026-07-05T16:38:27.962Z,gid://shopify/Product/14902246965634,"nike-air-max-1-prm-valentines-day-white","Nike Air Max 1 PRM Valentine’s Day White",1480
2026-07-05T16:38:28.531Z,gid://shopify/Product/14902246998402,"nike-air-max-1-86-big-bubble-red","Nike Air Max 1 '86 OG Big Bubble Sport Red",1076
2026-07-05T16:38:29.015Z,gid://shopify/Product/14902247031170,"nike-air-max-1-white-black","Nike Air Max 1 White Black",1318
2026-07-05T16:38:29.615Z,gid://shopify/Product/14902247063938,"nike-air-max-1-patta-waves-rush-maroon-with-bracelet","Nike Air Max 1 Patta Waves Rush Maroon (with Bracelet)",867
2026-07-05T16:40:18.906Z,gid://shopify/Product/14902247096706,"nike-air-max-1-sc-field-purple","Nike Air Max 1 SC Field Purple",1240
2026-07-05T16:40:19.434Z,gid://shopify/Product/14902247129474,"nike-air-max-1-86-og-big-bubble-air-max-day-2024","Nike Air Max 1 '86 OG Big Bubble Air Max Day (2024)",1075
2026-07-05T16:40:20.007Z,gid://shopify/Product/14902247162242,"nike-air-max-1-prm-mineral-slate","Nike Air Max 1 PRM Dirty Denim",1125
2026-07-05T16:40:20.676Z,gid://shopify/Product/14902247195010,"nike-air-max-1-kasina-won-ang-grey","Nike Air Max 1 Kasina Won-Ang Grey",1195
2026-07-05T16:40:21.273Z,gid://shopify/Product/14902247227778,"nike-air-max-1-tan-lines-womens","Nike Air Max 1 Tan Lines (Women's)",1214
2026-07-05T16:40:21.817Z,gid://shopify/Product/14902247162242,"nike-air-max-1-prm-mineral-slate","Nike Air Max 1 PRM Dirty Denim",1165
2026-07-05T16:40:22.556Z,gid://shopify/Product/14902247293314,"nike-air-max-1-86-prm-powerwall-brs","Nike Air Max 1 '86 PRM Powerwall BRS",1098
2026-07-05T16:40:23.084Z,gid://shopify/Product/14902247326082,"nike-air-max-1-platinum-tint-dark-obsidian","Nike Air Max 1 Platinum Tint Dark Obsidian",1250
2026-07-05T16:40:23.717Z,gid://shopify/Product/14902247358850,"nike-air-max-1-prm-duck-pecan","Nike Air Max 1 PRM Duck Pecan Yellow Ochre",1193
2026-07-05T16:40:24.357Z,gid://shopify/Product/14902247195010,"nike-air-max-1-kasina-won-ang-grey","Nike Air Max 1 Kasina Won-Ang Grey",1045
2026-07-05T16:40:24.804Z,gid://shopify/Product/14902247424386,"nike-air-max-1-87-photon-dust-wolf-grey","Nike Air Max 1 '87 Photon Dust Wolf Grey",1057
2026-07-05T16:40:25.318Z,gid://shopify/Product/14902247457154,"nike-air-max-1-white-black-medium-olive","Nike Air Max 1 White Black Medium Olive",1207
2026-07-05T16:40:25.864Z,gid://shopify/Product/14902247489922,"nike-air-max-1-snakeskin-light-orewood-brown","Nike Air Max 1 Snakeskin Light Orewood Brown (Women's)",1153
2026-07-05T16:40:26.452Z,gid://shopify/Product/14902247522690,"nike-air-max-1-86-jackie-robinson","Nike Air Max 1 '86 OG Jackie Robinson",1119
2026-07-05T16:40:26.999Z,gid://shopify/Product/14902247555458,"nike-air-max-1-urawa-2023","Nike Air Max 1 Urawa (2023)",1226
2026-07-05T16:40:27.557Z,gid://shopify/Product/14902247588226,"nike-air-max-1-crepe-medium-brown-mint-foam-mushroom-muslin","Nike Air Max 1 Crepe Brown (2022)",1153
2026-07-05T16:40:28.077Z,gid://shopify/Product/14902247620994,"nike-air-max-1-87-sesame-leopard-womens","Nike Air Max 1 '87 Sesame Leopard (Women's)",1275
2026-07-05T16:40:28.625Z,gid://shopify/Product/14902247653762,"nike-air-max-1-se-hangul-day-2023-womens","Nike Air Max 1 SE Hangul Day (2023) (Women's)",1124
2026-07-05T16:40:29.121Z,gid://shopify/Product/14902247686530,"nike-air-max-1-essential-triple-black","Nike Air Max 1 Essential Triple Black",1124
2026-07-05T16:40:29.727Z,gid://shopify/Product/14902247719298,"nike-air-max-1-gym-red-crimson","Nike Air Max 1 Gym Red Crimson",1116
2026-07-05T16:40:30.429Z,gid://shopify/Product/14902247752066,"nike-air-max-1-easter-celebration","Nike Air Max 1 Easter Celebration",1278
2026-07-05T16:40:30.985Z,gid://shopify/Product/14902247784834,"nike-air-max-1-travis-scott-baroque-brown","Nike Air Max 1 Travis Scott Cactus Jack Baroque Brown",1022
2026-07-05T16:40:31.559Z,gid://shopify/Product/14902247817602,"nike-air-max-1-patta-waves-monarch-with-bracelet","Nike Air Max 1 Patta Waves Monarch (with Bracelet)",999
2026-07-05T16:40:32.224Z,gid://shopify/Product/14902247850370,"nike-air-max-1-86-og-camo-light-lemon-twist","Nike Air Max 1 '86 OG Camo Light Lemon Twist",1266
2026-07-05T16:40:32.804Z,gid://shopify/Product/14902247883138,"nike-air-max-1-essential-prm-neutral-olive-cacao-wow","Nike Air Max 1 Essential PRM Neutral Olive Cacao Wow",1223
2026-07-05T16:47:35.520Z,gid://shopify/Product/14902247915906,"nike-air-max-1-white-university-blue","Nike Air Max 1 White University Blue",1484
2026-07-05T16:47:36.196Z,gid://shopify/Product/14902247948674,"nike-air-max-1-sp-huf-pear-green-2024","Nike Air Max 1 SP HUF Pear Green (2024)",1368
2026-07-05T16:47:36.767Z,gid://shopify/Product/14902247981442,"nike-air-max-1-olympic","Nike Air Max 1 Olympic",1299
2026-07-05T16:47:37.269Z,gid://shopify/Product/14902248046978,"nike-air-max-1-86-big-bubble-obsidian","Nike Air Max 1 '86 Big Bubble Obsidian",1328
2026-07-05T16:47:37.762Z,gid://shopify/Product/14902248079746,"nike-air-max-1-86-jacquemus-white-womens","Nike Air Max 1 '86 Jacquemus White (Women's)",1388
2026-07-05T16:47:38.271Z,gid://shopify/Product/14902248112514,"nike-air-max-1-86-og-cosmic-clay","Nike Air Max 1 '86 OG Cosmic Clay",1114
2026-07-05T16:47:38.837Z,gid://shopify/Product/14902248145282,"nike-air-max-1-keep-rippin-stop-slippin-20","Nike Air Max 1 Keep Rippin Stop Slippin 2.0",1374
2026-07-05T16:47:39.313Z,gid://shopify/Product/14902248178050,"nike-air-max-1-premium-dia-de-muertos","Nike Air Max 1 PRM Día De Muertos",1260
2026-07-05T16:47:39.932Z,gid://shopify/Product/14902248210818,"nike-air-max-1-prm-escape-treeline","Nike Air Max 1 PRM Escape Treeline",1179
2026-07-05T16:47:40.389Z,gid://shopify/Product/14902248243586,"nike-air-max-1-sc-sail","Nike Air Max 1 SC Sail",1360
2026-07-05T16:47:40.929Z,gid://shopify/Product/14902248276354,"nike-air-max-1-kasina-won-ang-orange","Nike Air Max 1 Kasina Won-Ang Orange",1326
2026-07-05T16:47:41.572Z,gid://shopify/Product/14902248309122,"nike-air-max-1-prm-duck-anthracite","Nike Air Max 1 PRM Duck Honey Dew",1150
2026-07-05T16:47:42.032Z,gid://shopify/Product/14902248341890,"nike-air-max-1-crepe-soft-grey","Nike Air Max 1 Crepe Soft Grey",987
2026-07-05T16:47:42.543Z,gid://shopify/Product/14902248374658,"nike-air-max-1-prm-corduroy-coral-stardust","Nike Air Max 1 PRM Corduroy Coral Stardust",1391
2026-07-05T16:47:43.090Z,gid://shopify/Product/14902248407426,"nike-air-max-1-86-og-big-bubble-korea-world-make","Nike Air Max 1 '86 OG Big Bubble Korea World Make",1292
2026-07-05T16:47:43.618Z,gid://shopify/Product/14902248440194,"nike-air-max-1-strawberry-lemonade-2020","Nike Air Max 1 Strawberry Lemonade (2020)",857
2026-07-05T16:47:44.116Z,gid://shopify/Product/14902248472962,"nike-air-max-1-valentines-day-2024-womens","Nike Air Max 1 Valentine's Day (2024) (Women's)",1408
2026-07-05T16:47:44.609Z,gid://shopify/Product/14903008362882,"adidas-handball-spezial-night-indigo-bright-blue","adidas Handball Spezial Night Indigo Bright Blue (Women's)",1371
2026-07-05T16:47:45.103Z,gid://shopify/Product/14903015571842,"nike-air-max-dn-black-white-cool-grey","Nike Air Max Dn Black White Cool Grey",1248
2026-07-05T16:47:45.655Z,gid://shopify/Product/14903060267394,"asics-gel-1130-cream-sweet-pink-gs","ASICS Gel-1130 Cream Sweet Pink (GS)",1016
2026-07-05T16:47:46.267Z,gid://shopify/Product/14903063085442,"onitsuka-tiger-mexico-66-airy-green","Onitsuka Tiger Mexico 66 Airy Green",1335
2026-07-05T16:47:46.798Z,gid://shopify/Product/14903063183746,"onitsuka-tiger-mexico-66-beige-grass-green","Onitsuka Tiger Mexico 66 Beige Grass Green",1329
2026-07-05T16:47:47.772Z,gid://shopify/Product/14903063314818,"onitsuka-tiger-mexico-66-birch-peacoat","Onitsuka Tiger Mexico 66 Birch Peacoat",1350
2026-07-05T16:47:48.208Z,gid://shopify/Product/14903063380354,"onitsuka-tiger-mexico-66-black-white","Onitsuka Tiger Mexico 66 Black White",1122
2026-07-05T16:50:39.543Z,gid://shopify/Product/14903063511426,"onitsuka-tiger-mexico-66-kill-bill-2022","Onitsuka Tiger Mexico 66 Kill Bill",1043
2026-07-05T16:50:40.173Z,gid://shopify/Product/14903068721538,"onitsuka-tiger-mexico-66-sd-birch-peacoat","Onitsuka Tiger Mexico 66 SD Birch Peacoat",1229
2026-07-05T16:50:40.754Z,gid://shopify/Product/14903068787074,"onitsuka-tiger-mexico-66-sd-cream-peacoat-navy-red","Onitsuka Tiger Mexico 66 SD Cream Peacoat Navy Red",1516
2026-07-05T16:50:41.340Z,gid://shopify/Product/14903068852610,"onitsuka-tiger-mexico-66-silver-off-white","Onitsuka Tiger Mexico 66 Silver Off White",1109
2026-07-05T16:50:41.896Z,gid://shopify/Product/14903068983682,"onitsuka-tiger-mexico-66-triple-black","Onitsuka Tiger Mexico 66 Triple Black",1294
2026-07-05T16:50:42.498Z,gid://shopify/Product/14903069147522,"onitsuka-tiger-mexico-66-white-blue-red","Onitsuka Tiger Mexico 66 White Blue Red",1292
2026-07-05T16:50:43.064Z,gid://shopify/Product/14903069180290,"onitsuka-tiger-tokuten-white-black-gold","Onitsuka Tiger Tokuten White Black Gold",1057
2026-07-05T16:50:43.641Z,gid://shopify/Product/14903313236354,"golden-goose-super-star-beige-night-blue","Golden Goose Super-Star Beige Night Blue",1338
2026-07-05T16:50:44.106Z,gid://shopify/Product/14903313269122,"golden-goose-super-star-white-ice-grey","Golden Goose Super-Star White Ice Grey",1215
2026-07-05T16:50:44.692Z,gid://shopify/Product/14903313400194,"golden-goose-super-star-white-grey","Golden Goose Super-Star White Grey",1248
2026-07-05T16:50:45.117Z,gid://shopify/Product/14903313465730,"golden-goose-super-star-white-silver-green","Golden Goose Super-Star White Silver Green",1273
2026-07-05T16:50:45.615Z,gid://shopify/Product/14903313498498,"golden-goose-super-star-white-light-pink-womens","Golden Goose Super-Star White Light Pink (Women's)",1340
2026-07-05T16:50:46.150Z,gid://shopify/Product/14903313531266,"golden-goose-super-star-white-silver-gold-glitter-womens","Golden Goose Super-Star White Silver Gold Glitter (Women's)",1159
2026-07-05T16:50:46.596Z,gid://shopify/Product/14903313662338,"golden-goose-super-star-white-vacchetta-tan-grey-suede-patch","Golden Goose Super-Star White Vacchetta Tan Grey Suede Patch",532
2026-07-05T16:50:47.193Z,gid://shopify/Product/14903313760642,"golden-goose-super-star-white-silver","Golden Goose Super-Star White Silver",1520
2026-07-05T16:50:47.680Z,gid://shopify/Product/14903313793410,"golden-goose-super-star-white-royal-blue-grey-suede-patch","Golden Goose Super-Star White Royal Blue Grey Suede Patch",574
2026-07-05T16:50:48.143Z,gid://shopify/Product/14903313826178,"golden-goose-super-star-black-white-leather","Golden Goose Super-Star Black White Leather",523
2026-07-05T16:50:48.682Z,gid://shopify/Product/14903313891714,"golden-goose-ball-star-low-white-bluette","Golden Goose Ball-Star Low White Bluette",1203
2026-07-05T16:50:49.257Z,gid://shopify/Product/14903313990018,"air-jordan-1-retro-low-og-sp-travis-scott-medium-olive","Jordan 1 Retro Low OG SP Travis Scott Medium Olive",1244
2026-07-05T16:50:49.750Z,gid://shopify/Product/14903314022786,"air-jordan-1-retro-low-og-sp-travis-scott-canary-womens","Jordan 1 Retro Low OG SP Travis Scott Canary (Women's)",1166
2026-07-05T16:50:50.339Z,gid://shopify/Product/14903314055554,"jordan-1-retro-low-og-sp-travis-scott-olive-womens","Jordan 1 Retro Low OG SP Travis Scott Olive (Women's)",999
2026-07-05T16:50:50.919Z,gid://shopify/Product/14903314121090,"nike-air-max-1-travis-scott-wheat-lemon-drop","Nike Air Max 1 Travis Scott Cactus Jack Wheat Lemon Drop",1114
2026-07-05T16:50:51.482Z,gid://shopify/Product/14903314153858,"air-jordan-cut-the-check-tr-travis-scott-sail","Jordan Jumpman Jack TR Travis Scott Sail",1335
2026-07-05T16:50:52.028Z,gid://shopify/Product/14904589091202,"nike-dunk-low-medium-olive-w","Nike Dunk Low Medium Olive (Women's)",992
2026-07-05T16:50:52.655Z,gid://shopify/Product/14904589123970,"nike-dunk-low-triple-pink-gs","Nike Dunk Low Triple Pink (GS)",1013
2026-07-05T16:52:12.469Z,gid://shopify/Product/14904589156738,"nike-dunk-low-phantom-metallic-gold-womens","Nike Dunk Low Phantom Metallic Gold (Women's)",1027
2026-07-05T16:52:13.006Z,gid://shopify/Product/14904604819842,"nike-shox-tl-black-metallic-hematite-w","Nike Shox TL Black Max Orange (Women's)",1165
2026-07-05T16:52:13.535Z,gid://shopify/Product/14904605376898,"nike-shox-tl-white-metallic-silver-w","Nike Shox TL White Metallic Silver Max Orange (Women's)",1152
2026-07-05T16:52:14.076Z,gid://shopify/Product/14904605868418,"nike-shox-tl-pink-foam-womens","Nike Shox TL Pink Foam (Women's)",1215
2026-07-05T16:52:14.651Z,gid://shopify/Product/14905566658946,"air-jordan-4-retro-oxidized-green-gs","Jordan 4 Retro Oxidized Green (GS)",1224
2026-07-05T16:52:15.209Z,gid://shopify/Product/14905566888322,"ugg-tazz-slipper-chestnut-w","UGG Tazz Slipper Chestnut (Women's)",845
2026-07-05T16:52:15.793Z,gid://shopify/Product/14905942147458,"nike-air-vapormax-plus-triple-black","Nike Air VaporMax Plus Triple Black",1073
2026-07-05T16:52:16.326Z,gid://shopify/Product/14905942212994,"nike-air-max-2017-triple-black","Nike Air Max 2017 Triple Black",875
2026-07-05T16:52:16.807Z,gid://shopify/Product/14905942278530,"nike-air-vapormax-plus-white","Nike Air VaporMax Plus White",741
2026-07-05T16:52:17.394Z,gid://shopify/Product/14905942442370,"nike-air-max-muse-black-metallic-silver-womens","Nike Air Max Muse Black Metallic Silver (Women's)",1005
2026-07-05T16:52:17.990Z,gid://shopify/Product/14905942540674,"nike-air-max-97-white-wolf-grey","Nike Air Max 97 Triple White Wolf Grey",969
2026-07-05T16:52:18.504Z,gid://shopify/Product/14905942638978,"nike-air-max-correlate-black-white-grey","Nike Air Max Correlate Black White Grey",939
2026-07-05T16:52:19.161Z,gid://shopify/Product/14905942704514,"nike-air-max-97-triple-black","Nike Air Max 97 Triple Black",993
2026-07-05T16:52:19.687Z,gid://shopify/Product/14905942770050,"nike-air-max-90-nrg-bacon-2021","Nike Air Max 90 NRG Bacon (2021)",956
2026-07-05T16:52:20.538Z,gid://shopify/Product/14905942901122,"nike-air-max-270-triple-black","Nike Air Max 270 Triple Black",845
2026-07-05T16:52:21.094Z,gid://shopify/Product/14905942966658,"nike-air-max-180-doernbecher-ja-kai","Nike Air Max 180 Doernbecher Ja’Kai",1052
2026-07-05T16:52:21.606Z,gid://shopify/Product/14905942999426,"nike-air-max-90-usa-2024","Nike Air Max 90 USA (2024)",1187
2026-07-05T16:52:22.103Z,gid://shopify/Product/14905943228802,"nike-air-max-90-leather-triple-white-2020","Nike Air Max 90 Leather Triple White",1038
2026-07-05T16:52:22.621Z,gid://shopify/Product/14905943261570,"nike-air-max-90-reverse-duck-camo-2020","Nike Air Max 90 Reverse Duck Camo 2020",992
2026-07-05T16:52:23.065Z,gid://shopify/Product/14905943294338,"nike-air-max-180-baltic-blue","Nike Air Max 180 Baltic Blue",1223
2026-07-05T16:52:23.563Z,gid://shopify/Product/14905943458178,"nike-air-max-270-white-black","Nike Air Max 270 White Black",881
2026-07-05T16:52:24.144Z,gid://shopify/Product/14905943523714,"nike-air-max-90-qs-volcano","Nike Air Max 90 QS Volcano",1093
2026-07-05T16:52:24.726Z,gid://shopify/Product/14905943622018,"nike-air-max-97-black-white-anthricite","Nike Air Max 97 Black White Anthracite",1067
2026-07-05T16:52:25.261Z,gid://shopify/Product/14905943654786,"nike-air-max-90-recraft-wolf-grey","Nike Air Max 90 Recraft Wolf Grey",1098
2026-07-05T16:52:25.746Z,gid://shopify/Product/14905943687554,"nike-air-max-97-og-silver-bullet-2022","Nike Air Max 97 OG Silver Bullet (2022)",1018
2026-07-05T16:54:09.967Z,gid://shopify/Product/14905943753090,"nike-air-max-270-black-white-w","Nike Air Max 270 Black White (Women's)",1007
2026-07-05T16:54:10.546Z,gid://shopify/Product/14905943785858,"nike-air-max-90-gore-tex-infrared","Nike Air Max 90 Gore-Tex Infrared",1350
2026-07-05T16:54:11.113Z,gid://shopify/Product/14905943916930,"nike-air-max-270-khaki-black","Nike Air Max 270 Khaki Black",1099
2026-07-05T16:54:11.580Z,gid://shopify/Product/14905944015234,"nike-air-max-270-white-black-w","Nike Air Max 270 White Black (Women's)",913
2026-07-05T16:54:12.167Z,gid://shopify/Product/14905944113538,"nike-air-max-90-metallic-copper","Nike Air Max 90 Metallic Copper",1276
2026-07-05T16:54:12.702Z,gid://shopify/Product/14905944179074,"nike-air-max-tl-25-black-metallic-silver","Nike Air Max TL 2.5 Black Metallic Silver",1097
2026-07-05T16:54:13.231Z,gid://shopify/Product/14905944211842,"nike-air-max-90-leather-triple-black-2020","Nike Air Max 90 Leather Triple Black",1026
2026-07-05T16:54:13.703Z,gid://shopify/Product/14905944244610,"nike-air-max-90-black-tiffany","Nike Air Max 90 Black Tiffany",1371
2026-07-05T16:54:14.317Z,gid://shopify/Product/14905944310146,"nike-air-vapormax-plus-se-black-w","Nike Air VaporMax Plus SE Black (Women's)",1271
2026-07-05T16:54:14.825Z,gid://shopify/Product/14905944342914,"nike-air-vapormax-plus-triple-red","Nike Air VaporMax Plus Triple Red",962
2026-07-05T16:54:15.330Z,gid://shopify/Product/14905944408450,"nike-air-max-90-black-smoke-grey-gum-reflective","Nike Air Max 90 Black Smoke Grey Gum Reflective",1143
2026-07-05T16:54:15.795Z,gid://shopify/Product/14905944441218,"nike-air-max-270-black-gs","Nike Air Max 270 Black (GS)",779
2026-07-05T16:54:16.306Z,gid://shopify/Product/14905944473986,"nike-air-max-90-drift-light-smoke-grey","Nike Air Max 90 Drift LIght Smoke Grey",1231
2026-07-05T16:54:16.873Z,gid://shopify/Product/14905944539522,"nike-air-max-180-ultramarine-2024","Nike Air Max 180 Ultramarine (2024)",1189
2026-07-05T16:54:17.407Z,gid://shopify/Product/14905944572290,"nike-air-max-270-triple-black-w","Nike Air Max 270 Triple Black (Women's)",922
2026-07-05T16:54:17.906Z,gid://shopify/Product/14905944605058,"nike-air-max-2017-cool-grey-black","Nike Air Max 2017 Cool Grey Black",1395
2026-07-05T16:54:18.497Z,gid://shopify/Product/14905944670594,"nike-air-max-90-terrascape-sail-sea-glass","Nike Air Max 90 Terrascape Sail Sea Glass",753
2026-07-05T16:54:19.580Z,gid://shopify/Product/14905944703362,"nike-air-max-sndr-canyon-gold-deep-ocean-womens","Nike Air Max Sunder Canyon Gold Deep Ocean (Women's)",1382
2026-07-05T16:54:20.079Z,gid://shopify/Product/14905944768898,"nike-air-max-90-iron-grey","Nike Air Max 90 Iron Grey",1060
2026-07-05T16:54:20.631Z,gid://shopify/Product/14905944899970,"nike-air-max-180-dusty-cactus","Nike Air Max 180 Dusty Cactus",1307
2026-07-05T16:54:21.203Z,gid://shopify/Product/14905944965506,"nike-air-vapormax-2023-flyknit-oreo","Nike Air VaporMax 2023 Flyknit Oreo",1153
2026-07-05T16:54:21.679Z,gid://shopify/Product/14905944998274,"nike-air-max-270-react-travis-scott","Nike Air Max 270 React ENG Travis Scott Cactus Trails",927
2026-07-05T16:54:22.261Z,gid://shopify/Product/14905945063810,"nike-air-max-90-infrared-2020","Nike Air Max 90 Infrared (2020)",1167
2026-07-05T16:54:22.800Z,gid://shopify/Product/14905945129346,"nike-air-max-90-drift-action-green","Nike Air Max 90 Drift Action Green",1202
2026-07-05T16:54:23.432Z,gid://shopify/Product/14905945162114,"nike-air-max-90-pure-platinum-photo-blue","Nike Air Max 90 Pure Platinum Photo Blue",1300
2026-07-05T16:55:46.522Z,gid://shopify/Product/14905945260418,"nike-air-vapormax-2023-flyknit-triple-red","Nike Air VaporMax 2023 Flyknit Triple Red",1073
2026-07-05T16:55:47.037Z,gid://shopify/Product/14906148258178,"nike-air-max-plus-pure-platinum-court-blue","Nike Air Max Plus Pure Platinum Court Blue",1206
2026-07-05T16:55:47.561Z,gid://shopify/Product/14906148684162,"nike-air-max-plus-reverse-grape","Nike Air Max Plus Reverse Grape",1258
2026-07-05T16:55:48.108Z,gid://shopify/Product/14906148979074,"nike-air-max-plus-spider-man","Nike Air Max Plus Spider-Man",1373
2026-07-05T16:55:48.670Z,gid://shopify/Product/14906149077378,"nike-air-max-plus-tiempo-wolf-grey-black","Nike Air Max Plus Tiempo Wolf Grey Black",1060
2026-07-05T16:55:49.130Z,gid://shopify/Product/14906149110146,"nike-air-max-plus-tiempo-black-white-womens","Nike Air Max Plus Tiempo Black White (Women's)",1250
2026-07-05T16:55:49.685Z,gid://shopify/Product/14906149208450,"nike-air-max-plus-summer-gradient-w","Nike Air Max Plus Summer Gradient (Women's)",1514
2026-07-05T16:55:50.251Z,gid://shopify/Product/14906149273986,"nike-air-max-plus-sunset-2024","Nike Air Max Plus Sunset (2024)",1347
2026-07-05T16:55:50.837Z,gid://shopify/Product/14906150322562,"nike-air-max-plus-rebellious-air-fireberry","Nike Air Max Plus Rebellious Air Fireberry",1399
2026-07-05T16:55:51.421Z,gid://shopify/Product/14906150388098,"nike-air-max-plus-shark-attack","Nike Air Max Plus Shark Attack",1391
2026-07-05T16:55:51.999Z,gid://shopify/Product/14906150486402,"nike-air-max-plus-white-black-volt","Nike Air Max Plus White Black Volt",1179
2026-07-05T16:55:52.550Z,gid://shopify/Product/14906150519170,"nike-air-max-plus-wolf-grey-picante-red","Nike Air Max Plus Wolf Grey Picante Red",1287
2026-07-05T16:55:53.140Z,gid://shopify/Product/14906152190338,"nike-air-max-plus-og-hyper-blue","Nike Air Max Plus OG Hyper Blue",1248
2026-07-05T16:55:53.762Z,gid://shopify/Product/14906152223106,"nike-air-max-plus-aqua-blue","Nike Air Max Plus Aqua Blue",1172
2026-07-05T16:55:54.376Z,gid://shopify/Product/14906152255874,"nike-air-max-plus-black-hyper-pink","Nike Air Max Plus Black Hyper Pink",1175
2026-07-05T16:55:54.905Z,gid://shopify/Product/14906152321410,"nike-air-max-plus-swarovski-moonlight-womens","Nike Air Max Plus Swarovski Moonlight (Women's)",1173
2026-07-05T16:55:55.426Z,gid://shopify/Product/14906174210434,"air-jordan-1-mid-pinksicle-safety-orange-gs","Jordan 1 Mid Pinksicle Safety Orange (GS)",1203
2026-07-05T16:55:56.021Z,gid://shopify/Product/14906183221634,"nike-air-max-plus-white","Nike Air Max Plus White",1007
2026-07-05T16:55:56.609Z,gid://shopify/Product/14906736869762,"nike-shox-ride-2-anthracite-jade-horizon","Nike Shox Ride 2 Anthracite Jade Horizon",1061
2026-07-05T16:55:57.123Z,gid://shopify/Product/14906736902530,"nike-shox-r4-black-metallic-silver-2018","Nike Shox R4 Black Metallic Silver (2018/2024)",918
2026-07-05T16:55:57.623Z,gid://shopify/Product/14906736935298,"nike-shox-tl-black-university-red","Nike Shox TL Black University Red",1013
2026-07-05T16:55:58.123Z,gid://shopify/Product/14906736968066,"nike-shox-tl-sunrise","Nike Shox TL Sunrise",1009
2026-07-05T16:55:58.614Z,gid://shopify/Product/14906737033602,"nike-shox-r4-racer-blue-metallic-silver-womens","Nike Shox R4 Racer Blue Metallic Silver (Women's)",1223
2026-07-05T16:55:59.102Z,gid://shopify/Product/14906737131906,"nike-shox-r4-black-metallic-silver-2025","Nike Shox R4 Black Metallic Silver (2025)",1177
2026-07-05T16:55:59.657Z,gid://shopify/Product/14906737197442,"nike-shox-r4-white-metallic-w","Nike Shox R4 White Metallic Silver (Women's)",1363
2026-07-05T16:57:24.986Z,gid://shopify/Product/14906737230210,"nike-shox-r4-orlando","Nike Shox R4 Orlando",1263
2026-07-05T16:57:25.602Z,gid://shopify/Product/14906737328514,"nike-shox-r4-black-bright-crimson","Nike Shox R4 Black Bright Crimson",1014
2026-07-05T16:57:26.135Z,gid://shopify/Product/14906737394050,"nike-shox-ride-2-light-bone-turf-orange","Nike Shox Ride 2 Light Bone Turf Orange",1169
2026-07-05T16:57:26.738Z,gid://shopify/Product/14906737426818,"nike-shox-r4-black-w","Nike Shox R4 Black (Women's)",1170
2026-07-05T16:57:27.269Z,gid://shopify/Product/14906737492354,"nike-shox-tl-black-dynamic-yellow-metallic-silver","Nike Shox TL Black Dynamic Yellow Metallic Silver",1177
2026-07-05T16:57:27.817Z,gid://shopify/Product/14906737525122,"nike-shox-r4-white-bright-crimson-metallic-silver","Nike Shox R4 White Bright Crimson Metallic Silver",1216
2026-07-05T16:57:28.311Z,gid://shopify/Product/14906737557890,"nike-shox-ride-2-black-light-british-tan","Nike Shox Ride 2 Black Light British Tan",1097
2026-07-05T16:57:28.840Z,gid://shopify/Product/14906737590658,"nike-shox-tl-khaki-ironstone-off-noir-womens","Nike Shox TL Khaki Ironstone Off Noir (Women's)",1417
2026-07-05T16:57:29.337Z,gid://shopify/Product/14906737721730,"nike-shox-tl-light-army-womens","Nike Shox TL Light Army (Women's)",1194
2026-07-05T16:57:29.902Z,gid://shopify/Product/14906737820034,"nike-shox-tl-wolf-grey-metallic-silver-blue","Nike Shox TL Wolf Grey Metallic Silver Blue",1114
2026-07-05T16:57:30.461Z,gid://shopify/Product/14906737918338,"nike-shox-ride-2-light-graphite","Nike Shox Ride 2 Light Graphite",1152
2026-07-05T16:57:31.020Z,gid://shopify/Product/14906737983874,"nike-shox-tl-chrome-womens","Nike Shox TL Chrome (Women's)",1206
2026-07-05T16:57:31.612Z,gid://shopify/Product/14906738049410,"nike-shox-tl-pumice-night-maroon-womens","Nike Shox TL Pumice Night Maroon (Women's)",1311
2026-07-05T16:57:32.168Z,gid://shopify/Product/14906738114946,"nike-shox-tl-wolf-grey-lime-blast","Nike Shox TL Wolf Grey Lime Blast",1426
2026-07-05T16:57:32.659Z,gid://shopify/Product/14906738409858,"nike-shox-tl-metallic-platinum-blue-tint-womens","Nike Shox TL Metallic Platinum Blue Tint (Women's)",1296
2026-07-05T16:57:33.217Z,gid://shopify/Product/14906738540930,"nike-shox-tl-white-metallic-silver","Nike Shox TL White Metallic Silver",933
2026-07-05T16:57:33.696Z,gid://shopify/Product/14906738737538,"nike-shox-tl-vapor-green-racer-blue","Nike Shox TL Vapor Green Racer Blue",1154
2026-07-05T16:57:34.244Z,gid://shopify/Product/14906738934146,"nike-shox-mr4-mule-martine-rose-safety-orange","Nike Shox MR4 Mule Martine Rose Safety Orange",1257
2026-07-05T16:57:34.727Z,gid://shopify/Product/14906739130754,"nike-shox-ride-2-supreme-white-grey-fog","Nike Shox Ride 2 SP Supreme White",973
2026-07-05T16:57:35.324Z,gid://shopify/Product/14906739294594,"nike-shox-tl-black-racer-blue","Nike Shox TL Black Racer Blue",1123
2026-07-05T16:57:35.867Z,gid://shopify/Product/14906739360130,"nike-shox-r4-neymar-white","Nike Shox R4 Neymar White",926
2026-07-05T16:57:36.343Z,gid://shopify/Product/14906739556738,"nike-shox-ride-2-supreme-black","Nike Shox Ride 2 SP Supreme Black",940
2026-07-05T16:57:36.858Z,gid://shopify/Product/14906752565634,"nike-air-max-95-stash-2024","Nike Air Max 95 Stash (2024)",1332
2026-07-05T16:57:37.475Z,gid://shopify/Product/14906752762242,"nike-air-max-95-essential-white-grey-fog","Nike Air Max 95 Essential White Grey Fog",1126
2026-07-05T16:59:40.509Z,gid://shopify/Product/14906753778050,"nike-air-max-95-baltic-blue","Nike Air Max 95 Baltic Blue",1248
2026-07-05T16:59:41.031Z,gid://shopify/Product/14906753909122,"nike-air-max-95-vapor-green","Nike Air Max 95 Vapor Green",1200
2026-07-05T16:59:41.537Z,gid://shopify/Product/14906754007426,"nike-air-max-95-jewel-swoosh-grey","Nike Air Max 95 Jewel Swoosh Grey",1510
2026-07-05T16:59:42.139Z,gid://shopify/Product/14906754105730,"nike-air-max-95-unearthed","Nike Air Max 95 Unearthed",1431
2026-07-05T16:59:42.720Z,gid://shopify/Product/14906760757634,"nike-air-max-plus-golf-black-leather","Nike Air Max Plus Golf Black Leather",1207
2026-07-05T16:59:43.237Z,gid://shopify/Product/14906761085314,"nike-air-max-plus-grey-university-blue-black","Nike Air Max Plus Grey University Blue Black",1274
2026-07-05T16:59:43.747Z,gid://shopify/Product/14906761281922,"nike-air-max-plus-black-university-gold-white","Nike Air Max Plus Black University Gold White",1214
2026-07-05T16:59:44.286Z,gid://shopify/Product/14906795884930,"rigorer-ar1-valentines-day","Rigorer AR1 Valentine's Day",1335
2026-07-05T16:59:44.859Z,gid://shopify/Product/14906796147074,"anta-kai-1-triple-white","Anta Kai 1 Triple White",1228
2026-07-05T16:59:45.498Z,gid://shopify/Product/14906796343682,"anta-kai-1-jelly","Anta Kai 1 Jelly",1393
2026-07-05T16:59:46.104Z,gid://shopify/Product/14906796376450,"361-degrees-big3-40-quick-reverse","361 Degrees BIG3 4.0 Quick Reverse",1461
2026-07-05T16:59:46.643Z,gid://shopify/Product/14906796573058,"rigorer-ar1-silent-night","Rigorer AR1 Silent Night",1403
2026-07-05T16:59:47.216Z,gid://shopify/Product/14906796605826,"anta-kai-1-kaleidoscope","Anta Kai 1 Kaleidoscope",1322
2026-07-05T16:59:47.774Z,gid://shopify/Product/14906797293954,"nike-pg-6-black-peach-cream-celestine-blue","Nike PG 6 Black Peach Cream Celestine Blue",1421
2026-07-05T16:59:48.347Z,gid://shopify/Product/14906797556098,"nike-kobe-9-elite-protro-masterpiece-2025","Nike Kobe 9 Elite Protro Masterpiece (2025)",1857
2026-07-05T16:59:48.845Z,gid://shopify/Product/14907639464322,"nike-air-max-95-wolf-grey-safety-orange-pure-platinum","Nike Air Max 95 Wolf Grey Safety Orange Pure Platinum",1401
2026-07-05T16:59:49.278Z,gid://shopify/Product/14907639497090,"nike-air-max-95-black-aurora-green","Nike Air Max 95 Black Aurora Green",1218
2026-07-05T16:59:49.777Z,gid://shopify/Product/14907639529858,"nike-air-max-95-grey-gradient","Nike Air Max 95 Grey Gradient",1203
2026-07-05T16:59:50.386Z,gid://shopify/Product/14907639562626,"nike-air-max-95-og-neon-2020","Nike Air Max 95 OG Neon (2020)",1328
2026-07-05T16:59:50.867Z,gid://shopify/Product/14907639595394,"nike-air-max-95-smoke-grey","Nike Air Max 95 Smoke Grey",1088
2026-07-05T16:59:51.437Z,gid://shopify/Product/14907639660930,"nike-air-max-95-anatomy-of-air-gid","Nike Air Max 95 Anatomy of Air GID",955
2026-07-05T16:59:52.009Z,gid://shopify/Product/14907639693698,"nike-air-max-95-sequoia","Nike Air Max 95 Sequoia",1788
2026-07-05T16:59:52.462Z,gid://shopify/Product/14907639759234,"nike-air-max-95-recraft-triple-white-gs","Nike Air Max 95 Recraft Triple White (GS)",1305
2026-07-05T16:59:53.065Z,gid://shopify/Product/14907639792002,"nike-air-max-95-kim-jones-black-total-orange","Nike Air Max 95 Kim Jones Black Total Orange",1339
2026-07-05T16:59:53.579Z,gid://shopify/Product/14907639824770,"nike-air-max-95-premium-atlanta","Nike Air Max 95 Premium Atlanta",1658
2026-07-05T17:02:12.108Z,gid://shopify/Product/14907639857538,"nike-air-max-95-vast-grey-red-stardust","Nike Air Max 95 Vast Grey Red Stardust",1401
2026-07-05T17:02:12.646Z,gid://shopify/Product/14907639890306,"nike-air-max-95-denham","Nike Air Max 95 Denham",964
2026-07-05T17:02:13.223Z,gid://shopify/Product/14907639955842,"nike-ndstrkt-air-max-95-neon","Nike NDSTRKT Air Max 95 Neon",972
2026-07-05T17:02:13.872Z,gid://shopify/Product/14907639988610,"nike-air-max-95-toronto","Nike Air Max 95 Toronto",1155
2026-07-05T17:02:14.490Z,gid://shopify/Product/14907640021378,"nike-air-max-95-freddy-krueger","Nike Air Max 95 Freddy Krueger",1072
2026-07-05T17:02:15.264Z,gid://shopify/Product/14907640086914,"nike-air-max-95-light-bone-gid","Nike Air Max 95 Light Bone GID",1136
2026-07-05T17:02:15.784Z,gid://shopify/Product/14907640185218,"nike-air-max-95-greedy-2020","Nike Air Max 95 Greedy (2020)",1150
2026-07-05T17:02:16.255Z,gid://shopify/Product/14907640217986,"nike-air-max-95-sp-corteiz-gutta-green","Nike Air Max 95 SP Corteiz Gutta Green",921
2026-07-05T17:02:16.822Z,gid://shopify/Product/14907640250754,"nike-air-max-95-de-lo-mio","Nike Air Max 95 De Lo Mio",1220
2026-07-05T17:02:17.345Z,gid://shopify/Product/14907640283522,"nike-air-max-95-anthracite-team-red","Nike Air Max 95 Anthracite Team Red",1216
2026-07-05T17:02:17.859Z,gid://shopify/Product/14907640447362,"nike-air-max-95-black-stadium-green-womens","Nike Air Max 95 Black Stadium Green (Women's)",1539
2026-07-05T17:02:18.381Z,gid://shopify/Product/14907640611202,"nike-air-max-95-black-hyper-crimson","Nike Air Max 95 Black Hyper Crimson",1330
2026-07-05T17:02:18.877Z,gid://shopify/Product/14907640873346,"nike-air-max-95-atmos-animal-pack-2-0-all-black-box-2018","Nike Air Max 95 atmos Animal Pack 2.0 (All Black Box) (2018)",888
2026-07-05T17:02:19.412Z,gid://shopify/Product/14907640971650,"nike-air-max-95-icons-yellow-strike","Nike Air Max 95 Icons Yellow Strike",1617
2026-07-05T17:02:19.986Z,gid://shopify/Product/14907641037186,"nike-air-max-95-sp-corteiz-pink-beam","Nike Air Max 95 SP Corteiz Pink Beam",1180
2026-07-05T17:02:20.442Z,gid://shopify/Product/14907641069954,"nike-air-max-95-ndstrkt-black-reflective","Nike Air Max 95 NDSTRKT Black Reflective",1320
2026-07-05T17:02:20.923Z,gid://shopify/Product/14907641102722,"nike-air-max-95-kim-jones-total-volt","Nike Air Max 95 Kim Jones Total Volt",1263
2026-07-05T17:02:21.400Z,gid://shopify/Product/14907641168258,"nike-air-max-95-sp-corteiz-aegean-storm","Nike Air Max 95 SP Corteiz Aegean Storm",1351
2026-07-05T17:02:21.906Z,gid://shopify/Product/14907641233794,"nike-air-max-95-anthracite-safety-orange","Nike Air Max 95 Anthracite Safety Orange",1513
2026-07-05T17:02:22.409Z,gid://shopify/Product/14907641299330,"nike-air-max-95-recraft-triple-black-gs","Nike Air Max 95 Recraft Triple Black (GS)",1629
2026-07-05T17:02:23.205Z,gid://shopify/Product/14907641332098,"nike-air-max-95-black-anthracite-pure-platinum","Nike Air Max 95 Black Anthracite Pure Platinum",1530
2026-07-05T17:02:23.694Z,gid://shopify/Product/14907641463170,"nike-air-max-95-black-anthracite","Nike Air Max 95 Black Anthracite",1275
2026-07-05T17:02:24.357Z,gid://shopify/Product/14907641561474,"nike-air-max-95-black-grey-safety-orange","Nike Air Max 95 Black Grey Safety Orange",1325
2026-07-05T17:02:24.980Z,gid://shopify/Product/14907641594242,"nike-air-max-95-nrg-lebron-lakers","Nike Air Max 95 NRG LeBron Lakers",1409
2026-07-05T17:02:25.540Z,gid://shopify/Product/14907641659778,"nike-air-max-95-grey-fog-pink-foam","Nike Air Max 95 Grey Fog Pink Foam",1391
2026-07-05T17:04:12.011Z,gid://shopify/Product/14907641725314,"nike-air-max-95-fish-scales","Nike Air Max 95 Fish Scales",1001
2026-07-05T17:04:12.562Z,gid://shopify/Product/14907641790850,"nike-air-max-95-grey-black-volt","Nike Air Max 95 Grey Black Volt",927
2026-07-05T17:04:13.132Z,gid://shopify/Product/14907641823618,"nike-air-max-95-se-cobblestone","Nike Air Max 95 SE Cobblestone",1143
2026-07-05T17:04:13.680Z,gid://shopify/Product/14907641856386,"nike-air-max-95-light-smoke-grey-anthracite","Nike Air Max 95 LIght Smoke Grey Anthracite",1017
2026-07-05T17:04:14.268Z,gid://shopify/Product/14907641921922,"nike-air-max-95-retro-logo-black-grey-volt","Nike Air Max 95 Retro Logo Black Grey Volt",894
2026-07-05T17:04:14.852Z,gid://shopify/Product/14907641954690,"nike-air-max-95-anatomy-of-air-womens","Nike Air Max 95 Anatomy of Air (Women's)",1041
2026-07-05T17:04:15.362Z,gid://shopify/Product/14907641987458,"nike-air-max-95-next-nature-white-w","Nike Air Max 95 Next Nature White (Women's)",1167
2026-07-05T17:04:15.926Z,gid://shopify/Product/14907642020226,"nike-air-max-95-nh-ironstone","Nike Air Max 95 NH Ironstone",695
2026-07-05T17:04:16.554Z,gid://shopify/Product/14907642052994,"nike-air-max-95-plant-color-collection-beige-womens","Nike Air Max 95 Plant Color Collection Beige (Women's)",1024
2026-07-05T17:04:17.174Z,gid://shopify/Product/14907642085762,"nike-air-max-95-lx-reflective-safari-w","Nike Air Max 95 LX Reflective Safari (Women's)",1445
2026-07-05T17:04:17.730Z,gid://shopify/Product/14907642118530,"nike-air-max-95-sp-multicolor","Nike Air Max 95 SP Multicolor",1008
2026-07-05T17:04:18.215Z,gid://shopify/Product/14907642151298,"nike-air-max-95-carhartt-wip-camo","Nike Air Max 95 Carhartt WIP Camo",818
2026-07-05T17:04:18.774Z,gid://shopify/Product/14907642184066,"nike-air-max-95-cav-empt-blackened-blue","Nike Air Max 95 Cav Empt Blackened Blue",631
2026-07-05T17:04:19.341Z,gid://shopify/Product/14907642282370,"nike-air-max-95-black-neon","Nike Air Max 95 Black Neon",1186
2026-07-05T17:04:19.831Z,gid://shopify/Product/14907658305922,"crocs-classic-clog-lightning-mcqueen","Crocs Classic Clog Lightning McQueen",845
2026-07-05T17:04:20.390Z,gid://shopify/Product/14908112503170,"air-jordan-5-retro-og-black-metallic-reimagined","Jordan 5 Retro OG Black Metallic Reimagined",1262
2026-07-05T17:04:20.912Z,gid://shopify/Product/14908112568706,"air-jordan-1-retro-high-og-black-toe-reimagined","Jordan 1 Retro High OG Black Toe Reimagined",1236
2026-07-05T17:04:21.431Z,gid://shopify/Product/14908112634242,"air-jordan-1-retro-high-85-bred","Jordan 1 Retro High '85 OG Bred (2025)",1464
2026-07-05T17:04:21.982Z,gid://shopify/Product/14908112765314,"air-jordan-5-retro-og-black-metallic-reimagined-gs","Jordan 5 Retro OG Black Metallic Reimagined (GS)",1471
2026-07-05T17:04:22.540Z,gid://shopify/Product/14908112830850,"air-jordan-3-retro-black-cat-2025","Jordan 3 Retro Black Cat (2025)",1214
2026-07-05T17:04:23.106Z,gid://shopify/Product/14908112961922,"nike-air-foamposite-one-galaxy-2025","Nike Air Foamposite One Galaxy (2025)",1225
2026-07-05T17:04:23.671Z,gid://shopify/Product/14908112994690,"air-jordan-11-retro-legend-blue-2024","Jordan 11 Retro Legend Blue (2024)",1263
2026-07-05T17:04:24.222Z,gid://shopify/Product/14908113092994,"nike-air-diamond-turf-49ers-2025","Nike Air Diamond Turf 49ers (2025)",1265
2026-07-05T17:04:24.756Z,gid://shopify/Product/14908113125762,"air-jordan-3-retro-black-cement-2024","Jordan 3 Retro OG Black Cement (2024)",1159
2026-07-05T17:04:25.261Z,gid://shopify/Product/14908113191298,"nike-kobe-6-sail-all-star-gs","Nike Kobe 6 Sail All-Star (GS)",1334
2026-07-05T17:05:50.084Z,gid://shopify/Product/14908113256834,"adidas-yeezy-foam-rnr-onyx","adidas Yeezy Foam RNR Onyx",874
2026-07-05T17:05:50.619Z,gid://shopify/Product/14908113387906,"adidas-yeezy-boost-350-v2-onyx","adidas Yeezy Boost 350 V2 Onyx",835
2026-07-05T17:05:51.218Z,gid://shopify/Product/14908113551746,"air-jordan-3-retro-valentines-day-2025-womens","Jordan 3 Retro Valentine's Day Treat Yourself (2025) (Women's)",1149
2026-07-05T17:05:51.665Z,gid://shopify/Product/14908113617282,"nike-dunk-low-retro-white-black-2021","Nike Dunk Low Retro White Black Panda",922
2026-07-05T17:05:52.211Z,gid://shopify/Product/14908113715586,"adidas-yeezy-slide-slate-marine","adidas Yeezy Slide Slate Marine",963
2026-07-05T17:05:52.747Z,gid://shopify/Product/14908113781122,"adidas-yeezy-slide-dark-onyx","adidas Yeezy Slide Dark Onyx",909
2026-07-05T17:05:53.341Z,gid://shopify/Product/14908113912194,"adidas-yeezy-slide-slate-grey","adidas Yeezy Slide Slate Grey",1027
2026-07-05T17:05:53.837Z,gid://shopify/Product/14908114239874,"nike-dunk-low-grey-fog","Nike Dunk Low Grey Fog",844
2026-07-05T17:05:54.375Z,gid://shopify/Product/14908114338178,"adidas-yeezy-350-v2-carbon-beluga","adidas Yeezy Boost 350 V2 Carbon Beluga",917
2026-07-05T17:05:54.994Z,gid://shopify/Product/14908114469250,"adidas-campus-00s-core-black","adidas Campus 00s Core Black",1135
2026-07-05T17:05:55.574Z,gid://shopify/Product/14908114502018,"adidas-yeezy-boost-350-v2-bone","adidas Yeezy Boost 350 V2 Bone",796
2026-07-05T17:05:56.157Z,gid://shopify/Product/14908114600322,"adidas-yeezy-boost-350-v2-steel-grey","adidas Yeezy Boost 350 V2 Steel Grey",941
2026-07-05T17:05:56.808Z,gid://shopify/Product/14908114731394,"nike-book-1-lx-black-label","Nike Book 1 LX Black Label",1033
2026-07-05T17:05:57.334Z,gid://shopify/Product/14908114829698,"nike-dunk-low-photon-dust-w","Nike Dunk Low Photon Dust (Women's)",847
2026-07-05T17:05:57.856Z,gid://shopify/Product/14908114928002,"nike-air-zoom-pegasus-premium-airscape","Nike Air Zoom Pegasus Premium Airscape",1032
2026-07-05T17:05:58.481Z,gid://shopify/Product/14908114993538,"air-jordan-3-retro-cement-grey","Jordan 3 Retro Cement Grey",1112
2026-07-05T17:05:59.016Z,gid://shopify/Product/14908115157378,"air-jordan-12-retro-flu-game-2025","Jordan 12 Retro Flu Game (2025)",1056
2026-07-05T17:05:59.541Z,gid://shopify/Product/14908115190146,"nike-air-force-1-low-valentines-day-2025-womens","Nike Air Force 1 Low Valentine's Day (2025) (Women's)",1246
2026-07-05T17:06:00.123Z,gid://shopify/Product/14908115288450,"adidas-yeezy-boost-350-v2-mx-dark-salt","adidas Yeezy Boost 350 V2 MX Dark Salt",889
2026-07-05T17:06:00.632Z,gid://shopify/Product/14908115353986,"nike-dunk-low-year-of-the-snake-2025","Nike Dunk Low Retro Year of the Snake (2025)",1130
2026-07-05T17:06:01.136Z,gid://shopify/Product/14908115452290,"adidas-yeezy-slide-granite","adidas Yeezy Slide Granite",1024
2026-07-05T17:06:01.617Z,gid://shopify/Product/14908115485058,"air-jordan-11-retro-low-space-jam","Jordan 11 Retro Low Space Jam",1113
2026-07-05T17:06:02.167Z,gid://shopify/Product/14908115550594,"air-jordan-cut-the-check-tr-travis-scott-mocha","Jordan Jumpman Jack TR Travis Scott Dark Mocha",1144
2026-07-05T17:06:02.671Z,gid://shopify/Product/14908115648898,"air-jordan-1-retro-high-og-black-toe-reimagined-gs","Jordan 1 Retro High OG Black Toe Reimagined (GS)",1326
2026-07-05T17:06:03.232Z,gid://shopify/Product/14908115747202,"nike-dunk-low-white-black-2021-w","Nike Dunk Low Retro White Black Panda (Women's)",932
2026-07-05T17:07:38.725Z,gid://shopify/Product/14908115845506,"air-jordan-3-retro-lucky-shorts","Jordan 3 Retro Lucky Shorts",1415
2026-07-05T17:07:39.275Z,gid://shopify/Product/14908115976578,"air-jordan-11-retro-dmp-defining-moments-2023","Jordan 11 Retro DMP Gratitude (2023)",1302
2026-07-05T17:07:39.734Z,gid://shopify/Product/14908116074882,"mihara-yasuhiro-hank-og-sole-canvas-low-black","Maison Mihara Yasuhiro Hank OG Sole Canvas Low Black",1122
2026-07-05T17:07:40.271Z,gid://shopify/Product/14908116173186,"new-balance-530-white-silver-navy","New Balance 530 White Silver Navy",937
2026-07-05T17:07:40.855Z,gid://shopify/Product/14908116337026,"adidas-sl-72-og-leopard-print-womens","adidas SL 72 OG Leopard Print (Women's)",1144
2026-07-05T17:07:41.459Z,gid://shopify/Product/14908116369794,"jordan-1-retro-high-og-chicago-lost-and-found","Jordan 1 Retro High OG Chicago Lost and Found",1037
2026-07-05T17:07:42.015Z,gid://shopify/Product/14908116435330,"puma-suede-xl-teenage-mutant-ninja-turtles","Puma Suede XL Teenage Mutant Ninja Turtles",1101
2026-07-05T17:07:42.518Z,gid://shopify/Product/14908116566402,"adidas-campus-light-bad-bunny-brown","adidas Campus Light Bad Bunny Chalky Brown",1243
2026-07-05T17:07:42.987Z,gid://shopify/Product/14908116730242,"bad-bunny-the-last-campus","Bad Bunny The Last Campus",1135
2026-07-05T17:07:43.529Z,gid://shopify/Product/14908116763010,"air-jordan-1-retro-high-og-green-glow","Jordan 1 Retro High OG Green Glow",1203
2026-07-05T17:07:44.306Z,gid://shopify/Product/14908116795778,"air-jordan-3-retro-white-cement-reimagined","Jordan 3 Retro White Cement Reimagined",1026
2026-07-05T17:07:44.812Z,gid://shopify/Product/14908116894082,"adidas-yeezy-slide-azure","adidas Yeezy Slide Azure",1019
2026-07-05T17:07:45.431Z,gid://shopify/Product/14908116992386,"air-jordan-1-mid-reverse-panda","Jordan 1 Mid Reverse Panda",1216
2026-07-05T17:07:46.026Z,gid://shopify/Product/14908117090690,"air-jordan-1-retro-high-og-sp-union-la-chicago-shadow","Jordan 1 Retro High OG SP Union LA Chicago Shadow",1382
2026-07-05T17:07:46.486Z,gid://shopify/Product/14908117123458,"new-balance-1906r-white-gold","New Balance 1906R White Metallic Gold",1108
2026-07-05T17:07:47.015Z,gid://shopify/Product/14908117221762,"air-jordan-1-low-85-neutral-grey","Jordan 1 Retro Low '85 Neutral Grey",1260
2026-07-05T17:07:47.533Z,gid://shopify/Product/14908117385602,"nike-dunk-low-retro-white-black-gs","Nike Dunk Low Retro White Black Panda (GS)",1040
2026-07-05T17:07:48.050Z,gid://shopify/Product/14908117516674,"air-jordan-1-low-se-legend-light-brown","Jordan 1 Low SE Legend Light Brown",1398
2026-07-05T17:07:48.565Z,gid://shopify/Product/14908117549442,"new-balance-2002r-protection-pack-rain-cloud","New Balance 2002R Protection Pack Rain Cloud",971
2026-07-05T17:07:49.142Z,gid://shopify/Product/14908117647746,"adidas-yeezy-desert-boot-salt","adidas Yeezy Desert Boot Salt",1082
2026-07-05T17:07:49.653Z,gid://shopify/Product/14908117811586,"timberland-6-basic-wheat","Timberland 6"" Basic Boot Wheat",1135
2026-07-05T17:07:50.172Z,gid://shopify/Product/14908117909890,"nike-dunk-low-cacao-wow-womens","Nike Dunk Low Cacao Wow (Women's)",1007
2026-07-05T17:07:50.737Z,gid://shopify/Product/14908118139266,"new-balance-1906l-rich-oak","New Balance 1906L Rich Oak",1206
2026-07-05T17:07:51.228Z,gid://shopify/Product/14908118303106,"jordan-1-low-wolf-grey-womens","Jordan 1 Low Wolf Grey (Women's)",1025
2026-07-05T17:07:51.720Z,gid://shopify/Product/14908118401410,"air-jordan-1-retro-high-og-royal-reimagined","Jordan 1 Retro High OG Royal Reimagined",1216
2026-07-05T17:09:27.297Z,gid://shopify/Product/14908118565250,"air-jordan-1-retro-low-og-black-toe","Jordan 1 Retro Low OG Black Toe (2023)",951
2026-07-05T17:09:29.197Z,gid://shopify/Product/14908118630786,"nike-blazer-mid-77-vintage-white-black","Nike Blazer Mid 77 Vintage White Black",858
2026-07-05T17:09:29.779Z,gid://shopify/Product/14908118696322,"adidas-campus-00s-grey-white","adidas Campus 00s Grey White",1180
2026-07-05T17:09:30.292Z,gid://shopify/Product/14908118794626,"adidas-yeezy-slide-bone-2022","adidas Yeezy Slide Bone (2022/2023 Restock)",941
2026-07-05T17:09:30.862Z,gid://shopify/Product/14908118892930,"vans-knu-skool-black-white","Vans Knu Skool Black White",954
2026-07-05T17:09:31.390Z,gid://shopify/Product/14908118991234,"air-jordan-1-retro-high-og-patent-bred","Jordan 1 Retro High OG Patent Bred",890
2026-07-05T17:09:31.915Z,gid://shopify/Product/14908119089538,"air-jordan-6-retro-olympic-2024","Jordan 6 Retro Olympic (2024)",916
2026-07-05T17:09:32.457Z,gid://shopify/Product/14908119286146,"nike-air-dt-max-96-colorado-away-white-black","Nike Air DT Max '96 Colorado Away White Black",1161
2026-07-05T17:09:32.915Z,gid://shopify/Product/14908119351682,"air-jordan-3-retro-black-cat-2025-gs","Jordan 3 Retro Black Cat (2025) (GS)",1200
2026-07-05T17:09:33.462Z,gid://shopify/Product/14908119482754,"nike-dunk-low-varsity-green","Nike Dunk Low Michigan State",935
2026-07-05T17:09:34.049Z,gid://shopify/Product/14908119548290,"air-jordan-1-low-og-shadow","Jordan 1 Retro Low OG Shadow (2024)",1194
2026-07-05T17:09:34.531Z,gid://shopify/Product/14908119712130,"air-jordan-1-low-se-concord","Jordan 1 Low SE Concord",896
2026-07-05T17:09:35.150Z,gid://shopify/Product/14908119744898,"air-jordan-1-high-og-black-white","Jordan 1 Retro High OG Black White",1195
2026-07-05T17:09:35.631Z,gid://shopify/Product/14908119875970,"adidas-yeezy-boost-350-v2-white-core-black-red","adidas Yeezy Boost 350 V2 Zebra",830
2026-07-05T17:09:36.233Z,gid://shopify/Product/14908119974274,"air-jordan-11-retro-cool-grey-2021","Jordan 11 Retro Cool Grey (2021)",1068
2026-07-05T17:09:36.721Z,gid://shopify/Product/14908120007042,"air-jordan-1-retro-high-og-sp-union-bephies-beauty-supply-woven-sail","Jordan 1 Retro High OG SP Union LA Bephies Beauty Supply Summer of ‘96",1259
2026-07-05T17:09:37.228Z,gid://shopify/Product/14908120170882,"air-jordan-3-retro-black-cement-2024-gs","Jordan 3 Retro Black Cement (2024) (GS)",1403
2026-07-05T17:09:37.827Z,gid://shopify/Product/14908120236418,"air-jordan-11-retro-low-midnight-navy-2024","Jordan 11 Retro Low Diffused Blue",1345
2026-07-05T17:09:38.386Z,gid://shopify/Product/14908120367490,"air-jordan-1-retro-low-og-barons","Jordan 1 Retro Low OG Barons",1433
2026-07-05T17:09:38.946Z,gid://shopify/Product/14908120498562,"air-jordan-1-retro-low-og-rui-hachimura-oatmeal","Jordan 1 Retro Low OG Rui Hachimura Oatmeal",1282
2026-07-05T17:09:39.817Z,gid://shopify/Product/14908120629634,"air-jordan-3-retro-craft-ivory","Jordan 3 Retro Craft Ivory",1161
2026-07-05T17:09:40.327Z,gid://shopify/Product/14908120793474,"new-balance-1906r-silver-black","New Balance 1906R Silver Black",1402
2026-07-05T17:09:40.908Z,gid://shopify/Product/14908120957314,"air-jordan-1-retro-high-og-yellow-ochre","Jordan 1 Retro High OG Yellow Ochre",1194
2026-07-05T17:09:41.395Z,gid://shopify/Product/14908120990082,"adidas-yeezy-450-utility-black","adidas Yeezy 450 Utility Black",1031
2026-07-05T17:09:41.933Z,gid://shopify/Product/14908121088386,"adidas-ultra-boost-1-0-dna-triple-white","adidas Ultra Boost 1.0 DNA Triple White",1654
2026-07-05T17:11:07.930Z,gid://shopify/Product/14908121186690,"air-jordan-12-retro-blueberry-gs","Jordan 12 Retro Blueberry (GS)",1120
2026-07-05T17:11:08.478Z,gid://shopify/Product/14908121284994,"nike-killshot-2-ltr-prm-tiempo-pack-black","Nike Killshot 2 LTR PRM Tiempo Pack Black",1032
2026-07-05T17:11:09.184Z,gid://shopify/Product/14908121383298,"air-jordan-1-mid-light-smoke-grey","Jordan 1 Mid Light Smoke Grey",1083
2026-07-05T17:11:09.814Z,gid://shopify/Product/14908121448834,"air-jordan-1-retro-high-og-satin-bred","Jordan 1 Retro High OG Satin Bred (Women's)",1052
2026-07-05T17:11:10.443Z,gid://shopify/Product/14908121579906,"adidas-yeezy-boost-350-v2-black-red","adidas Yeezy Boost 350 V2 Black Red",943
2026-07-05T17:11:10.966Z,gid://shopify/Product/14908121776514,"nike-air-force-1-low-07-paisley-pack-pink-w","Nike Air Force 1 Low '07 Paisley Pack Pink (Women's)",1164
2026-07-05T17:11:11.615Z,gid://shopify/Product/14908121842050,"air-jordan-1-mid-se-black-metallic-reimagined","Jordan 1 Mid SE Black Metallic Reimagined",1074
2026-07-05T17:11:12.176Z,gid://shopify/Product/14908121874818,"nike-dunk-low-valerian-blue","Nike Dunk Low Valerian Blue",1011
2026-07-05T17:11:12.714Z,gid://shopify/Product/14908122136962,"air-jordan-5-retro-reverse-metallic","Jordan 5 Retro Reverse Metallic",1177
2026-07-05T17:11:13.221Z,gid://shopify/Product/14908122202498,"nike-dunk-low-glacier-blue","Nike Dunk Low Glacier Blue",1138
2026-07-05T17:11:13.846Z,gid://shopify/Product/14908122300802,"air-jordan-1-high-og-unc-toe","Jordan 1 Retro High OG UNC Toe",1037
2026-07-05T17:11:14.340Z,gid://shopify/Product/14908122464642,"adidas-yeezy-500-utility-black","adidas Yeezy 500 Utility Black",919
2026-07-05T17:11:15.062Z,gid://shopify/Product/14908122562946,"air-jordan-1-low-bred-toe","Jordan 1 Low Bred Toe",1027
2026-07-05T17:11:15.676Z,gid://shopify/Product/14908122694018,"new-balance-1906l-black-suede","New Balance 1906L Black Suede",1282
2026-07-05T17:11:16.255Z,gid://shopify/Product/14908122792322,"new-balance-992-miusa-joe-freshgoods-aged-well","New Balance 992 MiUSA Joe Freshgoods Aged Well",1011
2026-07-05T17:11:17.282Z,gid://shopify/Product/14908122857858,"nike-dunk-high-wu-tang-2024","Nike Dunk High Wu-Tang (2024)",1123
2026-07-05T17:11:17.906Z,gid://shopify/Product/14908122956162,"air-jordan-14-retro-black-toe-2024","Jordan 14 Retro Black Toe (2024)",1101
2026-07-05T17:11:18.472Z,gid://shopify/Product/14908122988930,"air-jordan-11-retro-cherry-2022","Jordan 11 Retro Cherry (2022)",1051
2026-07-05T17:11:18.998Z,gid://shopify/Product/14908123087234,"nike-air-tech-challenge-ii-hot-lava-2024","Nike Air Tech Challenge II Hot Lava (2024)",1101
2026-07-05T17:11:19.606Z,gid://shopify/Product/14908123185538,"adidas-ultra-boost-1-0-dna-black","adidas Ultra Boost 1.0 DNA Black",1135
2026-07-05T17:11:20.159Z,gid://shopify/Product/14908123283842,"air-jordan-6-retro-doernbecher-jillian-womens","Jordan 6 Retro Doernbecher Jillian (Women's)",1158
2026-07-05T17:11:20.824Z,gid://shopify/Product/14908123349378,"adidas-adizero-evo-sl-white-black","adidas Adizero Evo SL White Black",1074
2026-07-05T17:11:21.447Z,gid://shopify/Product/14908123480450,"adidas-sambae-valentines-day-womens","adidas Sambae Valentine's Day (Women's)",1026
2026-07-05T17:11:22.398Z,gid://shopify/Product/14908123513218,"adidas-yeezy-foam-rnnr-mx-brown-blue","adidas Yeezy Foam RNR MX Cinder",1043
2026-07-05T17:11:23.008Z,gid://shopify/Product/14908123578754,"birkenstock-boston-soft-footbed-suede-taupe","Birkenstock Boston Soft Footbed Suede Taupe",971
2026-07-05T17:13:03.305Z,gid://shopify/Product/14908123677058,"air-jordan-1-retro-high-og-midnight-navy","Jordan 1 Retro High OG Midnight Navy",1340
2026-07-05T17:13:04.110Z,gid://shopify/Product/14908123709826,"adidas-yeezy-700-v3-copper-fade","adidas Yeezy 700 V3 Copper Fade",747
2026-07-05T17:13:04.718Z,gid://shopify/Product/14908123840898,"adidas-yeezy-boost-700-utility-black","adidas Yeezy Boost 700 Utility Black",717
2026-07-05T17:13:05.347Z,gid://shopify/Product/14908123906434,"air-jordan-1-mid-space-jam","Jordan 1 Mid SE Space Jam",1001
2026-07-05T17:13:05.940Z,gid://shopify/Product/14908123939202,"nike-dunk-low-light-smoke-grey-anthracite","Nike Dunk Low Light Smoke Grey Anthracite",1178
2026-07-05T17:13:06.434Z,gid://shopify/Product/14908124037506,"adidas-yeezy-slide-flax","adidas Yeezy Slide Flax",856
2026-07-05T17:13:06.939Z,gid://shopify/Product/14908124070274,"converse-chuck-taylor-all-star-70s-hi-comme-des-garcons-play-black","Converse Chuck Taylor All Star 70 Hi Comme des Garcons PLAY Black",953
2026-07-05T17:13:07.430Z,gid://shopify/Product/14908124103042,"adidas-yeezy-500-stone-salt","adidas Yeezy 500 Stone Salt",1254
2026-07-05T17:13:08.379Z,gid://shopify/Product/14908124234114,"salomon-xt-whisper-sandy-liang-fairy-tale","Salomon XT-Whisper Sandy Liang Fairy Tale",1047
2026-07-05T17:13:08.921Z,gid://shopify/Product/14908124332418,"air-jordan-6-retro-reverse-oreo","Jordan 6 Retro Reverse Oreo",1291
2026-07-05T17:13:09.494Z,gid://shopify/Product/14908124496258,"nike-air-force-1-mid-sp-off-white-varsity-maize","Nike Air Force 1 Mid SP Off-White Varsity Maize",1541
2026-07-05T17:13:09.984Z,gid://shopify/Product/14908124561794,"salomon-xt-6-gore-tex-black-silver","Salomon XT-6 Gore-Tex Black Silver",1545
2026-07-05T17:13:10.524Z,gid://shopify/Product/14908124660098,"converse-chuck-taylor-all-star-70-ox-comme-des-garcons-play-black","Converse Chuck Taylor All Star 70 Ox Comme des Garcons PLAY Black",886
2026-07-05T17:13:11.020Z,gid://shopify/Product/14908124791170,"air-jordan-9-retro-cool-grey","Jordan 9 Retro Cool Grey (2025)",1051
2026-07-05T17:13:11.545Z,gid://shopify/Product/14908124856706,"air-jordan-12-retro-barons-2024","Jordan 12 Retro Barons",1135
2026-07-05T17:13:12.095Z,gid://shopify/Product/14908124955010,"adidas-taekwondo-mei-cow-print-womens","adidas Taekwondo Mei Cow Print (Women's)",1127
2026-07-05T17:13:12.612Z,gid://shopify/Product/14908124987778,"air-jordan-4-rm-sp-nigel-sylvester-iron-grey","Jordan 4 RM SP Nigel Sylvester Driveway Grey",1357
2026-07-05T17:13:13.161Z,gid://shopify/Product/14908125053314,"air-jordan-3-retro-fire-red-2022","Jordan 3 Retro Fire Red (2022)",973
2026-07-05T17:13:13.645Z,gid://shopify/Product/14908125151618,"nike-dunk-low-pink-foam-womens","Nike Dunk Low Pink Foam (Women's)",1243
2026-07-05T17:13:14.159Z,gid://shopify/Product/14908125217154,"air-jordan-1-retro-high-og-dark-marina-blue","Jordan 1 Retro High OG Dark Marina Blue",866
2026-07-05T17:13:14.756Z,gid://shopify/Product/14908125249922,"air-jordan-1-retro-high-hyper-royal-smoke-grey","Jordan 1 Retro High OG Hyper Royal",1202
2026-07-05T17:13:15.355Z,gid://shopify/Product/14908125348226,"adidas-nmd-r1-primeblue-triple-black","adidas NMD R1 Primeblue Triple Black",884
2026-07-05T17:13:16.563Z,gid://shopify/Product/14908125380994,"air-jordan-12-retro-red-taxi","Jordan 12 Retro Taxi Flip",1413
2026-07-05T17:13:17.217Z,gid://shopify/Product/14908125446530,"nike-dunk-low-next-nature-baroque-brown","Nike Dunk Low Next Nature Baroque Brown",1320
2026-07-05T17:13:17.832Z,gid://shopify/Product/14908125479298,"air-jordan-1-high-og-spider-man-across-the-spider-verse","Jordan 1 Retro High OG Spider-Man Across the Spider-Verse",1124
2026-07-05T17:14:45.101Z,gid://shopify/Product/14908125577602,"nike-dunk-low-diffused-taupe-womens","Nike Dunk Low Sail Plum Eclipse (Women's)",1477
2026-07-05T17:14:45.623Z,gid://shopify/Product/14908125643138,"air-jordan-11-retro-playoffs-2019","Jordan 11 Retro Playoffs Bred (2019)",1154
2026-07-05T17:14:46.183Z,gid://shopify/Product/14908125675906,"new-balance-2002r-light-grey-white","New Balance 2002R Steel Grey Orca",1173
2026-07-05T17:14:46.774Z,gid://shopify/Product/14908125774210,"new-balance-990v6-grey","New Balance 990v6 MiUSA Grey",1491
2026-07-05T17:14:47.397Z,gid://shopify/Product/14908125872514,"air-jordan-1-mid-triple-black","Jordan 1 Mid Triple Black",960
2026-07-05T17:14:48.016Z,gid://shopify/Product/14908125938050,"air-jordan-1-retro-low-og-year-of-the-snake-2025","Jordan 1 Retro Low OG Year of the Snake (2025)",1457
2026-07-05T17:14:48.614Z,gid://shopify/Product/14908126003586,"adidas-forum-low-cl-cream-white-dark-blue","adidas Forum Low CL Cream White Dark Blue",1345
2026-07-05T17:14:49.243Z,gid://shopify/Product/14908126101890,"adidas-campus-00s-crystal-white-core-black","adidas Campus 00s Crystal White Core Black (Women's)",1464
2026-07-05T17:14:49.821Z,gid://shopify/Product/14908126200194,"nike-air-force-1-low-g-dragon-peaceminusone-para-noise-30","Nike Air Force 1 Low G-Dragon Peaceminusone Para-Noise 3.0",1979
2026-07-05T17:14:50.355Z,gid://shopify/Product/14908126265730,"jordan-1-retro-high-og-taxi","Jordan 1 Retro High OG Taxi",1048
2026-07-05T17:14:50.877Z,gid://shopify/Product/14908126331266,"air-jordan-1-retro-high-white-university-blue-black","Jordan 1 Retro High OG University Blue",1440
2026-07-05T17:14:51.471Z,gid://shopify/Product/14908126364034,"nike-dunk-high-black-white-total-orange-2021","Nike Dunk High Panda Black White (2021/2024)",1158
2026-07-05T17:14:52.211Z,gid://shopify/Product/14908126462338,"air-jordan-1-low-lucky-green","Jordan 1 Low Lucky Green",1066
2026-07-05T17:14:52.747Z,gid://shopify/Product/14908126527874,"jordan-1-low-triple-white","Jordan 1 Low Triple White",1054
2026-07-05T17:14:53.320Z,gid://shopify/Product/14908126593410,"air-jordan-11-retro-black-clear","Jordan 11 Retro Jubilee 25th Anniversary",1493
2026-07-05T17:14:53.791Z,gid://shopify/Product/14908126658946,"air-jordan-11-retro-concord-2018","Jordan 11 Retro Concord (2018)",900
2026-07-05T17:14:54.316Z,gid://shopify/Product/14908126757250,"nike-dunk-low-retro-se-off-noir-smoke-grey","Nike Dunk Low Retro SE Off Noir Smoke Grey",1400
2026-07-05T17:14:54.831Z,gid://shopify/Product/14908126822786,"nike-air-max-dn8-hyper-pink","Nike Air Max Dn8 Hyper Pink",1178
2026-07-05T17:14:55.384Z,gid://shopify/Product/14908126888322,"new-balance-530-sea-salt-mercury-red","New Balance 530 Sea Salt Mercury Red",1176
2026-07-05T17:14:55.944Z,gid://shopify/Product/14908126953858,"air-jordan-5-retro-olive-2024","Jordan 5 Retro Olive (2024)",1431
2026-07-05T17:14:56.447Z,gid://shopify/Product/14908126986626,"nike-air-foamposite-one-royal-2024","Nike Air Foamposite One International Blue",1327
2026-07-05T17:14:57.586Z,gid://shopify/Product/14908127084930,"air-jordan-1-retro-high-og-lucky-green","Jordan 1 Retro High OG Lucky Green",1056
2026-07-05T17:14:58.061Z,gid://shopify/Product/14908127183234,"adidas-response-cl-bad-bunny-paso-fino","adidas Response CL Bad Bunny Paso Fino",1469
2026-07-05T17:14:58.666Z,gid://shopify/Product/14908127216002,"jordan-1-low-panda-2023-womens","Jordan 1 Low Panda (2023) (Women's)",1170
2026-07-05T17:14:59.196Z,gid://shopify/Product/14908127281538,"air-jordan-2-retro-j-balvin","Jordan 2 Retro J Balvin",1081
2026-07-05T17:16:34.668Z,gid://shopify/Product/14908127412610,"nike-air-zoom-spiridon-cage-2-metallic-silver","Nike Air Zoom Spiridon Cage 2 Metallic Silver",984
2026-07-05T17:16:35.398Z,gid://shopify/Product/14908127478146,"new-balance-530-brown-tan","New Balance 530 Brown Tan",886
2026-07-05T17:16:35.922Z,gid://shopify/Product/14908127543682,"air-jordan-1-low-se-white-legend-blue","Jordan 1 Low SE White Legend Blue",1142
2026-07-05T17:16:36.554Z,gid://shopify/Product/14908127609218,"adidas-yeezy-700-v3-fade-carbon","adidas Yeezy 700 V3 Fade Carbon",802
2026-07-05T17:16:37.124Z,gid://shopify/Product/14908127641986,"air-jordan-1-retro-low-85-royal","Jordan 1 Retro Low '85 Royal",1229
2026-07-05T17:16:37.689Z,gid://shopify/Product/14908127707522,"adidas-yeezy-boost-350-v2-granite","adidas Yeezy Boost 350 V2 Granite",992
2026-07-05T17:16:38.351Z,gid://shopify/Product/14908127838594,"air-jordan-1-retro-high-og-palomino","Jordan 1 Retro High OG Palomino",1053
2026-07-05T17:16:38.839Z,gid://shopify/Product/14908127904130,"adidas-yeezy-slide-dark-onyx-kids","adidas Yeezy Slide Dark Onyx (Kids)",1071
2026-07-05T17:16:39.321Z,gid://shopify/Product/14908127936898,"nike-dunk-low-next-nature-summit-white-baroque-brown","Nike Dunk Low Next Nature Summit White Baroque Brown",1250
2026-07-05T17:16:39.859Z,gid://shopify/Product/14908128035202,"adidas-yeezy-boost-350-v2-dazzling-blue","adidas Yeezy Boost 350 V2 Dazzling Blue",797
2026-07-05T17:16:40.354Z,gid://shopify/Product/14908128133506,"air-jordan-2-retro-chicago-2022","Jordan 2 Retro OG Chicago (2022)",1023
2026-07-05T17:16:40.876Z,gid://shopify/Product/14908128199042,"adidas-yeezy-boost-700-hi-red-red","adidas Yeezy Boost 700 Hi-Res Red",1014
2026-07-05T17:16:41.413Z,gid://shopify/Product/14908128297346,"air-jordan-1-retro-high-og-black-toe-reimagined-ps","Jordan 1 Retro High OG Black Toe Reimagined (PS)",1307
2026-07-05T17:16:41.934Z,gid://shopify/Product/14908128428418,"nike-dunk-low-smoke-grey-gum-3m-swoosh","Nike Dunk Low Smoke Grey Gum 3M Swoosh",1345
2026-07-05T17:16:42.521Z,gid://shopify/Product/14908128526722,"nike-air-force-1-low-supreme-baroque-brown","Nike Air Force 1 Low Supreme Baroque Brown",962
2026-07-05T17:16:43.118Z,gid://shopify/Product/14908128559490,"air-jordan-11-retro-low-space-jam-gs","Jordan 11 Retro Low Space Jam (GS)",1394
2026-07-05T17:16:43.789Z,gid://shopify/Product/14908128625026,"adidas-yeezy-boost-350-v2-slate-core-black-slate","adidas Yeezy Boost 350 V2 Slate",914
2026-07-05T17:16:44.411Z,gid://shopify/Product/14908128690562,"air-jordan-1-retro-low-og-sp-travis-scott-medium-olive-ps","Jordan 1 Retro Low OG SP Travis Scott Medium Olive (PS)",1260
2026-07-05T17:16:44.936Z,gid://shopify/Product/14908128756098,"nike-dunk-low-retro-white-black-ps","Nike Dunk Low Retro White Black Panda (PS)",908
2026-07-05T17:16:45.565Z,gid://shopify/Product/14908128788866,"new-balance-1906r-silver-classic-crimson","New Balance 1906R Silver Classic Crimson",1383
2026-07-05T17:16:46.144Z,gid://shopify/Product/14908128887170,"air-jordan-1-retro-low-og-atmosphere-grey","Jordan 1 Retro Low OG Atmosphere Grey",1228
2026-07-05T17:16:46.690Z,gid://shopify/Product/14908128985474,"new-balance-2002r-off-white","New Balance 2002R Off White",1106
2026-07-05T17:16:47.194Z,gid://shopify/Product/14908129083778,"air-jordan-14-retro-black-toe-2024-gs","Jordan 14 Retro Black Toe (2024) (GS)",1354
2026-07-05T17:16:47.704Z,gid://shopify/Product/14908129116546,"air-jordan-1-mid-se-neutral-grey-sail","Jordan 1 Mid SE Neutral Grey Sail",1195
2026-07-05T17:16:48.256Z,gid://shopify/Product/14908129214850,"adidas-yeezy-boost-700-mnvn-blue-tint","adidas Yeezy Boost 700 MNVN Blue Tint",736
2026-07-05T17:18:09.246Z,gid://shopify/Product/14908129247618,"nike-free-metcon-5-smoke-grey","Nike Free Metcon 5 Smoke Grey",1318
2026-07-05T17:18:09.867Z,gid://shopify/Product/14908129313154,"air-jordan-1-low-se-patent-elephant-black-womens","Jordan 1 Low SE Patent Elephant Black (Women's)",1188
2026-07-05T17:18:10.386Z,gid://shopify/Product/14908129378690,"air-jordan-1-retro-high-og-lost-and-found-td","Jordan 1 Retro High OG Chicago Lost and Found (TD)",1174
2026-07-05T17:18:10.970Z,gid://shopify/Product/14908129444226,"asics-gt-2160-white-sweet-pink","ASICS GT-2160 White Sweet Pink",1132
2026-07-05T17:18:11.477Z,gid://shopify/Product/14908129476994,"asics-gel-kayano-20-cream-blue-red","ASICS Gel-Kayano 20 Cream Blue Red",1304
2026-07-05T17:18:12.088Z,gid://shopify/Product/14908129542530,"nike-dunk-low-medium-curry","Nike Dunk Low Medium Curry",998
2026-07-05T17:18:12.721Z,gid://shopify/Product/14908129608066,"nike-dunk-low-next-nature-white-gym-red-w","Nike Dunk Low Next Nature White Gym Red (Women's)",902
2026-07-05T17:18:13.235Z,gid://shopify/Product/14908129640834,"adidas-sl-72-og-maroon-preloved-brown-womens","adidas SL 72 OG Maroon Preloved Brown (Women's)",1191
2026-07-05T17:18:13.743Z,gid://shopify/Product/14908129673602,"new-balance-550-white-green","New Balance 550 White Green",726
2026-07-05T17:18:14.311Z,gid://shopify/Product/14908129739138,"adidas-campus-00s-core-black-white","adidas Campus 00s Core Black White",1466
2026-07-05T17:18:14.834Z,gid://shopify/Product/14908129771906,"nike-air-force-1-low-07-white-travis-scott-cactus-jack-utopia-edition","Nike Air Force 1 Low '07 White (Travis Scott Cactus Jack Utopia Edition)",1304
2026-07-05T17:18:15.439Z,gid://shopify/Product/14908129837442,"air-jordan-1-mid-panda-womens","Jordan 1 Mid Panda (Women's)",1161
2026-07-05T17:18:15.970Z,gid://shopify/Product/14908129870210,"adidas-bw-army-footwear-white","adidas BW Army Footwear White",1236
2026-07-05T17:18:16.585Z,gid://shopify/Product/14908129902978,"air-jordan-3-retro-wizards","Jordan 3 Retro Wizards",933
2026-07-05T17:18:17.109Z,gid://shopify/Product/14908129968514,"air-jordan-1-low-wolf-grey-midnight-navy","Jordan 1 Low Wolf Grey Midnight Navy",1285
2026-07-05T17:18:17.728Z,gid://shopify/Product/14908130034050,"air-jordan-1-retro-high-og-reverse-laney-w","Jordan 1 Retro High OG Reverse Laney (Women's)",1015
2026-07-05T17:18:18.244Z,gid://shopify/Product/14908130066818,"adidas-yeezy-boost-700-mnvn-honey-flux","adidas Yeezy Boost 700 MNVN Honey Flux",726
2026-07-05T17:18:18.790Z,gid://shopify/Product/14908130165122,"nike-air-force-1-flyknit-2-white-pure-platinum","Nike Air Force 1 Flyknit 2 White Pure Platinum",769
2026-07-05T17:18:19.312Z,gid://shopify/Product/14908130230658,"common-projects-original-achilles-white","Common Projects Original Achilles White",871
2026-07-05T17:18:19.822Z,gid://shopify/Product/14908130296194,"nike-killshot-2-phantom-black","Nike Killshot 2 Phantom Black",1000
2026-07-05T17:18:20.356Z,gid://shopify/Product/14908130427266,"air-jordan-1-low-og-neutral-grey","Jordan 1 Low OG Neutral Grey (2021/2024)",822
2026-07-05T17:18:20.914Z,gid://shopify/Product/14908130492802,"nike-air-zoom-alphafly-next-3-fp-blueprint-pack","Nike Air Zoom Alphafly Next% 3 FP Blueprint Pack",1081
2026-07-05T17:18:21.430Z,gid://shopify/Product/14908130591106,"adidas-samba-xlg-black-carbon","adidas Samba XLG Black Carbon",1181
2026-07-05T17:18:21.939Z,gid://shopify/Product/14908130689410,"nike-air-zoom-gt-cut-3-electric-pack-olympic-safari","Nike Air Zoom GT Cut 3 Electric Pack Olympic Safari",1195
2026-07-05T17:18:22.595Z,gid://shopify/Product/14908130754946,"air-jordan-1-low-se-medium-grey-cool-grey-white","Jordan 1 Low SE Medium Grey Cool Grey White",1525
2026-07-05T17:19:55.201Z,gid://shopify/Product/14908130820482,"adidas-country-og-liberty-london-floral-embroidery-womens","adidas Country OG Liberty London Floral Embroidery (Women's)",1216
2026-07-05T17:19:55.713Z,gid://shopify/Product/14908131017090,"nike-dunk-low-se-phantom-khaki","Nike Dunk Low Retro SE Phantom Khaki",1262
2026-07-05T17:19:56.226Z,gid://shopify/Product/14908131115394,"nike-dunk-low-veneer-2020","Nike Dunk Low Veneer (2020/2024)",1153
2026-07-05T17:19:56.778Z,gid://shopify/Product/14908131180930,"nike-sb-dunk-low-olympics-safari","Nike SB Dunk Low Electric Pack Olympic Safari",1383
2026-07-05T17:19:57.293Z,gid://shopify/Product/14908131279234,"air-jordan-11-retro-bred-velvet-womens","Jordan 11 Retro Bred Velvet (Women's)",1170
2026-07-05T17:19:57.860Z,gid://shopify/Product/14922566467970,"adidas-gazelle-indoor-blue-fusion-gum-w","adidas Gazelle Indoor Blue Fusion Gum (Women's)",1301
2026-07-05T17:19:58.388Z,gid://shopify/Product/14922566500738,"adidas-gazelle-bold-grey-white-w","adidas Gazelle Bold Grey White (Women's)",1485
2026-07-05T17:19:58.903Z,gid://shopify/Product/14922566566274,"adidas-gazelle-bold-core-black-white-w","adidas Gazelle Bold Core Black White (Women's)",1311
2026-07-05T17:19:59.471Z,gid://shopify/Product/14922566599042,"adidas-gazelle-bold-wonder-quartz-black-gum-womens","adidas Gazelle Bold Wonder Quartz Black Gum (Women's)",1412
2026-07-05T17:20:01.767Z,gid://shopify/Product/14922566631810,"adidas-gazelle-black-white-gum","adidas Gazelle Black White Gum",1177
2026-07-05T17:20:02.435Z,gid://shopify/Product/14922566697346,"adidas-gazelle-indoor-blue-bird-cloud-white","adidas Gazelle Indoor Blue Bird Cloud White",1374
2026-07-05T17:20:02.957Z,gid://shopify/Product/14922566730114,"adidas-gazelle-indoor-pink-velvet-womens","adidas Gazelle Indoor Pink Velvet (Women's)",1209
2026-07-05T17:20:03.576Z,gid://shopify/Product/14922566762882,"adidas-gazelle-core-black-cloud-white-gold","adidas Gazelle Core Black Cloud White Gold",1345
2026-07-05T17:20:04.115Z,gid://shopify/Product/14922566795650,"adidas-gazelle-blue-bird-gum","adidas Gazelle Indoor Blue Bird Gum",1283
2026-07-05T17:20:04.654Z,gid://shopify/Product/14922566861186,"adidas-gazelle-indoor-magic-beige-womens","adidas Gazelle Indoor Magic Beige (Women's)",1355
2026-07-05T17:20:05.254Z,gid://shopify/Product/14922566893954,"adidas-gazelle-indoor-core-black","adidas Gazelle Indoor Core Black",1244
2026-07-05T17:20:06.419Z,gid://shopify/Product/14922566992258,"adidas-gazelle-scarlet-cloud-white","adidas Gazelle Indoor Scarlet Cloud White",1340
2026-07-05T17:20:06.938Z,gid://shopify/Product/14922567025026,"adidas-gazelle-clot-halo-ivory","adidas Gazelle CLOT Halo Ivory",1398
2026-07-05T17:20:07.434Z,gid://shopify/Product/14922567090562,"adidas-gazelle-indoor-collegiate-green-gum","adidas Gazelle Indoor Collegiate Green Gum",1472
2026-07-05T17:20:08.004Z,gid://shopify/Product/14922567123330,"adidas-gazelle-indoor-mineral-green-silver-dawn","adidas Gazelle Indoor Mineral Green Silver Dawn",1493
2026-07-05T17:20:08.540Z,gid://shopify/Product/14922567156098,"adidas-gazelle-indoor-brown-velvet-womens","adidas Gazelle Indoor Brown Velvet (Women's)",1058
2026-07-05T17:20:09.043Z,gid://shopify/Product/14922567221634,"adidas-gazelle-bold-liberty-london-floral-embroidery-womens","adidas Gazelle Bold Liberty London Floral Embroidery (Women's)",1780
2026-07-05T17:20:09.562Z,gid://shopify/Product/14922567254402,"adidas-gazelle-indoor-blue-dawn-collegiate-burgundy","adidas Gazelle Indoor Blue Dawn Collegiate Burgundy",1524
2026-07-05T17:20:10.071Z,gid://shopify/Product/14922567319938,"adidas-gazelle-collegiate-burgundy-white","adidas Gazelle Collegiate Burgundy White",1684
2026-07-05T17:20:10.591Z,gid://shopify/Product/14922567352706,"adidas-gazelle-indoor-collegiate-burgundy-arctic-fusion","adidas Gazelle Indoor Collegiate Burgundy Arctic Fusion",1615
2026-07-05T17:21:52.955Z,gid://shopify/Product/14922567385474,"adidas-gazelle-indoor-dark-blue-bliss-orange","adidas Gazelle Indoor Dark Blue Bliss Orange",1267
2026-07-05T17:21:53.479Z,gid://shopify/Product/14922567516546,"adidas-gazelle-navy-white","adidas Gazelle Navy White",1408
2026-07-05T17:21:54.106Z,gid://shopify/Product/14922567647618,"adidas-gazelle-indoor-olympic-blue","adidas Gazelle Indoor Olympic Blue",1293
2026-07-05T17:21:54.733Z,gid://shopify/Product/14922567745922,"adidas-gazelle-bold-almost-yellow-maroon-womens","adidas Gazelle Bold Almost Yellow Maroon (Women's)",1293
2026-07-05T17:21:55.832Z,gid://shopify/Product/14922567778690,"adidas-gazelle-indoor-shadow-green-warm-sandstone","adidas Gazelle Indoor Shadow Green Warm Sandstone",1407
2026-07-05T17:21:56.409Z,gid://shopify/Product/14922567844226,"adidas-gazelle-clot-linen-khaki","adidas Gazelle CLOT Linen Khaki",1264
2026-07-05T17:21:56.985Z,gid://shopify/Product/14922567876994,"adidas-gazelle-indoor-off-white-clear-sky","adidas Gazelle Indoor Off White Clear Sky",1263
2026-07-05T17:21:57.517Z,gid://shopify/Product/14922567909762,"adidas-gazelle-bold-red-cloud-white-womens","adidas Gazelle Bold Red Cloud White (Women's)",1301
2026-07-05T17:21:58.538Z,gid://shopify/Product/14922567942530,"adidas-gazelle-indoor-beam-orange","adidas Gazelle Indoor Beam Orange",1326
2026-07-05T17:21:59.107Z,gid://shopify/Product/14922568008066,"adidas-gazelle-indoor-earth-strata-white-gold-metallic","adidas Gazelle Indoor Earth Strata White Gold Metallic",1410
2026-07-05T17:21:59.677Z,gid://shopify/Product/14922568139138,"adidas-gazelle-indoor-maroon-preloved-crimson","adidas Gazelle Indoor Maroon Preloved Crimson",1180
2026-07-05T17:22:00.159Z,gid://shopify/Product/14922568171906,"adidas-gazelle-bold-black-white-gum-womens","adidas Gazelle Bold Black White Gum (Women's)",1319
2026-07-05T17:22:00.680Z,gid://shopify/Product/14922568204674,"adidas-gazelle-triple-black","adidas Gazelle Triple Black",1107
2026-07-05T17:22:04.335Z,gid://shopify/Product/14922568270210,"adidas-gazelle-indoor-shadow-red-shadow-green","adidas Gazelle Indoor Shadow Red Shadow Green",1106
2026-07-05T17:22:04.854Z,gid://shopify/Product/14922568302978,"adidas-gazelle-hello-kitty-gs","adidas Gazelle Hello Kitty (GS)",1447
2026-07-05T17:22:05.418Z,gid://shopify/Product/14922568335746,"adidas-gazelle-indoor-semi-spark-clay-womens","adidas Gazelle Indoor Semi Spark Clay (Women's)",1200
2026-07-05T17:22:05.894Z,gid://shopify/Product/14922568401282,"adidas-gazelle-collegiate-green-preloved-red","adidas Gazelle Collegiate Green Preloved Red",1210
2026-07-05T17:22:06.501Z,gid://shopify/Product/14922568434050,"adidas-gazelle-indoor-aluminum-core-black","adidas Gazelle Indoor Aluminum Core Black",1171
2026-07-05T17:22:06.999Z,gid://shopify/Product/14922568466818,"adidas-gazelle-indoor-better-scarlet-wonder-white-gum-womens","adidas Gazelle Indoor Better Scarlet Wonder White Gum (Women's)",1094
2026-07-05T17:22:07.526Z,gid://shopify/Product/14922568597890,"adidas-gazelle-indoor-semi-pink-spark-preloved-scarlet-womens","adidas Gazelle Indoor Semi Pink Spark Preloved Scarlet (Women's)",1415
2026-07-05T17:22:08.049Z,gid://shopify/Product/14922568892802,"adidas-gazelle-indoor-rose-tone-womens","adidas Gazelle Indoor Rose Tone (Women's)",1344
2026-07-05T17:22:08.604Z,gid://shopify/Product/14922569154946,"adidas-gazelle-indoor-better-scarlet-hazy-green-womens","adidas Gazelle Indoor Better Scarlet Hazy Green (Women's)",1334
2026-07-05T17:22:09.311Z,gid://shopify/Product/14922569220482,"adidas-gazelle-bold-green-blue-gum-womens","adidas Gazelle Bold Green Blue Gum (Women's)",1317
2026-07-05T17:22:09.935Z,gid://shopify/Product/14922569286018,"adidas-gazelle-wonder-taupe-night-indigo","adidas Gazelle Wonder Taupe Night Indigo",1213
2026-07-05T17:22:10.535Z,gid://shopify/Product/14922569417090,"adidas-gazelle-indoor-olive-strata-cloud-white-gum","adidas Gazelle Indoor Olive Strata Cloud White Gum",1151
2026-07-05T17:23:24.417Z,gid://shopify/Product/14926790689154,"adidas-yeezy-boost-700-v3-azael","adidas Yeezy 700 V3 Azael",968
2026-07-05T17:23:24.967Z,gid://shopify/Product/14926790787458,"adidas-yeezy-boost-700-v2-static","adidas Yeezy Boost 700 V2 Static",722
2026-07-05T17:23:25.536Z,gid://shopify/Product/14926790984066,"adidas-yeezy-boost-700-salt","adidas Yeezy Boost 700 Salt",616
2026-07-05T17:23:26.438Z,gid://shopify/Product/14926791082370,"adidas-yeezy-boost-700-wash-orange","adidas Yeezy Boost 700 Wash Orange",653
2026-07-05T17:23:27.001Z,gid://shopify/Product/14926791147906,"adidas-yeezy-boost-700-mnvn-resin","adidas Yeezy Boost 700 MNVN Resin",682
2026-07-05T17:23:27.608Z,gid://shopify/Product/14926791311746,"adidas-yeezy-700-v3-fade-salt","adidas Yeezy 700 V3 Fade Salt",1124
2026-07-05T17:23:28.135Z,gid://shopify/Product/14926791344514,"adidas-yeezy-boost-700-v2-tephra","adidas Yeezy Boost 700 V2 Tephra",622
2026-07-05T17:23:28.686Z,gid://shopify/Product/14926791442818,"adidas-yeezy-boost-700-bright-blue","adidas Yeezy Boost 700 Bright Blue",962
2026-07-05T17:23:29.235Z,gid://shopify/Product/14926791475586,"adidas-yeezy-boost-700-faded-azure","adidas Yeezy Boost 700 Faded Azure",719
2026-07-05T17:23:29.737Z,gid://shopify/Product/14926791508354,"adidas-yeezy-700-v3-dark-glow","adidas Yeezy 700 V3 Dark Glow",655
2026-07-05T17:23:30.322Z,gid://shopify/Product/14926791541122,"adidas-yeezy-boost-700-mnvn-bright-cyan","adidas Yeezy Boost 700 MNVN Bright Cyan",583
2026-07-05T17:23:30.859Z,gid://shopify/Product/14926791573890,"adidas-yeezy-700-v3-clay-brown","adidas Yeezy 700 V3 Clay Brown",910
2026-07-05T17:23:31.367Z,gid://shopify/Product/14926791606658,"adidas-yeezy-700-v3-arzareth","adidas Yeezy 700 V3 Arzareth",671
2026-07-05T17:23:32.332Z,gid://shopify/Product/14926791639426,"adidas-yeezy-700-v3-mono-safflower","adidas Yeezy 700 V3 Mono Safflower",846
2026-07-05T17:23:32.893Z,gid://shopify/Product/14926791672194,"adidas-yeezy-boost-700-enflame-amber","adidas Yeezy Boost 700 Enflame Amber",646
2026-07-05T17:23:33.496Z,gid://shopify/Product/14926791737730,"adidas-yeezy-boost-700-hi-res-blue","adidas Yeezy Boost 700 Hi-Res Blue",769
2026-07-05T17:23:34.078Z,gid://shopify/Product/14926791803266,"adidas-yeezy-boost-700-mnvn-metallic","adidas Yeezy Boost 700 MNVN Metallic",633
2026-07-05T17:23:34.773Z,gid://shopify/Product/14926791868802,"adidas-yeezy-700-v3-kyanite","adidas Yeezy 700 V3 Kyanite",871
2026-07-05T17:23:35.296Z,gid://shopify/Product/14926791934338,"adidas-yeezy-boost-700-mnvn-triple-black","adidas Yeezy Boost 700 MNVN Triple Black",801
2026-07-05T17:23:35.823Z,gid://shopify/Product/14926791999874,"adidas-yeezy-boost-700-v2-vanta","adidas Yeezy Boost 700 V2 Vanta",678
2026-07-05T17:23:36.448Z,gid://shopify/Product/14926792098178,"adidas-yeezy-boost-700-mnvn-geode","adidas Yeezy Boost 700 MNVN Geode",818
2026-07-05T17:23:37.027Z,gid://shopify/Product/14926792163714,"adidas-yeezy-boost-700-v2-cream","adidas Yeezy Boost 700 V2 Cream",955
2026-07-05T17:23:37.583Z,gid://shopify/Product/14926792196482,"adidas-yeezy-700-v3-safflower","adidas Yeezy 700 V3 Safflower",782
2026-07-05T17:23:38.097Z,gid://shopify/Product/14926792262018,"adidas-yeezy-boost-700-mnvn-laceless-phosphor","adidas Yeezy Boost 700 MNVN Laceless Phosphor",962
2026-07-05T17:23:38.578Z,gid://shopify/Product/14926792327554,"adidas-yeezy-700-v3-alvah","adidas Yeezy 700 V3 Alvah",792
2026-07-05T17:25:09.786Z,gid://shopify/Product/14926792360322,"adidas-yeezy-boost-700-mnvn-laceless-analog","adidas Yeezy Boost 700 MNVN Laceless Analog",1222
2026-07-05T17:25:10.399Z,gid://shopify/Product/14926792393090,"adidas-yeezy-boost-700-wave-runner-solid-grey-kids","adidas Yeezy Boost 700 Wave Runner (Kids)",1109
2026-07-05T17:25:10.991Z,gid://shopify/Product/14926792491394,"adidas-yeezy-700-v2-mauve","adidas Yeezy Boost 700 V2 Mauve",860
2026-07-05T17:25:11.629Z,gid://shopify/Product/14926792556930,"adidas-yeezy-boost-700-mauve","adidas Yeezy Boost 700 Mauve",765
2026-07-05T17:25:12.293Z,gid://shopify/Product/14926792655234,"adidas-yeezy-boost-700-inertia","adidas Yeezy Boost 700 Inertia",630
2026-07-05T17:25:12.918Z,gid://shopify/Product/14926940930434,"asics-gel-1130-white-pure-silver-pink-womens","ASICS Gel-1130 White Pure Silver Pink (Women's)",1408
2026-07-05T17:25:13.433Z,gid://shopify/Product/14929943757186,"adidas-gazelle-bold-dark-blue-pink-spark-womens","adidas Gazelle Bold Dark Blue Pink Spark (Women's)",1380
2026-07-05T17:25:13.972Z,gid://shopify/Product/14929944347010,"air-jordan-4-retro-seafoam-sail-womens","Jordan 4 Retro Seafoam Sail (Women's)",1354
2026-07-05T17:25:14.540Z,gid://shopify/Product/14929944379778,"nike-reactx-rejuven8-green-strike","Nike ReactX Rejuven8 Green Strike",1170
2026-07-05T17:25:15.082Z,gid://shopify/Product/14929944445314,"nike-reactx-rejuven8-triple-black","Nike ReactX Rejuven8 Triple Black",1115
2026-07-05T17:25:15.591Z,gid://shopify/Product/14929944674690,"nike-total-90-3-sp-metallic-silver-red","Nike Total 90 3 SP Metallic Silver Black",1338
2026-07-05T17:25:16.091Z,gid://shopify/Product/14929944871298,"nike-reactx-rejuven8-light-orewood-brown","Nike ReactX Rejuven8 Light Orewood Brown",1328
2026-07-05T17:25:16.638Z,gid://shopify/Product/14929944936834,"air-jordan-4-retro-sb-navy","Jordan 4 Retro SB Navy",1575
2026-07-05T17:25:17.156Z,gid://shopify/Product/14929945821570,"nike-reactx-rejuven8-smoke-grey","Nike ReactX Rejuven8 Smoke Grey",1533
2026-07-05T17:25:17.642Z,gid://shopify/Product/14929945854338,"supreme-los-angeles-fire-relief-box-logo-tee-white","Supreme Los Angeles Fire Relief Box Logo Tee White",565
2026-07-05T17:25:18.216Z,gid://shopify/Product/14929945985410,"nike-air-force-1-low-drake-nocta-certified-lover-boy-pink-foam","Nike Air Force 1 Low Drake NOCTA Certified Lover Boy Pink Foam",1621
2026-07-05T17:25:18.769Z,gid://shopify/Product/14929946182018,"nike-air-zoom-pegasus-premium-black-bright-crimson","Nike Air Zoom Pegasus Premium Black Bright Crimson",1262
2026-07-05T17:25:19.539Z,gid://shopify/Product/14929946280322,"crocs-classic-clog-a-bathing-ape-bape-abc-camo-pink","Crocs Classic Clog A Bathing Ape ABC Camo Pink",1140
2026-07-05T17:25:20.251Z,gid://shopify/Product/14929946378626,"nike-zoom-field-jaxx-travis-scott-light-chocolate","Nike Zoom Field Jaxx Travis Scott Light Chocolate",1663
2026-07-05T17:25:20.844Z,gid://shopify/Product/14929946608002,"nikecraft-general-purpose-shoe-tom-sachs","NikeCraft General Purpose Shoe Tom Sachs",1240
2026-07-05T17:25:21.470Z,gid://shopify/Product/14929946706306,"nike-total-90-3-sp-black","Nike Total 90 3 SP Black",1242
2026-07-05T17:25:22.039Z,gid://shopify/Product/14929946739074,"crocs-classic-clog-a-bathing-ape-bape-abc-camo-blue","Crocs Classic Clog A Bathing Ape ABC Camo Blue",1502
2026-07-05T17:25:22.601Z,gid://shopify/Product/14929947459970,"nike-air-flightposite-black-2025","Nike Air Flightposite Black (2025)",1396
2026-07-05T17:25:23.205Z,gid://shopify/Product/14929947918722,"nike-dunk-low-retro-university-blue","Nike Dunk Low Retro University Blue",1521
2026-07-05T17:25:24.125Z,gid://shopify/Product/14929948049794,"nike-sb-dunk-low-the-wizard-of-oz-poppy-field","Nike SB Dunk Low The Wizard of Oz Poppy Field",1696
2026-07-17T12:11:36.924Z,gid://shopify/Product/15233985380738,"eric-emanuel-ee-basic-short-phoenix-suns","Eric Emanuel EE Basic Short Phoenix Suns",1031
2026-07-17T12:11:36.927Z,gid://shopify/Product/15233996554626,"pokemon-tcg-25th-anniversary-celebrations-pokemon-center-exclusive-elite-trainer-box","Pokémon TCG 25th Anniversary Celebrations Pokémon Center Exclusive Elite Trainer Box",1139
2026-07-17T12:11:36.927Z,gid://shopify/Product/15247426355586,"nike-air-max-90-premium-black-university-gold-camo","Nike Air Max 90 Premium Black University Gold Camo",1260
2026-07-17T12:11:36.927Z,gid://shopify/Product/15247926428034,"nike-dunk-low-team-gold-1","Nike Dunk Low Team Gold %",792
2026-07-17T12:11:36.927Z,gid://shopify/Product/15257609437570,"asics-skyhand-og-oatmeal-black","ASICS Skyhand OG Oatmeal Black",1047
2026-07-17T12:11:36.927Z,gid://shopify/Product/15308434637186,"nike-mind-001-slide-black-chrome-womens","Nike Mind 001 Slide Black Chrome (Women's)",1096
2026-07-17T12:11:36.927Z,gid://shopify/Product/15308434866562,"nike-mind-001-slide-fragment-black","Nike Mind 001 Slide Fragment Black",1037
2026-07-17T12:11:36.928Z,gid://shopify/Product/15319227302274,"air-jordan-6-rings-black-metallic-gold-white","Jordan 6 Rings Black Metallic Gold White",1062
2026-07-17T12:11:36.928Z,gid://shopify/Product/15321791398274,"air-jordan-14-retro-black-university-blue-2026","Jordan 14 Retro Black University Blue (2026)",1133
2026-07-17T12:11:36.928Z,gid://shopify/Product/15322121503106,"puma-speedcat-ballet-wild-leopard-pony-hair-womens","Puma Speedcat Ballet Wild Leopard Pony Hair (Women's)",846
2026-07-17T12:11:36.928Z,gid://shopify/Product/15325598876034,"saucony-progrid-triumph-4-jae-tips-flowers-grow-uptown-poison-ivy","Saucony ProGrid Triumph 4 Jae Tips Flowers Grow Uptown Poison Ivy",755
2026-07-17T12:11:36.928Z,gid://shopify/Product/15326332420482,"nike-mind-001-slide-pearl-pink-womens","Nike Mind 001 Slide Pearl Pink (Women's)",1103
2026-07-17T12:11:36.928Z,gid://shopify/Product/15330261467522,"nike-mind-001-slide-barely-green-womens","Nike Mind 001 Barely Green Hyper Crimson Black Chrome (Women's)",1335
2026-07-17T12:11:36.929Z,gid://shopify/Product/15333099831682,"adidas-handball-spezial-cream-white-beige-womens-1","adidas Handball Spezial Cream White Beige (Women's) %",1097
2026-07-17T12:11:36.929Z,gid://shopify/Product/15333105336706,"adidas-campus-00s-core-black-lucid-blue-1","adidas Campus 00s Core Black Lucid Blue %",1018
2026-07-17T12:11:36.929Z,gid://shopify/Product/15333111366018,"asics-gel-1130-cream-sweet-pink-gs-1","ASICS Gel-1130 Cream Sweet Pink (GS) %",1012
2026-07-17T12:11:36.930Z,gid://shopify/Product/15333121819010,"nike-ja-3-zombie-1","Nike Ja 3 Zombie %",848
2026-07-17T12:11:36.930Z,gid://shopify/Product/15333187158402,"nike-air-zoom-spiridon-cage-2-triple-black-1","Nike Air Zoom Spiridon Cage 2 Triple Black %",1039
2026-07-17T12:11:36.930Z,gid://shopify/Product/15333190828418,"jordan-5-retro-wolf-grey-2026","Jordan 5 Retro Wolf Grey (2026) %",1177
2026-07-17T12:11:36.930Z,gid://shopify/Product/15340410732930,"essentials-shorts-stretch-limo-ss22","Essentials Shorts Stretch Limo (SS22)",646
2026-07-17T12:12:38.363Z,gid://shopify/Product/15340414042498,"bape-abc-camo-college-tee-white-green-ss21","BAPE ABC Camo College Tee (SS21) White/Green",660
2026-07-17T12:12:38.368Z,gid://shopify/Product/15342098579842,"air-jordan-1-retro-ultra-space-jam","Jordan 1 Retro Ultra High Space Jam",1171
2026-07-17T12:12:38.368Z,gid://shopify/Product/15342417805698,"jacquemus-x-nike-le-sac-swoosh-small-dark-red","Jacquemus x Nike Le Sac Swoosh Small Dark Red",681
2026-07-17T12:12:38.368Z,gid://shopify/Product/15342418067842,"jacquemus-x-nike-le-swoosh-hoodie-dark-pink","Jacquemus x Nike Le Swoosh Hoodie Dark Pink",1011
2026-07-17T12:12:38.368Z,gid://shopify/Product/15342418395522,"jacquemus-le-chiquito-moyen-bag-white","Jacquemus Le Chiquito Moyen Bag White",495
2026-07-17T12:12:38.369Z,gid://shopify/Product/15342418690434,"jacquemus-x-nike-le-sac-swoosh-small-ivory","Jacquemus x Nike Le Sac Swoosh Small Ivory",1139
2026-07-17T12:12:38.369Z,gid://shopify/Product/15344310583682,"nike-ja-3-jurassic-park-green-spark-gs","Nike Ja 3 Jurassic Park Explorer (GS)",878
2026-07-17T12:12:38.369Z,gid://shopify/Product/15344738795906,"ami-paris-ami-de-coeur-tonal-boxy-fit-crewneck-sky-blue","Ami Paris Ami De Coeur Tonal Boxy Fit Crewneck Sky Blue",997
2026-07-17T12:12:38.369Z,gid://shopify/Product/15344786112898,"sp5der-rhinestone-punk-v2-hoodie-black","Sp5der Rhinestone Punk V2 Hoodie Black",985
2026-07-17T12:12:38.369Z,gid://shopify/Product/15344786407810,"sp5der-punk-v2-hoodie-cyan","Sp5der Punk V2 Hoodie Cyan",809
2026-07-17T12:12:38.369Z,gid://shopify/Product/15344786637186,"sp5der-cb-punk-v2-hoodie-owl","Sp5der CB Punk V2 Hoodie Owl",801
2026-07-17T12:12:38.369Z,gid://shopify/Product/15344786833794,"sp5der-og-web-v2-tee-slate-grey","Sp5der OG Web V2 Tee Slate Grey",784
2026-07-17T12:12:38.369Z,gid://shopify/Product/15344787063170,"sp5der-og-web-v2-tiger-camo-hoodie-tiger-camo","Sp5der OG Web V2 Tiger Camo Hoodie Tiger Camo",845
2026-07-17T12:12:38.369Z,gid://shopify/Product/15344787325314,"sp5der-acai-hoodie-purple","Sp5der Acai Hoodie Purple",1275
2026-07-17T12:12:38.369Z,gid://shopify/Product/15344787554690,"sp5der-star-og-web-v2-hoodie-purple","Sp5der Star OG Web V2 Hoodie Purple",949
2026-07-17T12:12:38.369Z,gid://shopify/Product/15344787751298,"sp5der-beluga-l-s-hw-tee-brown","Sp5der Beluga L/S HW Tee Brown",878
2026-07-17T12:12:38.369Z,gid://shopify/Product/15344787947906,"sp5der-punk-v2-hoodie-slate","Sp5der Punk V2 Hoodie Slate",902
2026-07-17T12:12:38.369Z,gid://shopify/Product/15344788177282,"sp5der-angel-number-hoodie-black","Sp5der Angel Number Hoodie Black",1087
2026-07-17T12:12:38.369Z,gid://shopify/Product/15344788504962,"sp5der-web-hoodie-brown","Sp5der Web Hoodie Brown",1428
2026-07-17T12:12:38.369Z,gid://shopify/Product/15344788701570,"sp5der-warped-tee-black","Sp5der Warped Tee Black",1056
2026-07-17T12:13:47.750Z,gid://shopify/Product/15344788963714,"sp5der-wait-sweatpant-black","Sp5der Wait Sweatpant Black",1387
2026-07-17T12:13:47.755Z,gid://shopify/Product/15344789291394,"sp5der-og-web-studded-zip-hoodie-black","Sp5der OG Web Studded Zip Hoodie Black",1207
2026-07-17T12:13:47.756Z,gid://shopify/Product/15344789717378,"sp5der-x-uy-scuti-shorts-black-red","Sp5der x UY SCUTI Shorts Black/Red",1190
2026-07-17T12:13:47.756Z,gid://shopify/Product/15344790143362,"sp5der-og-logo-hoodie-black","Sp5der OG Logo Hoodie Black",1111
2026-07-17T12:13:47.756Z,gid://shopify/Product/15344790733186,"sp5der-x-uy-scuti-1-tee-black-green","Sp5der x UY SCUTI Tee Black/Green",1243
2026-07-17T12:13:47.756Z,gid://shopify/Product/15344791224706,"chrome-hearts-ch-hollywood-trucker-hat-black-black","Chrome Hearts CH Hollywood Trucker Hat Black/Black",738
2026-07-17T12:13:47.756Z,gid://shopify/Product/15344791454082,"chrome-hearts-ch-hollywood-trucker-hat-camo","Chrome Hearts CH Hollywood Trucker Hat Camo",853
2026-07-17T12:13:47.756Z,gid://shopify/Product/15344791748994,"chrome-hearts-horse-shoe-logo-pocket-t-shirt-white","Chrome Hearts Horse Shoe Logo Pocket T-Shirt White",1431
2026-07-17T12:13:47.756Z,gid://shopify/Product/15344791945602,"chrome-hearts-new-york-exclusive-l-s-t-shirt-black","Chrome Hearts New York Exclusive L/S T-Shirt Black",1119
2026-07-17T12:13:47.756Z,gid://shopify/Product/15344792174978,"chrome-hearts-fuck-hollywood-trucker-hat-black-black","Chrome Hearts FUCK Hollywood Trucker Hat Black/Black",899
2026-07-17T12:13:47.756Z,gid://shopify/Product/15344792469890,"chrome-hearts-miami-exclusive-trucker-hat-black","Chrome Hearts Miami Exclusive Trucker Hat Black",1366
2026-07-17T12:13:47.756Z,gid://shopify/Product/15344792699266,"nike-x-nocta-x-chrome-hearts-tee-multicolor","Nike x NOCTA x Chrome Hearts Tee Multicolor",1193
2026-07-17T12:13:47.756Z,gid://shopify/Product/15344793059714,"chrome-hearts-new-york-exclusive-hoodie-black","Chrome Hearts New York Exclusive Hoodie Black",1137
2026-07-17T12:13:47.756Z,gid://shopify/Product/15344793289090,"chrome-hearts-vertical-logo-hat-black","Chrome Hearts Vertical Logo Hat Black",918
2026-07-17T12:13:47.756Z,gid://shopify/Product/15344793584002,"chrome-hearts-ch-los-angeles-trucker-hat-black-black","Chrome Hearts CH Los Angeles Trucker Hat Black/Black",2464
2026-07-17T12:13:47.756Z,gid://shopify/Product/15344793813378,"chrome-hearts-matty-boy-chomper-leather-strapback-hat-black","Chrome Hearts Matty Boy Chomper Leather Strapback Hat Black",1445
2026-07-17T12:13:47.756Z,gid://shopify/Product/15344794075522,"chrome-hearts-floral-horseshoe-l-s-t-shirt-white","Chrome Hearts Floral Horseshoe L/S T-shirt White",1059
2026-07-17T12:13:47.756Z,gid://shopify/Product/15344794272130,"chrome-hearts-1988-neck-logo-long-sleeve-t-shirt-black-blue","Chrome Hearts 1988 Neck Logo Long Sleeve T-shirt Black/Blue",1333
2026-07-17T12:13:47.756Z,gid://shopify/Product/15344794599810,"chrome-hearts-triple-cross-trucker-hat-black-white","Chrome Hearts Triple Cross Trucker Hat Black/White",1201
2026-07-17T12:13:47.756Z,gid://shopify/Product/15344795025794,"chrome-hearts-triple-cross-cemetery-trucker-hat-black","Chrome Hearts Triple Cross Cemetery Trucker Hat Black",1161
2026-07-17T12:14:44.024Z,gid://shopify/Product/15344795222402,"chrome-hearts-cross-waxed-denim-baseball-cap-black","Chrome Hearts Cross Waxed Denim Baseball Cap Black",860
2026-07-17T12:14:44.029Z,gid://shopify/Product/15344795517314,"chrome-hearts-snow-goggles-white","Chrome Hearts Snow Goggles White",897
2026-07-17T12:14:44.029Z,gid://shopify/Product/15344795812226,"chrome-hearts-5-panel-baseball-cap-cherry","Chrome Hearts 5 Panel Baseball Cap Cherry",843
2026-07-17T12:14:44.029Z,gid://shopify/Product/15344796631426,"aime-leon-dore-x-porsche-993-turbo-leather-club-jacket-british-racing-green","Aime Leon Dore x Porsche 993 Turbo Leather Club Jacket British Racing Green",1284
2026-07-17T12:14:44.029Z,gid://shopify/Product/15348444201346,"nike-dunk-sb-high-gundam-white","Nike SB Dunk High RX-0 Unicorn Gundam",993
2026-07-17T12:14:44.029Z,gid://shopify/Product/15348447510914,"nike-zoom-gt-cut-3-olympic-safari","Nike Air Zoom GT Cut 3 Electric Pack Olympic Safari",1181
2026-07-17T12:14:44.030Z,gid://shopify/Product/15348456292738,"nike-dunk-low-lx-pink-foam-w","Nike Dunk Low LX Pink Foam (Women's)",949
2026-07-17T12:14:44.030Z,gid://shopify/Product/15348483424642,"asics-gel-kayano-14-white-midnight-w","ASICS Gel-Kayano 14 White Midnight (Women's)",1072
2026-07-17T12:14:44.030Z,gid://shopify/Product/15348488831362,"asics-gel-kayano-14-cream-pure-silver","ASICS Gel-Kayano 14 Cream Pure Silver Champagne",1515
2026-07-17T12:14:44.030Z,gid://shopify/Product/15348578976130,"adidas-mexico-2026-home-replica-world-cup-jersey-green","adidas Mexico 2026 Home Replica World Cup Jersey Green",1247
2026-07-17T12:14:44.030Z,gid://shopify/Product/15349694071170,"adidas-womens-argentina-reconstructed-bringback-jersey-white","adidas Women's Argentina Reconstructed Bringback Jersey White",996
2026-07-17T12:14:44.030Z,gid://shopify/Product/15349694366082,"adidas-germany-2026-world-cup-home-jersey-white","adidas Germany 2026 World Cup Home Jersey White",1263
2026-07-17T12:14:44.030Z,gid://shopify/Product/15349694660994,"adidas-japan-26-away-jersey-off-white-black","adidas Japan 26 Away Jersey Off White/Black",1593
2026-07-17T12:14:44.030Z,gid://shopify/Product/15349694857602,"adidas-belgium-26-away-pre-match-jersey-black-super-pop-frozen-blue","adidas Belgium 26 Away Pre-Match Jersey Black/Super Pop/Frozen Blue",1016
2026-07-17T12:14:44.030Z,gid://shopify/Product/15349695218050,"nike-england-authentic-goalkeeper-jersey-black-obsidian","Nike England Authentic Goalkeeper Jersey Black/Obsidian",1309
2026-07-17T12:14:44.030Z,gid://shopify/Product/15352502681986,"nike-cryoshot-ctr360-maestri-ii-g-dragon-peaceminusone-natural-university-red","Nike Cryoshot CTR360 Maestri II G-Dragon Peaceminusone Natural University Red",1788
2026-07-17T12:14:44.030Z,gid://shopify/Product/15353693995394,"clarks-originals-wallabee-cup-hidden-ny-maple","Clarks Originals Wallabee Cup Hidden NY Maple",743
2026-07-17T12:14:44.030Z,gid://shopify/Product/15356478030210,"vale-forever-vs-2000-zip-up-top-brasil","Vale Forever VS 2000 Zip Up Top Brasil",779
2026-07-17T12:14:44.030Z,gid://shopify/Product/15356478292354,"stussy-world-tour-t-shirt-white","Stussy World Tour T-shirt White",1286
2026-07-17T12:14:44.031Z,gid://shopify/Product/15356529869186,"aime-leon-dore-team-practice-jersey-white","Aime Leon Dore Team Practice Jersey White",1072
2026-07-17T12:14:55.374Z,gid://shopify/Product/15356530721154,"aime-leon-dore-x-the-north-face-nylon-denali-jacket-black","Aime Leon Dore x The North Face Nylon Denali Jacket Black",1204
